"DATE","Year","Month","Day","nodata","Tmin","Tmax"
2001-01-01 12:00:00,2001,1,1,1,4.85451266427246,11.6500319222578
2001-01-02 12:00:00,2001,1,2,NA,1.96090548509713,8.88277014552006
2001-01-03 12:00:00,2001,1,3,NA,0.842882996670862,7.18158233890882
2001-01-04 12:00:00,2001,1,4,NA,-5.79987321397012,1.23988311424647
2001-01-05 12:00:00,2001,1,5,NA,-1.11588694341602,4.16552942632205
2001-01-06 12:00:00,2001,1,6,NA,-0.638392266990191,5.10960944473651
2001-01-07 12:00:00,2001,1,7,NA,4.23939234477617,8.06008587267115
2001-01-08 12:00:00,2001,1,8,NA,-0.227066170518799,5.21117454466819
2001-01-09 12:00:00,2001,1,9,NA,-3.13868830735468,1.5842662541973
2001-01-10 12:00:00,2001,1,10,NA,-4.12913178194452,-1.41837441770815
2001-01-11 12:00:00,2001,1,11,NA,-5.74316425052714,-2.90832807264484
2001-01-12 12:00:00,2001,1,12,NA,-9.54634075375121,-3.10738671560994
2001-01-13 12:00:00,2001,1,13,NA,-8.91885106143931,-0.700588104949886
2001-01-14 12:00:00,2001,1,14,NA,2.86121111477907,4.6827224785945
2001-01-15 12:00:00,2001,1,15,NA,5.2449552408844,5.13949835955167
2001-01-16 12:00:00,2001,1,16,NA,0.711011825775439,2.59693518961612
2001-01-17 12:00:00,2001,1,17,NA,1.38424428564232,4.30190752579744
2001-01-18 12:00:00,2001,1,18,NA,3.00661837638988,4.42248425385292
2001-01-19 12:00:00,2001,1,19,NA,-0.00432394554928051,4.058825227389
2001-01-20 12:00:00,2001,1,20,NA,2.63139207952772,8.03960853797159
2001-01-21 12:00:00,2001,1,21,NA,0.150325210396626,8.23262508731671
2001-01-22 12:00:00,2001,1,22,NA,0.621139978800596,9.21195569274948
2001-01-23 12:00:00,2001,1,23,NA,1.328035606119,7.9374127400536
2001-01-24 12:00:00,2001,1,24,NA,3.16315875675281,8.36170454459379
2001-01-25 12:00:00,2001,1,25,NA,4.76309232902302,10.8589921732931
2001-01-26 12:00:00,2001,1,26,NA,6.34710225705016,13.5227672558399
2001-01-27 12:00:00,2001,1,27,NA,5.9316646454443,13.9015352137997
2001-01-28 12:00:00,2001,1,28,NA,0.675434713278207,5.58244175721577
2001-01-29 12:00:00,2001,1,29,NA,5.21752474249549,7.95012846108819
2001-01-30 12:00:00,2001,1,30,NA,5.49563992973353,12.5830665424145
2001-01-31 12:00:00,2001,1,31,NA,4.77334479532725,14.7885367477184
2001-02-01 12:00:00,2001,2,1,NA,7.54676774571007,16.1242879047302
2001-02-02 12:00:00,2001,2,2,NA,7.19901164833862,13.6379656864799
2001-02-03 12:00:00,2001,2,3,NA,9.28375627767748,16.3047297922033
2001-02-04 12:00:00,2001,2,4,NA,11.6886261136016,13.3269570581064
2001-02-05 12:00:00,2001,2,5,NA,10.8639949811502,12.4799354982739
2001-02-06 12:00:00,2001,2,6,NA,9.36763407552369,12.285122321646
2001-02-07 12:00:00,2001,2,7,NA,9.77885664517081,14.3066820017284
2001-02-08 12:00:00,2001,2,8,NA,6.30321788734071,11.3318314734874
2001-02-09 12:00:00,2001,2,9,NA,6.17117246320606,12.6517658509919
2001-02-10 12:00:00,2001,2,10,NA,2.32964669872293,8.45607302511284
2001-02-11 12:00:00,2001,2,11,NA,1.39000937637753,3.81680759631228
2001-02-12 12:00:00,2001,2,12,NA,3.6557811257622,6.96061128125841
2001-02-13 12:00:00,2001,2,13,NA,2.81062478573004,4.55470241478156
2001-02-14 12:00:00,2001,2,14,NA,5.02830152414118,6.64884779518562
2001-02-15 12:00:00,2001,2,15,NA,1.55137607832956,3.16686232667765
2001-02-16 12:00:00,2001,2,16,NA,2.90767888141764,4.70748277918034
2001-02-17 12:00:00,2001,2,17,NA,2.90069130260916,5.31994145162791
2001-02-18 12:00:00,2001,2,18,NA,1.59555785990158,9.59080784267635
2001-02-19 12:00:00,2001,2,19,NA,3.77642750157572,10.2216050917338
2001-02-20 12:00:00,2001,2,20,NA,10.1220288426141,12.7038892911392
2001-02-21 12:00:00,2001,2,21,NA,8.11459379307452,13.5361719060618
2001-02-22 12:00:00,2001,2,22,NA,5.0820337308694,11.4426640452958
2001-02-23 12:00:00,2001,2,23,NA,3.82311501836645,8.75219295296121
2001-02-24 12:00:00,2001,2,24,NA,6.38590598302067,9.63257057484493
2001-02-25 12:00:00,2001,2,25,NA,6.43540660539833,10.5876260719837
2001-02-26 12:00:00,2001,2,26,NA,5.32759269096342,9.36066334706657
2001-02-27 12:00:00,2001,2,27,NA,3.73537583508231,9.5200995224362
2001-02-28 12:00:00,2001,2,28,NA,1.72080989528022,5.86161582666814
2001-03-01 12:00:00,2001,3,1,NA,0.0216863979481614,3.38965375645164
2001-03-02 12:00:00,2001,3,2,NA,2.50847898482287,6.74151504524628
2001-03-03 12:00:00,2001,3,3,NA,0.607786719096039,7.91358867171457
2001-03-04 12:00:00,2001,3,4,NA,0.892325660441663,7.63306227583139
2001-03-05 12:00:00,2001,3,5,NA,4.94490292461755,13.5607732324949
2001-03-06 12:00:00,2001,3,6,NA,2.94346333257458,8.08157926662994
2001-03-07 12:00:00,2001,3,7,NA,3.20596119497969,6.69151199367878
2001-03-08 12:00:00,2001,3,8,NA,1.73908759192663,8.16539108943224
2001-03-09 12:00:00,2001,3,9,NA,-1.10749471215717,6.71152604940907
2001-03-10 12:00:00,2001,3,10,NA,-0.369799731380198,6.66453820215731
2001-03-11 12:00:00,2001,3,11,NA,-2.72898799721611,7.40009261857476
2001-03-12 12:00:00,2001,3,12,NA,-10.0735210019884,2.62813726842226
2001-03-13 12:00:00,2001,3,13,NA,-6.54639184879348,6.83982583050001
2001-03-14 12:00:00,2001,3,14,NA,0.131955663801832,7.48728698339761
2001-03-15 12:00:00,2001,3,15,NA,1.89538209676406,11.257643263345
2001-03-16 12:00:00,2001,3,16,NA,4.91562491326097,11.1123726586983
2001-03-17 12:00:00,2001,3,17,NA,2.1716691428934,9.94326801033616
2001-03-18 12:00:00,2001,3,18,NA,5.79423628177741,17.3351959751536
2001-03-19 12:00:00,2001,3,19,NA,3.8538519854917,19.838761568803
2001-03-20 12:00:00,2001,3,20,NA,3.24359166466125,11.9690915300752
2001-03-21 12:00:00,2001,3,21,NA,3.14273190856274,13.1503103157626
2001-03-22 12:00:00,2001,3,22,NA,1.6271304881478,10.8761546544895
2001-03-23 12:00:00,2001,3,23,NA,3.67938196920914,14.0784556924829
2001-03-24 12:00:00,2001,3,24,NA,6.12328100445302,11.8487519608787
2001-03-25 12:00:00,2001,3,25,NA,4.67190674416707,15.1038834569628
2001-03-26 12:00:00,2001,3,26,NA,5.24937774195408,20.2858986907218
2001-03-27 12:00:00,2001,3,27,NA,3.86945601789539,16.6912776011498
2001-03-28 12:00:00,2001,3,28,NA,5.65671246133665,16.5407590752918
2001-03-29 12:00:00,2001,3,29,NA,0.89869495702273,16.5408434527824
2001-03-30 12:00:00,2001,3,30,NA,4.97214748826302,16.7032083458987
2001-03-31 12:00:00,2001,3,31,NA,6.67631909041907,19.9354293008828
2001-04-01 12:00:00,2001,4,1,NA,8.67320956152907,19.3776951413661
2001-04-02 12:00:00,2001,4,2,NA,5.43226887428327,15.1940899541551
2001-04-03 12:00:00,2001,4,3,NA,0.894526175548872,20.4485022488217
2001-04-04 12:00:00,2001,4,4,NA,2.21760645338873,21.946418540683
2001-04-05 12:00:00,2001,4,5,NA,5.35501495876649,16.4117286205969
2001-04-06 12:00:00,2001,4,6,NA,7.14618048458459,18.3213527355085
2001-04-07 12:00:00,2001,4,7,NA,9.62012825498022,19.373998606708
2001-04-08 12:00:00,2001,4,8,NA,7.62218017329097,19.0678180073763
2001-04-09 12:00:00,2001,4,9,NA,2.27092948275355,16.5656152789168
2001-04-10 12:00:00,2001,4,10,NA,-0.580661194379745,15.3726534997811
2001-04-11 12:00:00,2001,4,11,NA,4.76599600382325,11.6374664715388
2001-04-12 12:00:00,2001,4,12,NA,5.91790462665798,13.2508770381594
2001-04-13 12:00:00,2001,4,13,NA,6.63151217779287,11.9070606650891
2001-04-14 12:00:00,2001,4,14,NA,2.96748510173569,8.86199846773481
2001-04-15 12:00:00,2001,4,15,NA,5.51318598898516,9.73203295463825
2001-04-16 12:00:00,2001,4,16,NA,5.87337136724905,12.9951020157009
2001-04-17 12:00:00,2001,4,17,NA,-0.194511793746894,16.0412682663034
2001-04-18 12:00:00,2001,4,18,NA,5.86454913826637,18.3210182480299
2001-04-19 12:00:00,2001,4,19,NA,5.48343912503049,14.8714791668651
2001-04-20 12:00:00,2001,4,20,NA,7.35063869616592,20.6777671927693
2001-04-21 12:00:00,2001,4,21,NA,14.165144155903,25.7706898897934
2001-04-22 12:00:00,2001,4,22,NA,11.8213327244526,31.3915590251759
2001-04-23 12:00:00,2001,4,23,NA,12.5641233937871,27.7505760268957
2001-04-24 12:00:00,2001,4,24,NA,18.9646856930659,21.6699946342928
2001-04-25 12:00:00,2001,4,25,NA,17.4062439064072,20.4838757610516
2001-04-26 12:00:00,2001,4,26,NA,12.2392062050485,21.9919629665233
2001-04-27 12:00:00,2001,4,27,NA,8.98301391793258,14.8775272839317
2001-04-28 12:00:00,2001,4,28,NA,10.5819026839523,16.4508068520526
2001-04-29 12:00:00,2001,4,29,NA,8.78036496684405,15.9318036973762
2001-04-30 12:00:00,2001,4,30,NA,11.5061834848281,15.3205690728713
2001-05-01 12:00:00,2001,5,1,NA,3.44630756601057,11.9132492541699
2001-05-02 12:00:00,2001,5,2,NA,1.58199087794879,14.0384599877123
2001-05-03 12:00:00,2001,5,3,NA,3.70035820975608,11.9167379860429
2001-05-04 12:00:00,2001,5,4,NA,6.00107386733068,9.89388599721567
2001-05-05 12:00:00,2001,5,5,NA,6.21437529413435,14.0181399790584
2001-05-06 12:00:00,2001,5,6,NA,2.94492695926765,16.5839604140931
2001-05-07 12:00:00,2001,5,7,NA,7.67700539448993,20.3581932659957
2001-05-08 12:00:00,2001,5,8,NA,5.36906034892323,22.914729835238
2001-05-09 12:00:00,2001,5,9,NA,4.21165322997694,23.4546072813122
2001-05-10 12:00:00,2001,5,10,NA,7.73527277413177,17.5487702690491
2001-05-11 12:00:00,2001,5,11,NA,4.75349509456377,17.5911829974254
2001-05-12 12:00:00,2001,5,12,NA,5.85143727293921,17.1317340734627
2001-05-13 12:00:00,2001,5,13,NA,4.62044396481003,20.1581652019888
2001-05-14 12:00:00,2001,5,14,NA,2.91236782926772,19.8741740079042
2001-05-15 12:00:00,2001,5,15,NA,9.67460205864731,21.5589737163907
2001-05-16 12:00:00,2001,5,16,NA,9.92206429459409,21.802184920979
2001-05-17 12:00:00,2001,5,17,NA,6.4697871111713,22.2121370610557
2001-05-18 12:00:00,2001,5,18,NA,6.99110661113388,22.5490236057301
2001-05-19 12:00:00,2001,5,19,NA,12.539534481512,18.4087780109113
2001-05-20 12:00:00,2001,5,20,NA,11.2592592409375,20.0850920363448
2001-05-21 12:00:00,2001,5,21,NA,12.922750567241,25.6945432729015
2001-05-22 12:00:00,2001,5,22,NA,12.3913915440743,30.2094635172797
2001-05-23 12:00:00,2001,5,23,NA,15.1897674829364,31.7725594212799
2001-05-24 12:00:00,2001,5,24,NA,15.9145943596029,32.8983941764734
2001-05-25 12:00:00,2001,5,25,NA,17.1845051833379,28.9753116963716
2001-05-26 12:00:00,2001,5,26,NA,17.2422648749719,26.017808826007
2001-05-27 12:00:00,2001,5,27,NA,16.3841617951728,25.259606812881
2001-05-28 12:00:00,2001,5,28,NA,17.7874060102322,29.6612499452268
2001-05-29 12:00:00,2001,5,29,NA,17.8129861319338,26.6238887491021
2001-05-30 12:00:00,2001,5,30,NA,15.4081988347325,31.9909907730759
2001-05-31 12:00:00,2001,5,31,NA,23.2515052585349,30.149961118667
2001-06-01 12:00:00,2001,6,1,NA,20.5982625514607,27.6398623325268
2001-06-02 12:00:00,2001,6,2,NA,16.6088459893351,31.3767496157508
2001-06-03 12:00:00,2001,6,3,NA,14.9025523933538,32.4214491281972
2001-06-04 12:00:00,2001,6,4,NA,16.8252338724406,33.9752258863121
2001-06-05 12:00:00,2001,6,5,NA,15.5724854503854,25.7957193661918
2001-06-06 12:00:00,2001,6,6,NA,15.8900474594157,27.1485942356614
2001-06-07 12:00:00,2001,6,7,NA,17.2094103316402,31.5557678307084
2001-06-08 12:00:00,2001,6,8,NA,14.1840837115859,33.6982356660842
2001-06-09 12:00:00,2001,6,9,NA,14.3359782297374,33.0864862380063
2001-06-10 12:00:00,2001,6,10,NA,14.110024187673,28.9828275275322
2001-06-11 12:00:00,2001,6,11,NA,15.8810469353277,25.1651835960431
2001-06-12 12:00:00,2001,6,12,NA,10.3667452530862,25.8202671881093
2001-06-13 12:00:00,2001,6,13,NA,11.6995152348784,23.0907428174143
2001-06-14 12:00:00,2001,6,14,NA,16.1205241345577,22.3096418859582
2001-06-15 12:00:00,2001,6,15,NA,18.7720233257402,24.8535555571599
2001-06-16 12:00:00,2001,6,16,NA,15.9206564025565,26.1124690578293
2001-06-17 12:00:00,2001,6,17,NA,14.6904187852939,27.1643400873899
2001-06-18 12:00:00,2001,6,18,NA,12.3655084957044,27.9712851344695
2001-06-19 12:00:00,2001,6,19,NA,18.2190789864303,27.1128721602476
2001-06-20 12:00:00,2001,6,20,NA,12.6535345719358,27.8593010592736
2001-06-21 12:00:00,2001,6,21,NA,16.803340255054,26.6222723602907
2001-06-22 12:00:00,2001,6,22,NA,15.6035330269302,28.9408275685239
2001-06-23 12:00:00,2001,6,23,NA,13.6457953230922,28.7019204314541
2001-06-24 12:00:00,2001,6,24,NA,16.9445058715695,26.2304462414792
2001-06-25 12:00:00,2001,6,25,NA,17.4603185877916,31.4690883605185
2001-06-26 12:00:00,2001,6,26,NA,20.7631456122019,29.0268621557617
2001-06-27 12:00:00,2001,6,27,NA,17.3675728226714,34.5290598966833
2001-06-28 12:00:00,2001,6,28,NA,14.2175514090234,30.623921790607
2001-06-29 12:00:00,2001,6,29,NA,12.8884913681745,29.1794098680775
2001-06-30 12:00:00,2001,6,30,NA,14.0801309803376,24.2294272889611
2001-07-01 12:00:00,2001,7,1,NA,15.0328032437727,20.1149552217725
2001-07-02 12:00:00,2001,7,2,NA,15.6177552680977,22.0468638463801
2001-07-03 12:00:00,2001,7,3,NA,17.9150575777651,24.130098205934
2001-07-04 12:00:00,2001,7,4,NA,16.0094575178515,20.882481493123
2001-07-05 12:00:00,2001,7,5,NA,14.4619862021545,17.4077376687569
2001-07-06 12:00:00,2001,7,6,NA,14.7874013894183,20.5198374229642
2001-07-07 12:00:00,2001,7,7,NA,11.0207266062872,26.3843483818548
2001-07-08 12:00:00,2001,7,8,NA,12.8378466973065,25.175558523725
2001-07-09 12:00:00,2001,7,9,NA,10.9051298330696,26.8685111475182
2001-07-10 12:00:00,2001,7,10,NA,11.9822286228659,27.7579224199704
2001-07-11 12:00:00,2001,7,11,NA,13.6466389612018,31.2791819968053
2001-07-12 12:00:00,2001,7,12,NA,18.0261606913583,25.567923229123
2001-07-13 12:00:00,2001,7,13,NA,16.4127889651138,22.1885969110126
2001-07-14 12:00:00,2001,7,14,NA,15.5165922234564,21.2400608077445
2001-07-15 12:00:00,2001,7,15,NA,16.6783219360859,21.6972407997215
2001-07-16 12:00:00,2001,7,16,NA,16.0502113141476,26.204463815104
2001-07-17 12:00:00,2001,7,17,NA,19.7277401155906,23.7866782588541
2001-07-18 12:00:00,2001,7,18,NA,15.6772664359585,23.7158894189084
2001-07-19 12:00:00,2001,7,19,NA,13.2124135192173,20.8365144536156
2001-07-20 12:00:00,2001,7,20,NA,13.1872318753652,20.2180065775121
2001-07-21 12:00:00,2001,7,21,NA,12.5394971357219,21.3498276404204
2001-07-22 12:00:00,2001,7,22,NA,16.7360955204345,20.3722187690146
2001-07-23 12:00:00,2001,7,23,NA,10.8700482342318,19.3832237888257
2001-07-24 12:00:00,2001,7,24,NA,12.578705349447,18.6979544809868
2001-07-25 12:00:00,2001,7,25,NA,12.8552113762359,19.0995576429769
2001-07-26 12:00:00,2001,7,26,NA,13.6432737667594,21.7466041049633
2001-07-27 12:00:00,2001,7,27,NA,15.0572751212491,20.224977524649
2001-07-28 12:00:00,2001,7,28,NA,12.1359217760364,18.7998771940169
2001-07-29 12:00:00,2001,7,29,NA,14.1299334340243,20.0915920174942
2001-07-30 12:00:00,2001,7,30,NA,19.5804686135798,27.1191566339203
2001-07-31 12:00:00,2001,7,31,NA,22.1767984199338,29.0195154610307
2001-08-01 12:00:00,2001,8,1,NA,16.57678316463,28.7138315756539
2001-08-02 12:00:00,2001,8,2,NA,14.544610902141,28.8847577427849
2001-08-03 12:00:00,2001,8,3,NA,15.7983352041862,23.9109635991885
2001-08-04 12:00:00,2001,8,4,NA,15.7129353453488,21.098980724469
2001-08-05 12:00:00,2001,8,5,NA,15.1557355432824,21.2387931247807
2001-08-06 12:00:00,2001,8,6,NA,12.4656843461008,26.2178412450477
2001-08-07 12:00:00,2001,8,7,NA,14.2970574641666,19.6899962009615
2001-08-08 12:00:00,2001,8,8,NA,14.1168129625301,20.4687814236515
2001-08-09 12:00:00,2001,8,9,NA,14.4684740048726,20.8057799828628
2001-08-10 12:00:00,2001,8,10,NA,10.0943022254144,25.5485728680236
2001-08-11 12:00:00,2001,8,11,NA,13.533861647699,24.3931098997785
2001-08-12 12:00:00,2001,8,12,NA,11.2860240640785,26.7331122718396
2001-08-13 12:00:00,2001,8,13,NA,10.5688458425826,29.5510382050991
2001-08-14 12:00:00,2001,8,14,NA,13.2475052997689,29.42828509354
2001-08-15 12:00:00,2001,8,15,NA,15.6154539826431,29.2680027423961
2001-08-16 12:00:00,2001,8,16,NA,12.2847786169849,22.2561045098439
2001-08-17 12:00:00,2001,8,17,NA,10.1806878550222,23.0363576772787
2001-08-18 12:00:00,2001,8,18,NA,13.1483964148161,23.3166039508976
2001-08-19 12:00:00,2001,8,19,NA,14.7151055285506,22.2453619946347
2001-08-20 12:00:00,2001,8,20,NA,14.5921173452468,23.5831428956191
2001-08-21 12:00:00,2001,8,21,NA,12.3783529364579,26.2769911974698
2001-08-22 12:00:00,2001,8,22,NA,12.3606252428565,28.033057873735
2001-08-23 12:00:00,2001,8,23,NA,16.4699859293591,25.5439590456745
2001-08-24 12:00:00,2001,8,24,NA,17.098578062107,21.3009267386475
2001-08-25 12:00:00,2001,8,25,NA,14.9635143436935,21.2558445166793
2001-08-26 12:00:00,2001,8,26,NA,13.2896204369087,24.0492380884565
2001-08-27 12:00:00,2001,8,27,NA,13.1329131864256,22.1166521297225
2001-08-28 12:00:00,2001,8,28,NA,11.5502967543562,26.8189085048587
2001-08-29 12:00:00,2001,8,29,NA,9.74332888435692,30.127355032125
2001-08-30 12:00:00,2001,8,30,NA,12.9950410885143,24.8493600437752
2001-08-31 12:00:00,2001,8,31,NA,13.6444870233984,25.3806587654797
2001-09-01 12:00:00,2001,9,1,NA,10.70637450602,21.4659921575678
2001-09-02 12:00:00,2001,9,2,NA,16.0806626391082,22.3573005809481
2001-09-03 12:00:00,2001,9,3,NA,17.1826904932783,22.8303299442201
2001-09-04 12:00:00,2001,9,4,NA,14.9157131839011,17.6023073282854
2001-09-05 12:00:00,2001,9,5,NA,9.11549774055909,17.714176089898
2001-09-06 12:00:00,2001,9,6,NA,5.06762745262558,22.2586716547037
2001-09-07 12:00:00,2001,9,7,NA,7.06644328587642,22.8521918746068
2001-09-08 12:00:00,2001,9,8,NA,8.57141430185551,20.2951210309732
2001-09-09 12:00:00,2001,9,9,NA,9.08335165641287,19.243226240281
2001-09-10 12:00:00,2001,9,10,NA,11.1491225923152,17.8025633895805
2001-09-11 12:00:00,2001,9,11,NA,7.62705109422024,17.3618778743046
2001-09-12 12:00:00,2001,9,12,NA,5.35719054832564,19.6683966506641
2001-09-13 12:00:00,2001,9,13,NA,5.98564239409469,21.0513782774124
2001-09-14 12:00:00,2001,9,14,NA,10.0399186002441,19.3404820895546
2001-09-15 12:00:00,2001,9,15,NA,7.45238887066794,21.440103209694
2001-09-16 12:00:00,2001,9,16,NA,11.3423269478256,21.9149754329984
2001-09-17 12:00:00,2001,9,17,NA,11.0435871817781,22.1606235985192
2001-09-18 12:00:00,2001,9,18,NA,14.757920422564,18.5388644591028
2001-09-19 12:00:00,2001,9,19,NA,11.3542400713285,17.5487100409885
2001-09-20 12:00:00,2001,9,20,NA,13.2342045133019,25.668430493767
2001-09-21 12:00:00,2001,9,21,NA,13.7702597185083,21.5905521808717
2001-09-22 12:00:00,2001,9,22,NA,18.0133322275206,24.0074319164475
2001-09-23 12:00:00,2001,9,23,NA,11.9480673155894,20.2152797550918
2001-09-24 12:00:00,2001,9,24,NA,12.0166013271216,21.6303326923175
2001-09-25 12:00:00,2001,9,25,NA,11.9703497362897,17.8307257079348
2001-09-26 12:00:00,2001,9,26,NA,16.0869915065314,23.248182783797
2001-09-27 12:00:00,2001,9,27,NA,17.3535183072795,22.0350687517796
2001-09-28 12:00:00,2001,9,28,NA,16.6525776735935,21.4528957468424
2001-09-29 12:00:00,2001,9,29,NA,14.7400291433047,24.4796311458814
2001-09-30 12:00:00,2001,9,30,NA,15.4301357925266,16.9904343141361
2001-10-01 12:00:00,2001,10,1,NA,14.3633461604354,15.8459338457335
2001-10-02 12:00:00,2001,10,2,NA,14.4362172053362,16.828913779035
2001-10-03 12:00:00,2001,10,3,NA,10.3252452844912,18.7730544633596
2001-10-04 12:00:00,2001,10,4,NA,11.3013476021264,18.7199674064572
2001-10-05 12:00:00,2001,10,5,NA,10.3663409498767,13.2191910911137
2001-10-06 12:00:00,2001,10,6,NA,8.86922442875552,12.3625688738502
2001-10-07 12:00:00,2001,10,7,NA,4.29600434234675,18.0807667823205
2001-10-08 12:00:00,2001,10,8,NA,7.25404885143281,19.1587705004466
2001-10-09 12:00:00,2001,10,9,NA,4.44801818446542,18.2355125981623
2001-10-10 12:00:00,2001,10,10,NA,9.35835477095888,19.0989954282112
2001-10-11 12:00:00,2001,10,11,NA,9.05861824790488,20.5110367926169
2001-10-12 12:00:00,2001,10,12,NA,8.94301680513002,20.931206887217
2001-10-13 12:00:00,2001,10,13,NA,10.1290400130748,23.0837244691177
2001-10-14 12:00:00,2001,10,14,NA,7.95754527185309,25.2212166105823
2001-10-15 12:00:00,2001,10,15,NA,6.99246365938916,24.8362931133726
2001-10-16 12:00:00,2001,10,16,NA,6.735013327584,19.7108291673236
2001-10-17 12:00:00,2001,10,17,NA,6.07125583057724,20.1362947141782
2001-10-18 12:00:00,2001,10,18,NA,11.8722497099655,23.4459368149174
2001-10-19 12:00:00,2001,10,19,NA,7.25616648142816,19.1628444188274
2001-10-20 12:00:00,2001,10,20,NA,11.3206203952388,16.5458778581654
2001-10-21 12:00:00,2001,10,21,NA,3.51330462712654,11.8300974428076
2001-10-22 12:00:00,2001,10,22,NA,3.85580259250674,9.21007420767656
2001-10-23 12:00:00,2001,10,23,NA,6.83822648314701,12.1578948260606
2001-10-24 12:00:00,2001,10,24,NA,3.7039248539226,14.0117305597997
2001-10-25 12:00:00,2001,10,25,NA,2.84413115544402,12.511444868621
2001-10-26 12:00:00,2001,10,26,NA,1.50700449182386,14.4762570937289
2001-10-27 12:00:00,2001,10,27,NA,3.16437466546095,18.0437089722048
2001-10-28 12:00:00,2001,10,28,NA,1.25056856447125,15.2533628601934
2001-10-29 12:00:00,2001,10,29,NA,3.22995295023523,13.6629964704057
2001-10-30 12:00:00,2001,10,30,NA,7.388156521264,15.3093002314599
2001-10-31 12:00:00,2001,10,31,NA,8.41787865652696,15.6688450699123
2001-11-01 12:00:00,2001,11,1,NA,7.21546275463606,13.4568138585105
2001-11-02 12:00:00,2001,11,2,NA,10.56012571026,16.9225750445912
2001-11-03 12:00:00,2001,11,3,NA,7.003834186102,17.7766294239669
2001-11-04 12:00:00,2001,11,4,NA,9.3383838156739,18.9465550330247
2001-11-05 12:00:00,2001,11,5,NA,5.89193810825918,15.2937396454854
2001-11-06 12:00:00,2001,11,6,NA,9.53367213327947,15.3981225880262
2001-11-07 12:00:00,2001,11,7,NA,3.14108412167086,6.89659877126291
2001-11-08 12:00:00,2001,11,8,NA,-0.813905836121166,2.01788565845566
2001-11-09 12:00:00,2001,11,9,NA,-1.32488173203218,8.07739859715783
2001-11-10 12:00:00,2001,11,10,NA,2.13512107019033,8.70073873225662
2001-11-11 12:00:00,2001,11,11,NA,5.69501404241249,13.2253352027895
2001-11-12 12:00:00,2001,11,12,NA,6.04436260993988,12.1721633284476
2001-11-13 12:00:00,2001,11,13,NA,8.32892769983938,15.1275174687044
2001-11-14 12:00:00,2001,11,14,NA,7.949396695826,11.0124993340494
2001-11-15 12:00:00,2001,11,15,NA,8.95716554183236,12.6864967741677
2001-11-16 12:00:00,2001,11,16,NA,5.38826050725626,12.4651268269423
2001-11-17 12:00:00,2001,11,17,NA,3.40040033469899,10.198990103564
2001-11-18 12:00:00,2001,11,18,NA,1.14056515476359,11.3760509743171
2001-11-19 12:00:00,2001,11,19,NA,4.90054401024431,13.2859877455598
2001-11-20 12:00:00,2001,11,20,NA,3.81617911487531,11.5509501313692
2001-11-21 12:00:00,2001,11,21,NA,5.32747448259417,12.1260642514592
2001-11-22 12:00:00,2001,11,22,NA,1.36611361664959,6.02059045549009
2001-11-23 12:00:00,2001,11,23,NA,3.08658751302028,8.83245372566985
2001-11-24 12:00:00,2001,11,24,NA,2.61397870883196,10.9768049021263
2001-11-25 12:00:00,2001,11,25,NA,5.64937175883874,9.8489723102824
2001-11-26 12:00:00,2001,11,26,NA,5.65631893682975,12.221936598896
2001-11-27 12:00:00,2001,11,27,NA,11.9133998017265,16.8378812278773
2001-11-28 12:00:00,2001,11,28,NA,8.67989951224905,13.400162733634
2001-11-29 12:00:00,2001,11,29,NA,9.92736586387731,15.6250750027268
2001-11-30 12:00:00,2001,11,30,NA,11.1522303052273,14.8874777829149
2001-12-01 12:00:00,2001,12,1,NA,9.16554178117362,15.9641315500387
2001-12-02 12:00:00,2001,12,2,NA,11.0344803101381,14.7755719488506
2001-12-03 12:00:00,2001,12,3,NA,11.1782793758349,17.2572420325104
2001-12-04 12:00:00,2001,12,4,NA,9.8299254946462,15.2805714681063
2001-12-05 12:00:00,2001,12,5,NA,8.63021685529193,12.706252341971
2001-12-06 12:00:00,2001,12,6,NA,5.68478694148758,10.6879752368966
2001-12-07 12:00:00,2001,12,7,NA,7.10626871773853,13.1186689165865
2001-12-08 12:00:00,2001,12,8,NA,7.61536285267545,14.4108821106608
2001-12-09 12:00:00,2001,12,9,NA,5.14091879688699,9.19531769440015
2001-12-10 12:00:00,2001,12,10,NA,-0.296514803335679,1.66052715283014
2001-12-11 12:00:00,2001,12,11,NA,-1.45180553260193,0.570609876253129
2001-12-12 12:00:00,2001,12,12,NA,-1.93808706617862,5.73024684440745
2001-12-13 12:00:00,2001,12,13,NA,-1.29307404801689,8.35743745182814
2001-12-14 12:00:00,2001,12,14,NA,4.47473623985109,12.6867467808536
2001-12-15 12:00:00,2001,12,15,NA,10.0651368784683,16.1616838502222
2001-12-16 12:00:00,2001,12,16,NA,10.2137581763662,14.4857211953202
2001-12-17 12:00:00,2001,12,17,NA,4.52136344851554,8.54621785118118
2001-12-18 12:00:00,2001,12,18,NA,0.347761087154993,4.28252705786869
2001-12-19 12:00:00,2001,12,19,NA,1.62708603965398,7.8495538734983
2001-12-20 12:00:00,2001,12,20,NA,-0.347281399692263,1.62699613556425
2001-12-21 12:00:00,2001,12,21,NA,1.16524143315819,2.13120665105625
2001-12-22 12:00:00,2001,12,22,NA,2.29988948381183,4.21513693161302
2001-12-23 12:00:00,2001,12,23,NA,-6.1760447646499,-0.625693588102667
2001-12-24 12:00:00,2001,12,24,NA,-2.74924956509271,3.32971309158279
2001-12-25 12:00:00,2001,12,25,NA,5.73432213774808,10.5386573456804
2001-12-26 12:00:00,2001,12,26,NA,5.41082112947316,8.06985511384164
2001-12-27 12:00:00,2001,12,27,NA,6.67000977016197,11.7585873381004
2001-12-28 12:00:00,2001,12,28,NA,5.45044003548817,8.02366667616446
2001-12-29 12:00:00,2001,12,29,NA,5.73107846910963,7.75645568108278
2001-12-30 12:00:00,2001,12,30,NA,-0.296420242769491,2.73869416021496
2001-12-31 12:00:00,2001,12,31,NA,-2.84476621977585,3.23419643689965
2002-01-01 12:00:00,2002,1,1,NA,3.33211086622629,7.23861421708652
2002-01-02 12:00:00,2002,1,2,NA,1.83775953541715,8.6092584261322
2002-01-03 12:00:00,2002,1,3,NA,0.395614586476217,5.62006349205716
2002-01-04 12:00:00,2002,1,4,NA,4.14335808625235,7.27832994851916
2002-01-05 12:00:00,2002,1,5,NA,3.62354012734242,13.2359655564575
2002-01-06 12:00:00,2002,1,6,NA,2.86964144699821,13.2677634899789
2002-01-07 12:00:00,2002,1,7,NA,7.69045410216105,12.2802996620417
2002-01-08 12:00:00,2002,1,8,NA,7.38713777945996,10.0525688357146
2002-01-09 12:00:00,2002,1,9,NA,5.1095865352608,6.62895945357382
2002-01-10 12:00:00,2002,1,10,NA,6.68628788109343,8.7403654057682
2002-01-11 12:00:00,2002,1,11,NA,4.63828555723623,11.9246605649193
2002-01-12 12:00:00,2002,1,12,NA,7.43596827194004,15.9210280896924
2002-01-13 12:00:00,2002,1,13,NA,9.72783759279329,17.4964170200354
2002-01-14 12:00:00,2002,1,14,NA,6.15580969528299,10.7691794294599
2002-01-15 12:00:00,2002,1,15,NA,7.53099610966883,11.0333590511679
2002-01-16 12:00:00,2002,1,16,NA,7.64092403252256,9.65896740563873
2002-01-17 12:00:00,2002,1,17,NA,5.9086429382086,10.1057442224223
2002-01-18 12:00:00,2002,1,18,NA,1.48589104676849,3.37370348466886
2002-01-19 12:00:00,2002,1,19,NA,2.5055700440273,3.39108031772439
2002-01-20 12:00:00,2002,1,20,NA,-4.31362857036328,-0.250479397425005
2002-01-21 12:00:00,2002,1,21,NA,-9.07900612343257,-2.6756248398101
2002-01-22 12:00:00,2002,1,22,NA,-7.41195720440277,-1.97371648921578
2002-01-23 12:00:00,2002,1,23,NA,-5.78523170816075,1.24637089231219
2002-01-24 12:00:00,2002,1,24,NA,-6.77444913309073,4.40434043795968
2002-01-25 12:00:00,2002,1,25,NA,-9.25655587566382,6.07703037932362
2002-01-26 12:00:00,2002,1,26,NA,-3.02210934512087,11.9563633794438
2002-01-27 12:00:00,2002,1,27,NA,-1.22204579083154,11.340383198568
2002-01-28 12:00:00,2002,1,28,NA,4.77516006002285,9.99960896560379
2002-01-29 12:00:00,2002,1,29,NA,4.56474378192937,14.1032765126576
2002-01-30 12:00:00,2002,1,30,NA,7.09019017795986,13.5203854467416
2002-01-31 12:00:00,2002,1,31,NA,8.75623127893004,11.4669886431664
2002-02-01 12:00:00,2002,2,1,NA,10.1366499724071,13.9019914492137
2002-02-02 12:00:00,2002,2,2,NA,13.2184811995479,16.5686352288657
2002-02-03 12:00:00,2002,2,3,NA,12.4307840646533,14.9007590777569
2002-02-04 12:00:00,2002,2,4,NA,10.604002672285,14.5463358956545
2002-02-05 12:00:00,2002,2,5,NA,7.82603722401119,14.2821647365069
2002-02-06 12:00:00,2002,2,6,NA,7.93192579474695,16.3821176829449
2002-02-07 12:00:00,2002,2,7,NA,5.7762871302632,12.0058012226797
2002-02-08 12:00:00,2002,2,8,NA,2.8253582356201,16.1575644733211
2002-02-09 12:00:00,2002,2,9,NA,10.6919832633348,19.6164094674363
2002-02-10 12:00:00,2002,2,10,NA,9.06422876140322,19.62201938287
2002-02-11 12:00:00,2002,2,11,NA,4.99508275406486,16.2184334566903
2002-02-12 12:00:00,2002,2,12,NA,4.16948341505217,9.8553465835013
2002-02-13 12:00:00,2002,2,13,NA,5.04990113515251,8.58353568045823
2002-02-14 12:00:00,2002,2,14,NA,5.88475132221429,9.13251230949427
2002-02-15 12:00:00,2002,2,15,NA,3.19920510108015,9.20820598557412
2002-02-16 12:00:00,2002,2,16,NA,5.10068747292422,13.1676741405858
2002-02-17 12:00:00,2002,2,17,NA,1.3497503627012,7.89391757655709
2002-02-18 12:00:00,2002,2,18,NA,5.50312552197972,12.175806791374
2002-02-19 12:00:00,2002,2,19,NA,1.73997518094023,7.4135527477632
2002-02-20 12:00:00,2002,2,20,NA,4.70864771133831,8.97494599050237
2002-02-21 12:00:00,2002,2,21,NA,2.93165515878178,11.4423932335298
2002-02-22 12:00:00,2002,2,22,NA,1.97077794851601,12.5875572196851
2002-02-23 12:00:00,2002,2,23,NA,5.2310822713682,12.7986991241107
2002-02-24 12:00:00,2002,2,24,NA,6.87764545763604,13.3582388454219
2002-02-25 12:00:00,2002,2,25,NA,7.12823640028527,14.4831692209509
2002-02-26 12:00:00,2002,2,26,NA,6.65718847501622,17.8805391776416
2002-02-27 12:00:00,2002,2,27,NA,8.07738546661078,14.6817227421745
2002-02-28 12:00:00,2002,2,28,NA,-0.889582806198106,0.355435562241135
2002-03-01 12:00:00,2002,3,1,NA,-3.0989484953002,3.26160276249756
2002-03-02 12:00:00,2002,3,2,NA,-7.64133151219955,-3.41182281520682
2002-03-03 12:00:00,2002,3,3,NA,-0.867906688445408,6.63020949103223
2002-03-04 12:00:00,2002,3,4,NA,-2.21800036170019,9.2196035275678
2002-03-05 12:00:00,2002,3,5,NA,-2.57876547111785,2.58211737277276
2002-03-06 12:00:00,2002,3,6,NA,-2.76021484679211,10.4761517445969
2002-03-07 12:00:00,2002,3,7,NA,0.901386022452653,11.2928769998592
2002-03-08 12:00:00,2002,3,8,NA,5.49382798800411,8.08233093406507
2002-03-09 12:00:00,2002,3,9,NA,4.23146859082431,7.86479793262437
2002-03-10 12:00:00,2002,3,10,NA,2.90654288780589,9.52603525590846
2002-03-11 12:00:00,2002,3,11,NA,6.59480474960223,11.9819360788507
2002-03-12 12:00:00,2002,3,12,NA,6.14104456098956,12.7605369290921
2002-03-13 12:00:00,2002,3,13,NA,3.0875559254441,9.08891182433557
2002-03-14 12:00:00,2002,3,14,NA,-0.34768614871573,11.3067780512332
2002-03-15 12:00:00,2002,3,15,NA,2.70693017425077,8.67303747294336
2002-03-16 12:00:00,2002,3,16,NA,1.33903211733533,11.5740003143762
2002-03-17 12:00:00,2002,3,17,NA,1.74193085420881,7.72955939036788
2002-03-18 12:00:00,2002,3,18,NA,1.7710055185248,7.31288678034992
2002-03-19 12:00:00,2002,3,19,NA,5.21801856124581,11.404429676313
2002-03-20 12:00:00,2002,3,20,NA,-0.29949936705815,13.0572868845977
2002-03-21 12:00:00,2002,3,21,NA,0.940135193445125,11.6446207732822
2002-03-22 12:00:00,2002,3,22,NA,1.28270632737771,9.80668057159987
2002-03-23 12:00:00,2002,3,23,NA,-3.28819824351508,7.47021996718902
2002-03-24 12:00:00,2002,3,24,NA,-0.288287876939256,8.32758243093814
2002-03-25 12:00:00,2002,3,25,NA,-1.38902476284701,10.0726213924756
2002-03-26 12:00:00,2002,3,26,NA,-0.922243226614449,9.39168394752334
2002-03-27 12:00:00,2002,3,27,NA,2.07854307136764,9.3577470599482
2002-03-28 12:00:00,2002,3,28,NA,5.22635325448221,10.3434637926697
2002-03-29 12:00:00,2002,3,29,NA,0.592563967170669,17.3223849733154
2002-03-30 12:00:00,2002,3,30,NA,3.21873393929652,14.2173810442356
2002-03-31 12:00:00,2002,3,31,NA,2.57846915752973,21.7712978431954
2002-04-01 12:00:00,2002,4,1,NA,5.12780925418676,25.3922349789871
2002-04-02 12:00:00,2002,4,2,NA,4.61569038585782,24.3410165930629
2002-04-03 12:00:00,2002,4,3,NA,8.31533196456599,25.2638604251486
2002-04-04 12:00:00,2002,4,4,NA,5.06077138240431,21.183610144523
2002-04-05 12:00:00,2002,4,5,NA,5.93409693098219,20.2287827271454
2002-04-06 12:00:00,2002,4,6,NA,2.28391093661081,10.6637757466287
2002-04-07 12:00:00,2002,4,7,NA,2.1753043784957,11.6745474348937
2002-04-08 12:00:00,2002,4,8,NA,3.35856947840784,6.19321144144084
2002-04-09 12:00:00,2002,4,9,NA,1.50804468615058,6.54609063646407
2002-04-10 12:00:00,2002,4,10,NA,1.08880722504592,7.23577208774245
2002-04-11 12:00:00,2002,4,11,NA,-2.53483221342842,12.7467582780015
2002-04-12 12:00:00,2002,4,12,NA,-1.96133877186192,11.8249830193791
2002-04-13 12:00:00,2002,4,13,NA,0.662407126492519,4.72917421907663
2002-04-14 12:00:00,2002,4,14,NA,1.04860965072243,8.31314984500848
2002-04-15 12:00:00,2002,4,15,NA,4.64926329189876,12.7497496244687
2002-04-16 12:00:00,2002,4,16,NA,-0.607165320258947,17.1623983623251
2002-04-17 12:00:00,2002,4,17,NA,0.839178550108192,14.9491900081699
2002-04-18 12:00:00,2002,4,18,NA,2.3126267615191,13.1466079886275
2002-04-19 12:00:00,2002,4,19,NA,-3.89054880340155,15.0220137535747
2002-04-20 12:00:00,2002,4,20,NA,-1.05398005795196,17.3053152105262
2002-04-21 12:00:00,2002,4,21,NA,4.24754973401582,20.2008644281766
2002-04-22 12:00:00,2002,4,22,NA,3.25174755883647,13.7985968114414
2002-04-23 12:00:00,2002,4,23,NA,5.88809763301533,14.2840770932596
2002-04-24 12:00:00,2002,4,24,NA,4.55601068896136,10.8916881086081
2002-04-25 12:00:00,2002,4,25,NA,6.12244575756623,10.6939554242208
2002-04-26 12:00:00,2002,4,26,NA,6.73900739417819,12.9546922370426
2002-04-27 12:00:00,2002,4,27,NA,3.50810374202535,13.0073467984234
2002-04-28 12:00:00,2002,4,28,NA,5.89328135291601,12.0402462156125
2002-04-29 12:00:00,2002,4,29,NA,0.766126486130929,16.8889652482496
2002-04-30 12:00:00,2002,4,30,NA,-1.11869163516474,16.5680451216348
2002-05-01 12:00:00,2002,5,1,NA,3.76296674159199,15.1290170656778
2002-05-02 12:00:00,2002,5,2,NA,7.31160595438678,16.5364458429278
2002-05-03 12:00:00,2002,5,3,NA,9.17452693537587,16.0777551653386
2002-05-04 12:00:00,2002,5,4,NA,7.31571510235874,15.1194797872828
2002-05-05 12:00:00,2002,5,5,NA,5.36034598594858,14.2571553712754
2002-05-06 12:00:00,2002,5,6,NA,4.88448916150936,15.7371446940265
2002-05-07 12:00:00,2002,5,7,NA,1.51011988163766,18.0947269985031
2002-05-08 12:00:00,2002,5,8,NA,1.80861513507663,19.2717915067617
2002-05-09 12:00:00,2002,5,9,NA,5.4241971954169,22.9131902882058
2002-05-10 12:00:00,2002,5,10,NA,11.6769655890972,27.3046463846232
2002-05-11 12:00:00,2002,5,11,NA,11.301894347568,25.897718811275
2002-05-12 12:00:00,2002,5,12,NA,17.5770427747632,26.6630392850368
2002-05-13 12:00:00,2002,5,13,NA,15.8527884996587,26.5342317740236
2002-05-14 12:00:00,2002,5,14,NA,18.0058916720817,26.3532143936981
2002-05-15 12:00:00,2002,5,15,NA,15.7878215579482,25.6818264773819
2002-05-16 12:00:00,2002,5,16,NA,13.7976448222536,25.5323911731992
2002-05-17 12:00:00,2002,5,17,NA,8.51403072749827,24.1722290598855
2002-05-18 12:00:00,2002,5,18,NA,5.91584296016716,24.4906361805139
2002-05-19 12:00:00,2002,5,19,NA,2.89402459905879,19.398841566643
2002-05-20 12:00:00,2002,5,20,NA,10.5665732598069,15.9714390171935
2002-05-21 12:00:00,2002,5,21,NA,11.6590763428537,15.6034204468743
2002-05-22 12:00:00,2002,5,22,NA,13.2021277786627,18.8293726619146
2002-05-23 12:00:00,2002,5,23,NA,8.58386714176092,24.1391183710255
2002-05-24 12:00:00,2002,5,24,NA,16.8169785778903,24.6144231125201
2002-05-25 12:00:00,2002,5,25,NA,18.7157995980425,21.6320927336267
2002-05-26 12:00:00,2002,5,26,NA,14.0669897279041,19.9646699941333
2002-05-27 12:00:00,2002,5,27,NA,11.7832835649417,20.8692800752153
2002-05-28 12:00:00,2002,5,28,NA,10.2467679409011,18.9679457322826
2002-05-29 12:00:00,2002,5,29,NA,13.2132510860976,18.388776437661
2002-05-30 12:00:00,2002,5,30,NA,15.5041562288588,20.4564860819535
2002-05-31 12:00:00,2002,5,31,NA,12.5923219763871,24.3453593527417
2002-06-01 12:00:00,2002,6,1,NA,11.9869520364046,27.7046070612205
2002-06-02 12:00:00,2002,6,2,NA,14.1424196984065,24.0364246178402
2002-06-03 12:00:00,2002,6,3,NA,12.742117813639,26.871452867649
2002-06-04 12:00:00,2002,6,4,NA,13.9416347822377,27.1234647367462
2002-06-05 12:00:00,2002,6,5,NA,9.33054211408273,19.4793052580843
2002-06-06 12:00:00,2002,6,6,NA,11.3643606889658,26.9667160778562
2002-06-07 12:00:00,2002,6,7,NA,10.9419508568394,24.9110834177408
2002-06-08 12:00:00,2002,6,8,NA,12.1619919767653,21.3866595701885
2002-06-09 12:00:00,2002,6,9,NA,10.8149842537653,19.0652315531626
2002-06-10 12:00:00,2002,6,10,NA,12.9599166699268,20.1911207066437
2002-06-11 12:00:00,2002,6,11,NA,13.9280465281049,20.3513676685497
2002-06-12 12:00:00,2002,6,12,NA,12.7859190030917,18.9847029023655
2002-06-13 12:00:00,2002,6,13,NA,10.392565228283,20.6995920377522
2002-06-14 12:00:00,2002,6,14,NA,9.42161100886956,24.7313830342462
2002-06-15 12:00:00,2002,6,15,NA,12.6501695960522,27.0528774994969
2002-06-16 12:00:00,2002,6,16,NA,14.7932114542014,26.0517582304471
2002-06-17 12:00:00,2002,6,17,NA,16.3114645869731,28.6327735334958
2002-06-18 12:00:00,2002,6,18,NA,12.7137809119292,28.0732332197427
2002-06-19 12:00:00,2002,6,19,NA,13.7147236799933,21.9411446535545
2002-06-20 12:00:00,2002,6,20,NA,11.3670570646028,21.6824544935011
2002-06-21 12:00:00,2002,6,21,NA,10.6458298848473,24.0761996108982
2002-06-22 12:00:00,2002,6,22,NA,11.3239190291752,20.3604078397429
2002-06-23 12:00:00,2002,6,23,NA,15.1432503126582,25.0552520310243
2002-06-24 12:00:00,2002,6,24,NA,14.9644577641263,30.4549719432123
2002-06-25 12:00:00,2002,6,25,NA,17.2952588342876,33.8270817809308
2002-06-26 12:00:00,2002,6,26,NA,17.3033112891579,36.0538192974267
2002-06-27 12:00:00,2002,6,27,NA,13.8344785430447,28.249334563875
2002-06-28 12:00:00,2002,6,28,NA,15.0178936148848,24.503216778189
2002-06-29 12:00:00,2002,6,29,NA,19.8196451907429,24.9017971687427
2002-06-30 12:00:00,2002,6,30,NA,14.5774523976008,20.7200040905793
2002-07-01 12:00:00,2002,7,1,NA,17.9880040362293,26.8817972100466
2002-07-02 12:00:00,2002,7,2,NA,19.3697744125963,29.5284448175478
2002-07-03 12:00:00,2002,7,3,NA,19.0258215369824,27.0644445199322
2002-07-04 12:00:00,2002,7,4,NA,14.4360281919443,32.5318251288826
2002-07-05 12:00:00,2002,7,5,NA,15.4386326431866,28.7100251527044
2002-07-06 12:00:00,2002,7,6,NA,14.6917994840321,29.7248919328672
2002-07-07 12:00:00,2002,7,7,NA,23.1634504617722,28.5320236537609
2002-07-08 12:00:00,2002,7,8,NA,20.1386840351831,28.9490145398816
2002-07-09 12:00:00,2002,7,9,NA,16.3433189412786,25.2287356600798
2002-07-10 12:00:00,2002,7,10,NA,12.625356423462,23.7097765930117
2002-07-11 12:00:00,2002,7,11,NA,16.032126251132,28.0254731468187
2002-07-12 12:00:00,2002,7,12,NA,11.6312696036146,23.9939676186728
2002-07-13 12:00:00,2002,7,13,NA,10.8738665421284,22.1485894982555
2002-07-14 12:00:00,2002,7,14,NA,10.6678346723287,23.926474890633
2002-07-15 12:00:00,2002,7,15,NA,14.5463934634399,28.4649134084805
2002-07-16 12:00:00,2002,7,16,NA,16.9913761214306,21.7057799025562
2002-07-17 12:00:00,2002,7,17,NA,14.1680823064628,21.1988570086098
2002-07-18 12:00:00,2002,7,18,NA,11.9146128637435,20.4479208034124
2002-07-19 12:00:00,2002,7,19,NA,9.56900286333063,24.6788379391237
2002-07-20 12:00:00,2002,7,20,NA,14.2953312291213,20.3759542665065
2002-07-21 12:00:00,2002,7,21,NA,12.5388568510045,19.7376029066297
2002-07-22 12:00:00,2002,7,22,NA,11.8863529872953,20.5130009864283
2002-07-23 12:00:00,2002,7,23,NA,12.8701957510364,21.3630202369291
2002-07-24 12:00:00,2002,7,24,NA,12.7285376282909,26.8491100399893
2002-07-25 12:00:00,2002,7,25,NA,10.3538211728641,25.9963260723531
2002-07-26 12:00:00,2002,7,26,NA,12.7807318811551,23.2597639312752
2002-07-27 12:00:00,2002,7,27,NA,12.2555581843668,25.407468503824
2002-07-28 12:00:00,2002,7,28,NA,14.3495847131885,26.4866331242124
2002-07-29 12:00:00,2002,7,29,NA,14.1913962598941,29.338171777896
2002-07-30 12:00:00,2002,7,30,NA,15.7936744972267,29.8418496410348
2002-07-31 12:00:00,2002,7,31,NA,14.0420014395581,29.059656584919
2002-08-01 12:00:00,2002,8,1,NA,13.8718350603568,24.5821085353804
2002-08-02 12:00:00,2002,8,2,NA,12.5265344215965,24.241163116204
2002-08-03 12:00:00,2002,8,3,NA,11.8931896655284,27.2951124342105
2002-08-04 12:00:00,2002,8,4,NA,15.2938361073976,24.7694864859268
2002-08-05 12:00:00,2002,8,5,NA,11.794981306723,27.9404698079203
2002-08-06 12:00:00,2002,8,6,NA,16.6231563984444,28.3254144365706
2002-08-07 12:00:00,2002,8,7,NA,16.9164850793635,28.4695450469342
2002-08-08 12:00:00,2002,8,8,NA,17.155771117088,31.9473596011383
2002-08-09 12:00:00,2002,8,9,NA,25.6588063386849,31.0479556299648
2002-08-10 12:00:00,2002,8,10,NA,19.1264226310494,25.8106988010792
2002-08-11 12:00:00,2002,8,11,NA,22.3062982036554,30.3747497752438
2002-08-12 12:00:00,2002,8,12,NA,18.4421271585809,30.824596541485
2002-08-13 12:00:00,2002,8,13,NA,18.6521118698852,27.7012450413471
2002-08-14 12:00:00,2002,8,14,NA,17.6625630671614,23.2057607651351
2002-08-15 12:00:00,2002,8,15,NA,18.617272011017,21.309229672623
2002-08-16 12:00:00,2002,8,16,NA,18.5630091094643,21.3329731047083
2002-08-17 12:00:00,2002,8,17,NA,16.7882711264887,19.9306509526048
2002-08-18 12:00:00,2002,8,18,NA,16.3636509433734,21.1152946717425
2002-08-19 12:00:00,2002,8,19,NA,12.5522733768617,20.7949541977136
2002-08-20 12:00:00,2002,8,20,NA,14.8886600516959,21.9053491733942
2002-08-21 12:00:00,2002,8,21,NA,15.8924387024806,25.142808424814
2002-08-22 12:00:00,2002,8,22,NA,13.8945788860888,29.5670115169672
2002-08-23 12:00:00,2002,8,23,NA,13.1365773181428,22.475326432188
2002-08-24 12:00:00,2002,8,24,NA,11.4434536805111,23.1796254225924
2002-08-25 12:00:00,2002,8,25,NA,15.3653879770403,28.878667014504
2002-08-26 12:00:00,2002,8,26,NA,16.595981562054,30.7375302278796
2002-08-27 12:00:00,2002,8,27,NA,12.613333144885,27.4565958347896
2002-08-28 12:00:00,2002,8,28,NA,11.7962414001691,25.3373429227441
2002-08-29 12:00:00,2002,8,29,NA,12.77490488503,23.8676664983573
2002-08-30 12:00:00,2002,8,30,NA,9.72503216389663,25.5047149914969
2002-08-31 12:00:00,2002,8,31,NA,11.1345800538159,20.3849497761493
2002-09-01 12:00:00,2002,9,1,NA,7.1510416313286,20.8917286215101
2002-09-02 12:00:00,2002,9,2,NA,2.80411790756565,26.2101221838092
2002-09-03 12:00:00,2002,9,3,NA,4.43591813913936,20.2812036906055
2002-09-04 12:00:00,2002,9,4,NA,5.74294691895639,22.9339911210345
2002-09-05 12:00:00,2002,9,5,NA,11.6329481054434,21.6867831422631
2002-09-06 12:00:00,2002,9,6,NA,11.1027092036803,24.3173968816669
2002-09-07 12:00:00,2002,9,7,NA,15.6913578288007,23.342960430522
2002-09-08 12:00:00,2002,9,8,NA,17.4291621774631,26.4647552181626
2002-09-09 12:00:00,2002,9,9,NA,14.3080951937795,26.9919232238283
2002-09-10 12:00:00,2002,9,10,NA,12.5722100074026,24.0731562486963
2002-09-11 12:00:00,2002,9,11,NA,11.0572752908925,24.3459519611676
2002-09-12 12:00:00,2002,9,12,NA,10.7852497875406,24.110149786972
2002-09-13 12:00:00,2002,9,13,NA,12.9866369011379,19.3089949815098
2002-09-14 12:00:00,2002,9,14,NA,11.9754347950064,16.0343101562184
2002-09-15 12:00:00,2002,9,15,NA,13.222580650206,15.4673655704931
2002-09-16 12:00:00,2002,9,16,NA,11.2980795019022,19.1056091530622
2002-09-17 12:00:00,2002,9,17,NA,7.0181558895086,19.022989395852
2002-09-18 12:00:00,2002,9,18,NA,6.85554950770045,17.3020057971941
2002-09-19 12:00:00,2002,9,19,NA,4.80827863027542,20.0551682774168
2002-09-20 12:00:00,2002,9,20,NA,10.4843316200096,19.3235301840096
2002-09-21 12:00:00,2002,9,21,NA,9.67519525530165,17.8413512752924
2002-09-22 12:00:00,2002,9,22,NA,10.1184918937293,17.3205299056468
2002-09-23 12:00:00,2002,9,23,NA,8.45266186340406,23.6042066148188
2002-09-24 12:00:00,2002,9,24,NA,13.2641672307772,21.386074955741
2002-09-25 12:00:00,2002,9,25,NA,14.1344764275666,17.4234106561487
2002-09-26 12:00:00,2002,9,26,NA,11.2911631403903,20.7575327298774
2002-09-27 12:00:00,2002,9,27,NA,8.07796397539978,20.0092592266615
2002-09-28 12:00:00,2002,9,28,NA,6.4791824540844,17.8218615235813
2002-09-29 12:00:00,2002,9,29,NA,10.3521864206387,16.7928156917906
2002-09-30 12:00:00,2002,9,30,NA,6.46013785228015,19.7570442408947
2002-10-01 12:00:00,2002,10,1,NA,7.17686585354849,18.4176722331068
2002-10-02 12:00:00,2002,10,2,NA,10.471623175106,18.398669413411
2002-10-03 12:00:00,2002,10,3,NA,10.7553409913523,19.7326349290166
2002-10-04 12:00:00,2002,10,4,NA,5.29008675549215,17.1332383135465
2002-10-05 12:00:00,2002,10,5,NA,2.79896411621511,18.5461691390694
2002-10-06 12:00:00,2002,10,6,NA,3.63871805290916,17.6875725513958
2002-10-07 12:00:00,2002,10,7,NA,11.3773167369247,15.7305981557144
2002-10-08 12:00:00,2002,10,8,NA,7.68051683412784,15.4416510123297
2002-10-09 12:00:00,2002,10,9,NA,6.84538211519773,12.963034560799
2002-10-10 12:00:00,2002,10,10,NA,5.06663949248551,15.9233590113222
2002-10-11 12:00:00,2002,10,11,NA,9.57891097327727,18.6719843384801
2002-10-12 12:00:00,2002,10,12,NA,12.3858376133747,21.0434897103338
2002-10-13 12:00:00,2002,10,13,NA,11.8139372746689,18.2370263292324
2002-10-14 12:00:00,2002,10,14,NA,15.3691586209961,23.0535823799235
2002-10-15 12:00:00,2002,10,15,NA,15.2579078561343,21.6531614002858
2002-10-16 12:00:00,2002,10,16,NA,12.6523344975845,20.3234910208919
2002-10-17 12:00:00,2002,10,17,NA,10.2259083474829,23.1893151514734
2002-10-18 12:00:00,2002,10,18,NA,8.48519103629639,18.0096966701435
2002-10-19 12:00:00,2002,10,19,NA,5.87536744086308,21.1982195315832
2002-10-20 12:00:00,2002,10,20,NA,3.97194608964714,19.7074227365301
2002-10-21 12:00:00,2002,10,21,NA,11.6823037305093,21.406283411837
2002-10-22 12:00:00,2002,10,22,NA,8.38586482597395,21.355117427879
2002-10-23 12:00:00,2002,10,23,NA,9.48477731950236,23.6651881452371
2002-10-24 12:00:00,2002,10,24,NA,6.01417671118748,19.7578463964173
2002-10-25 12:00:00,2002,10,25,NA,0.948560838762058,12.7828320576318
2002-10-26 12:00:00,2002,10,26,NA,5.79868856206872,12.1781091823327
2002-10-27 12:00:00,2002,10,27,NA,6.54452463480457,12.043302440611
2002-10-28 12:00:00,2002,10,28,NA,9.93161612341599,12.055919734708
2002-10-29 12:00:00,2002,10,29,NA,7.44166479597459,11.6355507240934
2002-10-30 12:00:00,2002,10,30,NA,7.63657487525593,14.1389119515401
2002-10-31 12:00:00,2002,10,31,NA,11.3013510032968,13.4674122432475
2002-11-01 12:00:00,2002,11,1,NA,8.79330387094651,12.0162711144521
2002-11-02 12:00:00,2002,11,2,NA,5.5112998713512,15.0022321061199
2002-11-03 12:00:00,2002,11,3,NA,4.48618849976874,13.8367387784497
2002-11-04 12:00:00,2002,11,4,NA,7.11275177685597,17.4781945522862
2002-11-05 12:00:00,2002,11,5,NA,4.79291302719621,11.4841732826978
2002-11-06 12:00:00,2002,11,6,NA,8.22535813923482,13.8486106072004
2002-11-07 12:00:00,2002,11,7,NA,8.56205892980102,11.3638167682527
2002-11-08 12:00:00,2002,11,8,NA,8.35608442531585,11.1488667697848
2002-11-09 12:00:00,2002,11,9,NA,5.8096553530107,9.53900385450102
2002-11-10 12:00:00,2002,11,10,NA,5.98298280388786,9.71822025293012
2002-11-11 12:00:00,2002,11,11,NA,8.43783095102373,10.4888385875429
2002-11-12 12:00:00,2002,11,12,NA,5.24522880790962,10.9430016281817
2002-11-13 12:00:00,2002,11,13,NA,6.52649626873779,11.5277517725467
2002-11-14 12:00:00,2002,11,14,NA,5.08794471949757,11.7792049749991
2002-11-15 12:00:00,2002,11,15,NA,12.2587190943201,13.7181238476058
2002-11-16 12:00:00,2002,11,16,NA,14.3354215830102,17.1636070240647
2002-11-17 12:00:00,2002,11,17,NA,12.0658567644786,15.8061954008012
2002-11-18 12:00:00,2002,11,18,NA,9.43378206705144,15.3875488034666
2002-11-19 12:00:00,2002,11,19,NA,5.79948111413242,14.5969377394694
2002-11-20 12:00:00,2002,11,20,NA,6.73379972834387,12.468598073784
2002-11-21 12:00:00,2002,11,21,NA,7.19296185455751,11.9064362966586
2002-11-22 12:00:00,2002,11,22,NA,11.0475262221478,15.9151749783181
2002-11-23 12:00:00,2002,11,23,NA,9.07065262863888,18.3944873200917
2002-11-24 12:00:00,2002,11,24,NA,7.81887038431882,15.3333926019227
2002-11-25 12:00:00,2002,11,25,NA,5.69939707751088,11.3101423957811
2002-11-26 12:00:00,2002,11,26,NA,8.78980611248422,11.9829786875128
2002-11-27 12:00:00,2002,11,27,NA,5.66231756150791,10.5867989876587
2002-11-28 12:00:00,2002,11,28,NA,2.83203085184827,7.66622511185613
2002-11-29 12:00:00,2002,11,29,NA,4.52008720170625,8.26117884041876
2002-11-30 12:00:00,2002,11,30,NA,5.82643359219194,11.0124436042218
2002-12-01 12:00:00,2002,12,1,NA,5.31053322592685,8.13871866698132
2002-12-02 12:00:00,2002,12,2,NA,7.50618921673318,10.3243562412508
2002-12-03 12:00:00,2002,12,3,NA,6.42936283792789,9.4756171328327
2002-12-04 12:00:00,2002,12,4,NA,2.7526547109579,7.56235783007902
2002-12-05 12:00:00,2002,12,5,NA,5.73947393617122,7.75026936336788
2002-12-06 12:00:00,2002,12,6,NA,7.23068747466381,9.20147797041226
2002-12-07 12:00:00,2002,12,7,NA,5.16236475807987,11.6937668157416
2002-12-08 12:00:00,2002,12,8,NA,2.85772040300085,9.98472916369247
2002-12-09 12:00:00,2002,12,9,NA,4.31418013823513,11.5622331271166
2002-12-10 12:00:00,2002,12,10,NA,4.68425781668836,17.9341440297685
2002-12-11 12:00:00,2002,12,11,NA,6.33600022143925,14.885079212202
2002-12-12 12:00:00,2002,12,12,NA,8.01109607092174,13.882839536371
2002-12-13 12:00:00,2002,12,13,NA,4.46544997704899,9.55529334781046
2002-12-14 12:00:00,2002,12,14,NA,5.33454243483351,7.25160718420916
2002-12-15 12:00:00,2002,12,15,NA,6.85423033067636,10.2273669756317
2002-12-16 12:00:00,2002,12,16,NA,6.99499692073099,10.6109707064969
2002-12-17 12:00:00,2002,12,17,NA,2.99223606787093,8.76796116030255
2002-12-18 12:00:00,2002,12,18,NA,6.94902927637726,11.7912321154304
2002-12-19 12:00:00,2002,12,19,NA,1.62129267295738,4.73498065261861
2002-12-20 12:00:00,2002,12,20,NA,-3.50959246670338,0.267868350502967
2002-12-21 12:00:00,2002,12,21,NA,-1.02311992088089,-0.0368318665771633
2002-12-22 12:00:00,2002,12,22,NA,-0.332591303815018,0.638907864690495
2002-12-23 12:00:00,2002,12,23,NA,2.7281981896878,5.82891890515054
2002-12-24 12:00:00,2002,12,24,NA,0.0542263384470361,4.01459671871093
2002-12-25 12:00:00,2002,12,25,NA,-4.90760190134808,2.89028680024594
2002-12-26 12:00:00,2002,12,26,NA,-4.70702345572979,7.50584670756909
2002-12-27 12:00:00,2002,12,27,NA,-4.34683513997275,3.86517540102977
2002-12-28 12:00:00,2002,12,28,NA,-5.69143732400627,6.54622181139236
2002-12-29 12:00:00,2002,12,29,NA,4.12689888108044,8.87679475282077
2002-12-30 12:00:00,2002,12,30,NA,6.36856770927315,9.40807777014779
2002-12-31 12:00:00,2002,12,31,NA,3.53303153242236,9.57705785256705
2003-01-01 12:00:00,2003,1,1,NA,4.46883297685125,7.56955369231399
2003-01-02 12:00:00,2003,1,2,NA,3.24876103883375,7.07312260457799
2003-01-03 12:00:00,2003,1,3,NA,0.846014779323755,6.59401649105046
2003-01-04 12:00:00,2003,1,4,NA,0.532008103429617,5.50177042647875
2003-01-05 12:00:00,2003,1,5,NA,2.56716045941429,5.27791782365067
2003-01-06 12:00:00,2003,1,6,NA,4.6249790055586,10.8333892065494
2003-01-07 12:00:00,2003,1,7,NA,8.5652744259849,17.6633188918567
2003-01-08 12:00:00,2003,1,8,NA,3.66279513556935,14.7993223996684
2003-01-09 12:00:00,2003,1,9,NA,5.043056966983,13.1246033347415
2003-01-10 12:00:00,2003,1,10,NA,5.58296003173724,15.5270844902035
2003-01-11 12:00:00,2003,1,11,NA,3.12468162617512,12.0787677162363
2003-01-12 12:00:00,2003,1,12,NA,3.61719217811855,10.1492102835889
2003-01-13 12:00:00,2003,1,13,NA,0.511297317812007,3.64626918007882
2003-01-14 12:00:00,2003,1,14,NA,1.59722543018494,5.84809591847918
2003-01-15 12:00:00,2003,1,15,NA,-0.0888242118223652,4.68157648647201
2003-01-16 12:00:00,2003,1,16,NA,-0.0869383155859844,4.80462186758566
2003-01-17 12:00:00,2003,1,17,NA,2.39504242147924,4.35407624728758
2003-01-18 12:00:00,2003,1,18,NA,-3.9604635829997,2.69227573814357
2003-01-19 12:00:00,2003,1,19,NA,0.452288402809347,6.48969536954295
2003-01-20 12:00:00,2003,1,20,NA,-1.23385205183125,2.3468704907278
2003-01-21 12:00:00,2003,1,21,NA,-0.239430831173462,3.46759717827051
2003-01-22 12:00:00,2003,1,22,NA,-4.79661023222122,2.42292695557585
2003-01-23 12:00:00,2003,1,23,NA,-6.97842175699422,-2.61149007635289
2003-01-24 12:00:00,2003,1,24,NA,-11.5092977735184,-5.09157452023235
2003-01-25 12:00:00,2003,1,25,NA,-8.08549344936189,-2.74675682195209
2003-01-26 12:00:00,2003,1,26,NA,-14.7611685132976,-12.4478223412729
2003-01-27 12:00:00,2003,1,27,NA,-10.686036113409,-5.46158720782802
2003-01-28 12:00:00,2003,1,28,NA,-10.5875028824632,-4.3790926814724
2003-01-29 12:00:00,2003,1,29,NA,-3.59235970692699,4.76358989712529
2003-01-30 12:00:00,2003,1,30,NA,-6.30676255868788,4.77499847837664
2003-01-31 12:00:00,2003,1,31,NA,-2.39563071435643,7.13540450399468
2003-02-01 12:00:00,2003,2,1,NA,2.48164977276118,10.2543575727636
2003-02-02 12:00:00,2003,2,2,NA,5.85893475977579,12.4054425128609
2003-02-03 12:00:00,2003,2,3,NA,3.23205746347226,7.66820619012453
2003-02-04 12:00:00,2003,2,4,NA,5.97192343199669,8.41905289330112
2003-02-05 12:00:00,2003,2,5,NA,4.52261524524803,9.0901192233364
2003-02-06 12:00:00,2003,2,6,NA,4.63513663982705,9.16296199638465
2003-02-07 12:00:00,2003,2,7,NA,5.34807236085412,10.3302752915113
2003-02-08 12:00:00,2003,2,8,NA,4.17275824963628,6.9089692826223
2003-02-09 12:00:00,2003,2,9,NA,3.6893918409268,6.40866766362371
2003-02-10 12:00:00,2003,2,10,NA,7.52881597468342,10.8393502946188
2003-02-11 12:00:00,2003,2,11,NA,6.15512949947398,9.52318393661606
2003-02-12 12:00:00,2003,2,12,NA,6.37919314131822,12.1362818524081
2003-02-13 12:00:00,2003,2,13,NA,7.01648676113831,13.1241728591819
2003-02-14 12:00:00,2003,2,14,NA,8.4614547650913,12.9892801216489
2003-02-15 12:00:00,2003,2,15,NA,5.51765083685881,14.0644697096809
2003-02-16 12:00:00,2003,2,16,NA,10.4229533740448,16.8790808865405
2003-02-17 12:00:00,2003,2,17,NA,7.59120055660044,13.5557723377492
2003-02-18 12:00:00,2003,2,18,NA,3.9123622217593,12.2689193692497
2003-02-19 12:00:00,2003,2,19,NA,7.3454730570951,17.0691711500362
2003-02-20 12:00:00,2003,2,20,NA,9.87376808357326,19.4187503066701
2003-02-21 12:00:00,2003,2,21,NA,11.4541021152926,18.1267833846869
2003-02-22 12:00:00,2003,2,22,NA,10.6052227767758,21.3837003335022
2003-02-23 12:00:00,2003,2,23,NA,8.8743406403778,17.8314480213686
2003-02-24 12:00:00,2003,2,24,NA,5.70270327024853,12.4232704272947
2003-02-25 12:00:00,2003,2,25,NA,8.4013496019062,15.4274615922633
2003-02-26 12:00:00,2003,2,26,NA,6.74764544711644,16.0236107905109
2003-02-27 12:00:00,2003,2,27,NA,7.80672473377742,16.327674811622
2003-02-28 12:00:00,2003,2,28,NA,6.96857844907085,15.9256858300617
2003-03-01 12:00:00,2003,3,1,NA,6.88087554024928,19.1063415024377
2003-03-02 12:00:00,2003,3,2,NA,4.21695281111578,14.7525989634831
2003-03-03 12:00:00,2003,3,3,NA,-1.03582900521657,17.6096477020241
2003-03-04 12:00:00,2003,3,4,NA,2.69296009455355,17.9961431446576
2003-03-05 12:00:00,2003,3,5,NA,0.659330706742558,13.3934549318066
2003-03-06 12:00:00,2003,3,6,NA,-1.01421705982396,11.6874412105867
2003-03-07 12:00:00,2003,3,7,NA,-2.13444409607407,10.0979612155323
2003-03-08 12:00:00,2003,3,8,NA,-2.93360600211003,9.02830476740216
2003-03-09 12:00:00,2003,3,9,NA,-1.01501859708885,13.061410740976
2003-03-10 12:00:00,2003,3,10,NA,7.17829976984961,14.8674973484636
2003-03-11 12:00:00,2003,3,11,NA,2.81581503438142,12.04892530145
2003-03-12 12:00:00,2003,3,12,NA,5.84296968067777,13.1743134471516
2003-03-13 12:00:00,2003,3,13,NA,1.80276896315395,12.6555796866923
2003-03-14 12:00:00,2003,3,14,NA,3.93179352042525,11.7508142819915
2003-03-15 12:00:00,2003,3,15,NA,3.31933554575982,13.7462315485332
2003-03-16 12:00:00,2003,3,16,NA,0.00236455556783444,15.6445130513275
2003-03-17 12:00:00,2003,3,17,NA,6.48630488329669,14.4522060731653
2003-03-18 12:00:00,2003,3,18,NA,8.52738949068512,15.8827208102809
2003-03-19 12:00:00,2003,3,19,NA,5.86096491611821,13.9474166253385
2003-03-20 12:00:00,2003,3,20,NA,3.82427078484068,12.6922326685531
2003-03-21 12:00:00,2003,3,21,NA,0.0251816154388207,14.5787177119138
2003-03-22 12:00:00,2003,3,22,NA,3.00061387053697,10.8967249448146
2003-03-23 12:00:00,2003,3,23,NA,3.57292816126022,8.96625395394568
2003-03-24 12:00:00,2003,3,24,NA,3.04777954888475,12.4101641292639
2003-03-25 12:00:00,2003,3,25,NA,6.39443591404376,15.2848151542659
2003-03-26 12:00:00,2003,3,26,NA,6.84713731026099,14.3991599866998
2003-03-27 12:00:00,2003,3,27,NA,5.44230421670044,10.3495339771276
2003-03-28 12:00:00,2003,3,28,NA,5.49567850603581,15.6832997744236
2003-03-29 12:00:00,2003,3,29,NA,5.90267380361034,10.4528257186245
2003-03-30 12:00:00,2003,3,30,NA,3.17579458258278,12.4842971741214
2003-03-31 12:00:00,2003,3,31,NA,1.34396380309028,9.65467139069199
2003-04-01 12:00:00,2003,4,1,NA,2.88449505617763,8.4390102011234
2003-04-02 12:00:00,2003,4,2,NA,2.13602075979105,8.56232425729666
2003-04-03 12:00:00,2003,4,3,NA,-1.02461678555963,12.486352165828
2003-04-04 12:00:00,2003,4,4,NA,-2.34955795403655,17.3677285039256
2003-04-05 12:00:00,2003,4,5,NA,-1.04142217283373,18.9825386977915
2003-04-06 12:00:00,2003,4,6,NA,3.49723388422784,18.7040437935392
2003-04-07 12:00:00,2003,4,7,NA,0.40391096444916,17.3117295842682
2003-04-08 12:00:00,2003,4,8,NA,4.30748221579224,14.8922030646065
2003-04-09 12:00:00,2003,4,9,NA,4.49681689661058,15.7028853695825
2003-04-10 12:00:00,2003,4,10,NA,1.89626668351453,17.8997640481281
2003-04-11 12:00:00,2003,4,11,NA,-0.920293014564315,15.583616437715
2003-04-12 12:00:00,2003,4,12,NA,5.80485022740238,11.0843059664941
2003-04-13 12:00:00,2003,4,13,NA,-0.0443155723306896,15.2372749190992
2003-04-14 12:00:00,2003,4,14,NA,3.95559629218412,14.3059624589597
2003-04-15 12:00:00,2003,4,15,NA,7.77800339408377,13.8781232427383
2003-04-16 12:00:00,2003,4,16,NA,2.32270673797778,16.5754281412284
2003-04-17 12:00:00,2003,4,17,NA,-0.324107814628744,13.9286135886219
2003-04-18 12:00:00,2003,4,18,NA,0.339867611848729,12.483369599488
2003-04-19 12:00:00,2003,4,19,NA,4.88785848062501,13.0530721290079
2003-04-20 12:00:00,2003,4,20,NA,10.100461960929,19.3341033430884
2003-04-21 12:00:00,2003,4,21,NA,14.0019762011903,23.5358862017983
2003-04-22 12:00:00,2003,4,22,NA,12.3062023527203,27.0703663382861
2003-04-23 12:00:00,2003,4,23,NA,20.5131297971243,25.8039877585622
2003-04-24 12:00:00,2003,4,24,NA,13.6503486067903,24.2244256456454
2003-04-25 12:00:00,2003,4,25,NA,6.40028601469043,21.157818770675
2003-04-26 12:00:00,2003,4,26,NA,9.35804215441989,18.2194783835845
2003-04-27 12:00:00,2003,4,27,NA,11.9132079933216,20.3801496814809
2003-04-28 12:00:00,2003,4,28,NA,9.5544957300276,17.6411436260453
2003-04-29 12:00:00,2003,4,29,NA,5.31398166837718,17.0314931493605
2003-04-30 12:00:00,2003,4,30,NA,7.00503459354182,14.3966963797704
2003-05-01 12:00:00,2003,5,1,NA,9.00262719411199,16.9905229827653
2003-05-02 12:00:00,2003,5,2,NA,3.05529564166677,19.7236482916926
2003-05-03 12:00:00,2003,5,3,NA,5.99835013505261,18.6094307857084
2003-05-04 12:00:00,2003,5,4,NA,9.20195164398964,25.9031250527859
2003-05-05 12:00:00,2003,5,5,NA,6.66952556560518,23.3113194259306
2003-05-06 12:00:00,2003,5,6,NA,12.461620345675,25.4308823662993
2003-05-07 12:00:00,2003,5,7,NA,9.74787927112618,23.3320396992226
2003-05-08 12:00:00,2003,5,8,NA,9.83293043875493,27.0731919065267
2003-05-09 12:00:00,2003,5,9,NA,10.0805988977952,21.8336362741498
2003-05-10 12:00:00,2003,5,10,NA,5.57339976552751,24.6822208325441
2003-05-11 12:00:00,2003,5,11,NA,11.3871161317171,26.1550197581328
2003-05-12 12:00:00,2003,5,12,NA,12.814576418684,29.4236101951002
2003-05-13 12:00:00,2003,5,13,NA,11.1176927995364,20.9123054920326
2003-05-14 12:00:00,2003,5,14,NA,10.2123736979133,26.8619845210725
2003-05-15 12:00:00,2003,5,15,NA,7.67538390972137,24.4472966744027
2003-05-16 12:00:00,2003,5,16,NA,14.5315987008822,21.917301415292
2003-05-17 12:00:00,2003,5,17,NA,13.9026146424084,15.8634641126591
2003-05-18 12:00:00,2003,5,18,NA,12.0466584638798,21.7787104192186
2003-05-19 12:00:00,2003,5,19,NA,10.7943347773754,19.5155125687569
2003-05-20 12:00:00,2003,5,20,NA,14.3713752492997,18.9498987880879
2003-05-21 12:00:00,2003,5,21,NA,12.0553301388867,17.9880431146287
2003-05-22 12:00:00,2003,5,22,NA,11.1382619063572,21.8141652635518
2003-05-23 12:00:00,2003,5,23,NA,10.0328306825116,19.7336070523286
2003-05-24 12:00:00,2003,5,24,NA,14.0177962835666,20.9284237688281
2003-05-25 12:00:00,2003,5,25,NA,12.0136343356801,26.5449917047701
2003-05-26 12:00:00,2003,5,26,NA,17.0276789932716,22.9712916488174
2003-05-27 12:00:00,2003,5,27,NA,11.5050478608803,29.1156725642709
2003-05-28 12:00:00,2003,5,28,NA,19.7431790546977,28.569011850105
2003-05-29 12:00:00,2003,5,29,NA,14.9104633063244,23.996459816598
2003-05-30 12:00:00,2003,5,30,NA,14.4621035519988,22.3824350136659
2003-05-31 12:00:00,2003,5,31,NA,12.4924206432732,20.4127521049403
2003-06-01 12:00:00,2003,6,1,NA,13.9444094330965,21.8647408947636
2003-06-02 12:00:00,2003,6,2,NA,12.2607414304825,23.5410382310059
2003-06-03 12:00:00,2003,6,3,NA,9.89943044767052,25.3979936154241
2003-06-04 12:00:00,2003,6,4,NA,9.82428920239502,21.0850978202163
2003-06-05 12:00:00,2003,6,5,NA,11.3032718926096,18.5329145201677
2003-06-06 12:00:00,2003,6,6,NA,10.2707064481875,14.1074234800339
2003-06-07 12:00:00,2003,6,7,NA,5.91795414458497,20.5542317674739
2003-06-08 12:00:00,2003,6,8,NA,6.1961299828569,21.64965191788
2003-06-09 12:00:00,2003,6,9,NA,3.47066877597745,23.0894313393176
2003-06-10 12:00:00,2003,6,10,NA,11.9485840648234,16.0571795691966
2003-06-11 12:00:00,2003,6,11,NA,12.234847224706,14.2741946650641
2003-06-12 12:00:00,2003,6,12,NA,9.04459944146985,19.1933625854715
2003-06-13 12:00:00,2003,6,13,NA,9.31913278212865,24.1919361219878
2003-06-14 12:00:00,2003,6,14,NA,11.4559216752847,24.5757868538332
2003-06-15 12:00:00,2003,6,15,NA,10.1444717836934,26.618130259839
2003-06-16 12:00:00,2003,6,16,NA,8.73852460992552,28.3227757421737
2003-06-17 12:00:00,2003,6,17,NA,16.611806972328,29.2672580532884
2003-06-18 12:00:00,2003,6,18,NA,14.9400258280021,28.7166470602436
2003-06-19 12:00:00,2003,6,19,NA,14.270076011649,33.8541342088434
2003-06-20 12:00:00,2003,6,20,NA,18.3147363880292,33.7836056452996
2003-06-21 12:00:00,2003,6,21,NA,17.3205144239487,34.839411158792
2003-06-22 12:00:00,2003,6,22,NA,18.7838323771973,35.2290714195438
2003-06-23 12:00:00,2003,6,23,NA,25.9317436985621,33.1446265365051
2003-06-24 12:00:00,2003,6,24,NA,21.2906692466479,35.1661440503982
2003-06-25 12:00:00,2003,6,25,NA,19.6205625590217,37.139459293865
2003-06-26 12:00:00,2003,6,26,NA,20.0612962246031,33.3036483380248
2003-06-27 12:00:00,2003,6,27,NA,18.9885751900518,30.2606142784474
2003-06-28 12:00:00,2003,6,28,NA,14.3428298176776,21.3297796850093
2003-06-29 12:00:00,2003,6,29,NA,16.1206945766312,25.157183387199
2003-06-30 12:00:00,2003,6,30,NA,14.3858487068325,26.7756280727726
2003-07-01 12:00:00,2003,7,1,NA,17.7624824947337,27.0604497784877
2003-07-02 12:00:00,2003,7,2,NA,14.9682998784627,29.3710077819074
2003-07-03 12:00:00,2003,7,3,NA,17.3900085722875,28.5132375698336
2003-07-04 12:00:00,2003,7,4,NA,19.2053950886148,27.3087254268188
2003-07-05 12:00:00,2003,7,5,NA,23.8323455147263,33.094474416179
2003-07-06 12:00:00,2003,7,6,NA,19.8727945827972,29.2151290246556
2003-07-07 12:00:00,2003,7,7,NA,15.9816797592502,26.8762180524992
2003-07-08 12:00:00,2003,7,8,NA,13.1437958773876,22.8892028034437
2003-07-09 12:00:00,2003,7,9,NA,12.2787042904869,23.401933288033
2003-07-10 12:00:00,2003,7,10,NA,13.9503344284707,23.7847708459585
2003-07-11 12:00:00,2003,7,11,NA,13.3910556301448,24.4921609812583
2003-07-12 12:00:00,2003,7,12,NA,17.416594903271,25.2424158689117
2003-07-13 12:00:00,2003,7,13,NA,22.8632261410142,29.4439325344231
2003-07-14 12:00:00,2003,7,14,NA,21.2747944046713,27.8472564757126
2003-07-15 12:00:00,2003,7,15,NA,21.5978506984549,27.3325927429714
2003-07-16 12:00:00,2003,7,16,NA,14.4768108243226,26.7413795047985
2003-07-17 12:00:00,2003,7,17,NA,13.6609949834446,31.9686201968784
2003-07-18 12:00:00,2003,7,18,NA,16.1108469697671,33.5463153690273
2003-07-19 12:00:00,2003,7,19,NA,17.5265654682273,31.9063371513406
2003-07-20 12:00:00,2003,7,20,NA,18.903016774138,34.6670262742183
2003-07-21 12:00:00,2003,7,21,NA,23.571024082698,31.5312363313432
2003-07-22 12:00:00,2003,7,22,NA,18.0262204850689,30.0195673807555
2003-07-23 12:00:00,2003,7,23,NA,10.9036882054851,25.9367806543202
2003-07-24 12:00:00,2003,7,24,NA,7.58610561998174,24.5785178444521
2003-07-25 12:00:00,2003,7,25,NA,13.6232711320192,22.5629193787591
2003-07-26 12:00:00,2003,7,26,NA,14.4071065067346,25.2478062915981
2003-07-27 12:00:00,2003,7,27,NA,11.3881539767126,29.4839509136509
2003-07-28 12:00:00,2003,7,28,NA,9.43743566895603,26.3351519257805
2003-07-29 12:00:00,2003,7,29,NA,11.4079201748751,25.3264401199158
2003-07-30 12:00:00,2003,7,30,NA,13.8948438489837,21.9334668319335
2003-07-31 12:00:00,2003,7,31,NA,10.1485888675525,23.2710824807437
2003-08-01 12:00:00,2003,8,1,NA,18.7537884374235,26.2786439768717
2003-08-02 12:00:00,2003,8,2,NA,18.2473885800476,26.316785398467
2003-08-03 12:00:00,2003,8,3,NA,12.753748500844,29.3356709176927
2003-08-04 12:00:00,2003,8,4,NA,18.2180837836944,29.9542555257757
2003-08-05 12:00:00,2003,8,5,NA,22.0755609286996,27.6127441280036
2003-08-06 12:00:00,2003,8,6,NA,24.4117264284078,31.6217639428577
2003-08-07 12:00:00,2003,8,7,NA,24.192682400463,31.3814964756256
2003-08-08 12:00:00,2003,8,8,NA,20.7055126587207,36.2131227910712
2003-08-09 12:00:00,2003,8,9,NA,19.7511397894158,31.1965374205614
2003-08-10 12:00:00,2003,8,10,NA,25.4120520616854,32.6304065501948
2003-08-11 12:00:00,2003,8,11,NA,24.7837436724246,29.9389670060872
2003-08-12 12:00:00,2003,8,12,NA,18.8253968013463,26.9197099706462
2003-08-13 12:00:00,2003,8,13,NA,14.9392248485654,24.8253966253827
2003-08-14 12:00:00,2003,8,14,NA,12.6738816179717,23.4334992695195
2003-08-15 12:00:00,2003,8,15,NA,13.361283356057,22.6116530783904
2003-08-16 12:00:00,2003,8,16,NA,13.9616050805081,22.2163629893065
2003-08-17 12:00:00,2003,8,17,NA,12.909831303533,24.6460030456143
2003-08-18 12:00:00,2003,8,18,NA,11.0942829074828,26.7772239840998
2003-08-19 12:00:00,2003,8,19,NA,12.1648738688914,26.1662316107015
2003-08-20 12:00:00,2003,8,20,NA,15.4058158470598,21.7084297052274
2003-08-21 12:00:00,2003,8,21,NA,9.49351996357672,25.1659525944552
2003-08-22 12:00:00,2003,8,22,NA,11.1515681279574,23.7498816632625
2003-08-23 12:00:00,2003,8,23,NA,13.0364236733953,23.0155747566928
2003-08-24 12:00:00,2003,8,24,NA,15.6548754525791,25.8231447756398
2003-08-25 12:00:00,2003,8,25,NA,13.4039609988709,26.7766485945158
2003-08-26 12:00:00,2003,8,26,NA,13.1425720739253,21.7554614268419
2003-08-27 12:00:00,2003,8,27,NA,12.5339023149112,21.5037823747552
2003-08-28 12:00:00,2003,8,28,NA,9.10719015095559,24.779622781834
2003-08-29 12:00:00,2003,8,29,NA,10.8914857121051,18.1685434820012
2003-08-30 12:00:00,2003,8,30,NA,7.94512989501916,15.603742711024
2003-08-31 12:00:00,2003,8,31,NA,7.63742797721388,17.6288666867974
2003-09-01 12:00:00,2003,9,1,NA,10.3222858026181,17.5824647186734
2003-09-02 12:00:00,2003,9,2,NA,11.5475249941472,22.6402866074745
2003-09-03 12:00:00,2003,9,3,NA,12.1512568575525,26.326394947039
2003-09-04 12:00:00,2003,9,4,NA,16.4008881831561,21.0246244129295
2003-09-05 12:00:00,2003,9,5,NA,14.3985285701767,17.3194949811349
2003-09-06 12:00:00,2003,9,6,NA,13.0456078270432,16.63736689544
2003-09-07 12:00:00,2003,9,7,NA,8.66423390960632,19.0756734685533
2003-09-08 12:00:00,2003,9,8,NA,10.9581552159337,19.8346425789656
2003-09-09 12:00:00,2003,9,9,NA,14.7664186249122,18.5789684665557
2003-09-10 12:00:00,2003,9,10,NA,10.4894420967052,20.2383818660922
2003-09-11 12:00:00,2003,9,11,NA,9.59522886395178,19.3910476788952
2003-09-12 12:00:00,2003,9,12,NA,12.1513548775123,19.880649355413
2003-09-13 12:00:00,2003,9,13,NA,11.7487431798763,22.1187187531064
2003-09-14 12:00:00,2003,9,14,NA,12.8553981067224,17.7050437628764
2003-09-15 12:00:00,2003,9,15,NA,11.6751867025477,15.6301604511403
2003-09-16 12:00:00,2003,9,16,NA,10.6633237381579,14.4255599968572
2003-09-17 12:00:00,2003,9,17,NA,7.30358836545497,11.9851388099551
2003-09-18 12:00:00,2003,9,18,NA,2.31264753357259,18.909836318124
2003-09-19 12:00:00,2003,9,19,NA,1.99082839075822,19.9990658657441
2003-09-20 12:00:00,2003,9,20,NA,3.72328100487305,19.8883754431835
2003-09-21 12:00:00,2003,9,21,NA,9.17491506499794,19.8725572853846
2003-09-22 12:00:00,2003,9,22,NA,8.78687349214234,19.6175489945319
2003-09-23 12:00:00,2003,9,23,NA,7.19887801309611,18.8426395733113
2003-09-24 12:00:00,2003,9,24,NA,10.5601266399367,14.5888520645877
2003-09-25 12:00:00,2003,9,25,NA,12.1645774984051,18.8180182956704
2003-09-26 12:00:00,2003,9,26,NA,8.1328752415513,23.0775160891478
2003-09-27 12:00:00,2003,9,27,NA,11.6583959203155,21.4542147352589
2003-09-28 12:00:00,2003,9,28,NA,11.3526509600513,22.1599955090498
2003-09-29 12:00:00,2003,9,29,NA,9.74434883162119,23.6107456173068
2003-09-30 12:00:00,2003,9,30,NA,13.3661059915709,24.6637366170321
2003-10-01 12:00:00,2003,10,1,NA,14.0103246576477,23.3108881469581
2003-10-02 12:00:00,2003,10,2,NA,14.239454933972,22.7644472248256
2003-10-03 12:00:00,2003,10,3,NA,16.7659148156038,22.2646926214103
2003-10-04 12:00:00,2003,10,4,NA,16.3360625863244,21.7488027198341
2003-10-05 12:00:00,2003,10,5,NA,14.5521526091751,25.4088721280118
2003-10-06 12:00:00,2003,10,6,NA,17.9366153748986,24.3882130941913
2003-10-07 12:00:00,2003,10,7,NA,15.0995360714622,25.9366649873784
2003-10-08 12:00:00,2003,10,8,NA,15.4928001777706,25.1415180970464
2003-10-09 12:00:00,2003,10,9,NA,16.1831883761737,26.4909940820508
2003-10-10 12:00:00,2003,10,10,NA,14.8085765366278,24.3330821704749
2003-10-11 12:00:00,2003,10,11,NA,14.3414056449522,25.6627682599317
2003-10-12 12:00:00,2003,10,12,NA,14.9318412127952,25.7885607316318
2003-10-13 12:00:00,2003,10,13,NA,13.0618532067197,22.5527854414884
2003-10-14 12:00:00,2003,10,14,NA,11.0944170475128,19.3995001308221
2003-10-15 12:00:00,2003,10,15,NA,7.31919034030261,17.6779214739807
2003-10-16 12:00:00,2003,10,16,NA,4.00831010092264,20.1283917108764
2003-10-17 12:00:00,2003,10,17,NA,6.10469884902852,24.5717663097066
2003-10-18 12:00:00,2003,10,18,NA,12.8454846899862,22.4302237258232
2003-10-19 12:00:00,2003,10,19,NA,14.3128867100088,25.1483204042881
2003-10-20 12:00:00,2003,10,20,NA,10.8933723740386,21.4462838897398
2003-10-21 12:00:00,2003,10,21,NA,8.48518348445182,17.1138650834672
2003-10-22 12:00:00,2003,10,22,NA,3.93453376518812,14.7695275826722
2003-10-23 12:00:00,2003,10,23,NA,7.00580711551717,14.6902308744446
2003-10-24 12:00:00,2003,10,24,NA,4.39093634677768,10.8140254013412
2003-10-25 12:00:00,2003,10,25,NA,3.13524749605748,10.6473229696897
2003-10-26 12:00:00,2003,10,26,NA,2.95384477499783,10.4922354920942
2003-10-27 12:00:00,2003,10,27,NA,1.77604546174186,11.300551095589
2003-10-28 12:00:00,2003,10,28,NA,4.11504223490117,9.32586983133797
2003-10-29 12:00:00,2003,10,29,NA,4.09188032386548,9.50462045737524
2003-10-30 12:00:00,2003,10,30,NA,3.79857246571514,15.3759235134679
2003-10-31 12:00:00,2003,10,31,NA,7.76439338233334,13.334789064104
2003-11-01 12:00:00,2003,11,1,NA,5.47242963933866,12.9250021043852
2003-11-02 12:00:00,2003,11,2,NA,6.08255455206142,10.9197876451306
2003-11-03 12:00:00,2003,11,3,NA,6.89630975641088,12.4996148344467
2003-11-04 12:00:00,2003,11,4,NA,6.94127614708854,10.6967907966806
2003-11-05 12:00:00,2003,11,5,NA,3.5831102859693,10.2273227732143
2003-11-06 12:00:00,2003,11,6,NA,3.99606975461308,8.99759808548119
2003-11-07 12:00:00,2003,11,7,NA,4.8788929905182,8.86482479135745
2003-11-08 12:00:00,2003,11,8,NA,8.62025440297664,12.8198549544203
2003-11-09 12:00:00,2003,11,9,NA,2.87470445176848,8.88865056974827
2003-11-10 12:00:00,2003,11,10,NA,-0.59931652319839,5.40692224303876
2003-11-11 12:00:00,2003,11,11,NA,-2.17657801973647,3.55822163778517
2003-11-12 12:00:00,2003,11,12,NA,-4.14230263475405,6.15726140194447
2003-11-13 12:00:00,2003,11,13,NA,-2.64273447277699,8.13887797954078
2003-11-14 12:00:00,2003,11,14,NA,2.50876246219804,10.1120706970106
2003-11-15 12:00:00,2003,11,15,NA,6.89152020781931,12.9054663257991
2003-11-16 12:00:00,2003,11,16,NA,6.46130872846625,10.6609092799099
2003-11-17 12:00:00,2003,11,17,NA,5.31078017732367,9.88129449045677
2003-11-18 12:00:00,2003,11,18,NA,-0.19406670314588,4.47233017491062
2003-11-19 12:00:00,2003,11,19,NA,-1.42902089087007,0.558835757877987
2003-11-20 12:00:00,2003,11,20,NA,-3.07322447169573,-0.730147813337521
2003-11-21 12:00:00,2003,11,21,NA,1.45797624905005,3.89579513387147
2003-11-22 12:00:00,2003,11,22,NA,6.2173684632651,9.18845730094889
2003-11-23 12:00:00,2003,11,23,NA,3.82519629786332,7.19119614955691
2003-11-24 12:00:00,2003,11,24,NA,1.58395072688011,8.10488145669565
2003-11-25 12:00:00,2003,11,25,NA,2.38211338818459,9.54947244520847
2003-11-26 12:00:00,2003,11,26,NA,0.676704551215409,8.13271361283628
2003-11-27 12:00:00,2003,11,27,NA,-1.5079641913297,4.81203485589275
2003-11-28 12:00:00,2003,11,28,NA,2.9103119901629,10.7870008505219
2003-11-29 12:00:00,2003,11,29,NA,2.0927423720332,12.3821448270491
2003-11-30 12:00:00,2003,11,30,NA,1.96586942528378,10.8349610129469
2003-12-01 12:00:00,2003,12,1,NA,-3.42844401331366,-0.046074999853857
2003-12-02 12:00:00,2003,12,2,NA,-5.45383683189984,-0.288150109032305
2003-12-03 12:00:00,2003,12,3,NA,-6.92582252896207,0.679775710937617
2003-12-04 12:00:00,2003,12,4,NA,-3.48136727521536,8.01144751952079
2003-12-05 12:00:00,2003,12,5,NA,6.10615289414906,11.128638462352
2003-12-06 12:00:00,2003,12,6,NA,5.74591586718446,9.89893782491568
2003-12-07 12:00:00,2003,12,7,NA,3.13656511172674,7.20967899284084
2003-12-08 12:00:00,2003,12,8,NA,0.442051117349787,5.40698158260304
2003-12-09 12:00:00,2003,12,9,NA,2.09647083714117,6.12132523980681
2003-12-10 12:00:00,2003,12,10,NA,1.89360130075387,7.83669412887176
2003-12-11 12:00:00,2003,12,11,NA,0.2065129173255,10.5112790583339
2003-12-12 12:00:00,2003,12,12,NA,3.01994906531939,9.59973174402686
2003-12-13 12:00:00,2003,12,13,NA,3.09904742587342,7.17428642409777
2003-12-14 12:00:00,2003,12,14,NA,4.64416214036315,7.51206838560483
2003-12-15 12:00:00,2003,12,15,NA,-0.890271058328013,6.97222375585739
2003-12-16 12:00:00,2003,12,16,NA,4.5847200058523,7.63587157649787
2003-12-17 12:00:00,2003,12,17,NA,1.91349074167753,6.79820860768231
2003-12-18 12:00:00,2003,12,18,NA,0.517737965240046,9.52174984060388
2003-12-19 12:00:00,2003,12,19,NA,5.07724039493375,10.6589148794832
2003-12-20 12:00:00,2003,12,20,NA,2.87613559829664,7.38466231736001
2003-12-21 12:00:00,2003,12,21,NA,-0.868307396365509,6.80002651422056
2003-12-22 12:00:00,2003,12,22,NA,2.98861038328106,10.6850802885903
2003-12-23 12:00:00,2003,12,23,NA,1.30464478879396,3.11491492492663
2003-12-24 12:00:00,2003,12,24,NA,1.43446401076169,2.42497845695537
2003-12-25 12:00:00,2003,12,25,NA,-0.392822024831248,2.7176694548844
2003-12-26 12:00:00,2003,12,26,NA,1.46758108365732,3.85084886637314
2003-12-27 12:00:00,2003,12,27,NA,4.05869110057539,9.03724863109118
2003-12-28 12:00:00,2003,12,28,NA,5.69043385446309,15.2342216377252
2003-12-29 12:00:00,2003,12,29,NA,5.22449701683639,15.5292631578448
2003-12-30 12:00:00,2003,12,30,NA,7.65784179206363,12.6973287741002
2003-12-31 12:00:00,2003,12,31,NA,6.65691153745965,9.6920259404441
2004-01-01 12:00:00,2004,1,1,NA,4.52760911561432,7.40712095238794
2004-01-02 12:00:00,2004,1,2,NA,3.54140002536625,8.51434962078027
2004-01-03 12:00:00,2004,1,3,NA,4.3178000766185,7.01656660762051
2004-01-04 12:00:00,2004,1,4,NA,-1.38679524403002,6.93660441338514
2004-01-05 12:00:00,2004,1,5,NA,-1.84435607702943,6.37390687945999
2004-01-06 12:00:00,2004,1,6,NA,-3.51697498287652,4.98544654468798
2004-01-07 12:00:00,2004,1,7,NA,-3.26732972277107,5.73116730013463
2004-01-08 12:00:00,2004,1,8,NA,-3.00292139235301,9.79762955855609
2004-01-09 12:00:00,2004,1,9,NA,-6.05403979913426,3.25162732808217
2004-01-10 12:00:00,2004,1,10,NA,-4.81384301970087,7.98670793120823
2004-01-11 12:00:00,2004,1,11,NA,-5.14341817938489,2.62928962061755
2004-01-12 12:00:00,2004,1,12,NA,-4.61310045182158,2.75671743822077
2004-01-13 12:00:00,2004,1,13,NA,-1.33943692403823,3.84258540629768
2004-01-14 12:00:00,2004,1,14,NA,-2.55675137500647,2.25571946916026
2004-01-15 12:00:00,2004,1,15,NA,-6.89570035896935,3.77625712878956
2004-01-16 12:00:00,2004,1,16,NA,-0.994423424150598,3.55688169519937
2004-01-17 12:00:00,2004,1,17,NA,-0.728514047910646,6.35891256477029
2004-01-18 12:00:00,2004,1,18,NA,-0.125247858214926,7.99416952188254
2004-01-19 12:00:00,2004,1,19,NA,3.90712863825846,8.47772077705989
2004-01-20 12:00:00,2004,1,20,NA,7.17181110408369,14.283891096279
2004-01-21 12:00:00,2004,1,21,NA,6.99604249475811,15.4811023125105
2004-01-22 12:00:00,2004,1,22,NA,6.67537478494411,16.3330925157714
2004-01-23 12:00:00,2004,1,23,NA,2.50331121524956,10.5385145101378
2004-01-24 12:00:00,2004,1,24,NA,-1.29577031156975,11.7029177369327
2004-01-25 12:00:00,2004,1,25,NA,2.01549313098504,4.69712539742851
2004-01-26 12:00:00,2004,1,26,NA,-2.6461733313414,0.452876731345728
2004-01-27 12:00:00,2004,1,27,NA,-6.94583052293406,3.92895460793115
2004-01-28 12:00:00,2004,1,28,NA,-7.11464347664655,3.61604253860727
2004-01-29 12:00:00,2004,1,29,NA,-0.964404391896791,9.29141910325974
2004-01-30 12:00:00,2004,1,30,NA,4.90060362217116,9.09553698691014
2004-01-31 12:00:00,2004,1,31,NA,-4.26177606223756,-1.55101869800119
2004-02-01 12:00:00,2004,2,1,NA,0.84505374506719,2.92291403843663
2004-02-02 12:00:00,2004,2,2,NA,1.19122485241849,7.80060198635308
2004-02-03 12:00:00,2004,2,3,NA,0.418382895282477,8.00269675360971
2004-02-04 12:00:00,2004,2,4,NA,2.90196394501,8.85364267167826
2004-02-05 12:00:00,2004,2,5,NA,5.09207815317934,10.2377100482495
2004-02-06 12:00:00,2004,2,6,NA,1.03248449196642,8.03692786298511
2004-02-07 12:00:00,2004,2,7,NA,5.48047421140597,11.9861239353695
2004-02-08 12:00:00,2004,2,8,NA,9.5572705019494,14.8434218156175
2004-02-09 12:00:00,2004,2,9,NA,8.96478770470944,16.7067291891473
2004-02-10 12:00:00,2004,2,10,NA,7.88138537899072,13.6661090663446
2004-02-11 12:00:00,2004,2,11,NA,8.46321373609279,14.316660258695
2004-02-12 12:00:00,2004,2,12,NA,9.93606035117669,17.1402460492042
2004-02-13 12:00:00,2004,2,13,NA,9.491146163907,17.9749897298926
2004-02-14 12:00:00,2004,2,14,NA,8.54401444711305,17.8199797905075
2004-02-15 12:00:00,2004,2,15,NA,12.3891912493518,23.7696836056351
2004-02-16 12:00:00,2004,2,16,NA,8.64986690237565,18.2587288117841
2004-02-17 12:00:00,2004,2,17,NA,5.32952019504233,15.0532182879834
2004-02-18 12:00:00,2004,2,18,NA,7.14711712394761,11.6749424805052
2004-02-19 12:00:00,2004,2,19,NA,6.11864923380101,12.6499184943016
2004-02-20 12:00:00,2004,2,20,NA,8.45472515692454,11.7595553124207
2004-02-21 12:00:00,2004,2,21,NA,8.29723166928706,13.9302711105367
2004-02-22 12:00:00,2004,2,22,NA,9.51573995964685,13.9518886862991
2004-02-23 12:00:00,2004,2,23,NA,9.31467480458837,15.9219549217144
2004-02-24 12:00:00,2004,2,24,NA,8.34774298733267,14.0240324417768
2004-02-25 12:00:00,2004,2,25,NA,5.54461328909764,8.12647373762271
2004-02-26 12:00:00,2004,2,26,NA,0.765095233920938,4.8096320577757
2004-02-27 12:00:00,2004,2,27,NA,-1.52609046492789,3.33340426818276
2004-02-28 12:00:00,2004,2,28,NA,3.43476231538757,8.56032789314295
2004-02-29 12:00:00,2004,2,29,NA,1.16334327272554,8.90528475716342
2004-03-01 12:00:00,2004,3,1,NA,5.96661438836735,10.4153249015059
2004-03-02 12:00:00,2004,3,2,NA,7.41342041684735,8.55134691276742
2004-03-03 12:00:00,2004,3,3,NA,5.69828191935355,9.96544242389177
2004-03-04 12:00:00,2004,3,4,NA,4.41488113381999,10.3659485755144
2004-03-05 12:00:00,2004,3,5,NA,5.81972287533972,14.6316569262624
2004-03-06 12:00:00,2004,3,6,NA,6.15733069231688,8.68710562549818
2004-03-07 12:00:00,2004,3,7,NA,6.98526778057162,10.6185971223717
2004-03-08 12:00:00,2004,3,8,NA,8.18956392214883,14.814260231364
2004-03-09 12:00:00,2004,3,9,NA,3.5123754508606,15.3661950093409
2004-03-10 12:00:00,2004,3,10,NA,4.83283088349979,19.3538151104378
2004-03-11 12:00:00,2004,3,11,NA,3.09973457674774,14.8307954343835
2004-03-12 12:00:00,2004,3,12,NA,6.18763419575296,14.0066549573192
2004-03-13 12:00:00,2004,3,13,NA,4.14766194471838,15.8787228023541
2004-03-14 12:00:00,2004,3,14,NA,4.20573260200432,10.6636409652162
2004-03-15 12:00:00,2004,3,15,NA,4.74872907510575,8.66590194071292
2004-03-16 12:00:00,2004,3,16,NA,3.2954758602302,8.36766354950567
2004-03-17 12:00:00,2004,3,17,NA,3.7524306731056,12.5239317562859
2004-03-18 12:00:00,2004,3,18,NA,-0.119878833206227,9.43726068971581
2004-03-19 12:00:00,2004,3,19,NA,4.3189357998288,6.20457356408035
2004-03-20 12:00:00,2004,3,20,NA,-2.10226147582451,3.52613787375571
2004-03-21 12:00:00,2004,3,21,NA,-3.07273433468081,3.88586005303586
2004-03-22 12:00:00,2004,3,22,NA,-3.39554668777155,5.36477038683681
2004-03-23 12:00:00,2004,3,23,NA,-2.0920452916704,11.8735716842285
2004-03-24 12:00:00,2004,3,24,NA,2.89633041094523,14.1547310083714
2004-03-25 12:00:00,2004,3,25,NA,0.194207254022371,14.048624363727
2004-03-26 12:00:00,2004,3,26,NA,3.49251929722746,14.1970048770645
2004-03-27 12:00:00,2004,3,27,NA,5.37424365189214,13.1661243772942
2004-03-28 12:00:00,2004,3,28,NA,0.772526696825949,17.8452118954988
2004-03-29 12:00:00,2004,3,29,NA,1.56681693898702,17.8878286164864
2004-03-30 12:00:00,2004,3,30,NA,4.48372004344581,21.1134602421608
2004-03-31 12:00:00,2004,3,31,NA,9.1253029299866,18.5869757663219
2004-04-01 12:00:00,2004,4,1,NA,8.79248429141746,16.2550272349207
2004-04-02 12:00:00,2004,4,2,NA,5.7729358096615,16.0879737271328
2004-04-03 12:00:00,2004,4,3,NA,6.65898459787542,14.050646384104
2004-04-04 12:00:00,2004,4,4,NA,4.94306917499084,14.4207279573606
2004-04-05 12:00:00,2004,4,5,NA,6.82978359107722,23.2189583968784
2004-04-06 12:00:00,2004,4,6,NA,4.64356191404795,14.9939280808235
2004-04-07 12:00:00,2004,4,7,NA,3.20212999152534,19.4379100515756
2004-04-08 12:00:00,2004,4,8,NA,3.62148573191973,18.1125581004238
2004-04-09 12:00:00,2004,4,9,NA,0.686101972765078,18.6667296646496
2004-04-10 12:00:00,2004,4,10,NA,6.41229006709314,15.6675624590298
2004-04-11 12:00:00,2004,4,11,NA,3.5703954144535,18.5993640282305
2004-04-12 12:00:00,2004,4,12,NA,0.189221265554426,20.8196232949644
2004-04-13 12:00:00,2004,4,13,NA,9.08082995437354,21.7870673024959
2004-04-14 12:00:00,2004,4,14,NA,10.2424372834976,18.5509280383148
2004-04-15 12:00:00,2004,4,15,NA,6.92787318072436,10.9946402733085
2004-04-16 12:00:00,2004,4,16,NA,3.16685937939895,10.4164696475674
2004-04-17 12:00:00,2004,4,17,NA,2.15991815058097,12.299038532342
2004-04-18 12:00:00,2004,4,18,NA,1.08100534488443,10.5486801446916
2004-04-19 12:00:00,2004,4,19,NA,1.21784855790567,6.13085034986088
2004-04-20 12:00:00,2004,4,20,NA,1.27764962997741,8.50838648820801
2004-04-21 12:00:00,2004,4,21,NA,-4.14945320683877,13.9869467718423
2004-04-22 12:00:00,2004,4,22,NA,4.00023071433132,7.05226247594973
2004-04-23 12:00:00,2004,4,23,NA,1.44004218551208,14.8092123992694
2004-04-24 12:00:00,2004,4,24,NA,6.31637499234676,14.7021560852009
2004-04-25 12:00:00,2004,4,25,NA,9.64507293608601,19.144315992484
2004-04-26 12:00:00,2004,4,26,NA,9.90255820132543,25.479040841127
2004-04-27 12:00:00,2004,4,27,NA,7.55942881854122,23.7188412224587
2004-04-28 12:00:00,2004,4,28,NA,5.80423715016071,21.6127232177575
2004-04-29 12:00:00,2004,4,29,NA,2.91681759492315,20.3527915010206
2004-04-30 12:00:00,2004,4,30,NA,0.758373516065728,19.346977448528
2004-05-01 12:00:00,2004,5,1,NA,4.48264489476949,19.7859462751446
2004-05-02 12:00:00,2004,5,2,NA,5.51345616436708,26.5908213040164
2004-05-03 12:00:00,2004,5,3,NA,8.02444259328721,25.4733635378824
2004-05-04 12:00:00,2004,5,4,NA,13.1416173062988,20.6479531461474
2004-05-05 12:00:00,2004,5,5,NA,12.8087479509293,21.7055573362561
2004-05-06 12:00:00,2004,5,6,NA,12.4661515720696,22.279649066987
2004-05-07 12:00:00,2004,5,7,NA,10.4684211899239,24.9020308316035
2004-05-08 12:00:00,2004,5,8,NA,10.0857954767514,27.6064727470004
2004-05-09 12:00:00,2004,5,9,NA,12.6285786626656,22.0330040673411
2004-05-10 12:00:00,2004,5,10,NA,11.9048916727432,22.6015264621132
2004-05-11 12:00:00,2004,5,11,NA,12.1224419260743,21.0582033308182
2004-05-12 12:00:00,2004,5,12,NA,9.92832418369414,27.4463242295789
2004-05-13 12:00:00,2004,5,13,NA,13.3587590527769,22.1326908892811
2004-05-14 12:00:00,2004,5,14,NA,10.0340059456344,26.9958121242709
2004-05-15 12:00:00,2004,5,15,NA,8.20748236936027,24.8492762296857
2004-05-16 12:00:00,2004,5,16,NA,8.09720386655368,27.3549064413331
2004-05-17 12:00:00,2004,5,17,NA,11.8147826826051,21.6984076088226
2004-05-18 12:00:00,2004,5,18,NA,12.5560428446057,23.2099140431407
2004-05-19 12:00:00,2004,5,19,NA,17.6787098590376,28.2184778481911
2004-05-20 12:00:00,2004,5,20,NA,14.5045162766093,23.4238098468775
2004-05-21 12:00:00,2004,5,21,NA,12.1741512271349,31.424285228551
2004-05-22 12:00:00,2004,5,22,NA,13.9220711993247,31.3592925891071
2004-05-23 12:00:00,2004,5,23,NA,17.9255733518776,23.8548877892477
2004-05-24 12:00:00,2004,5,24,NA,16.0120688908548,24.887513908563
2004-05-25 12:00:00,2004,5,25,NA,12.6892071823208,19.4687635870211
2004-05-26 12:00:00,2004,5,26,NA,11.4647150530759,19.6810948293627
2004-05-27 12:00:00,2004,5,27,NA,8.34247931781335,20.1960305471338
2004-05-28 12:00:00,2004,5,28,NA,13.0438648866475,24.7169597600381
2004-05-29 12:00:00,2004,5,29,NA,17.3565632818571,29.2304072168517
2004-05-30 12:00:00,2004,5,30,NA,15.447192819926,28.2259840059822
2004-05-31 12:00:00,2004,5,31,NA,13.2045513771727,31.0226233503781
2004-06-01 12:00:00,2004,6,1,NA,10.8785657492358,27.528176572395
2004-06-02 12:00:00,2004,6,2,NA,7.14634074699039,25.9258813446726
2004-06-03 12:00:00,2004,6,3,NA,7.32695954518914,25.8671909784863
2004-06-04 12:00:00,2004,6,4,NA,7.12957768426451,22.2098840846179
2004-06-05 12:00:00,2004,6,5,NA,13.5222831514959,19.6648348444743
2004-06-06 12:00:00,2004,6,6,NA,11.6232630728337,19.8298933500129
2004-06-07 12:00:00,2004,6,7,NA,10.0307256695058,23.2082319548687
2004-06-08 12:00:00,2004,6,8,NA,14.8392093540959,26.4915876234496
2004-06-09 12:00:00,2004,6,9,NA,16.4127563942756,31.0153711039745
2004-06-10 12:00:00,2004,6,10,NA,18.3839439968916,26.5916228473791
2004-06-11 12:00:00,2004,6,11,NA,14.767490070331,30.2363593276014
2004-06-12 12:00:00,2004,6,12,NA,16.7361817857319,27.8478529389821
2004-06-13 12:00:00,2004,6,13,NA,13.9631844624515,20.1199289696969
2004-06-14 12:00:00,2004,6,14,NA,11.4863822865483,19.5914314064044
2004-06-15 12:00:00,2004,6,15,NA,10.5042768831477,18.5325527044541
2004-06-16 12:00:00,2004,6,16,NA,11.9159118043823,19.1417621240023
2004-06-17 12:00:00,2004,6,17,NA,11.8726103222578,23.2277218166425
2004-06-18 12:00:00,2004,6,18,NA,12.3548265880561,22.5035897320577
2004-06-19 12:00:00,2004,6,19,NA,12.2415613821807,22.3388841649188
2004-06-20 12:00:00,2004,6,20,NA,8.7698844416397,23.1803429737398
2004-06-21 12:00:00,2004,6,21,NA,10.4510459274144,21.5571916065465
2004-06-22 12:00:00,2004,6,22,NA,16.3606430806644,22.418737980158
2004-06-23 12:00:00,2004,6,23,NA,16.8821838630347,18.9346641796231
2004-06-24 12:00:00,2004,6,24,NA,13.9553514801944,18.0867102528572
2004-06-25 12:00:00,2004,6,25,NA,12.6917262096981,23.0114273246074
2004-06-26 12:00:00,2004,6,26,NA,13.7206745408972,20.3323582773425
2004-06-27 12:00:00,2004,6,27,NA,10.4888700919569,19.902159598158
2004-06-28 12:00:00,2004,6,28,NA,9.62984468337806,25.4473689847128
2004-06-29 12:00:00,2004,6,29,NA,14.6740391827967,31.1995846568975
2004-06-30 12:00:00,2004,6,30,NA,17.6564389199007,34.078399021721
2004-07-01 12:00:00,2004,7,1,NA,17.5666172963833,35.0649179976888
2004-07-02 12:00:00,2004,7,2,NA,19.741706781161,29.2411851184102
2004-07-03 12:00:00,2004,7,3,NA,17.6983478171525,23.4969772569471
2004-07-04 12:00:00,2004,7,4,NA,13.9858429770645,26.1711048138087
2004-07-05 12:00:00,2004,7,5,NA,16.1478126334794,29.0043414587404
2004-07-06 12:00:00,2004,7,6,NA,16.0875851965438,28.9441140218049
2004-07-07 12:00:00,2004,7,7,NA,16.2901076141016,23.9142085484999
2004-07-08 12:00:00,2004,7,8,NA,18.0884356287772,23.9452869911512
2004-07-09 12:00:00,2004,7,9,NA,17.4058584153785,27.2528910730001
2004-07-10 12:00:00,2004,7,10,NA,15.4879239379111,31.9589875691929
2004-07-11 12:00:00,2004,7,11,NA,14.5534063012074,25.3941060860709
2004-07-12 12:00:00,2004,7,12,NA,16.4549217745079,29.6068320939652
2004-07-13 12:00:00,2004,7,13,NA,18.2669686817823,30.3040139690291
2004-07-14 12:00:00,2004,7,14,NA,17.4976833633924,25.1734304977396
2004-07-15 12:00:00,2004,7,15,NA,19.6429694455732,23.5293321521838
2004-07-16 12:00:00,2004,7,16,NA,16.7275020975982,21.5293733383205
2004-07-17 12:00:00,2004,7,17,NA,11.8631214623917,26.1047874473498
2004-07-18 12:00:00,2004,7,18,NA,9.27042395675056,21.0932533680099
2004-07-19 12:00:00,2004,7,19,NA,11.1985227841983,20.1958558718793
2004-07-20 12:00:00,2004,7,20,NA,14.0639565007279,21.4667458796419
2004-07-21 12:00:00,2004,7,21,NA,16.9502325395212,25.3457553495313
2004-07-22 12:00:00,2004,7,22,NA,14.9955757328279,29.0720721371394
2004-07-23 12:00:00,2004,7,23,NA,14.7012492336794,26.0119970781594
2004-07-24 12:00:00,2004,7,24,NA,13.0691899960537,24.1924189935998
2004-07-25 12:00:00,2004,7,25,NA,12.6229640412833,25.4794928665443
2004-07-26 12:00:00,2004,7,26,NA,11.629473307914,24.3118166504035
2004-07-27 12:00:00,2004,7,27,NA,13.1184061468203,26.1384323977677
2004-07-28 12:00:00,2004,7,28,NA,17.8552520724449,30.1198207529209
2004-07-29 12:00:00,2004,7,29,NA,18.1312979762148,24.7959947966006
2004-07-30 12:00:00,2004,7,30,NA,14.0971548108505,24.4211609616547
2004-07-31 12:00:00,2004,7,31,NA,16.1317701783553,24.0970945847115
2004-08-01 12:00:00,2004,8,1,NA,18.7908693183009,21.4662135785569
2004-08-02 12:00:00,2004,8,2,NA,16.4326411360462,19.4066066000875
2004-08-03 12:00:00,2004,8,3,NA,13.5576416154967,18.0632027890812
2004-08-04 12:00:00,2004,8,4,NA,10.3676004224955,22.4873278713964
2004-08-05 12:00:00,2004,8,5,NA,10.9210449901566,19.5339343430731
2004-08-06 12:00:00,2004,8,6,NA,9.88336054897441,19.1297516687485
2004-08-07 12:00:00,2004,8,7,NA,8.71010696295834,22.2711489975639
2004-08-08 12:00:00,2004,8,8,NA,9.91470476354134,24.2273687238433
2004-08-09 12:00:00,2004,8,9,NA,13.0970373334464,21.4791626482728
2004-08-10 12:00:00,2004,8,10,NA,12.9066325808014,18.9444050647793
2004-08-11 12:00:00,2004,8,11,NA,15.2291492866272,19.8430734310733
2004-08-12 12:00:00,2004,8,12,NA,15.8595159677928,24.2958957149919
2004-08-13 12:00:00,2004,8,13,NA,19.1498439542667,27.2327360724514
2004-08-14 12:00:00,2004,8,14,NA,16.5698050302268,22.7900495839808
2004-08-15 12:00:00,2004,8,15,NA,16.1412188675352,26.980242030277
2004-08-16 12:00:00,2004,8,16,NA,18.2402669669596,23.6505499567759
2004-08-17 12:00:00,2004,8,17,NA,17.6641621799805,22.9236272533994
2004-08-18 12:00:00,2004,8,18,NA,16.3197735510982,22.0537344947187
2004-08-19 12:00:00,2004,8,19,NA,15.276963003313,24.2883580766434
2004-08-20 12:00:00,2004,8,20,NA,13.9581144161922,26.8926650679474
2004-08-21 12:00:00,2004,8,21,NA,11.4233795784028,23.1595513204841
2004-08-22 12:00:00,2004,8,22,NA,9.74190194227279,22.8018653695323
2004-08-23 12:00:00,2004,8,23,NA,11.1362922490692,22.8351760479037
2004-08-24 12:00:00,2004,8,24,NA,9.9186225320865,23.3750550140904
2004-08-25 12:00:00,2004,8,25,NA,16.8803841323387,23.2433593259549
2004-08-26 12:00:00,2004,8,26,NA,11.8943690524211,19.2352766809043
2004-08-27 12:00:00,2004,8,27,NA,8.55849276476203,23.1407807199948
2004-08-28 12:00:00,2004,8,28,NA,12.3639489749452,24.5781839137515
2004-08-29 12:00:00,2004,8,29,NA,11.0567641055944,23.7465303988678
2004-08-30 12:00:00,2004,8,30,NA,14.2140336891472,21.4028477643098
2004-08-31 12:00:00,2004,8,31,NA,13.9286866546012,24.6883043061489
2004-09-01 12:00:00,2004,9,1,NA,10.4924773714062,23.940288431895
2004-09-02 12:00:00,2004,9,2,NA,10.8968951996416,24.8982529414517
2004-09-03 12:00:00,2004,9,3,NA,15.5472346246133,24.8477981139238
2004-09-04 12:00:00,2004,9,4,NA,16.7994064896225,23.4981113139163
2004-09-05 12:00:00,2004,9,5,NA,13.5454244375532,24.7175443253095
2004-09-06 12:00:00,2004,9,6,NA,12.726569950148,20.5497329546458
2004-09-07 12:00:00,2004,9,7,NA,14.1866868465179,18.7632500960098
2004-09-08 12:00:00,2004,9,8,NA,12.8337559846293,22.3001255741164
2004-09-09 12:00:00,2004,9,9,NA,11.0900410337725,19.0306210795189
2004-09-10 12:00:00,2004,9,10,NA,10.103277616026,17.5905204641245
2004-09-11 12:00:00,2004,9,11,NA,11.8405523803016,18.4874663665169
2004-09-12 12:00:00,2004,9,12,NA,7.40143476674629,21.8583098371771
2004-09-13 12:00:00,2004,9,13,NA,11.2302512970099,17.3224754550733
2004-09-14 12:00:00,2004,9,14,NA,10.1001090593971,18.0701521868252
2004-09-15 12:00:00,2004,9,15,NA,11.2113161387983,18.904863440539
2004-09-16 12:00:00,2004,9,16,NA,13.2890135491552,18.2951193910213
2004-09-17 12:00:00,2004,9,17,NA,9.5115861994652,17.3318889522485
2004-09-18 12:00:00,2004,9,18,NA,6.7867580124858,19.479840229211
2004-09-19 12:00:00,2004,9,19,NA,7.5699509661597,21.0927949933499
2004-09-20 12:00:00,2004,9,20,NA,8.49260490171568,24.5106740159875
2004-09-21 12:00:00,2004,9,21,NA,12.4670265925301,24.9879683733355
2004-09-22 12:00:00,2004,9,22,NA,15.8562243102143,25.5910510902987
2004-09-23 12:00:00,2004,9,23,NA,15.150965037877,28.318768084672
2004-09-24 12:00:00,2004,9,24,NA,15.4508971588503,26.5011479051463
2004-09-25 12:00:00,2004,9,25,NA,21.1559036864072,32.0693222150984
2004-09-26 12:00:00,2004,9,26,NA,20.0127898933042,26.1050140513676
2004-09-27 12:00:00,2004,9,27,NA,16.5568415843869,25.2644023774805
2004-09-28 12:00:00,2004,9,28,NA,15.6045791381223,28.3039982453661
2004-09-29 12:00:00,2004,9,29,NA,11.6355469245533,21.3934203520267
2004-09-30 12:00:00,2004,9,30,NA,8.80174665531682,18.6894658222487
2004-10-01 12:00:00,2004,10,1,NA,7.63384164546367,22.0104862026728
2004-10-02 12:00:00,2004,10,2,NA,12.5565540425181,23.7286739302744
2004-10-03 12:00:00,2004,10,3,NA,13.0920504902752,18.4222349709271
2004-10-04 12:00:00,2004,10,4,NA,13.9584948522634,19.1400911855277
2004-10-05 12:00:00,2004,10,5,NA,10.4421830486583,17.2827660712267
2004-10-06 12:00:00,2004,10,6,NA,6.41533388141341,18.5619415859457
2004-10-07 12:00:00,2004,10,7,NA,9.23010691121715,17.7688626271739
2004-10-08 12:00:00,2004,10,8,NA,12.8136173122535,19.3002461077946
2004-10-09 12:00:00,2004,10,9,NA,11.5825309417826,20.271616262281
2004-10-10 12:00:00,2004,10,10,NA,9.28084133394274,16.6689023972437
2004-10-11 12:00:00,2004,10,11,NA,6.83328226062181,15.2103351240191
2004-10-12 12:00:00,2004,10,12,NA,5.73304643389587,14.8851733582928
2004-10-13 12:00:00,2004,10,13,NA,7.05290688904977,11.4172761423288
2004-10-14 12:00:00,2004,10,14,NA,4.8836427705493,12.4620860515784
2004-10-15 12:00:00,2004,10,15,NA,2.16035077102244,12.5222979955048
2004-10-16 12:00:00,2004,10,16,NA,3.82809550058756,11.2806679656341
2004-10-17 12:00:00,2004,10,17,NA,10.1895850186206,14.3669665206708
2004-10-18 12:00:00,2004,10,18,NA,6.53888944076304,13.5957496230113
2004-10-19 12:00:00,2004,10,19,NA,4.05263606387462,16.265013944902
2004-10-20 12:00:00,2004,10,20,NA,3.91266756489971,15.1632293860431
2004-10-21 12:00:00,2004,10,21,NA,7.71759931103136,17.6461838286007
2004-10-22 12:00:00,2004,10,22,NA,6.53202213351037,16.8649072216252
2004-10-23 12:00:00,2004,10,23,NA,5.68520651977531,11.7327734922964
2004-10-24 12:00:00,2004,10,24,NA,9.19938559987774,20.0561051187144
2004-10-25 12:00:00,2004,10,25,NA,10.5467956051117,17.9470085993853
2004-10-26 12:00:00,2004,10,26,NA,7.71413755130508,11.3407074296317
2004-10-27 12:00:00,2004,10,27,NA,7.00001764285271,9.98942830546535
2004-10-28 12:00:00,2004,10,28,NA,9.93642319301201,14.1671798239239
2004-10-29 12:00:00,2004,10,29,NA,7.21346720182698,12.5534105598404
2004-10-30 12:00:00,2004,10,30,NA,6.46645565115539,9.70647987491058
2004-10-31 12:00:00,2004,10,31,NA,5.44981030732383,8.66493637529042
2004-11-01 12:00:00,2004,11,1,NA,6.26854815126953,10.9916741055113
2004-11-02 12:00:00,2004,11,2,NA,5.0863714253788,13.1514063801149
2004-11-03 12:00:00,2004,11,3,NA,2.78499885196684,14.9630328883952
2004-11-04 12:00:00,2004,11,4,NA,6.60787282671671,13.5606180186139
2004-11-05 12:00:00,2004,11,5,NA,1.13692140112959,6.97435800440573
2004-11-06 12:00:00,2004,11,6,NA,-2.29579326587057,9.809802143559
2004-11-07 12:00:00,2004,11,7,NA,2.83852223159837,11.4532276791628
2004-11-08 12:00:00,2004,11,8,NA,2.52676056917366,8.4805273055888
2004-11-09 12:00:00,2004,11,9,NA,3.53269646405869,11.0641648855578
2004-11-10 12:00:00,2004,11,10,NA,2.44524888552441,11.8280358411723
2004-11-11 12:00:00,2004,11,11,NA,2.13965803643566,11.8590394782797
2004-11-12 12:00:00,2004,11,12,NA,4.58427364938488,8.36682369167791
2004-11-13 12:00:00,2004,11,13,NA,6.64545104614227,10.8450515975859
2004-11-14 12:00:00,2004,11,14,NA,4.46890906863054,11.999413490406
2004-11-15 12:00:00,2004,11,15,NA,5.32134669727151,9.97582353611202
2004-11-16 12:00:00,2004,11,16,NA,4.19888673694485,10.0865150871657
2004-11-17 12:00:00,2004,11,17,NA,4.15551349064734,10.4727806140271
2004-11-18 12:00:00,2004,11,18,NA,5.46055607872235,9.46747401171464
2004-11-19 12:00:00,2004,11,19,NA,3.8248611585078,11.2800837429542
2004-11-20 12:00:00,2004,11,20,NA,7.70847971518731,11.4495713538998
2004-11-21 12:00:00,2004,11,21,NA,5.27042120218711,9.02593585177915
2004-11-22 12:00:00,2004,11,22,NA,8.18462740512946,13.9663025221459
2004-11-23 12:00:00,2004,11,23,NA,8.52819260175333,18.6930943575012
2004-11-24 12:00:00,2004,11,24,NA,8.14212776190326,22.4789653060613
2004-11-25 12:00:00,2004,11,25,NA,9.77464044183553,16.5732302107006
2004-11-26 12:00:00,2004,11,26,NA,5.88293278495595,7.93952934078546
2004-11-27 12:00:00,2004,11,27,NA,2.42581472116377,4.74413726884479
2004-11-28 12:00:00,2004,11,28,NA,0.534052857331209,7.98767836314468
2004-11-29 12:00:00,2004,11,29,NA,6.80100837201709,9.61917539653472
2004-11-30 12:00:00,2004,11,30,NA,6.51133947507635,10.2348693139951
2004-12-01 12:00:00,2004,12,1,NA,4.95221092843418,11.4682208890342
2004-12-02 12:00:00,2004,12,2,NA,2.31024284878862,7.89389186394506
2004-12-03 12:00:00,2004,12,3,NA,1.05219261635022,6.14102342146066
2004-12-04 12:00:00,2004,12,4,NA,5.28645320512732,13.4276709030114
2004-12-05 12:00:00,2004,12,5,NA,2.74289819747491,14.2357129922111
2004-12-06 12:00:00,2004,12,6,NA,5.54525775630788,14.7314242226386
2004-12-07 12:00:00,2004,12,7,NA,4.01340384042212,11.8545816797261
2004-12-08 12:00:00,2004,12,8,NA,3.6500563541679,10.5595685454826
2004-12-09 12:00:00,2004,12,9,NA,0.755162189235135,5.31653715975721
2004-12-10 12:00:00,2004,12,10,NA,1.38973228301519,7.40515556690103
2004-12-11 12:00:00,2004,12,11,NA,2.16073171057397,8.23969436724947
2004-12-12 12:00:00,2004,12,12,NA,0.38613078915327,6.43015710929796
2004-12-13 12:00:00,2004,12,13,NA,2.88821786686829,5.46144450754458
2004-12-14 12:00:00,2004,12,14,NA,1.40745931908767,7.48497403254526
2004-12-15 12:00:00,2004,12,15,NA,3.34499390803439,6.40158055530593
2004-12-16 12:00:00,2004,12,16,NA,2.6933997273875,7.64182004523037
2004-12-17 12:00:00,2004,12,17,NA,1.81061641225777,7.56449350660312
2004-12-18 12:00:00,2004,12,18,NA,2.98453882847838,9.09086525522542
2004-12-19 12:00:00,2004,12,19,NA,-5.93166767710992,1.01335311384645
2004-12-20 12:00:00,2004,12,20,NA,-2.66378462826053,3.41061671228082
2004-12-21 12:00:00,2004,12,21,NA,-2.34841331676224,6.28468264759902
2004-12-22 12:00:00,2004,12,22,NA,-4.25533692311735,1.54491621514228
2004-12-23 12:00:00,2004,12,23,NA,-3.4213453659263,2.6576172907492
2004-12-24 12:00:00,2004,12,24,NA,4.50797348047308,6.62706242517941
2004-12-25 12:00:00,2004,12,25,NA,0.298606522662423,3.34486081756723
2004-12-26 12:00:00,2004,12,26,NA,0.521350300289667,5.61832413386196
2004-12-27 12:00:00,2004,12,27,NA,4.24233033562976,9.3322004186299
2004-12-28 12:00:00,2004,12,28,NA,3.34526676017884,9.46198556560857
2004-12-29 12:00:00,2004,12,29,NA,5.5622117824181,9.367170227894
2004-12-30 12:00:00,2004,12,30,NA,8.60863866489613,11.7093593803589
2004-12-31 12:00:00,2004,12,31,NA,6.73232319465686,10.9064331985735
2005-01-01 12:00:00,2005,1,1,NA,6.27501560248605,8.28581102968271
2005-01-02 12:00:00,2005,1,2,NA,4.45358163108464,7.41342102046256
2005-01-03 12:00:00,2005,1,3,NA,4.65375791207942,7.80324329652635
2005-01-04 12:00:00,2005,1,4,NA,2.09566003490031,6.4290692022024
2005-01-05 12:00:00,2005,1,5,NA,5.80461921865727,12.4139963525919
2005-01-06 12:00:00,2005,1,6,NA,3.04679970947945,8.37312983800706
2005-01-07 12:00:00,2005,1,7,NA,-0.653893086267081,9.09587698443696
2005-01-08 12:00:00,2005,1,8,NA,-0.750620197567509,6.04560548938332
2005-01-09 12:00:00,2005,1,9,NA,-0.51015133491023,7.96474464162887
2005-01-10 12:00:00,2005,1,10,NA,-4.5508607038649,6.17982531138892
2005-01-11 12:00:00,2005,1,11,NA,-8.19776749465603,2.47418999310287
2005-01-12 12:00:00,2005,1,12,NA,-0.306170251142457,6.97348692598278
2005-01-13 12:00:00,2005,1,13,NA,1.60105589684426,13.024407575616
2005-01-14 12:00:00,2005,1,14,NA,4.93645496144381,14.1499483922566
2005-01-15 12:00:00,2005,1,15,NA,2.9966634874395,12.0947079533113
2005-01-16 12:00:00,2005,1,16,NA,1.63581054996674,17.1336468473156
2005-01-17 12:00:00,2005,1,17,NA,9.47690115787947,17.4681698004228
2005-01-18 12:00:00,2005,1,18,NA,6.29456646103523,12.5848397115995
2005-01-19 12:00:00,2005,1,19,NA,6.10362271576181,13.3420081525795
2005-01-20 12:00:00,2005,1,20,NA,6.08205188541644,13.0915927199369
2005-01-21 12:00:00,2005,1,21,NA,6.02765079403732,15.9453257651319
2005-01-22 12:00:00,2005,1,22,NA,9.39204916011152,17.8669451366506
2005-01-23 12:00:00,2005,1,23,NA,8.51800194956462,15.7976591266899
2005-01-24 12:00:00,2005,1,24,NA,7.17685249404861,15.0650983573993
2005-01-25 12:00:00,2005,1,25,NA,8.60910599362181,15.8568045673197
2005-01-26 12:00:00,2005,1,26,NA,6.6355301587487,14.7335079712909
2005-01-27 12:00:00,2005,1,27,NA,1.56354430444419,6.78862083762885
2005-01-28 12:00:00,2005,1,28,NA,0.490130444897092,7.6937874393947
2005-01-29 12:00:00,2005,1,29,NA,4.16095016587654,11.2403122543222
2005-01-30 12:00:00,2005,1,30,NA,4.01156387103078,8.49725647485055
2005-01-31 12:00:00,2005,1,31,NA,4.46358869613757,10.2115904078643
2005-02-01 12:00:00,2005,2,1,NA,4.35643117799011,10.1017960386641
2005-02-02 12:00:00,2005,2,2,NA,5.52724303041196,14.5257400533177
2005-02-03 12:00:00,2005,2,3,NA,5.75223803377435,8.97261237190992
2005-02-04 12:00:00,2005,2,4,NA,3.25783593530931,6.56266609080551
2005-02-05 12:00:00,2005,2,5,NA,6.35884220945323,11.2183369425639
2005-02-06 12:00:00,2005,2,6,NA,9.52031002362423,13.9199946852104
2005-02-07 12:00:00,2005,2,7,NA,10.3431761858622,14.9141195761113
2005-02-08 12:00:00,2005,2,8,NA,10.8638758539189,14.9662978505069
2005-02-09 12:00:00,2005,2,9,NA,5.06776349812256,9.20372429269022
2005-02-10 12:00:00,2005,2,10,NA,3.2569088167002,8.5603173453683
2005-02-11 12:00:00,2005,2,11,NA,4.5553476142877,9.53755054494491
2005-02-12 12:00:00,2005,2,12,NA,2.14357935283933,4.68301247792987
2005-02-13 12:00:00,2005,2,13,NA,1.74491909812802,3.36085961525169
2005-02-14 12:00:00,2005,2,14,NA,-0.511484358421491,6.51432931512528
2005-02-15 12:00:00,2005,2,15,NA,0.220080030523882,6.37525155714344
2005-02-16 12:00:00,2005,2,16,NA,-1.64547502994933,9.08670047053604
2005-02-17 12:00:00,2005,2,17,NA,4.8394100783171,14.5631081712582
2005-02-18 12:00:00,2005,2,18,NA,2.08149079616259,8.22352397591501
2005-02-19 12:00:00,2005,2,19,NA,4.64495488294722,8.78576081433513
2005-02-20 12:00:00,2005,2,20,NA,4.02391003456759,8.1647159659555
2005-02-21 12:00:00,2005,2,21,NA,-1.81349423952078,6.25349242814081
2005-02-22 12:00:00,2005,2,22,NA,-2.77429248742029,6.18281489357056
2005-02-23 12:00:00,2005,2,23,NA,7.37516030938603,13.9193275232419
2005-02-24 12:00:00,2005,2,24,NA,8.9148863245795,12.1926911901612
2005-02-25 12:00:00,2005,2,25,NA,5.9003652051336,12.7739808619283
2005-02-26 12:00:00,2005,2,26,NA,2.07292616682549,12.8514037235519
2005-02-27 12:00:00,2005,2,27,NA,-0.276684052446332,7.00354962728174
2005-02-28 12:00:00,2005,2,28,NA,7.50982279247204,12.0171365218031
2005-03-01 12:00:00,2005,3,1,NA,4.5133621883358,8.54643284443895
2005-03-02 12:00:00,2005,3,2,NA,7.60687176086291,16.436853355759
2005-03-03 12:00:00,2005,3,3,NA,4.46186826910003,13.5166764310968
2005-03-04 12:00:00,2005,3,4,NA,7.67802813540378,18.7769420244792
2005-03-05 12:00:00,2005,3,5,NA,3.20427094155038,16.9126084157263
2005-03-06 12:00:00,2005,3,6,NA,2.49932423162904,11.9443739725609
2005-03-07 12:00:00,2005,3,7,NA,4.43257418744273,13.8458547061342
2005-03-08 12:00:00,2005,3,8,NA,9.11828714254437,14.1980259995693
2005-03-09 12:00:00,2005,3,9,NA,4.58813835553038,11.9789782251296
2005-03-10 12:00:00,2005,3,10,NA,-0.447949339753477,11.7844559718529
2005-03-11 12:00:00,2005,3,11,NA,2.30207551420561,12.5370437112465
2005-03-12 12:00:00,2005,3,12,NA,-0.117749812679051,15.7252078164618
2005-03-13 12:00:00,2005,3,13,NA,-2.55256877237916,13.0002958988506
2005-03-14 12:00:00,2005,3,14,NA,3.42204884748556,19.2426372984375
2005-03-15 12:00:00,2005,3,15,NA,2.04512672994931,18.2128483360483
2005-03-16 12:00:00,2005,3,16,NA,4.41268782295514,15.3767739907549
2005-03-17 12:00:00,2005,3,17,NA,11.3747402104555,17.3524356253252
2005-03-18 12:00:00,2005,3,18,NA,6.59807549601891,17.0300522088146
2005-03-19 12:00:00,2005,3,19,NA,5.52682866393836,15.8388186119486
2005-03-20 12:00:00,2005,3,20,NA,6.33725755925112,13.6282800873815
2005-03-21 12:00:00,2005,3,21,NA,4.57375023188578,12.3453490993285
2005-03-22 12:00:00,2005,3,22,NA,1.04955601514363,10.1039780910874
2005-03-23 12:00:00,2005,3,23,NA,3.41109653755813,11.733020178133
2005-03-24 12:00:00,2005,3,24,NA,4.78927608648845,10.8764301831721
2005-03-25 12:00:00,2005,3,25,NA,2.74385124824585,10.5628720098121
2005-03-26 12:00:00,2005,3,26,NA,-0.386031296396069,18.0504391602127
2005-03-27 12:00:00,2005,3,27,NA,1.96077842567732,16.4802268960548
2005-03-28 12:00:00,2005,3,28,NA,8.67484063410427,14.847656363367
2005-03-29 12:00:00,2005,3,29,NA,5.82596478228778,13.8388827250525
2005-03-30 12:00:00,2005,3,30,NA,4.99763235631344,15.5136201946882
2005-03-31 12:00:00,2005,3,31,NA,4.54909450107068,9.37479015752386
2005-04-01 12:00:00,2005,4,1,NA,5.53068635565622,8.27459897776841
2005-04-02 12:00:00,2005,4,2,NA,2.72928980115897,8.25792227104133
2005-04-03 12:00:00,2005,4,3,NA,-4.290142463125,14.4458883961177
2005-04-04 12:00:00,2005,4,4,NA,8.58172225944025,20.0477533036326
2005-04-05 12:00:00,2005,4,5,NA,7.73071949078643,21.4951710992597
2005-04-06 12:00:00,2005,4,6,NA,5.04713632910072,15.4774480748207
2005-04-07 12:00:00,2005,4,7,NA,1.1136804895792,19.2056692983288
2005-04-08 12:00:00,2005,4,8,NA,9.73306882537961,20.3759997491667
2005-04-09 12:00:00,2005,4,9,NA,5.51863022367482,22.6610322625866
2005-04-10 12:00:00,2005,4,10,NA,5.50246609552841,23.4830937874129
2005-04-11 12:00:00,2005,4,11,NA,4.57678520224514,19.0678575707492
2005-04-12 12:00:00,2005,4,12,NA,6.94845662924525,22.4507450581246
2005-04-13 12:00:00,2005,4,13,NA,11.1850839986366,28.7198948638583
2005-04-14 12:00:00,2005,4,14,NA,12.1323492183161,25.676180379521
2005-04-15 12:00:00,2005,4,15,NA,10.8206068607468,18.0513437189774
2005-04-16 12:00:00,2005,4,16,NA,6.95571605219108,13.2963789450494
2005-04-17 12:00:00,2005,4,17,NA,6.4687970073574,16.5855823303961
2005-04-18 12:00:00,2005,4,18,NA,4.5057060753077,13.9833648576774
2005-04-19 12:00:00,2005,4,19,NA,3.46423196118017,11.7727227159974
2005-04-20 12:00:00,2005,4,20,NA,2.34428189598497,11.8219406783547
2005-04-21 12:00:00,2005,4,21,NA,5.01007699394309,13.175290642326
2005-04-22 12:00:00,2005,4,22,NA,2.88205955039732,12.9671738422226
2005-04-23 12:00:00,2005,4,23,NA,-8.20272872838013,11.4566071320626
2005-04-24 12:00:00,2005,4,24,NA,-7.9659171468131,11.539818033389
2005-04-25 12:00:00,2005,4,25,NA,-2.35021835312817,11.6486919197158
2005-04-26 12:00:00,2005,4,26,NA,0.789712876713804,14.5492246187963
2005-04-27 12:00:00,2005,4,27,NA,-0.469857852469708,15.8192603488123
2005-04-28 12:00:00,2005,4,28,NA,1.50440460275518,9.48639396437516
2005-04-29 12:00:00,2005,4,29,NA,2.87628059833382,15.5229885537465
2005-04-30 12:00:00,2005,4,30,NA,5.8277006243759,14.2458755078129
2005-05-01 12:00:00,2005,5,1,NA,8.42467700530228,17.9428980651004
2005-05-02 12:00:00,2005,5,2,NA,6.5676537804854,12.6589033181331
2005-05-03 12:00:00,2005,5,3,NA,5.32376971294816,13.1545715540935
2005-05-04 12:00:00,2005,5,4,NA,7.44999118917211,14.9677373430865
2005-05-05 12:00:00,2005,5,5,NA,9.28370778430088,16.8800326788922
2005-05-06 12:00:00,2005,5,6,NA,9.90391684425701,13.7800863813851
2005-05-07 12:00:00,2005,5,7,NA,10.6446926991351,14.6268980094385
2005-05-08 12:00:00,2005,5,8,NA,6.11293579942164,13.0113916595537
2005-05-09 12:00:00,2005,5,9,NA,9.02529062681493,14.8961020861773
2005-05-10 12:00:00,2005,5,10,NA,5.16492159027189,13.9042077241563
2005-05-11 12:00:00,2005,5,11,NA,4.86503179119669,16.0641583442498
2005-05-12 12:00:00,2005,5,12,NA,6.23300903785255,19.0118002239088
2005-05-13 12:00:00,2005,5,13,NA,4.37733358082603,21.2276702264161
2005-05-14 12:00:00,2005,5,14,NA,7.60026170706149,23.4632223663525
2005-05-15 12:00:00,2005,5,15,NA,6.19119857684291,25.4489011516223
2005-05-16 12:00:00,2005,5,16,NA,8.65714148454612,21.9532485163454
2005-05-17 12:00:00,2005,5,17,NA,11.7441650350635,18.5888269556882
2005-05-18 12:00:00,2005,5,18,NA,14.1442434549169,22.8612063862075
2005-05-19 12:00:00,2005,5,19,NA,12.464418517922,21.1606800017918
2005-05-20 12:00:00,2005,5,20,NA,15.407926571603,22.6662380068587
2005-05-21 12:00:00,2005,5,21,NA,16.0749080592697,28.8215764406148
2005-05-22 12:00:00,2005,5,22,NA,15.9065413184859,20.7553229005184
2005-05-23 12:00:00,2005,5,23,NA,13.1894915640965,25.458844145371
2005-05-24 12:00:00,2005,5,24,NA,15.4201709999139,25.0122308878445
2005-05-25 12:00:00,2005,5,25,NA,12.7370105170695,29.3866213402287
2005-05-26 12:00:00,2005,5,26,NA,16.8125419421414,31.5714217133033
2005-05-27 12:00:00,2005,5,27,NA,12.0222621427116,28.7418131072431
2005-05-28 12:00:00,2005,5,28,NA,13.3209604658005,27.5053067564923
2005-05-29 12:00:00,2005,5,29,NA,10.8154038994104,27.1584418795327
2005-05-30 12:00:00,2005,5,30,NA,13.1136881767065,24.7060934078456
2005-05-31 12:00:00,2005,5,31,NA,18.8198398381855,29.9909227478568
2005-06-01 12:00:00,2005,6,1,NA,18.1979703798952,30.0780910062801
2005-06-02 12:00:00,2005,6,2,NA,12.8247406918088,20.6555425329542
2005-06-03 12:00:00,2005,6,3,NA,11.0587289415425,21.4912876530191
2005-06-04 12:00:00,2005,6,4,NA,11.2263146084662,26.4080287000211
2005-06-05 12:00:00,2005,6,5,NA,8.69966658862682,23.2984015258666
2005-06-06 12:00:00,2005,6,6,NA,6.00286284694632,23.0003921240532
2005-06-07 12:00:00,2005,6,7,NA,8.01868306059023,18.2378547632225
2005-06-08 12:00:00,2005,6,8,NA,6.86961046926352,18.2303893789905
2005-06-09 12:00:00,2005,6,9,NA,8.10569613438924,17.5910192976935
2005-06-10 12:00:00,2005,6,10,NA,10.7218029858458,16.9206758535663
2005-06-11 12:00:00,2005,6,11,NA,16.0537423461994,19.5685554806527
2005-06-12 12:00:00,2005,6,12,NA,16.6375326511992,20.2872577080163
2005-06-13 12:00:00,2005,6,13,NA,14.9725728394945,24.1413198066716
2005-06-14 12:00:00,2005,6,14,NA,15.9983750364845,30.1686581698029
2005-06-15 12:00:00,2005,6,15,NA,20.8111945678691,27.7884127710666
2005-06-16 12:00:00,2005,6,16,NA,20.5347845508363,30.7083265451444
2005-06-17 12:00:00,2005,6,17,NA,17.7131111575896,26.086800556709
2005-06-18 12:00:00,2005,6,18,NA,15.7007578996381,26.1333166111147
2005-06-19 12:00:00,2005,6,19,NA,12.451368540951,24.6361256247734
2005-06-20 12:00:00,2005,6,20,NA,14.8999354427156,30.3534573777387
2005-06-21 12:00:00,2005,6,21,NA,18.5611844284824,26.816948210055
2005-06-22 12:00:00,2005,6,22,NA,17.9092072423645,26.1809479930571
2005-06-23 12:00:00,2005,6,23,NA,14.5119429444412,23.5902744844122
2005-06-24 12:00:00,2005,6,24,NA,11.4348156962192,23.8144090230776
2005-06-25 12:00:00,2005,6,25,NA,9.88368722885979,24.2863951323045
2005-06-26 12:00:00,2005,6,26,NA,12.8426460065397,22.3279691698439
2005-06-27 12:00:00,2005,6,27,NA,10.8165078763983,22.1748246887407
2005-06-28 12:00:00,2005,6,28,NA,14.086924497376,23.3035359405531
2005-06-29 12:00:00,2005,6,29,NA,10.0985935624792,25.0476620107462
2005-06-30 12:00:00,2005,6,30,NA,9.10920035918574,23.1235554981184
2005-07-01 12:00:00,2005,7,1,NA,11.6159471459268,23.345503369003
2005-07-02 12:00:00,2005,7,2,NA,7.27350466326252,26.0240126715314
2005-07-03 12:00:00,2005,7,3,NA,12.0014436315284,27.9176308761449
2005-07-04 12:00:00,2005,7,4,NA,13.9871397869536,30.8511409225449
2005-07-05 12:00:00,2005,7,5,NA,11.5947798667787,31.4181218251532
2005-07-06 12:00:00,2005,7,6,NA,16.7988047367987,30.9095916608803
2005-07-07 12:00:00,2005,7,7,NA,17.3944793562956,29.0023396576821
2005-07-08 12:00:00,2005,7,8,NA,16.9187978817904,30.9104591421905
2005-07-09 12:00:00,2005,7,9,NA,19.4629980453556,27.8585208553657
2005-07-10 12:00:00,2005,7,10,NA,22.5176727378948,28.2934806837935
2005-07-11 12:00:00,2005,7,11,NA,18.1352656381995,25.1547855888731
2005-07-12 12:00:00,2005,7,12,NA,18.3941212178184,25.7969105967324
2005-07-13 12:00:00,2005,7,13,NA,16.7283661297106,35.0359913431444
2005-07-14 12:00:00,2005,7,14,NA,18.0033213566844,33.1923039792445
2005-07-15 12:00:00,2005,7,15,NA,19.1333162033092,28.853474510016
2005-07-16 12:00:00,2005,7,16,NA,19.1477807030792,27.0944630691267
2005-07-17 12:00:00,2005,7,17,NA,17.7331989968496,26.6186157156508
2005-07-18 12:00:00,2005,7,18,NA,14.8371114312953,23.9980846630201
2005-07-19 12:00:00,2005,7,19,NA,11.9080676504705,23.8034377537976
2005-07-20 12:00:00,2005,7,20,NA,6.91711003315642,23.8557924422928
2005-07-21 12:00:00,2005,7,21,NA,10.2917051967636,22.9991039690407
2005-07-22 12:00:00,2005,7,22,NA,8.83526325650494,25.1641445801983
2005-07-23 12:00:00,2005,7,23,NA,9.547572057604,25.2662215236037
2005-07-24 12:00:00,2005,7,24,NA,12.6784249002185,23.223391653625
2005-07-25 12:00:00,2005,7,25,NA,15.5797367076371,20.4527606829086
2005-07-26 12:00:00,2005,7,26,NA,14.4809442844398,24.0285569974756
2005-07-27 12:00:00,2005,7,27,NA,14.3569871638181,20.1556166036127
2005-07-28 12:00:00,2005,7,28,NA,15.6182220354803,20.4200932762027
2005-07-29 12:00:00,2005,7,29,NA,13.9725071896865,20.9540198259546
2005-07-30 12:00:00,2005,7,30,NA,11.9269271787382,21.647085485445
2005-07-31 12:00:00,2005,7,31,NA,14.6822101783695,27.5387390036305
2005-08-01 12:00:00,2005,8,1,NA,16.7782158009222,23.3589221943312
2005-08-02 12:00:00,2005,8,2,NA,15.5135060273922,23.4605165773397
2005-08-03 12:00:00,2005,8,3,NA,16.8857360672325,22.0162537456951
2005-08-04 12:00:00,2005,8,4,NA,17.3972962687564,22.7848290666417
2005-08-05 12:00:00,2005,8,5,NA,12.4376688193891,23.5304304327164
2005-08-06 12:00:00,2005,8,6,NA,14.6977268940746,21.8865409692372
2005-08-07 12:00:00,2005,8,7,NA,12.4276320907237,27.2708947806282
2005-08-08 12:00:00,2005,8,8,NA,16.0143484595912,26.773966111139
2005-08-09 12:00:00,2005,8,9,NA,15.1904582081014,26.2089927554514
2005-08-10 12:00:00,2005,8,10,NA,13.4432749552043,26.0050204238327
2005-08-11 12:00:00,2005,8,11,NA,11.6630683170111,22.7558299303383
2005-08-12 12:00:00,2005,8,12,NA,15.233800752167,19.8477248966131
2005-08-13 12:00:00,2005,8,13,NA,13.2603685752016,20.4491826503641
2005-08-14 12:00:00,2005,8,14,NA,15.4552527643783,20.101827581003
2005-08-15 12:00:00,2005,8,15,NA,14.3107724438598,22.4537741026209
2005-08-16 12:00:00,2005,8,16,NA,11.7196118961635,22.3955950521754
2005-08-17 12:00:00,2005,8,17,NA,14.4300617324593,24.8077312260472
2005-08-18 12:00:00,2005,8,18,NA,13.4103392307243,20.8244208148696
2005-08-19 12:00:00,2005,8,19,NA,11.1698597113453,21.4191074971302
2005-08-20 12:00:00,2005,8,20,NA,8.89548644876891,20.0407988990947
2005-08-21 12:00:00,2005,8,21,NA,16.5589323347668,21.9387955976632
2005-08-22 12:00:00,2005,8,22,NA,15.0743309822778,28.5221420427667
2005-08-23 12:00:00,2005,8,23,NA,21.1109410641419,31.0138195261097
2005-08-24 12:00:00,2005,8,24,NA,17.3640475155363,27.4446564725627
2005-08-25 12:00:00,2005,8,25,NA,13.2554510524275,28.42878223904
2005-08-26 12:00:00,2005,8,26,NA,13.3279195273564,26.8163173247503
2005-08-27 12:00:00,2005,8,27,NA,13.579030199066,26.5135808508212
2005-08-28 12:00:00,2005,8,28,NA,13.0729439960196,27.0743017378297
2005-08-29 12:00:00,2005,8,29,NA,11.7424716021793,27.061277716933
2005-08-30 12:00:00,2005,8,30,NA,13.1269067166543,26.9022872998816
2005-08-31 12:00:00,2005,8,31,NA,12.8706278008004,20.9832561958026
2005-09-01 12:00:00,2005,9,1,NA,10.1343634098574,23.8750504000389
2005-09-02 12:00:00,2005,9,2,NA,13.5751577998047,26.1830832725834
2005-09-03 12:00:00,2005,9,3,NA,15.1067302348468,28.3847114785265
2005-09-04 12:00:00,2005,9,4,NA,13.1523081807139,30.0314889109983
2005-09-05 12:00:00,2005,9,5,NA,16.0814714358941,25.3738966174739
2005-09-06 12:00:00,2005,9,6,NA,14.3640502854634,22.4859580104273
2005-09-07 12:00:00,2005,9,7,NA,11.9548525537217,26.3314971109309
2005-09-08 12:00:00,2005,9,8,NA,9.0891160721937,21.6181253814104
2005-09-09 12:00:00,2005,9,9,NA,13.7990815299817,17.7203218274278
2005-09-10 12:00:00,2005,9,10,NA,8.38081172758519,23.1904950351213
2005-09-11 12:00:00,2005,9,11,NA,9.67752987332453,22.574397950772
2005-09-12 12:00:00,2005,9,12,NA,9.98284927069138,20.8108925472684
2005-09-13 12:00:00,2005,9,13,NA,8.10714367013348,18.5765898774202
2005-09-14 12:00:00,2005,9,14,NA,8.91968561425115,18.9354426756396
2005-09-15 12:00:00,2005,9,15,NA,10.161278426476,17.9815708888395
2005-09-16 12:00:00,2005,9,16,NA,10.5633610546234,17.115341658697
2005-09-17 12:00:00,2005,9,17,NA,13.1864864629408,16.5548408504464
2005-09-18 12:00:00,2005,9,18,NA,12.6918323333495,14.6253602642932
2005-09-19 12:00:00,2005,9,19,NA,11.2132992016861,19.2609366562744
2005-09-20 12:00:00,2005,9,20,NA,13.1224167242291,23.8800163444808
2005-09-21 12:00:00,2005,9,21,NA,16.9822657225272,22.340945996829
2005-09-22 12:00:00,2005,9,22,NA,9.98517421234802,27.8178416623255
2005-09-23 12:00:00,2005,9,23,NA,10.9918359394364,25.8611476184131
2005-09-24 12:00:00,2005,9,24,NA,9.35098411503478,20.9181726767143
2005-09-25 12:00:00,2005,9,25,NA,9.80154875313833,19.5239289025747
2005-09-26 12:00:00,2005,9,26,NA,13.55313606473,23.9995923542236
2005-09-27 12:00:00,2005,9,27,NA,14.6116051086843,18.3687836160359
2005-09-28 12:00:00,2005,9,28,NA,10.0597124908093,17.7113150925306
2005-09-29 12:00:00,2005,9,29,NA,10.5355881761845,23.0081716930542
2005-09-30 12:00:00,2005,9,30,NA,11.2356941558682,25.591820123633
2005-10-01 12:00:00,2005,10,1,NA,10.2266061427349,26.3917005810453
2005-10-02 12:00:00,2005,10,2,NA,13.3625923926012,27.2074836928805
2005-10-03 12:00:00,2005,10,3,NA,12.6796220549056,24.6057477192238
2005-10-04 12:00:00,2005,10,4,NA,11.6963735124264,24.862524828422
2005-10-05 12:00:00,2005,10,5,NA,8.33182089502069,26.98478443783
2005-10-06 12:00:00,2005,10,6,NA,11.0049165379604,17.2462676418349
2005-10-07 12:00:00,2005,10,7,NA,12.5201940949013,20.2003942959507
2005-10-08 12:00:00,2005,10,8,NA,9.97717871007318,19.56526253803
2005-10-09 12:00:00,2005,10,9,NA,11.6523710393602,25.832781865095
2005-10-10 12:00:00,2005,10,10,NA,17.1328509428878,26.8281500895246
2005-10-11 12:00:00,2005,10,11,NA,16.0284974770585,22.2884975988166
2005-10-12 12:00:00,2005,10,12,NA,12.7678853202135,21.3672995278962
2005-10-13 12:00:00,2005,10,13,NA,12.8510254187401,26.4401674971072
2005-10-14 12:00:00,2005,10,14,NA,10.3320098220686,18.3274079659601
2005-10-15 12:00:00,2005,10,15,NA,8.09394711242484,18.6552947561392
2005-10-16 12:00:00,2005,10,16,NA,4.92825712976818,14.2809839428269
2005-10-17 12:00:00,2005,10,17,NA,4.45986602579983,15.5646725839787
2005-10-18 12:00:00,2005,10,18,NA,6.05067132698185,16.9138032015946
2005-10-19 12:00:00,2005,10,19,NA,14.7874777472832,20.8350447198043
2005-10-20 12:00:00,2005,10,20,NA,14.1309274846869,18.4842089034766
2005-10-21 12:00:00,2005,10,21,NA,8.50623765014647,18.8140433560236
2005-10-22 12:00:00,2005,10,22,NA,12.6592274834701,16.9986971608827
2005-10-23 12:00:00,2005,10,23,NA,9.51191566222314,14.9019030645323
2005-10-24 12:00:00,2005,10,24,NA,9.64562508602232,16.1479621623065
2005-10-25 12:00:00,2005,10,25,NA,10.48119229718,17.646926340882
2005-10-26 12:00:00,2005,10,26,NA,9.57642975022876,14.9163731082421
2005-10-27 12:00:00,2005,10,27,NA,6.80545793400609,17.1132636398832
2005-10-28 12:00:00,2005,10,28,NA,6.59626653861542,18.1179485334441
2005-10-29 12:00:00,2005,10,29,NA,6.99795749386273,15.37501035726
2005-10-30 12:00:00,2005,10,30,NA,9.26536733015424,20.0730657984718
2005-10-31 12:00:00,2005,10,31,NA,7.82664265353828,17.5672833107906
2005-11-01 12:00:00,2005,11,1,NA,6.10809964405474,15.8320793253824
2005-11-02 12:00:00,2005,11,2,NA,4.58892695190923,13.3536228561891
2005-11-03 12:00:00,2005,11,3,NA,2.99432885023645,8.62328455592794
2005-11-04 12:00:00,2005,11,4,NA,2.24206891056645,8.12969726078731
2005-11-05 12:00:00,2005,11,5,NA,5.30573328449519,7.23921107225212
2005-11-06 12:00:00,2005,11,6,NA,5.08137672938089,9.82769998140594
2005-11-07 12:00:00,2005,11,7,NA,4.91323175345429,9.63382635906411
2005-11-08 12:00:00,2005,11,8,NA,3.08420517633242,8.00868660248325
2005-11-09 12:00:00,2005,11,9,NA,4.7932913865824,9.44776822542291
2005-11-10 12:00:00,2005,11,10,NA,5.91673458949296,13.6416465378871
2005-11-11 12:00:00,2005,11,11,NA,7.14686607413938,13.8987515421439
2005-11-12 12:00:00,2005,11,12,NA,4.8812258792139,13.4959313267784
2005-11-13 12:00:00,2005,11,13,NA,6.04376877314734,10.243369324591
2005-11-14 12:00:00,2005,11,14,NA,6.93507615551891,12.6809423681685
2005-11-15 12:00:00,2005,11,15,NA,5.18990667177762,11.3103360386889
2005-11-16 12:00:00,2005,11,16,NA,7.17464064258429,13.039091097331
2005-11-17 12:00:00,2005,11,17,NA,5.468681042965,10.18894426435
2005-11-18 12:00:00,2005,11,18,NA,4.02163125387357,11.8633975893433
2005-11-19 12:00:00,2005,11,19,NA,4.79128170380497,13.1767254391205
2005-11-20 12:00:00,2005,11,20,NA,2.15180620935458,11.2684380306388
2005-11-21 12:00:00,2005,11,21,NA,3.07823401264208,10.8031459610362
2005-11-22 12:00:00,2005,11,22,NA,-3.30393140436521,5.82049087865458
2005-11-23 12:00:00,2005,11,23,NA,0.222222930387151,9.55065694514601
2005-11-24 12:00:00,2005,11,24,NA,4.66943469532371,12.4054196318307
2005-11-25 12:00:00,2005,11,25,NA,6.16504725697219,11.0643248963125
2005-11-26 12:00:00,2005,11,26,NA,6.02235157157522,12.7136118270768
2005-11-27 12:00:00,2005,11,27,NA,1.72630120128603,9.25776962278517
2005-11-28 12:00:00,2005,11,28,NA,1.65011317674157,7.26141294372228
2005-11-29 12:00:00,2005,11,29,NA,3.75937032517878,9.5508916108767
2005-11-30 12:00:00,2005,11,30,NA,2.92128704933938,7.81250935238743
2005-12-01 12:00:00,2005,12,1,NA,2.13397852330775,6.26972652014784
2005-12-02 12:00:00,2005,12,2,NA,0.79097335775407,3.76206219543786
2005-12-03 12:00:00,2005,12,3,NA,-3.0331920540539,2.8585795738515
2005-12-04 12:00:00,2005,12,4,NA,0.728606433808404,6.8075690904839
2005-12-05 12:00:00,2005,12,5,NA,2.34784199697612,4.31863249272456
2005-12-06 12:00:00,2005,12,6,NA,4.32523706135909,6.59750608064417
2005-12-07 12:00:00,2005,12,7,NA,2.47038430459047,11.7276321110598
2005-12-08 12:00:00,2005,12,8,NA,6.57411531250566,15.5453936096283
2005-12-09 12:00:00,2005,12,9,NA,8.29211370089585,14.3984401276429
2005-12-10 12:00:00,2005,12,10,NA,9.82574573249355,15.6003031780796
2005-12-11 12:00:00,2005,12,11,NA,8.49658964388069,12.3637149291253
2005-12-12 12:00:00,2005,12,12,NA,9.60058101981053,13.3207650635874
2005-12-13 12:00:00,2005,12,13,NA,10.6881385546736,14.46559937188
2005-12-14 12:00:00,2005,12,14,NA,8.13614964483376,11.1890838088625
2005-12-15 12:00:00,2005,12,15,NA,3.73857443429743,7.56293600004167
2005-12-16 12:00:00,2005,12,16,NA,2.36778625346647,7.31619144260729
2005-12-17 12:00:00,2005,12,17,NA,1.24628450991235,8.0177834006274
2005-12-18 12:00:00,2005,12,18,NA,-1.693214008157,8.4997667324727
2005-12-19 12:00:00,2005,12,19,NA,2.85523200565469,7.12719502460872
2005-12-20 12:00:00,2005,12,20,NA,-0.406638881441022,8.31351649049505
2005-12-21 12:00:00,2005,12,21,NA,4.43043619116163,8.58345814889286
2005-12-22 12:00:00,2005,12,22,NA,2.38713067273675,10.745163122771
2005-12-23 12:00:00,2005,12,23,NA,5.92980985463318,15.5457267348811
2005-12-24 12:00:00,2005,12,24,NA,4.36601919500813,10.2377626604574
2005-12-25 12:00:00,2005,12,25,NA,7.40525782606841,13.7484689852229
2005-12-26 12:00:00,2005,12,26,NA,4.99955423717722,9.84175707623039
2005-12-27 12:00:00,2005,12,27,NA,4.27305136941996,9.36932307818476
2005-12-28 12:00:00,2005,12,28,NA,3.67732919189806,12.953624265834
2005-12-29 12:00:00,2005,12,29,NA,8.47101471965382,19.0922067811422
2005-12-30 12:00:00,2005,12,30,NA,8.85265530600409,17.4133942459999
2005-12-31 12:00:00,2005,12,31,NA,9.53187292646255,16.6651967929798
2006-01-01 12:00:00,2006,1,1,NA,10.2267683376758,16.3011696782172
2006-01-02 12:00:00,2006,1,2,NA,8.22388623159178,19.4227758198646
2006-01-03 12:00:00,2006,1,3,NA,10.2355468940566,13.3345969567438
2006-01-04 12:00:00,2006,1,4,NA,7.83664883544792,10.5474061996843
2006-01-05 12:00:00,2006,1,5,NA,5.19309325440424,9.43503300565916
2006-01-06 12:00:00,2006,1,6,NA,6.26446998582327,15.1673506887676
2006-01-07 12:00:00,2006,1,7,NA,5.97321199997586,13.7924164905942
2006-01-08 12:00:00,2006,1,8,NA,4.08978329416305,7.74293218385157
2006-01-09 12:00:00,2006,1,9,NA,6.60733902017645,11.5058836201805
2006-01-10 12:00:00,2006,1,10,NA,6.87166107812269,13.4027436548588
2006-01-11 12:00:00,2006,1,11,NA,9.19986082276296,13.6147437805423
2006-01-12 12:00:00,2006,1,12,NA,9.78675556923439,13.6622707014049
2006-01-13 12:00:00,2006,1,13,NA,7.11766677470015,14.2933317734899
2006-01-14 12:00:00,2006,1,14,NA,9.99687631894277,12.975121165718
2006-01-15 12:00:00,2006,1,15,NA,10.5386963226894,14.8926692800967
2006-01-16 12:00:00,2006,1,16,NA,12.5998442044761,14.6271058382308
2006-01-17 12:00:00,2006,1,17,NA,9.47937348109606,12.3142096589784
2006-01-18 12:00:00,2006,1,18,NA,7.03084109197483,10.9063562241453
2006-01-19 12:00:00,2006,1,19,NA,6.88053965759779,14.5220508845949
2006-01-20 12:00:00,2006,1,20,NA,8.44106751979137,13.1938431708658
2006-01-21 12:00:00,2006,1,21,NA,8.26726868601512,13.675485144459
2006-01-22 12:00:00,2006,1,22,NA,6.35342305087804,11.4288775996134
2006-01-23 12:00:00,2006,1,23,NA,1.8891879508574,8.49856508479199
2006-01-24 12:00:00,2006,1,24,NA,-1.82413233339611,6.44537676658956
2006-01-25 12:00:00,2006,1,25,NA,4.75234575691489,10.9071432383647
2006-01-26 12:00:00,2006,1,26,NA,7.84801498606315,14.9210326113397
2006-01-27 12:00:00,2006,1,27,NA,5.17104452484226,10.245489572774
2006-01-28 12:00:00,2006,1,28,NA,1.90813991418152,5.34457754354007
2006-01-29 12:00:00,2006,1,29,NA,0.264258689891828,3.17373201048239
2006-01-30 12:00:00,2006,1,30,NA,2.07550182731101,4.3888479993357
2006-01-31 12:00:00,2006,1,31,NA,4.77077694010344,6.86639693612386
2006-02-01 12:00:00,2006,2,1,NA,-1.13248690481556,6.02831824648202
2006-02-02 12:00:00,2006,2,2,NA,0.143997656359784,12.9173497702926
2006-02-03 12:00:00,2006,2,3,NA,8.25500523980131,13.919954750047
2006-02-04 12:00:00,2006,2,4,NA,6.28059239130477,9.55418735220104
2006-02-05 12:00:00,2006,2,5,NA,7.06567556795219,11.4147895486799
2006-02-06 12:00:00,2006,2,6,NA,5.99469097435371,12.3553212887801
2006-02-07 12:00:00,2006,2,7,NA,2.92189404029421,12.7094654341123
2006-02-08 12:00:00,2006,2,8,NA,4.64493100867436,16.0562206105835
2006-02-09 12:00:00,2006,2,9,NA,4.39170075255406,11.0643820219483
2006-02-10 12:00:00,2006,2,10,NA,1.65906047980074,11.4527446616297
2006-02-11 12:00:00,2006,2,11,NA,2.81861105993762,13.916142397574
2006-02-12 12:00:00,2006,2,12,NA,7.74883293104006,15.1858089706955
2006-02-13 12:00:00,2006,2,13,NA,4.58658798386188,15.1443786053287
2006-02-14 12:00:00,2006,2,14,NA,3.17674682951594,10.5252457374888
2006-02-15 12:00:00,2006,2,15,NA,4.86065925831929,11.0078437567765
2006-02-16 12:00:00,2006,2,16,NA,4.91049657321709,15.5140090716939
2006-02-17 12:00:00,2006,2,17,NA,4.24553542708655,12.7130656487103
2006-02-18 12:00:00,2006,2,18,NA,3.99975472531966,11.4235272311263
2006-02-19 12:00:00,2006,2,19,NA,2.06666833366174,8.73934960305601
2006-02-20 12:00:00,2006,2,20,NA,1.37235188673456,4.68477310571833
2006-02-21 12:00:00,2006,2,21,NA,6.03323884381908,8.45197325776396
2006-02-22 12:00:00,2006,2,22,NA,4.40771678919389,10.1599304755959
2006-02-23 12:00:00,2006,2,23,NA,1.96204405073693,6.3981927773892
2006-02-24 12:00:00,2006,2,24,NA,0.637349635847082,2.17515849638773
2006-02-25 12:00:00,2006,2,25,NA,0.00401702943554616,4.0491515345285
2006-02-26 12:00:00,2006,2,26,NA,7.96085890681994,13.7107611843482
2006-02-27 12:00:00,2006,2,27,NA,7.93849314664751,14.4190865344333
2006-02-28 12:00:00,2006,2,28,NA,9.65231899174924,13.6916318895998
2006-03-01 12:00:00,2006,3,1,NA,10.5049972534732,16.3211212296858
2006-03-02 12:00:00,2006,3,2,NA,4.69134991540802,8.75906348940433
2006-03-03 12:00:00,2006,3,3,NA,-1.29989518666889,5.85080618630647
2006-03-04 12:00:00,2006,3,4,NA,2.04382630860593,8.20888986730363
2006-03-05 12:00:00,2006,3,5,NA,-1.37286804974593,13.1224745554689
2006-03-06 12:00:00,2006,3,6,NA,1.87352421940512,8.0463399486679
2006-03-07 12:00:00,2006,3,7,NA,3.81194279421425,9.27508245676051
2006-03-08 12:00:00,2006,3,8,NA,0.904998909199127,7.80717760144818
2006-03-09 12:00:00,2006,3,9,NA,1.15519642471637,7.99634093835283
2006-03-10 12:00:00,2006,3,10,NA,2.47636129051277,6.56170896577442
2006-03-11 12:00:00,2006,3,11,NA,1.6597521354187,15.3680896095946
2006-03-12 12:00:00,2006,3,12,NA,1.95475831605043,7.56216403981477
2006-03-13 12:00:00,2006,3,13,NA,-4.08767528668487,7.03869046160674
2006-03-14 12:00:00,2006,3,14,NA,1.19697852960784,6.92538647078927
2006-03-15 12:00:00,2006,3,15,NA,-2.60592301029772,9.35598775921447
2006-03-16 12:00:00,2006,3,16,NA,-5.47047789313706,5.96411665161836
2006-03-17 12:00:00,2006,3,17,NA,-2.64300073769117,3.32310656100143
2006-03-18 12:00:00,2006,3,18,NA,-2.90284310908323,6.2173884606887
2006-03-19 12:00:00,2006,3,19,NA,-0.511430621946338,5.67845065162143
2006-03-20 12:00:00,2006,3,20,NA,-1.62857501257289,9.83612961624277
2006-03-21 12:00:00,2006,3,21,NA,3.50415839500427,14.2479800501172
2006-03-22 12:00:00,2006,3,22,NA,4.73307677679089,12.1956197202941
2006-03-23 12:00:00,2006,3,23,NA,5.16341975963701,15.2925003754279
2006-03-24 12:00:00,2006,3,24,NA,0.0357216425701217,5.50837794418843
2006-03-25 12:00:00,2006,3,25,NA,-3.81047298461674,13.5243313223903
2006-03-26 12:00:00,2006,3,26,NA,-3.49214223171632,13.0740490429264
2006-03-27 12:00:00,2006,3,27,NA,0.669681844075672,16.5126394732166
2006-03-28 12:00:00,2006,3,28,NA,7.55606729872205,18.5994851632886
2006-03-29 12:00:00,2006,3,29,NA,7.85940002922906,18.7553813490368
2006-03-30 12:00:00,2006,3,30,NA,9.56849037616632,20.3748580047053
2006-03-31 12:00:00,2006,3,31,NA,8.4972736522101,18.6848949205979
2006-04-01 12:00:00,2006,4,1,NA,6.80073203379643,22.7856416171078
2006-04-02 12:00:00,2006,4,2,NA,7.63269840034841,25.4028512886943
2006-04-03 12:00:00,2006,4,3,NA,5.94157023280657,26.8725334138504
2006-04-04 12:00:00,2006,4,4,NA,11.1581536885008,29.0767555766237
2006-04-05 12:00:00,2006,4,5,NA,15.1158421287491,26.0892856130261
2006-04-06 12:00:00,2006,4,6,NA,14.3102395317105,25.3669531935409
2006-04-07 12:00:00,2006,4,7,NA,12.9737854122391,22.8597548913235
2006-04-08 12:00:00,2006,4,8,NA,12.1847225779325,14.8900315191593
2006-04-09 12:00:00,2006,4,9,NA,5.69811669939227,11.7982365480468
2006-04-10 12:00:00,2006,4,10,NA,3.30820986041971,13.4249951834584
2006-04-11 12:00:00,2006,4,11,NA,1.05349787584152,16.3567992562166
2006-04-12 12:00:00,2006,4,12,NA,2.47108295888196,13.9899878554468
2006-04-13 12:00:00,2006,4,13,NA,-1.58112645514807,14.8677341447303
2006-04-14 12:00:00,2006,4,14,NA,-1.67492515975329,15.2201540078086
2006-04-15 12:00:00,2006,4,15,NA,0.261960347421408,16.1612911874878
2006-04-16 12:00:00,2006,4,16,NA,6.77111837818018,22.724433072341
2006-04-17 12:00:00,2006,4,17,NA,8.61298423367674,20.2419592781637
2006-04-18 12:00:00,2006,4,18,NA,8.30117178567414,19.7356687104572
2006-04-19 12:00:00,2006,4,19,NA,12.7367842879304,17.0730094288832
2006-04-20 12:00:00,2006,4,20,NA,6.59608028009192,16.6132987862202
2006-04-21 12:00:00,2006,4,21,NA,3.47153305674205,14.5282467185725
2006-04-22 12:00:00,2006,4,22,NA,2.92597902321413,11.7959348037753
2006-04-23 12:00:00,2006,4,23,NA,-0.466006635321355,16.4886611202831
2006-04-24 12:00:00,2006,4,24,NA,5.51951896626014,16.021377425695
2006-04-25 12:00:00,2006,4,25,NA,5.90283635311658,12.2335847907673
2006-04-26 12:00:00,2006,4,26,NA,4.44887743642373,14.1740074148969
2006-04-27 12:00:00,2006,4,27,NA,4.02572973476965,12.3921088815187
2006-04-28 12:00:00,2006,4,28,NA,0.518634586992256,19.3755312798257
2006-04-29 12:00:00,2006,4,29,NA,8.35948239409948,16.6679731489167
2006-04-30 12:00:00,2006,4,30,NA,9.84404940637007,17.2357111925987
2006-05-01 12:00:00,2006,5,1,NA,13.2537210707355,17.3204881633196
2006-05-02 12:00:00,2006,5,2,NA,9.56476894791102,22.2700133472748
2006-05-03 12:00:00,2006,5,3,NA,12.2008134767797,16.7556756363964
2006-05-04 12:00:00,2006,5,4,NA,11.8023533707424,14.7522692240188
2006-05-05 12:00:00,2006,5,5,NA,13.2337903803652,22.0143582898224
2006-05-06 12:00:00,2006,5,6,NA,12.224195919085,23.4233224721381
2006-05-07 12:00:00,2006,5,7,NA,10.21539846171,26.0771149013432
2006-05-08 12:00:00,2006,5,8,NA,12.0873688626445,25.495831578883
2006-05-09 12:00:00,2006,5,9,NA,10.3530822572632,21.034525531628
2006-05-10 12:00:00,2006,5,10,NA,11.99146746406,23.1958612786893
2006-05-11 12:00:00,2006,5,11,NA,16.0702773899969,25.8837748849142
2006-05-12 12:00:00,2006,5,12,NA,12.130253063795,19.6772189679521
2006-05-13 12:00:00,2006,5,13,NA,9.27376687773758,23.7073765194171
2006-05-14 12:00:00,2006,5,14,NA,12.5301570146283,26.3044532780967
2006-05-15 12:00:00,2006,5,15,NA,9.26680661745322,19.0061535900252
2006-05-16 12:00:00,2006,5,16,NA,6.08425108972156,25.393482150926
2006-05-17 12:00:00,2006,5,17,NA,6.53697308336419,22.3398471773324
2006-05-18 12:00:00,2006,5,18,NA,10.0466768003811,25.7621110996341
2006-05-19 12:00:00,2006,5,19,NA,4.46156331026651,26.6778494281511
2006-05-20 12:00:00,2006,5,20,NA,4.24284273993235,23.7068862458413
2006-05-21 12:00:00,2006,5,21,NA,4.52259111600456,22.9425238883595
2006-05-22 12:00:00,2006,5,22,NA,10.6217042405246,21.8208307935777
2006-05-23 12:00:00,2006,5,23,NA,8.0865481573192,25.6376297595277
2006-05-24 12:00:00,2006,5,24,NA,12.962473158721,23.7545194116738
2006-05-25 12:00:00,2006,5,25,NA,9.21948152948138,19.8733527280163
2006-05-26 12:00:00,2006,5,26,NA,9.31538478453355,19.1556501813777
2006-05-27 12:00:00,2006,5,27,NA,6.2012393421133,22.276911624811
2006-05-28 12:00:00,2006,5,28,NA,13.1021257202777,26.4092527081056
2006-05-29 12:00:00,2006,5,29,NA,18.8900822460517,24.8227952217937
2006-05-30 12:00:00,2006,5,30,NA,18.5432137005302,24.4453095861079
2006-05-31 12:00:00,2006,5,31,NA,19.7338391968137,27.1109083760637
2006-06-01 12:00:00,2006,6,1,NA,19.8906686347987,24.6199645156338
2006-06-02 12:00:00,2006,6,2,NA,14.1909015355115,24.9125596023436
2006-06-03 12:00:00,2006,6,3,NA,15.4601164082812,24.6620592675423
2006-06-04 12:00:00,2006,6,4,NA,13.1509122968214,22.6763102156053
2006-06-05 12:00:00,2006,6,5,NA,12.1017668170467,18.5250879574915
2006-06-06 12:00:00,2006,6,6,NA,11.3137084319048,18.4053701049513
2006-06-07 12:00:00,2006,6,7,NA,9.14978604700602,16.3819089306615
2006-06-08 12:00:00,2006,6,8,NA,9.88039339451944,17.0919731495224
2006-06-09 12:00:00,2006,6,9,NA,8.30069760751512,15.5212702307733
2006-06-10 12:00:00,2006,6,10,NA,10.3416517844006,18.5422654700683
2006-06-11 12:00:00,2006,6,11,NA,10.2633415786435,22.5205255991919
2006-06-12 12:00:00,2006,6,12,NA,15.6355851372267,21.9933562135313
2006-06-13 12:00:00,2006,6,13,NA,11.1327979822678,26.6310237052326
2006-06-14 12:00:00,2006,6,14,NA,9.97825659859545,29.5970191619356
2006-06-15 12:00:00,2006,6,15,NA,14.1106015869623,25.6985519060616
2006-06-16 12:00:00,2006,6,16,NA,11.0700951353814,25.4728030388261
2006-06-17 12:00:00,2006,6,17,NA,12.6983216893617,23.9703607777573
2006-06-18 12:00:00,2006,6,18,NA,11.7743035011466,23.959060584969
2006-06-19 12:00:00,2006,6,19,NA,13.9219623187085,25.5743405880622
2006-06-20 12:00:00,2006,6,20,NA,11.5300844162226,29.4028541666384
2006-06-21 12:00:00,2006,6,21,NA,14.3175239815872,30.4472646241915
2006-06-22 12:00:00,2006,6,22,NA,18.2071402792968,23.3438092629906
2006-06-23 12:00:00,2006,6,23,NA,14.5064969228079,20.7053697905285
2006-06-24 12:00:00,2006,6,24,NA,6.68803808502042,22.1569073422909
2006-06-25 12:00:00,2006,6,25,NA,12.927037986061,21.1534589596223
2006-06-26 12:00:00,2006,6,26,NA,6.76741275431686,25.4781720305438
2006-06-27 12:00:00,2006,6,27,NA,10.012013753505,26.5111202151101
2006-06-28 12:00:00,2006,6,28,NA,13.7061697595117,25.0049206329445
2006-06-29 12:00:00,2006,6,29,NA,14.0960247984691,25.6035707276455
2006-06-30 12:00:00,2006,6,30,NA,14.651723742135,21.337675814055
2006-07-01 12:00:00,2006,7,1,NA,11.6052745241532,24.8559451417506
2006-07-02 12:00:00,2006,7,2,NA,11.7762000787454,24.0168737869617
2006-07-03 12:00:00,2006,7,3,NA,13.6070486132425,25.2779883387989
2006-07-04 12:00:00,2006,7,4,NA,14.5906923152484,26.6618049076588
2006-07-05 12:00:00,2006,7,5,NA,13.9062938165886,22.6328987850171
2006-07-06 12:00:00,2006,7,6,NA,9.9467848303535,28.8450008424521
2006-07-07 12:00:00,2006,7,7,NA,5.4976484857164,29.0268657099892
2006-07-08 12:00:00,2006,7,8,NA,13.8542257407117,27.6480913886648
2006-07-09 12:00:00,2006,7,9,NA,16.2189199291572,27.1934546116313
2006-07-10 12:00:00,2006,7,10,NA,16.4453565340539,32.4087378485025
2006-07-11 12:00:00,2006,7,11,NA,17.3679831409174,30.4587997724382
2006-07-12 12:00:00,2006,7,12,NA,13.9894295133574,33.8127714717318
2006-07-13 12:00:00,2006,7,13,NA,19.3612737802815,34.6614574697357
2006-07-14 12:00:00,2006,7,14,NA,19.0637668522408,33.8573240737487
2006-07-15 12:00:00,2006,7,15,NA,22.2450946063561,29.972799249511
2006-07-16 12:00:00,2006,7,16,NA,20.234530755938,27.0823967550796
2006-07-17 12:00:00,2006,7,17,NA,19.420725851488,25.2775772138621
2006-07-18 12:00:00,2006,7,18,NA,21.3061508664047,26.0442419686271
2006-07-19 12:00:00,2006,7,19,NA,27.4426356973778,29.3398828515668
2006-07-20 12:00:00,2006,7,20,NA,24.9224090510588,30.161066426451
2006-07-21 12:00:00,2006,7,21,NA,20.5171769807793,28.2588338471606
2006-07-22 12:00:00,2006,7,22,NA,19.5929317529442,23.4063963388471
2006-07-23 12:00:00,2006,7,23,NA,17.2589992521549,24.7838547916032
2006-07-24 12:00:00,2006,7,24,NA,15.1580745085134,24.6844922888398
2006-07-25 12:00:00,2006,7,25,NA,14.8535825473851,23.8509156350662
2006-07-26 12:00:00,2006,7,26,NA,14.5938263182003,28.9710051543182
2006-07-27 12:00:00,2006,7,27,NA,18.9478188911484,27.394732335379
2006-07-28 12:00:00,2006,7,28,NA,18.1314609554374,25.7143409805765
2006-07-29 12:00:00,2006,7,29,NA,13.4984512595449,28.7170571504509
2006-07-30 12:00:00,2006,7,30,NA,12.8686067683713,26.7515723626392
2006-07-31 12:00:00,2006,7,31,NA,10.4250882135569,27.8261208621014
2006-08-01 12:00:00,2006,8,1,NA,14.2419659484249,32.3930558425844
2006-08-02 12:00:00,2006,8,2,NA,15.828196201503,29.9487686132014
2006-08-03 12:00:00,2006,8,3,NA,13.5543360244159,27.4847563610399
2006-08-04 12:00:00,2006,8,4,NA,16.2802336829831,28.3153239098199
2006-08-05 12:00:00,2006,8,5,NA,13.4744960903012,25.7410897601607
2006-08-06 12:00:00,2006,8,6,NA,11.7910931812544,25.5273650243582
2006-08-07 12:00:00,2006,8,7,NA,9.51676193583214,22.9689596868087
2006-08-08 12:00:00,2006,8,8,NA,11.4129198396821,24.2270012053887
2006-08-09 12:00:00,2006,8,9,NA,13.2678987101021,20.926511526107
2006-08-10 12:00:00,2006,8,10,NA,13.5846999553983,16.3434590589687
2006-08-11 12:00:00,2006,8,11,NA,14.0230919621173,21.4443608721643
2006-08-12 12:00:00,2006,8,12,NA,12.7525386387196,22.6575393656114
2006-08-13 12:00:00,2006,8,13,NA,13.3697342261808,24.1293518777285
2006-08-14 12:00:00,2006,8,14,NA,11.3524134252101,19.6783803582386
2006-08-15 12:00:00,2006,8,15,NA,9.88589919943891,18.0689430819341
2006-08-16 12:00:00,2006,8,16,NA,12.8411962782547,19.2305393578327
2006-08-17 12:00:00,2006,8,17,NA,12.6355504438931,22.5007002841676
2006-08-18 12:00:00,2006,8,18,NA,11.7256713435529,22.5963664404835
2006-08-19 12:00:00,2006,8,19,NA,13.1084214628596,23.3286657737796
2006-08-20 12:00:00,2006,8,20,NA,9.11433634695348,22.207784451828
2006-08-21 12:00:00,2006,8,21,NA,10.4091234884885,18.5479642222434
2006-08-22 12:00:00,2006,8,22,NA,6.73517890574974,21.3174668609825
2006-08-23 12:00:00,2006,8,23,NA,10.3079475320566,21.5007731994523
2006-08-24 12:00:00,2006,8,24,NA,13.3482002144138,22.3705073583086
2006-08-25 12:00:00,2006,8,25,NA,12.7151256591733,25.3514065213721
2006-08-26 12:00:00,2006,8,26,NA,15.4384159920534,26.1980336436012
2006-08-27 12:00:00,2006,8,27,NA,15.752487894478,28.6414033594004
2006-08-28 12:00:00,2006,8,28,NA,20.0008054396377,26.6850816096675
2006-08-29 12:00:00,2006,8,29,NA,20.2778410286911,32.91412189089
2006-08-30 12:00:00,2006,8,30,NA,19.9166777007065,28.0596793594676
2006-08-31 12:00:00,2006,8,31,NA,15.481484881137,24.4652238244339
2006-09-01 12:00:00,2006,9,1,NA,14.0640642270235,24.9777468862237
2006-09-02 12:00:00,2006,9,2,NA,10.9268553326431,25.7184438166934
2006-09-03 12:00:00,2006,9,3,NA,15.0146017880688,22.9759227041903
2006-09-04 12:00:00,2006,9,4,NA,13.3648098946913,24.4743978327355
2006-09-05 12:00:00,2006,9,5,NA,17.5337567504477,21.1215420513592
2006-09-06 12:00:00,2006,9,6,NA,13.7777630735706,19.667350665719
2006-09-07 12:00:00,2006,9,7,NA,15.7301261210485,21.8223502791119
2006-09-08 12:00:00,2006,9,8,NA,10.9654455931004,20.3885038844008
2006-09-09 12:00:00,2006,9,9,NA,8.56102060145874,23.5983328993664
2006-09-10 12:00:00,2006,9,10,NA,11.7668864897283,21.6055761846105
2006-09-11 12:00:00,2006,9,11,NA,8.4119351353111,23.8752014905765
2006-09-12 12:00:00,2006,9,12,NA,11.6607093721723,22.7109601184683
2006-09-13 12:00:00,2006,9,13,NA,7.57401453629435,22.4056898550685
2006-09-14 12:00:00,2006,9,14,NA,11.3907225143298,20.9741207867399
2006-09-15 12:00:00,2006,9,15,NA,14.1958204833088,23.9306472633932
2006-09-16 12:00:00,2006,9,16,NA,13.192805609466,25.2555397307561
2006-09-17 12:00:00,2006,9,17,NA,10.0496867578502,25.0869990557578
2006-09-18 12:00:00,2006,9,18,NA,12.2666651372232,24.7524486555667
2006-09-19 12:00:00,2006,9,19,NA,13.7275503275695,28.038756429908
2006-09-20 12:00:00,2006,9,20,NA,13.1697431207734,20.8990375986741
2006-09-21 12:00:00,2006,9,21,NA,16.4775187827468,19.3134141683166
2006-09-22 12:00:00,2006,9,22,NA,12.6326458388064,20.2842484405277
2006-09-23 12:00:00,2006,9,23,NA,10.540629985086,17.3281954501214
2006-09-24 12:00:00,2006,9,24,NA,10.3502238937652,15.0830947683672
2006-09-25 12:00:00,2006,9,25,NA,8.62452943799623,16.790685457987
2006-09-26 12:00:00,2006,9,26,NA,12.7836486739754,16.4552573296218
2006-09-27 12:00:00,2006,9,27,NA,9.69571834310721,20.3456303481522
2006-09-28 12:00:00,2006,9,28,NA,14.7199431496148,27.8877461964098
2006-09-29 12:00:00,2006,9,29,NA,9.49029085969973,19.2251176397841
2006-09-30 12:00:00,2006,9,30,NA,11.7740371139687,19.7010833522737
2006-10-01 12:00:00,2006,10,1,NA,8.26471300777894,16.1790322017286
2006-10-02 12:00:00,2006,10,2,NA,10.1650025074888,17.8942969853895
2006-10-03 12:00:00,2006,10,3,NA,15.3523220347699,21.5454931341393
2006-10-04 12:00:00,2006,10,4,NA,17.5803253145184,22.0385784976111
2006-10-05 12:00:00,2006,10,5,NA,13.1625941116831,22.16044168782
2006-10-06 12:00:00,2006,10,6,NA,13.9453230077969,21.2502216932032
2006-10-07 12:00:00,2006,10,7,NA,12.0294335306476,21.6779253723337
2006-10-08 12:00:00,2006,10,8,NA,9.58259541088239,20.927853258019
2006-10-09 12:00:00,2006,10,9,NA,4.2273451312391,21.4675112615964
2006-10-10 12:00:00,2006,10,10,NA,9.11249789399498,24.8597029168493
2006-10-11 12:00:00,2006,10,11,NA,9.83038852350895,20.2285922266361
2006-10-12 12:00:00,2006,10,12,NA,8.40009232790111,17.9881761558579
2006-10-13 12:00:00,2006,10,13,NA,8.55938784922467,17.1966889200945
2006-10-14 12:00:00,2006,10,14,NA,6.38304609672247,19.3522986986275
2006-10-15 12:00:00,2006,10,15,NA,6.2780766023346,20.0655710160315
2006-10-16 12:00:00,2006,10,16,NA,9.48374227476694,20.0345150146233
2006-10-17 12:00:00,2006,10,17,NA,8.8489274477932,18.2483305414082
2006-10-18 12:00:00,2006,10,18,NA,8.96229169150672,11.5753725359471
2006-10-19 12:00:00,2006,10,19,NA,9.4114544218487,14.9102322276552
2006-10-20 12:00:00,2006,10,20,NA,8.79835244809059,14.1718381393386
2006-10-21 12:00:00,2006,10,21,NA,10.1409438108774,17.5910307701455
2006-10-22 12:00:00,2006,10,22,NA,9.65948060077303,15.715900753318
2006-10-23 12:00:00,2006,10,23,NA,7.31537706312165,14.847148297794
2006-10-24 12:00:00,2006,10,24,NA,5.2746605363014,13.5914533519825
2006-10-25 12:00:00,2006,10,25,NA,4.70734142875197,14.6451547651022
2006-10-26 12:00:00,2006,10,26,NA,7.66642516242506,13.0399108536731
2006-10-27 12:00:00,2006,10,27,NA,11.0055637391632,18.7546839642353
2006-10-28 12:00:00,2006,10,28,NA,6.58763711748925,18.6329953929933
2006-10-29 12:00:00,2006,10,29,NA,8.15394773049302,20.4463095171397
2006-10-30 12:00:00,2006,10,30,NA,6.67993876571584,16.4083589770961
2006-10-31 12:00:00,2006,10,31,NA,5.93040562366305,14.3305692390308
2006-11-01 12:00:00,2006,11,1,NA,5.28140040035246,14.7925834486261
2006-11-02 12:00:00,2006,11,2,NA,7.55632228580211,20.5263014244958
2006-11-03 12:00:00,2006,11,3,NA,10.8543005132511,15.7455228162992
2006-11-04 12:00:00,2006,11,4,NA,9.12874984722937,12.8842644968214
2006-11-05 12:00:00,2006,11,5,NA,8.73623522402313,14.4044572010057
2006-11-06 12:00:00,2006,11,6,NA,6.75232605469309,10.5131541585212
2006-11-07 12:00:00,2006,11,7,NA,3.52883071415085,9.40091478677818
2006-11-08 12:00:00,2006,11,8,NA,2.58469385062974,4.46708791337059
2006-11-09 12:00:00,2006,11,9,NA,5.79497754232414,8.60363084617108
2006-11-10 12:00:00,2006,11,10,NA,2.15126371966283,5.22477998735565
2006-11-11 12:00:00,2006,11,11,NA,-0.709667864111637,5.85512126213384
2006-11-12 12:00:00,2006,11,12,NA,4.37507013505268,9.37659846592079
2006-11-13 12:00:00,2006,11,13,NA,4.10827610441477,11.9189024766389
2006-11-14 12:00:00,2006,11,14,NA,4.08480084022786,6.88083516894814
2006-11-15 12:00:00,2006,11,15,NA,5.95751658654782,11.5480667536302
2006-11-16 12:00:00,2006,11,16,NA,5.00171958650326,12.5331880080024
2006-11-17 12:00:00,2006,11,17,NA,4.11640675886805,11.640417703019
2006-11-18 12:00:00,2006,11,18,NA,1.93696476325149,8.73939319753357
2006-11-19 12:00:00,2006,11,19,NA,-0.372992869725307,9.90405186974965
2006-11-20 12:00:00,2006,11,20,NA,-6.42597857103711,7.56315266169518
2006-11-21 12:00:00,2006,11,21,NA,1.43739878771303,9.87354241993797
2006-11-22 12:00:00,2006,11,22,NA,3.49738569185331,11.7851813337166
2006-11-23 12:00:00,2006,11,23,NA,6.63584992393875,10.4135239170713
2006-11-24 12:00:00,2006,11,24,NA,6.73066379221874,12.3328863126961
2006-11-25 12:00:00,2006,11,25,NA,7.27667051940748,14.8246138982956
2006-11-26 12:00:00,2006,11,26,NA,5.86785086684461,13.7140839060917
2006-11-27 12:00:00,2006,11,27,NA,7.24070566321672,13.3115295131742
2006-11-28 12:00:00,2006,11,28,NA,5.75793349415921,13.2882546545362
2006-11-29 12:00:00,2006,11,29,NA,8.53265559577684,11.3644470903537
2006-11-30 12:00:00,2006,11,30,NA,3.86500228674375,11.4788364909188
2006-12-01 12:00:00,2006,12,1,NA,2.64069361911123,11.9012951579732
2006-12-02 12:00:00,2006,12,2,NA,3.84172829884198,10.1006779205113
2006-12-03 12:00:00,2006,12,3,NA,6.18048446512049,14.3173047824187
2006-12-04 12:00:00,2006,12,4,NA,4.07829084546156,11.8196971795547
2006-12-05 12:00:00,2006,12,5,NA,8.93611626062438,17.9646475532762
2006-12-06 12:00:00,2006,12,6,NA,8.04974871211761,18.9365640627359
2006-12-07 12:00:00,2006,12,7,NA,7.61233941473551,13.194013899285
2006-12-08 12:00:00,2006,12,8,NA,3.17106635195614,7.64201797575534
2006-12-09 12:00:00,2006,12,9,NA,5.14217634499551,9.85370600753734
2006-12-10 12:00:00,2006,12,10,NA,3.35528845367936,9.88669051134105
2006-12-11 12:00:00,2006,12,11,NA,0.431260914848658,7.215511243941
2006-12-12 12:00:00,2006,12,12,NA,1.30207992435882,9.51409046536134
2006-12-13 12:00:00,2006,12,13,NA,-1.52664625237058,6.99337713488369
2006-12-14 12:00:00,2006,12,14,NA,-0.160703781199874,5.40942949148755
2006-12-15 12:00:00,2006,12,15,NA,4.41355659005705,7.45837543135284
2006-12-16 12:00:00,2006,12,16,NA,6.32116373234919,8.31656142928224
2006-12-17 12:00:00,2006,12,17,NA,1.92641482376894,4.53996308712736
2006-12-18 12:00:00,2006,12,18,NA,5.21737153781628,10.0828779889386
2006-12-19 12:00:00,2006,12,19,NA,5.05113791017405,9.07599231283969
2006-12-20 12:00:00,2006,12,20,NA,4.18302610128475,8.92922599021902
2006-12-21 12:00:00,2006,12,21,NA,6.11887951442545,9.9860047996701
2006-12-22 12:00:00,2006,12,22,NA,7.06522966806145,10.3751711118473
2006-12-23 12:00:00,2006,12,23,NA,10.440092530637,14.5059182463585
2006-12-24 12:00:00,2006,12,24,NA,5.86487926767075,12.4111370049252
2006-12-25 12:00:00,2006,12,25,NA,-0.365412249239417,3.56935372147428
2006-12-26 12:00:00,2006,12,26,NA,-0.145216236804613,8.44891474154494
2006-12-27 12:00:00,2006,12,27,NA,6.15677536225383,8.80053181091923
2006-12-28 12:00:00,2006,12,28,NA,0.959280235573511,5.92010735608483
2006-12-29 12:00:00,2006,12,29,NA,5.80111445344726,11.164853850665
2006-12-30 12:00:00,2006,12,30,NA,4.70637483879245,12.8922545729825
2006-12-31 12:00:00,2006,12,31,NA,4.34754641420561,14.3056497668556
2007-01-01 12:00:00,2007,1,1,NA,3.89429410484617,14.2483743789241
2007-01-02 12:00:00,2007,1,2,NA,3.67681875907274,9.70031933798101
2007-01-03 12:00:00,2007,1,3,NA,0.521579827998756,11.2522658432526
2007-01-04 12:00:00,2007,1,4,NA,5.90963701124597,12.6463752456946
2007-01-05 12:00:00,2007,1,5,NA,3.09360479753886,10.4255391541461
2007-01-06 12:00:00,2007,1,6,NA,2.60541630796144,10.8749254079471
2007-01-07 12:00:00,2007,1,7,NA,6.59030821397267,14.5601787823281
2007-01-08 12:00:00,2007,1,8,NA,-2.20818144312593,13.8266450105686
2007-01-09 12:00:00,2007,1,9,NA,-0.537097777250852,14.4413749473138
2007-01-10 12:00:00,2007,1,10,NA,6.96378848583353,15.9178745758947
2007-01-11 12:00:00,2007,1,11,NA,4.22600493104837,12.5494045884635
2007-01-12 12:00:00,2007,1,12,NA,7.95497518524377,12.0230785135346
2007-01-13 12:00:00,2007,1,13,NA,5.50830930801975,12.7335882357569
2007-01-14 12:00:00,2007,1,14,NA,1.81381514098297,11.231647236181
2007-01-15 12:00:00,2007,1,15,NA,4.30957009835359,8.33791983073377
2007-01-16 12:00:00,2007,1,16,NA,3.30493215421604,10.3446884824326
2007-01-17 12:00:00,2007,1,17,NA,4.30627383606602,10.3803680512104
2007-01-18 12:00:00,2007,1,18,NA,3.91495892036438,14.1188332498883
2007-01-19 12:00:00,2007,1,19,NA,4.47007477900334,11.673731773501
2007-01-20 12:00:00,2007,1,20,NA,1.35278149095291,4.45183155364004
2007-01-21 12:00:00,2007,1,21,NA,-3.07356657523446,-0.117473490499836
2007-01-22 12:00:00,2007,1,22,NA,-8.85525296527355,-0.928024945644994
2007-01-23 12:00:00,2007,1,23,NA,0.726973152367587,5.74869107724417
2007-01-24 12:00:00,2007,1,24,NA,4.68655143420892,9.67728457713795
2007-01-25 12:00:00,2007,1,25,NA,6.81772361919072,8.89558391256016
2007-01-26 12:00:00,2007,1,26,NA,2.1815633325438,7.08010793254786
2007-01-27 12:00:00,2007,1,27,NA,0.663882635583644,3.7685384015427
2007-01-28 12:00:00,2007,1,28,NA,3.69946275978432,10.1741225632504
2007-01-29 12:00:00,2007,1,29,NA,5.04001479282487,12.2610071629831
2007-01-30 12:00:00,2007,1,30,NA,2.36313366463625,12.6622777976865
2007-01-31 12:00:00,2007,1,31,NA,2.27106494587877,9.40493984733969
2007-02-01 12:00:00,2007,2,1,NA,0.914307817798159,9.89033425771072
2007-02-02 12:00:00,2007,2,2,NA,1.90680128642052,9.18014571561621
2007-02-03 12:00:00,2007,2,3,NA,-2.05075711050069,4.97021640402516
2007-02-04 12:00:00,2007,2,4,NA,-1.92505979932384,7.35090554407059
2007-02-05 12:00:00,2007,2,5,NA,-3.38407793306283,8.84849431732174
2007-02-06 12:00:00,2007,2,6,NA,-0.0484906276701844,10.9472680722675
2007-02-07 12:00:00,2007,2,7,NA,-5.69731218665331,4.65514303683747
2007-02-08 12:00:00,2007,2,8,NA,-6.25224715859117,4.35162523305081
2007-02-09 12:00:00,2007,2,9,NA,-2.91706373546788,2.38208204778336
2007-02-10 12:00:00,2007,2,10,NA,-3.68080698347697,0.0525664388632785
2007-02-11 12:00:00,2007,2,11,NA,-8.9568717622242,-3.69044709934716
2007-02-12 12:00:00,2007,2,12,NA,-10.5081369584311,-3.1532041377655
2007-02-13 12:00:00,2007,2,13,NA,-9.3992780794693,-0.888540004721235
2007-02-14 12:00:00,2007,2,14,NA,-5.36641328636881,-0.439765513412059
2007-02-15 12:00:00,2007,2,15,NA,-5.63436968993108,3.95674197436482
2007-02-16 12:00:00,2007,2,16,NA,2.1569406209032,7.80906532112855
2007-02-17 12:00:00,2007,2,17,NA,6.50362635570907,11.5071598529368
2007-02-18 12:00:00,2007,2,18,NA,5.27433274828923,11.9897174848368
2007-02-19 12:00:00,2007,2,19,NA,3.44526986048847,13.9547993719805
2007-02-20 12:00:00,2007,2,20,NA,8.43078712936881,15.1939913597621
2007-02-21 12:00:00,2007,2,21,NA,11.3988058437188,21.113141215732
2007-02-22 12:00:00,2007,2,22,NA,9.86859846970308,20.6558147559788
2007-02-23 12:00:00,2007,2,23,NA,12.579211975352,19.4923385358216
2007-02-24 12:00:00,2007,2,24,NA,13.8092027802085,17.1271104299784
2007-02-25 12:00:00,2007,2,25,NA,5.38746702182921,7.88125430689745
2007-02-26 12:00:00,2007,2,26,NA,7.77005349447265,10.1934746139992
2007-02-27 12:00:00,2007,2,27,NA,7.26987722120875,11.1595931053056
2007-02-28 12:00:00,2007,2,28,NA,5.47681291514986,9.63851115934721
2007-03-01 12:00:00,2007,3,1,NA,6.58798960799272,12.4494727197916
2007-03-02 12:00:00,2007,3,2,NA,8.55567453287455,15.0059174371028
2007-03-03 12:00:00,2007,3,3,NA,6.11237042073881,12.2851861500016
2007-03-04 12:00:00,2007,3,4,NA,4.70340296959755,10.8898140846647
2007-03-05 12:00:00,2007,3,5,NA,3.21201353081299,7.37425682188177
2007-03-06 12:00:00,2007,3,6,NA,-0.0472444295977077,7.30808688999807
2007-03-07 12:00:00,2007,3,7,NA,0.404811002879989,3.53093591578772
2007-03-08 12:00:00,2007,3,8,NA,-2.12590320654616,4.11273309218665
2007-03-09 12:00:00,2007,3,9,NA,-5.8549579427687,0.571345554736911
2007-03-10 12:00:00,2007,3,10,NA,1.52114864570148,5.7883091502397
2007-03-11 12:00:00,2007,3,11,NA,-4.67811681106076,12.6566874959463
2007-03-12 12:00:00,2007,3,12,NA,-1.99305042439621,15.3351829496811
2007-03-13 12:00:00,2007,3,13,NA,-1.0161382719901,17.6293384352505
2007-03-14 12:00:00,2007,3,14,NA,4.3076874805397,19.497122073066
2007-03-15 12:00:00,2007,3,15,NA,3.07218466212464,11.5961589063468
2007-03-16 12:00:00,2007,3,16,NA,1.09098171867963,13.3983469973663
2007-03-17 12:00:00,2007,3,17,NA,3.56582335662561,14.0701383602076
2007-03-18 12:00:00,2007,3,18,NA,2.19969447503848,12.4480031032038
2007-03-19 12:00:00,2007,3,19,NA,6.30381971167343,11.7648651655605
2007-03-20 12:00:00,2007,3,20,NA,4.50941656663219,10.4755238653248
2007-03-21 12:00:00,2007,3,21,NA,1.9881255056998,9.26254475156833
2007-03-22 12:00:00,2007,3,22,NA,-1.16700335839362,13.0179610108382
2007-03-23 12:00:00,2007,3,23,NA,-0.0198042455016534,16.1872766176805
2007-03-24 12:00:00,2007,3,24,NA,0.794274127914104,16.7776981891859
2007-03-25 12:00:00,2007,3,25,NA,4.60412222458385,18.8442068100898
2007-03-26 12:00:00,2007,3,26,NA,1.77803090973868,14.3344807868467
2007-03-27 12:00:00,2007,3,27,NA,0.563422764710714,20.9834885479976
2007-03-28 12:00:00,2007,3,28,NA,4.10228080625688,22.4331283959333
2007-03-29 12:00:00,2007,3,29,NA,5.38685982774926,21.5939406909314
2007-03-30 12:00:00,2007,3,30,NA,9.97670430791648,18.8670835481386
2007-03-31 12:00:00,2007,3,31,NA,9.63756919565842,18.4090702788387
2007-04-01 12:00:00,2007,4,1,NA,7.77383673686972,16.4993366022837
2007-04-02 12:00:00,2007,4,2,NA,9.60269101071818,13.7505818031668
2007-04-03 12:00:00,2007,4,3,NA,8.64494659249654,17.0248114025144
2007-04-04 12:00:00,2007,4,4,NA,5.03078914158592,19.1408005996476
2007-04-05 12:00:00,2007,4,5,NA,3.13851192970677,11.5283157988371
2007-04-06 12:00:00,2007,4,6,NA,1.58097357464404,12.0875767770168
2007-04-07 12:00:00,2007,4,7,NA,-2.36306175455833,13.9922962984311
2007-04-08 12:00:00,2007,4,8,NA,-3.12853895703505,15.4533954178974
2007-04-09 12:00:00,2007,4,9,NA,-0.0975577549350355,17.2730711345157
2007-04-10 12:00:00,2007,4,10,NA,1.53536894357861,18.5951863696842
2007-04-11 12:00:00,2007,4,11,NA,4.64855481625542,24.6983950287606
2007-04-12 12:00:00,2007,4,12,NA,8.4263756392926,22.1829822887296
2007-04-13 12:00:00,2007,4,13,NA,10.1540469731352,19.6317057555049
2007-04-14 12:00:00,2007,4,14,NA,6.84020784971455,28.0701309763362
2007-04-15 12:00:00,2007,4,15,NA,10.5905894997346,22.1310822687279
2007-04-16 12:00:00,2007,4,16,NA,8.78190491655924,23.8361058750306
2007-04-17 12:00:00,2007,4,17,NA,5.76713037087198,15.1551704127066
2007-04-18 12:00:00,2007,4,18,NA,5.70984139370564,16.2712536403468
2007-04-19 12:00:00,2007,4,19,NA,12.8237629344052,14.8040184083255
2007-04-20 12:00:00,2007,4,20,NA,11.1805668974708,14.0152088605038
2007-04-21 12:00:00,2007,4,21,NA,8.18364749672544,15.5714501817458
2007-04-22 12:00:00,2007,4,22,NA,3.92598690403055,11.9945441042216
2007-04-23 12:00:00,2007,4,23,NA,4.91268132192342,13.3627532976041
2007-04-24 12:00:00,2007,4,24,NA,4.34386556929578,13.2053017984604
2007-04-25 12:00:00,2007,4,25,NA,9.16520347480303,14.259021704764
2007-04-26 12:00:00,2007,4,26,NA,7.46288220644021,16.9405409888099
2007-04-27 12:00:00,2007,4,27,NA,7.45090108929769,17.468119595426
2007-04-28 12:00:00,2007,4,28,NA,6.40334305554032,16.0143120104588
2007-04-29 12:00:00,2007,4,29,NA,6.90926230610278,17.4512278028793
2007-04-30 12:00:00,2007,4,30,NA,8.31770491761515,19.9604784516832
2007-05-01 12:00:00,2007,5,1,NA,9.24701439593614,18.1084506251007
2007-05-02 12:00:00,2007,5,2,NA,6.1208031135827,12.2850324229252
2007-05-03 12:00:00,2007,5,3,NA,3.04204595517413,14.2464397698035
2007-05-04 12:00:00,2007,5,4,NA,7.14841242268185,15.0186871899945
2007-05-05 12:00:00,2007,5,5,NA,0.98311048205449,17.552570739532
2007-05-06 12:00:00,2007,5,6,NA,0.977903337433382,18.4985806076824
2007-05-07 12:00:00,2007,5,7,NA,4.00279000796907,15.6290999022784
2007-05-08 12:00:00,2007,5,8,NA,6.29355523337459,14.539286234246
2007-05-09 12:00:00,2007,5,9,NA,4.95797258426575,14.8415975104833
2007-05-10 12:00:00,2007,5,10,NA,5.88415966977649,14.2314823913929
2007-05-11 12:00:00,2007,5,11,NA,11.9284353458685,13.8892848161192
2007-05-12 12:00:00,2007,5,12,NA,8.34715628933587,12.5582689738266
2007-05-13 12:00:00,2007,5,13,NA,13.1204916392,18.9937017788876
2007-05-14 12:00:00,2007,5,14,NA,17.2589417951382,22.1323339822736
2007-05-15 12:00:00,2007,5,15,NA,13.4498869660497,19.3934996215955
2007-05-16 12:00:00,2007,5,16,NA,15.1742268711903,21.0450383305527
2007-05-17 12:00:00,2007,5,17,NA,10.5241933810333,24.1951163681043
2007-05-18 12:00:00,2007,5,18,NA,10.8778856897206,21.5870270415014
2007-05-19 12:00:00,2007,5,19,NA,11.1718933221554,17.1046062978974
2007-05-20 12:00:00,2007,5,20,NA,8.89597947997126,14.8252939173413
2007-05-21 12:00:00,2007,5,21,NA,7.90297889803139,19.7565301273518
2007-05-22 12:00:00,2007,5,22,NA,8.78903829214411,14.73265094769
2007-05-23 12:00:00,2007,5,23,NA,8.40409074409822,15.0363861714894
2007-05-24 12:00:00,2007,5,24,NA,12.0317964952811,19.8419966905889
2007-05-25 12:00:00,2007,5,25,NA,11.6239784083399,20.3995223593749
2007-05-26 12:00:00,2007,5,26,NA,17.8297801356779,23.6797963348333
2007-05-27 12:00:00,2007,5,27,NA,12.337193977516,20.14095866244
2007-05-28 12:00:00,2007,5,28,NA,8.01681501746693,19.7778382799096
2007-05-29 12:00:00,2007,5,29,NA,10.2632145496576,20.2457452716706
2007-05-30 12:00:00,2007,5,30,NA,11.2358934769334,21.9766128611176
2007-05-31 12:00:00,2007,5,31,NA,14.3193247333265,22.1501265744719
2007-06-01 12:00:00,2007,6,1,NA,15.9105106695935,23.7110814560796
2007-06-02 12:00:00,2007,6,2,NA,11.3642214058695,22.5633479589226
2007-06-03 12:00:00,2007,6,3,NA,10.4144841371422,21.4041966669043
2007-06-04 12:00:00,2007,6,4,NA,6.69887137545977,25.2714490814726
2007-06-05 12:00:00,2007,6,5,NA,13.1063817437089,23.3865567580186
2007-06-06 12:00:00,2007,6,6,NA,10.7238620936286,20.2492600124124
2007-06-07 12:00:00,2007,6,7,NA,9.44587775857958,21.844840221512
2007-06-08 12:00:00,2007,6,8,NA,9.76203121972926,24.2202294756853
2007-06-09 12:00:00,2007,6,9,NA,14.0355867850868,25.3939035974291
2007-06-10 12:00:00,2007,6,10,NA,18.9947888332735,27.2212098068347
2007-06-11 12:00:00,2007,6,11,NA,17.2333456791034,25.4970622226633
2007-06-12 12:00:00,2007,6,12,NA,15.6255756566773,23.5475195147127
2007-06-13 12:00:00,2007,6,13,NA,16.9046017158863,25.5633961642774
2007-06-14 12:00:00,2007,6,14,NA,15.319228889336,22.546364978033
2007-06-15 12:00:00,2007,6,15,NA,13.2406367284004,29.6920862520451
2007-06-16 12:00:00,2007,6,16,NA,12.6448220633558,31.0509011176426
2007-06-17 12:00:00,2007,6,17,NA,13.3286271918007,31.9900028323801
2007-06-18 12:00:00,2007,6,18,NA,16.7972724278531,34.27824715135
2007-06-19 12:00:00,2007,6,19,NA,15.3410874187049,35.2288099972487
2007-06-20 12:00:00,2007,6,20,NA,16.1683268684655,25.3350609773238
2007-06-21 12:00:00,2007,6,21,NA,11.3890953403508,28.9077917744754
2007-06-22 12:00:00,2007,6,22,NA,14.3952953530121,26.7904791248741
2007-06-23 12:00:00,2007,6,23,NA,17.6663498243884,26.8828293311205
2007-06-24 12:00:00,2007,6,24,NA,16.161766926714,25.4364435346073
2007-06-25 12:00:00,2007,6,25,NA,15.6027194438249,30.0054273472696
2007-06-26 12:00:00,2007,6,26,NA,20.6459599016993,25.798342962091
2007-06-27 12:00:00,2007,6,27,NA,18.8239542831565,25.9390936114706
2007-06-28 12:00:00,2007,6,28,NA,18.7216230516363,20.7578138951984
2007-06-29 12:00:00,2007,6,29,NA,14.8688340606435,16.6689245449561
2007-06-30 12:00:00,2007,6,30,NA,11.9516034339459,21.1766404294645
2007-07-01 12:00:00,2007,7,1,NA,11.2993209959001,21.7314794339285
2007-07-02 12:00:00,2007,7,2,NA,14.0667712032419,19.138467152728
2007-07-03 12:00:00,2007,7,3,NA,13.5188899204247,22.2434244783349
2007-07-04 12:00:00,2007,7,4,NA,13.717741529693,22.9839062062341
2007-07-05 12:00:00,2007,7,5,NA,16.7506882239919,24.4432861062525
2007-07-06 12:00:00,2007,7,6,NA,13.6665387754921,24.4606792483979
2007-07-07 12:00:00,2007,7,7,NA,14.9064895368807,27.3503970405935
2007-07-08 12:00:00,2007,7,8,NA,14.8002683866163,26.6673209747633
2007-07-09 12:00:00,2007,7,9,NA,23.8899874738926,27.7092049309107
2007-07-10 12:00:00,2007,7,10,NA,21.5725565819968,30.1276295566663
2007-07-11 12:00:00,2007,7,11,NA,18.846473733873,26.0299405843706
2007-07-12 12:00:00,2007,7,12,NA,15.8027707242629,26.774612283812
2007-07-13 12:00:00,2007,7,13,NA,14.8119560052643,23.2462969028657
2007-07-14 12:00:00,2007,7,14,NA,14.0237204403995,26.0900894924795
2007-07-15 12:00:00,2007,7,15,NA,11.099742443081,24.2876268106519
2007-07-16 12:00:00,2007,7,16,NA,11.7349737838872,26.4732842525869
2007-07-17 12:00:00,2007,7,17,NA,17.2699851980094,21.984388979135
2007-07-18 12:00:00,2007,7,18,NA,11.624995912219,21.6871099710968
2007-07-19 12:00:00,2007,7,19,NA,11.1376996392134,23.9338143864392
2007-07-20 12:00:00,2007,7,20,NA,10.0017048590803,21.351313627747
2007-07-21 12:00:00,2007,7,21,NA,8.31661347448665,26.0827897944182
2007-07-22 12:00:00,2007,7,22,NA,10.0509849014803,27.1127031527771
2007-07-23 12:00:00,2007,7,23,NA,11.2374443784511,25.9469319074883
2007-07-24 12:00:00,2007,7,24,NA,12.1316545460094,24.0360385295374
2007-07-25 12:00:00,2007,7,25,NA,15.2301834297266,25.5541895805307
2007-07-26 12:00:00,2007,7,26,NA,18.1942600537873,25.8403351703542
2007-07-27 12:00:00,2007,7,27,NA,12.7173349367483,27.0995747128389
2007-07-28 12:00:00,2007,7,28,NA,13.8670875339205,29.8691979737722
2007-07-29 12:00:00,2007,7,29,NA,18.5194994984324,28.9985315485526
2007-07-30 12:00:00,2007,7,30,NA,14.9874662399775,28.9089223211366
2007-07-31 12:00:00,2007,7,31,NA,18.6364733278741,24.3712153723906
2007-08-01 12:00:00,2007,8,1,NA,13.1058043678115,26.1368274976895
2007-08-02 12:00:00,2007,8,2,NA,16.0255892957204,23.5504448351686
2007-08-03 12:00:00,2007,8,3,NA,14.4257991531082,28.7723907952742
2007-08-04 12:00:00,2007,8,4,NA,15.3735231429908,33.6211163238891
2007-08-05 12:00:00,2007,8,5,NA,18.1329192865093,26.2884263994493
2007-08-06 12:00:00,2007,8,6,NA,21.1196804595291,27.9614327132206
2007-08-07 12:00:00,2007,8,7,NA,17.854859807692,30.4209441547064
2007-08-08 12:00:00,2007,8,8,NA,19.5511741460599,26.7399882212225
2007-08-09 12:00:00,2007,8,9,NA,14.0046155529517,24.7662531235541
2007-08-10 12:00:00,2007,8,10,NA,14.3301658145709,21.5811660386853
2007-08-11 12:00:00,2007,8,11,NA,10.5898765246258,24.95492376963
2007-08-12 12:00:00,2007,8,12,NA,5.48917935949194,28.8951836357355
2007-08-13 12:00:00,2007,8,13,NA,11.5394288794066,26.0381371369966
2007-08-14 12:00:00,2007,8,14,NA,15.0238912062176,30.8024106658102
2007-08-15 12:00:00,2007,8,15,NA,21.4244177770389,32.2015363741085
2007-08-16 12:00:00,2007,8,16,NA,20.1371931102655,29.4342103492773
2007-08-17 12:00:00,2007,8,17,NA,17.3526638027348,27.5024270385588
2007-08-18 12:00:00,2007,8,18,NA,20.8129848201099,22.6188978444067
2007-08-19 12:00:00,2007,8,19,NA,16.9845470405604,25.2272278614123
2007-08-20 12:00:00,2007,8,20,NA,17.1536480326884,32.0456042733006
2007-08-21 12:00:00,2007,8,21,NA,17.2467506098833,29.2103612225055
2007-08-22 12:00:00,2007,8,22,NA,16.0547941738595,31.5666907816843
2007-08-23 12:00:00,2007,8,23,NA,20.3971601805829,28.6519180893813
2007-08-24 12:00:00,2007,8,24,NA,19.3915282654231,27.0501410814279
2007-08-25 12:00:00,2007,8,25,NA,17.3465477990493,25.5892286199012
2007-08-26 12:00:00,2007,8,26,NA,16.2672297897133,27.6432477627724
2007-08-27 12:00:00,2007,8,27,NA,14.8153949678319,24.7662649375049
2007-08-28 12:00:00,2007,8,28,NA,14.4975983221043,27.3588779644531
2007-08-29 12:00:00,2007,8,29,NA,16.1030864799433,27.4791044530025
2007-08-30 12:00:00,2007,8,30,NA,12.4678342663239,24.1667180651584
2007-08-31 12:00:00,2007,8,31,NA,14.7962486228763,22.6819556376455
2007-09-01 12:00:00,2007,9,1,NA,13.0868218059824,22.9897002679501
2007-09-02 12:00:00,2007,9,2,NA,10.0107267236491,20.9677588468739
2007-09-03 12:00:00,2007,9,3,NA,11.8464200918973,19.7734663302023
2007-09-04 12:00:00,2007,9,4,NA,9.05556565387311,19.4453578834658
2007-09-05 12:00:00,2007,9,5,NA,11.2852129110517,19.5451072077759
2007-09-06 12:00:00,2007,9,6,NA,11.322538920048,18.7354400095178
2007-09-07 12:00:00,2007,9,7,NA,12.4120718362448,18.1696940851558
2007-09-08 12:00:00,2007,9,8,NA,15.5489404923641,20.4827410899228
2007-09-09 12:00:00,2007,9,9,NA,17.1640280640724,24.1954815899534
2007-09-10 12:00:00,2007,9,10,NA,11.2059962503021,21.7309211726741
2007-09-11 12:00:00,2007,9,11,NA,14.0260598140886,23.7656618166653
2007-09-12 12:00:00,2007,9,12,NA,14.3890397059513,24.254152388967
2007-09-13 12:00:00,2007,9,13,NA,15.0788915736748,26.6460801353543
2007-09-14 12:00:00,2007,9,14,NA,14.4390185708816,27.6068216176766
2007-09-15 12:00:00,2007,9,15,NA,17.1902099335661,23.000240928102
2007-09-16 12:00:00,2007,9,16,NA,14.610961471189,25.5169377336879
2007-09-17 12:00:00,2007,9,17,NA,10.4831036131168,25.5826910161693
2007-09-18 12:00:00,2007,9,18,NA,9.88991914621188,23.1627918608231
2007-09-19 12:00:00,2007,9,19,NA,12.6289743498523,20.5975010572049
2007-09-20 12:00:00,2007,9,20,NA,11.5926467591373,22.2425587641823
2007-09-21 12:00:00,2007,9,21,NA,9.84849644743153,25.0281780253511
2007-09-22 12:00:00,2007,9,22,NA,13.1269303734805,23.8245725938672
2007-09-23 12:00:00,2007,9,23,NA,10.8469747246679,20.5999270844855
2007-09-24 12:00:00,2007,9,24,NA,13.4026656341292,19.3765306209193
2007-09-25 12:00:00,2007,9,25,NA,13.7316842276912,20.8070517759693
2007-09-26 12:00:00,2007,9,26,NA,18.0637716932941,26.9296996822547
2007-09-27 12:00:00,2007,9,27,NA,13.1302088611319,25.179717226249
2007-09-28 12:00:00,2007,9,28,NA,14.1312417238246,20.5774370683444
2007-09-29 12:00:00,2007,9,29,NA,13.0430381166201,24.5382991910343
2007-09-30 12:00:00,2007,9,30,NA,12.1824675382227,23.8470303456479
2007-10-01 12:00:00,2007,10,1,NA,16.4004564897345,29.0259217365266
2007-10-02 12:00:00,2007,10,2,NA,14.8913877630578,27.6710188944151
2007-10-03 12:00:00,2007,10,3,NA,10.0944398414097,17.8452230313407
2007-10-04 12:00:00,2007,10,4,NA,9.82286128061777,14.0723370176295
2007-10-05 12:00:00,2007,10,5,NA,7.63153973649912,17.6867877674135
2007-10-06 12:00:00,2007,10,6,NA,6.36525765704059,15.6832186587221
2007-10-07 12:00:00,2007,10,7,NA,7.14675277795878,15.3400263988272
2007-10-08 12:00:00,2007,10,8,NA,7.40210467907644,15.3246954872006
2007-10-09 12:00:00,2007,10,9,NA,7.86135202241789,16.2451490008678
2007-10-10 12:00:00,2007,10,10,NA,11.7387519689462,18.8957515897988
2007-10-11 12:00:00,2007,10,11,NA,12.2875402385627,22.0809473232046
2007-10-12 12:00:00,2007,10,12,NA,11.791773014819,20.7348091896462
2007-10-13 12:00:00,2007,10,13,NA,15.8500772303945,21.2300751157144
2007-10-14 12:00:00,2007,10,14,NA,17.0831366473089,23.3244877511833
2007-10-15 12:00:00,2007,10,15,NA,15.8339165796888,27.691824525435
2007-10-16 12:00:00,2007,10,16,NA,16.3889004329275,23.4457606151757
2007-10-17 12:00:00,2007,10,17,NA,11.4042354703679,21.1976425550097
2007-10-18 12:00:00,2007,10,18,NA,9.68246382937244,15.8711321020249
2007-10-19 12:00:00,2007,10,19,NA,8.776002380588,19.2510568875141
2007-10-20 12:00:00,2007,10,20,NA,10.6661605484498,19.3552458689482
2007-10-21 12:00:00,2007,10,21,NA,13.8055095284099,23.330015162257
2007-10-22 12:00:00,2007,10,22,NA,15.4267843734199,24.8443777504442
2007-10-23 12:00:00,2007,10,23,NA,16.2373320271694,22.6167526474334
2007-10-24 12:00:00,2007,10,24,NA,14.1088011067353,19.4987885090444
2007-10-25 12:00:00,2007,10,25,NA,10.4480463684634,21.2834800627426
2007-10-26 12:00:00,2007,10,26,NA,9.14681418029435,20.3973760014377
2007-10-27 12:00:00,2007,10,27,NA,10.9306057128242,16.2891821878526
2007-10-28 12:00:00,2007,10,28,NA,7.28404107172561,14.815812306398
2007-10-29 12:00:00,2007,10,29,NA,4.69565220113371,11.5362352237021
2007-10-30 12:00:00,2007,10,30,NA,3.81541639730764,8.15705228678916
2007-10-31 12:00:00,2007,10,31,NA,3.58522773101415,11.6502626857503
2007-11-01 12:00:00,2007,11,1,NA,5.31179001583016,12.6166887012365
2007-11-02 12:00:00,2007,11,2,NA,3.76562616276686,10.1577525569986
2007-11-03 12:00:00,2007,11,3,NA,2.00550834735963,13.1667797544608
2007-11-04 12:00:00,2007,11,4,NA,7.57281632704456,13.0450051040821
2007-11-05 12:00:00,2007,11,5,NA,10.8180755324254,16.4086256995077
2007-11-06 12:00:00,2007,11,6,NA,11.0955767563601,15.7479423712925
2007-11-07 12:00:00,2007,11,7,NA,8.73334605179378,12.4676658674447
2007-11-08 12:00:00,2007,11,8,NA,6.37617021778675,12.9100488722406
2007-11-09 12:00:00,2007,11,9,NA,8.05831461389227,17.382149305345
2007-11-10 12:00:00,2007,11,10,NA,9.58832067714868,16.4718803303735
2007-11-11 12:00:00,2007,11,11,NA,5.72677277012273,10.4470359915077
2007-11-12 12:00:00,2007,11,12,NA,6.92851856318027,10.9377389511472
2007-11-13 12:00:00,2007,11,13,NA,6.08918926410352,10.9907479463678
2007-11-14 12:00:00,2007,11,14,NA,8.95703049765191,14.9535362008582
2007-11-15 12:00:00,2007,11,15,NA,11.1563433864086,12.999688301169
2007-11-16 12:00:00,2007,11,16,NA,8.93006774631089,11.3678866311323
2007-11-17 12:00:00,2007,11,17,NA,0.770589423261625,4.52610407285367
2007-11-18 12:00:00,2007,11,18,NA,1.79759475937922,7.53239441690086
2007-11-19 12:00:00,2007,11,19,NA,-0.534936436823563,5.85279618537455
2007-11-20 12:00:00,2007,11,20,NA,2.02334442685886,11.0471067778745
2007-11-21 12:00:00,2007,11,21,NA,1.59120200824411,8.31240639143874
2007-11-22 12:00:00,2007,11,22,NA,3.33306428861336,7.07073914002588
2007-11-23 12:00:00,2007,11,23,NA,2.67211943669392,11.0866408809424
2007-11-24 12:00:00,2007,11,24,NA,6.795926159509,11.7204075856598
2007-11-25 12:00:00,2007,11,25,NA,4.50479379968713,10.316488275904
2007-11-26 12:00:00,2007,11,26,NA,3.19445102630341,13.5143334553483
2007-11-27 12:00:00,2007,11,27,NA,4.96300311157575,12.9371415691255
2007-11-28 12:00:00,2007,11,28,NA,4.0394878613031,6.84814116515003
2007-11-29 12:00:00,2007,11,29,NA,2.86759265569682,9.70178648404229
2007-11-30 12:00:00,2007,11,30,NA,3.68044501393044,13.9587212011563
2007-12-01 12:00:00,2007,12,1,NA,3.35101679694485,14.6325701169611
2007-12-02 12:00:00,2007,12,2,NA,7.30777143495839,14.9216056391334
2007-12-03 12:00:00,2007,12,3,NA,9.91146835022998,15.873862371284
2007-12-04 12:00:00,2007,12,4,NA,9.90478255382933,18.0545669607679
2007-12-05 12:00:00,2007,12,5,NA,6.4509716197583,9.55169233522104
2007-12-06 12:00:00,2007,12,6,NA,1.98191161314214,6.54328658366422
2007-12-07 12:00:00,2007,12,7,NA,-3.65593510462159,-2.20313801011444
2007-12-08 12:00:00,2007,12,8,NA,-5.46015634470463,-3.52853765270401
2007-12-09 12:00:00,2007,12,9,NA,-7.21887531841461,-2.80184195093595
2007-12-10 12:00:00,2007,12,10,NA,-5.8621660660528,-1.04414074288858
2007-12-11 12:00:00,2007,12,11,NA,-2.28591551504351,6.56071567969479
2007-12-12 12:00:00,2007,12,12,NA,3.77033917925098,6.80984924012562
2007-12-13 12:00:00,2007,12,13,NA,2.67754464623762,9.64266052803148
2007-12-14 12:00:00,2007,12,14,NA,2.05850206627429,10.1942955769503
2007-12-15 12:00:00,2007,12,15,NA,3.71206987184318,11.3404321794374
2007-12-16 12:00:00,2007,12,16,NA,2.2319839219037,6.45498491813307
2007-12-17 12:00:00,2007,12,17,NA,-2.43365451802498,3.55245040959162
2007-12-18 12:00:00,2007,12,18,NA,-1.65824944359707,6.20424537058833
2007-12-19 12:00:00,2007,12,19,NA,-2.16737329298334,1.6569882727609
2007-12-20 12:00:00,2007,12,20,NA,-4.92055357848613,-0.939080121080672
2007-12-21 12:00:00,2007,12,21,NA,-1.81889254196221,2.12996559695128
2007-12-22 12:00:00,2007,12,22,NA,-1.6506708566202,2.37099340428162
2007-12-23 12:00:00,2007,12,23,NA,-1.28526621200462,1.37397165121911
2007-12-24 12:00:00,2007,12,24,NA,-1.27323017714086,1.47886337770219
2007-12-25 12:00:00,2007,12,25,NA,-1.8143058865954,1.68747830612867
2007-12-26 12:00:00,2007,12,26,NA,-2.62164165929388,-0.584759381460455
2007-12-27 12:00:00,2007,12,27,NA,0.855233051857477,2.54058147997125
2007-12-28 12:00:00,2007,12,28,NA,-1.35147069346303,-0.489709670804107
2007-12-29 12:00:00,2007,12,29,NA,3.87876537009043,5.91564764792386
2007-12-30 12:00:00,2007,12,30,NA,-0.706457455280538,6.42384587935596
2007-12-31 12:00:00,2007,12,31,NA,-4.14964429613369,1.91234442746733
2008-01-01 12:00:00,2008,1,1,NA,-3.57302572350387,4.19431629155953
2008-01-02 12:00:00,2008,1,2,NA,-0.738087500318391,5.78573761788132
2008-01-03 12:00:00,2008,1,3,NA,-3.79940980675942,2.63954423138186
2008-01-04 12:00:00,2008,1,4,NA,-5.10258112593766,2.10107586855995
2008-01-05 12:00:00,2008,1,5,NA,2.76424662219113,6.5753469337638
2008-01-06 12:00:00,2008,1,6,NA,0.184939584020035,6.92167781846864
2008-01-07 12:00:00,2008,1,7,NA,5.54513029983526,10.6205848485706
2008-01-08 12:00:00,2008,1,8,NA,3.99176576704941,8.46022433190676
2008-01-09 12:00:00,2008,1,9,NA,4.48632170107628,9.28943631944183
2008-01-10 12:00:00,2008,1,10,NA,2.4534648944687,8.9822128504852
2008-01-11 12:00:00,2008,1,11,NA,6.10938596465892,9.25887134910584
2008-01-12 12:00:00,2008,1,12,NA,6.84028558612276,10.5135611303329
2008-01-13 12:00:00,2008,1,13,NA,3.76058107553989,6.72009645840115
2008-01-14 12:00:00,2008,1,14,NA,2.35314742216253,4.22444774683905
2008-01-15 12:00:00,2008,1,15,NA,0.00938613153441725,4.11137738687833
2008-01-16 12:00:00,2008,1,16,NA,-2.33987928047579,3.89491911430276
2008-01-17 12:00:00,2008,1,17,NA,-3.33734991999976,1.6932599367383
2008-01-18 12:00:00,2008,1,18,NA,-7.93093044457807,-3.61922313938744
2008-01-19 12:00:00,2008,1,19,NA,-9.67743519783144,-2.39106019014832
2008-01-20 12:00:00,2008,1,20,NA,-0.124857389026343,2.98218168452115
2008-01-21 12:00:00,2008,1,21,NA,3.06448324610666,4.92118183602517
2008-01-22 12:00:00,2008,1,22,NA,4.05715276397022,6.78054356054272
2008-01-23 12:00:00,2008,1,23,NA,1.76080918320636,6.69380678962415
2008-01-24 12:00:00,2008,1,24,NA,-3.76444352604707,2.36716273448528
2008-01-25 12:00:00,2008,1,25,NA,-1.07214030855372,0.749371055261717
2008-01-26 12:00:00,2008,1,26,NA,-1.80795126548166,3.0272029963182
2008-01-27 12:00:00,2008,1,27,NA,0.493227874927463,3.32806405280977
2008-01-28 12:00:00,2008,1,28,NA,6.02457226333563,12.0619792300692
2008-01-29 12:00:00,2008,1,29,NA,4.96042880716416,9.02357798010244
2008-01-30 12:00:00,2008,1,30,NA,3.88090219405191,8.68401681241746
2008-01-31 12:00:00,2008,1,31,NA,1.69143457083132,5.99947399890961
2008-02-01 12:00:00,2008,2,1,NA,1.06335705584689,4.71645321492367
2008-02-02 12:00:00,2008,2,2,NA,4.76731607644549,7.91045401167125
2008-02-03 12:00:00,2008,2,3,NA,3.94569827744277,8.68832495717629
2008-02-04 12:00:00,2008,2,4,NA,2.80902371138614,13.339248710536
2008-02-05 12:00:00,2008,2,5,NA,3.74626365695819,12.4803897823467
2008-02-06 12:00:00,2008,2,6,NA,1.3795855601655,7.47885081720232
2008-02-07 12:00:00,2008,2,7,NA,2.04528566641055,7.69741036663591
2008-02-08 12:00:00,2008,2,8,NA,5.39403740108663,11.3305402874092
2008-02-09 12:00:00,2008,2,9,NA,5.04668735959073,12.0326997164537
2008-02-10 12:00:00,2008,2,10,NA,2.65488596518285,11.6292101297263
2008-02-11 12:00:00,2008,2,11,NA,2.10919590234243,12.8876734590689
2008-02-12 12:00:00,2008,2,12,NA,3.6819641220077,7.83418358859312
2008-02-13 12:00:00,2008,2,13,NA,4.81853293709083,8.77091199184586
2008-02-14 12:00:00,2008,2,14,NA,5.29367900420545,11.9009591213315
2008-02-15 12:00:00,2008,2,15,NA,3.73045925795233,14.3343316495943
2008-02-16 12:00:00,2008,2,16,NA,8.90982705826866,14.8173729174279
2008-02-17 12:00:00,2008,2,17,NA,7.25679061629546,11.3655534579696
2008-02-18 12:00:00,2008,2,18,NA,5.20582438297206,10.104814091455
2008-02-19 12:00:00,2008,2,19,NA,6.65241668184653,12.8075882084661
2008-02-20 12:00:00,2008,2,20,NA,7.1603610567232,12.818105993443
2008-02-21 12:00:00,2008,2,21,NA,8.38788915235187,13.5097025970645
2008-02-22 12:00:00,2008,2,22,NA,5.22476234796353,10.2069652786207
2008-02-23 12:00:00,2008,2,23,NA,7.1196752166214,11.9509125313891
2008-02-24 12:00:00,2008,2,24,NA,4.31704334288801,11.6655422508609
2008-02-25 12:00:00,2008,2,25,NA,5.47087900474999,7.93804235010016
2008-02-26 12:00:00,2008,2,26,NA,2.09113140071897,8.10013228521293
2008-02-27 12:00:00,2008,2,27,NA,3.76522416977869,8.95219693692256
2008-02-28 12:00:00,2008,2,28,NA,0.567583302389082,9.61360012912634
2008-02-29 12:00:00,2008,2,29,NA,3.96205178733907,8.8265510363595
2008-03-01 12:00:00,2008,3,1,NA,5.84991345989008,10.0794221568828
2008-03-02 12:00:00,2008,3,2,NA,-0.765571395600345,7.28216236548511
2008-03-03 12:00:00,2008,3,3,NA,6.42389320184762,13.0374655659604
2008-03-04 12:00:00,2008,3,4,NA,8.57972515286772,14.1342402978135
2008-03-05 12:00:00,2008,3,5,NA,7.38521097070548,16.0959624593534
2008-03-06 12:00:00,2008,3,6,NA,7.30766333187485,11.7904491524707
2008-03-07 12:00:00,2008,3,7,NA,3.15758706766229,6.03389319099061
2008-03-08 12:00:00,2008,3,8,NA,-1.08976664827956,7.43420759594261
2008-03-09 12:00:00,2008,3,9,NA,1.87915670145226,8.06556781651944
2008-03-10 12:00:00,2008,3,10,NA,-4.33837633459517,2.41696223333846
2008-03-11 12:00:00,2008,3,11,NA,-5.66382702227241,8.04451045190347
2008-03-12 12:00:00,2008,3,12,NA,-4.12810441112087,6.78625877861662
2008-03-13 12:00:00,2008,3,13,NA,-3.64880547219094,10.4143042388192
2008-03-14 12:00:00,2008,3,14,NA,-3.00739847951778,18.6939354799102
2008-03-15 12:00:00,2008,3,15,NA,0.451114113722033,21.0403249972918
2008-03-16 12:00:00,2008,3,16,NA,2.34563115267693,15.0472894230876
2008-03-17 12:00:00,2008,3,17,NA,5.39274319454011,14.8544160308754
2008-03-18 12:00:00,2008,3,18,NA,2.35390620753025,12.1157272874021
2008-03-19 12:00:00,2008,3,19,NA,5.144713798193,13.1576317409578
2008-03-20 12:00:00,2008,3,20,NA,4.59500494719645,16.4414701773838
2008-03-21 12:00:00,2008,3,21,NA,3.04757782797695,19.2010525452352
2008-03-22 12:00:00,2008,3,22,NA,9.78724260075913,15.9598938705657
2008-03-23 12:00:00,2008,3,23,NA,9.70363682191286,17.4752356893556
2008-03-24 12:00:00,2008,3,24,NA,9.53748240591189,12.9659139385576
2008-03-25 12:00:00,2008,3,25,NA,7.0093613092988,18.8596189033238
2008-03-26 12:00:00,2008,3,26,NA,12.9643059871823,21.4442012819634
2008-03-27 12:00:00,2008,3,27,NA,11.1267610416457,13.8618941023538
2008-03-28 12:00:00,2008,3,28,NA,9.49071322301926,13.4477439497783
2008-03-29 12:00:00,2008,3,29,NA,9.43421209494839,17.5536284580768
2008-03-30 12:00:00,2008,3,30,NA,7.72224211311568,11.8745723073372
2008-03-31 12:00:00,2008,3,31,NA,3.57211405834621,9.03525372089246
2008-04-01 12:00:00,2008,4,1,NA,0.833634889335755,15.4613667817441
2008-04-02 12:00:00,2008,4,2,NA,8.62526903157881,18.9403069490501
2008-04-03 12:00:00,2008,4,3,NA,8.34167703238503,14.5456377206236
2008-04-04 12:00:00,2008,4,4,NA,4.99417122759712,11.3249196652478
2008-04-05 12:00:00,2008,4,5,NA,4.54801395031919,11.9577144783039
2008-04-06 12:00:00,2008,4,6,NA,4.31842703835032,11.7291905709054
2008-04-07 12:00:00,2008,4,7,NA,3.31410121330277,16.0203385614251
2008-04-08 12:00:00,2008,4,8,NA,1.96981903658321,14.356048887761
2008-04-09 12:00:00,2008,4,9,NA,0.323893219358304,13.3084901403963
2008-04-10 12:00:00,2008,4,10,NA,6.58993244573857,22.9791072515397
2008-04-11 12:00:00,2008,4,11,NA,11.5489066836605,18.9405684698891
2008-04-12 12:00:00,2008,4,12,NA,9.96302117231212,23.506852333517
2008-04-13 12:00:00,2008,4,13,NA,11.8844699694133,21.3717262715101
2008-04-14 12:00:00,2008,4,14,NA,10.5876875845069,18.7432907348368
2008-04-15 12:00:00,2008,4,15,NA,10.027578200173,17.2583150584036
2008-04-16 12:00:00,2008,4,16,NA,4.74153220137932,14.7754824938596
2008-04-17 12:00:00,2008,4,17,NA,9.30765177950295,15.5233366223674
2008-04-18 12:00:00,2008,4,18,NA,7.68709528881356,14.9727462800481
2008-04-19 12:00:00,2008,4,19,NA,5.4057687886255,15.5231880278618
2008-04-20 12:00:00,2008,4,20,NA,11.3914769148765,18.5527633070526
2008-04-21 12:00:00,2008,4,21,NA,4.3078976164507,20.0265992502975
2008-04-22 12:00:00,2008,4,22,NA,6.59645221599994,20.0673456597523
2008-04-23 12:00:00,2008,4,23,NA,3.93848417605446,21.3091130655052
2008-04-24 12:00:00,2008,4,24,NA,1.6618342269526,14.047736510284
2008-04-25 12:00:00,2008,4,25,NA,3.89817247838021,12.4282519410035
2008-04-26 12:00:00,2008,4,26,NA,0.0622359400475787,17.0034901798247
2008-04-27 12:00:00,2008,4,27,NA,0.192657554149434,20.0017142342334
2008-04-28 12:00:00,2008,4,28,NA,2.53175447026732,16.8264402664306
2008-04-29 12:00:00,2008,4,29,NA,2.4930617990867,18.4965591637002
2008-04-30 12:00:00,2008,4,30,NA,4.3958974838687,14.8262092295887
2008-05-01 12:00:00,2008,5,1,NA,0.284476681042925,18.5333482738213
2008-05-02 12:00:00,2008,5,2,NA,0.656207319201661,19.1861307417208
2008-05-03 12:00:00,2008,5,3,NA,4.92453979361806,17.8242195363446
2008-05-04 12:00:00,2008,5,4,NA,1.99149651426265,12.6729397886275
2008-05-05 12:00:00,2008,5,5,NA,5.68705671276818,13.1933925526168
2008-05-06 12:00:00,2008,5,6,NA,6.18557073837935,14.0163725795247
2008-05-07 12:00:00,2008,5,7,NA,10.0149236559729,15.8881337956606
2008-05-08 12:00:00,2008,5,8,NA,10.4903817116666,18.3005819069745
2008-05-09 12:00:00,2008,5,9,NA,9.4874799119532,16.4088513337722
2008-05-10 12:00:00,2008,5,10,NA,9.49974240667501,21.1260523009844
2008-05-11 12:00:00,2008,5,11,NA,11.4848413939809,28.5697592127192
2008-05-12 12:00:00,2008,5,12,NA,10.97369055764,29.5735586657751
2008-05-13 12:00:00,2008,5,13,NA,10.3217916041397,24.0745847519233
2008-05-14 12:00:00,2008,5,14,NA,10.7935486496375,27.6002230718184
2008-05-15 12:00:00,2008,5,15,NA,6.45292491951097,21.4739490489011
2008-05-16 12:00:00,2008,5,16,NA,10.8068233642446,22.660374593565
2008-05-17 12:00:00,2008,5,17,NA,20.1237698059542,22.2952426233977
2008-05-18 12:00:00,2008,5,18,NA,17.5687930992376,24.4672489593697
2008-05-19 12:00:00,2008,5,19,NA,13.0041055715093,18.6233854563736
2008-05-20 12:00:00,2008,5,20,NA,12.6210813491917,16.5529670978525
2008-05-21 12:00:00,2008,5,21,NA,15.3698369790109,18.3067806027223
2008-05-22 12:00:00,2008,5,22,NA,10.0986673181608,18.9531491389946
2008-05-23 12:00:00,2008,5,23,NA,18.1261984407917,25.018175382671
2008-05-24 12:00:00,2008,5,24,NA,16.0080284464895,21.8580446456449
2008-05-25 12:00:00,2008,5,25,NA,12.895025718802,19.9366254998681
2008-05-26 12:00:00,2008,5,26,NA,11.5441390044157,20.3268589456303
2008-05-27 12:00:00,2008,5,27,NA,19.1398807497247,26.9436454346487
2008-05-28 12:00:00,2008,5,28,NA,19.5367483807969,24.4101405679323
2008-05-29 12:00:00,2008,5,29,NA,15.9635274124071,31.3192503962552
2008-05-30 12:00:00,2008,5,30,NA,16.9982706811919,32.5359919183707
2008-05-31 12:00:00,2008,5,31,NA,19.5556515177777,28.8835231773151
2008-06-01 12:00:00,2008,6,1,NA,20.5573363291419,30.1105786199049
2008-06-02 12:00:00,2008,6,2,NA,17.5480455244935,30.2399818903528
2008-06-03 12:00:00,2008,6,3,NA,15.3260488863617,29.7904504306903
2008-06-04 12:00:00,2008,6,4,NA,13.8939662231098,27.0757961776183
2008-06-05 12:00:00,2008,6,5,NA,14.4269730462672,29.5548719656985
2008-06-06 12:00:00,2008,6,6,NA,19.2062447119633,26.4682454150729
2008-06-07 12:00:00,2008,6,7,NA,13.910807781607,24.2178345910762
2008-06-08 12:00:00,2008,6,8,NA,12.1000666965245,19.7045824500434
2008-06-09 12:00:00,2008,6,9,NA,12.8850145317852,20.278578802385
2008-06-10 12:00:00,2008,6,10,NA,13.0002651987019,19.1428168916803
2008-06-11 12:00:00,2008,6,11,NA,14.1349209440821,23.4095975519754
2008-06-12 12:00:00,2008,6,12,NA,19.6587121857386,25.5022601733798
2008-06-13 12:00:00,2008,6,13,NA,15.5736478797313,23.7308315974552
2008-06-14 12:00:00,2008,6,14,NA,15.6249423044546,20.7773253648463
2008-06-15 12:00:00,2008,6,15,NA,13.710087134687,19.8270548130857
2008-06-16 12:00:00,2008,6,16,NA,14.6475649984693,17.9698391369768
2008-06-17 12:00:00,2008,6,17,NA,14.6547851350929,21.0183172859609
2008-06-18 12:00:00,2008,6,18,NA,14.0707509916253,24.3777778010945
2008-06-19 12:00:00,2008,6,19,NA,15.0810334001753,22.4745976707751
2008-06-20 12:00:00,2008,6,20,NA,11.525542518057,26.503071044033
2008-06-21 12:00:00,2008,6,21,NA,12.8495404758295,29.7434496749738
2008-06-22 12:00:00,2008,6,22,NA,19.5723437743984,28.4661369482158
2008-06-23 12:00:00,2008,6,23,NA,21.0489781596794,29.207209842269
2008-06-24 12:00:00,2008,6,24,NA,20.2620504254227,26.4609232931432
2008-06-25 12:00:00,2008,6,25,NA,20.0192638957231,26.6309476321684
2008-06-26 12:00:00,2008,6,26,NA,19.2909298563401,31.6782341833778
2008-06-27 12:00:00,2008,6,27,NA,18.78349558578,35.2228378388069
2008-06-28 12:00:00,2008,6,28,NA,26.4598601396809,28.4992075800391
2008-06-29 12:00:00,2008,6,29,NA,21.9160672010801,23.9522580446422
2008-06-30 12:00:00,2008,6,30,NA,12.7857452368017,25.7940978574933
2008-07-01 12:00:00,2008,7,1,NA,11.2365403411806,27.7204404904899
2008-07-02 12:00:00,2008,7,2,NA,11.5219403894142,28.2746833734756
2008-07-03 12:00:00,2008,7,3,NA,15.0704861533148,24.6464782447909
2008-07-04 12:00:00,2008,7,4,NA,10.4213283200855,27.4877964116038
2008-07-05 12:00:00,2008,7,5,NA,13.2174520574974,33.642399081018
2008-07-06 12:00:00,2008,7,6,NA,13.6960892475664,33.5194312059409
2008-07-07 12:00:00,2008,7,7,NA,15.5882620510561,30.7772446736163
2008-07-08 12:00:00,2008,7,8,NA,17.3915447216154,33.989409998874
2008-07-09 12:00:00,2008,7,9,NA,17.9109721222203,29.4587763182962
2008-07-10 12:00:00,2008,7,10,NA,18.7153963796348,22.240049954066
2008-07-11 12:00:00,2008,7,11,NA,16.3479726301595,23.1887913000103
2008-07-12 12:00:00,2008,7,12,NA,13.1145386222521,16.9408330794526
2008-07-13 12:00:00,2008,7,13,NA,14.2305100521948,15.9864871010213
2008-07-14 12:00:00,2008,7,14,NA,13.8823138549821,15.6382909038086
2008-07-15 12:00:00,2008,7,15,NA,13.1981161144437,16.0608611621075
2008-07-16 12:00:00,2008,7,16,NA,13.4272620136797,18.2369316245395
2008-07-17 12:00:00,2008,7,17,NA,12.6451694500255,18.7860528870422
2008-07-18 12:00:00,2008,7,18,NA,17.9001161208706,22.6437326379328
2008-07-19 12:00:00,2008,7,19,NA,16.6478001744654,25.2292598726581
2008-07-20 12:00:00,2008,7,20,NA,13.5785004622957,32.376921252
2008-07-21 12:00:00,2008,7,21,NA,17.8250824052266,28.4451922521654
2008-07-22 12:00:00,2008,7,22,NA,16.419577389696,29.56669957006
2008-07-23 12:00:00,2008,7,23,NA,15.0439422093992,34.3517565544
2008-07-24 12:00:00,2008,7,24,NA,15.4963265895428,28.2682072930323
2008-07-25 12:00:00,2008,7,25,NA,16.405168693936,26.0121401051338
2008-07-26 12:00:00,2008,7,26,NA,14.0868221336099,22.9722388524112
2008-07-27 12:00:00,2008,7,27,NA,13.5433794157562,27.3372450637093
2008-07-28 12:00:00,2008,7,28,NA,17.787834573977,24.7552537302434
2008-07-29 12:00:00,2008,7,29,NA,11.7334619496799,26.4318571253049
2008-07-30 12:00:00,2008,7,30,NA,14.8334973021799,31.3446875031812
2008-07-31 12:00:00,2008,7,31,NA,14.1200962590038,25.5322841775203
2008-08-01 12:00:00,2008,8,1,NA,12.8212960077394,29.7190122645638
2008-08-02 12:00:00,2008,8,2,NA,13.3151916965726,30.500118756344
2008-08-03 12:00:00,2008,8,3,NA,12.3707191686966,28.5514989624677
2008-08-04 12:00:00,2008,8,4,NA,15.9793966670621,27.7453263358018
2008-08-05 12:00:00,2008,8,5,NA,13.5639808936543,23.9416503872421
2008-08-06 12:00:00,2008,8,6,NA,13.6168388922059,23.3518321264397
2008-08-07 12:00:00,2008,8,7,NA,10.1446314550647,23.2723297948882
2008-08-08 12:00:00,2008,8,8,NA,8.36827424901177,24.206252139446
2008-08-09 12:00:00,2008,8,9,NA,8.39156661674373,21.3856565637046
2008-08-10 12:00:00,2008,8,10,NA,11.9526307627874,23.0888652780921
2008-08-11 12:00:00,2008,8,11,NA,13.5123634546302,22.9441301889479
2008-08-12 12:00:00,2008,8,12,NA,12.4648059113374,22.6515193675614
2008-08-13 12:00:00,2008,8,13,NA,11.8544255925345,21.8052955622075
2008-08-14 12:00:00,2008,8,14,NA,12.757807932129,19.9466220072915
2008-08-15 12:00:00,2008,8,15,NA,14.6573969343983,22.0786658444453
2008-08-16 12:00:00,2008,8,16,NA,15.4101519920023,22.15995939427
2008-08-17 12:00:00,2008,8,17,NA,13.2114538760521,23.5184778230921
2008-08-18 12:00:00,2008,8,18,NA,8.81763623558968,22.7336319142537
2008-08-19 12:00:00,2008,8,19,NA,8.58037215603764,23.4723283966498
2008-08-20 12:00:00,2008,8,20,NA,8.24379540899618,25.2954969748607
2008-08-21 12:00:00,2008,8,21,NA,12.7920487568015,24.469764118593
2008-08-22 12:00:00,2008,8,22,NA,10.3005420971299,24.1526668986478
2008-08-23 12:00:00,2008,8,23,NA,11.0141694370246,24.1076175418991
2008-08-24 12:00:00,2008,8,24,NA,14.0666460983255,19.2218694319881
2008-08-25 12:00:00,2008,8,25,NA,12.9104515999773,20.993343718162
2008-08-26 12:00:00,2008,8,26,NA,11.6064592850376,25.3427311281414
2008-08-27 12:00:00,2008,8,27,NA,11.9610788476783,27.0476519256758
2008-08-28 12:00:00,2008,8,28,NA,13.9581401383954,29.9729535043154
2008-08-29 12:00:00,2008,8,29,NA,12.7325419004997,24.7676321273365
2008-08-30 12:00:00,2008,8,30,NA,14.2494034360979,25.9254682409145
2008-08-31 12:00:00,2008,8,31,NA,14.5066086348165,23.6012385687792
2008-09-01 12:00:00,2008,9,1,NA,9.3947589908983,26.3151542400488
2008-09-02 12:00:00,2008,9,2,NA,10.5563794345639,25.0550876921539
2008-09-03 12:00:00,2008,9,3,NA,12.5530405499344,21.4600134128908
2008-09-04 12:00:00,2008,9,4,NA,11.7722446933694,22.6455003356349
2008-09-05 12:00:00,2008,9,5,NA,9.47586335430853,21.9319618194334
2008-09-06 12:00:00,2008,9,6,NA,12.764123992328,17.8070738841868
2008-09-07 12:00:00,2008,9,7,NA,11.9161289647962,18.1815097570578
2008-09-08 12:00:00,2008,9,8,NA,11.3530292775213,16.3959791693801
2008-09-09 12:00:00,2008,9,9,NA,11.7974027821827,21.0979662714931
2008-09-10 12:00:00,2008,9,10,NA,16.2574822985382,24.8116158005375
2008-09-11 12:00:00,2008,9,11,NA,17.1311362357065,19.5238328094052
2008-09-12 12:00:00,2008,9,12,NA,17.4188314633332,24.0726790684092
2008-09-13 12:00:00,2008,9,13,NA,17.9379094169034,24.8576192308346
2008-09-14 12:00:00,2008,9,14,NA,14.4564734512653,21.6034825833585
2008-09-15 12:00:00,2008,9,15,NA,12.1645572940084,14.7207511220752
2008-09-16 12:00:00,2008,9,16,NA,10.7797875386989,16.8720116967623
2008-09-17 12:00:00,2008,9,17,NA,11.9675937096268,18.7843905504137
2008-09-18 12:00:00,2008,9,18,NA,10.6364314832123,16.5314371188555
2008-09-19 12:00:00,2008,9,19,NA,8.22611088783173,15.877713489553
2008-09-20 12:00:00,2008,9,20,NA,7.04444679475712,18.6116353564366
2008-09-21 12:00:00,2008,9,21,NA,10.3655027267071,15.3022633271416
2008-09-22 12:00:00,2008,9,22,NA,12.2041166465412,15.759227260803
2008-09-23 12:00:00,2008,9,23,NA,9.66691688059975,16.170094474574
2008-09-24 12:00:00,2008,9,24,NA,8.83320381405361,15.620769279089
2008-09-25 12:00:00,2008,9,25,NA,11.4800047202718,14.9384806559713
2008-09-26 12:00:00,2008,9,26,NA,10.6783061862661,14.2102609933523
2008-09-27 12:00:00,2008,9,27,NA,5.37299432186955,16.940182883549
2008-09-28 12:00:00,2008,9,28,NA,10.4595129683927,15.2669702639522
2008-09-29 12:00:00,2008,9,29,NA,11.3650805081309,17.866660072677
2008-09-30 12:00:00,2008,9,30,NA,9.60526079220159,19.0716303816887
2008-10-01 12:00:00,2008,10,1,NA,15.3035655717156,21.5063503639066
2008-10-02 12:00:00,2008,10,2,NA,14.2143383743314,21.0295632338035
2008-10-03 12:00:00,2008,10,3,NA,16.0461686553632,21.2714261182898
2008-10-04 12:00:00,2008,10,4,NA,13.5141960448175,18.9041834471266
2008-10-05 12:00:00,2008,10,5,NA,11.8662672151523,20.5239193121114
2008-10-06 12:00:00,2008,10,6,NA,10.7666552087362,18.2192276737827
2008-10-07 12:00:00,2008,10,7,NA,8.29190586745466,21.2092973177442
2008-10-08 12:00:00,2008,10,8,NA,12.489523858804,21.1238107301875
2008-10-09 12:00:00,2008,10,9,NA,8.68741473630231,18.2119203701494
2008-10-10 12:00:00,2008,10,10,NA,7.73401839671746,19.4534295858503
2008-10-11 12:00:00,2008,10,11,NA,11.0659630571623,18.5096507992011
2008-10-12 12:00:00,2008,10,12,NA,11.9445330736016,19.615689596909
2008-10-13 12:00:00,2008,10,13,NA,9.55713397069579,14.1670767588456
2008-10-14 12:00:00,2008,10,14,NA,6.14373323626651,16.1989812671809
2008-10-15 12:00:00,2008,10,15,NA,12.3629452958679,17.5882027587945
2008-10-16 12:00:00,2008,10,16,NA,14.8228886235815,18.8583596221869
2008-10-17 12:00:00,2008,10,17,NA,8.83369263571181,17.0212017924948
2008-10-18 12:00:00,2008,10,18,NA,4.95239297624934,18.1389566393792
2008-10-19 12:00:00,2008,10,19,NA,8.25851419203843,19.2814653305271
2008-10-20 12:00:00,2008,10,20,NA,10.6596679227214,17.520178604689
2008-10-21 12:00:00,2008,10,21,NA,13.144267041888,17.3840386443664
2008-10-22 12:00:00,2008,10,22,NA,7.67259578230458,12.3542422768696
2008-10-23 12:00:00,2008,10,23,NA,0.901485800151428,8.19260196204881
2008-10-24 12:00:00,2008,10,24,NA,2.23809966734066,9.69067213238719
2008-10-25 12:00:00,2008,10,25,NA,2.8072944811732,10.1147086341732
2008-10-26 12:00:00,2008,10,26,NA,1.63373858787026,13.155420582699
2008-10-27 12:00:00,2008,10,27,NA,2.91378939535817,12.006862760561
2008-10-28 12:00:00,2008,10,28,NA,-0.29344150085199,12.4756901737505
2008-10-29 12:00:00,2008,10,29,NA,-2.12761302928716,13.4108832540459
2008-10-30 12:00:00,2008,10,30,NA,7.52068327608355,12.2438092303253
2008-10-31 12:00:00,2008,10,31,NA,5.98148461247458,14.6311937314668
2008-11-01 12:00:00,2008,11,1,NA,7.79902747978872,13.2068916818719
2008-11-02 12:00:00,2008,11,2,NA,5.36120697819766,15.0285206913746
2008-11-03 12:00:00,2008,11,3,NA,6.27902893504827,10.9335057738888
2008-11-04 12:00:00,2008,11,4,NA,6.78075648949979,8.69877912544356
2008-11-05 12:00:00,2008,11,5,NA,3.06620842242828,7.93385717859861
2008-11-06 12:00:00,2008,11,6,NA,1.24520775011443,11.5234839373403
2008-11-07 12:00:00,2008,11,7,NA,5.34221990045058,14.3555035566628
2008-11-08 12:00:00,2008,11,8,NA,8.00414446722057,15.459367051667
2008-11-09 12:00:00,2008,11,9,NA,4.06035663976522,17.9462303305602
2008-11-10 12:00:00,2008,11,10,NA,5.87785452805654,17.1521924131036
2008-11-11 12:00:00,2008,11,11,NA,2.25878701727375,11.3832093002935
2008-11-12 12:00:00,2008,11,12,NA,-0.545107905005966,7.91151304980177
2008-11-13 12:00:00,2008,11,13,NA,-1.87851094165195,4.86304784893481
2008-11-14 12:00:00,2008,11,14,NA,0.93000290823687,6.0556574327778
2008-11-15 12:00:00,2008,11,15,NA,-2.085516467249,8.85298164017513
2008-11-16 12:00:00,2008,11,16,NA,0.131555511203873,15.4027154334642
2008-11-17 12:00:00,2008,11,17,NA,5.16552107220534,13.9629776975423
2008-11-18 12:00:00,2008,11,18,NA,3.815306947235,15.9144726522339
2008-11-19 12:00:00,2008,11,19,NA,6.14564041694866,15.448991314381
2008-11-20 12:00:00,2008,11,20,NA,6.275153373313,11.0457470572601
2008-11-21 12:00:00,2008,11,21,NA,6.83684753320659,10.8437654661989
2008-11-22 12:00:00,2008,11,22,NA,8.22912292470811,12.1796019932117
2008-11-23 12:00:00,2008,11,23,NA,4.78221809906478,10.616985677043
2008-11-24 12:00:00,2008,11,24,NA,5.54953887797031,12.5252983561301
2008-11-25 12:00:00,2008,11,25,NA,4.81044693177132,9.62984441965841
2008-11-26 12:00:00,2008,11,26,NA,2.3100758651664,9.00133612066796
2008-11-27 12:00:00,2008,11,27,NA,6.20503759624597,15.0774740371521
2008-11-28 12:00:00,2008,11,28,NA,-0.855876586073106,12.2453663349656
2008-11-29 12:00:00,2008,11,29,NA,0.878706669501069,6.75641066670355
2008-11-30 12:00:00,2008,11,30,NA,-0.161398043492492,5.73048423003681
2008-12-01 12:00:00,2008,12,1,NA,2.44624143359843,6.90481072842377
2008-12-02 12:00:00,2008,12,2,NA,-2.15089876358849,2.86382739980328
2008-12-03 12:00:00,2008,12,3,NA,4.29114995135767,8.31281421225949
2008-12-04 12:00:00,2008,12,4,NA,1.07985691965376,7.93255303945026
2008-12-05 12:00:00,2008,12,5,NA,4.11705848622237,15.6350224494365
2008-12-06 12:00:00,2008,12,6,NA,2.07420703318853,9.44304405801203
2008-12-07 12:00:00,2008,12,7,NA,4.2009318614801,11.8065301013798
2008-12-08 12:00:00,2008,12,8,NA,0.400962341107751,12.1476002463993
2008-12-09 12:00:00,2008,12,9,NA,-0.917881090778284,10.5749337039579
2008-12-10 12:00:00,2008,12,10,NA,5.37272821972826,12.4892880011259
2008-12-11 12:00:00,2008,12,11,NA,8.65701730654696,13.4103864253153
2008-12-12 12:00:00,2008,12,12,NA,3.93187854327484,5.84499204183572
2008-12-13 12:00:00,2008,12,13,NA,-1.98069965247956,3.17354577216156
2008-12-14 12:00:00,2008,12,14,NA,-5.97786782602629,-1.97599941675334
2008-12-15 12:00:00,2008,12,15,NA,-7.5840183888615,-0.495075771250908
2008-12-16 12:00:00,2008,12,16,NA,-6.38879434149363,-1.54659150244046
2008-12-17 12:00:00,2008,12,17,NA,-3.68265772427491,1.76798824918514
2008-12-18 12:00:00,2008,12,18,NA,-4.49870080793225,3.29918789366177
2008-12-19 12:00:00,2008,12,19,NA,-5.00768956378447,4.11456261005529
2008-12-20 12:00:00,2008,12,20,NA,-3.08485979636635,3.03210571735961
2008-12-21 12:00:00,2008,12,21,NA,0.767626992798311,3.80302975308784
2008-12-22 12:00:00,2008,12,22,NA,-1.80231123613672,5.82707964662955
2008-12-23 12:00:00,2008,12,23,NA,0.931099409454255,6.89817262273309
2008-12-24 12:00:00,2008,12,24,NA,-2.24234547646537,4.79110691666425
2008-12-25 12:00:00,2008,12,25,NA,5.01151926819432,10.7131173646009
2008-12-26 12:00:00,2008,12,26,NA,3.30480525237311,8.75545122583316
2008-12-27 12:00:00,2008,12,27,NA,1.64943260419165,8.57129726461459
2008-12-28 12:00:00,2008,12,28,NA,8.38647348175651,16.1338901989575
2008-12-29 12:00:00,2008,12,29,NA,8.31203626729363,13.2849072512143
2008-12-30 12:00:00,2008,12,30,NA,9.206640321969,14.2954711270794
2008-12-31 12:00:00,2008,12,31,NA,5.10014615464816,11.3203885189635
2009-01-01 12:00:00,2009,1,1,NA,3.06653385099676,12.5954413198731
2009-01-02 12:00:00,2009,1,2,NA,1.81927588823375,12.553299334391
2009-01-03 12:00:00,2009,1,3,NA,-1.5202935165891,9.0499893678418
2009-01-04 12:00:00,2009,1,4,NA,-0.255154121934249,8.54234772496955
2009-01-05 12:00:00,2009,1,5,NA,3.59408174816161,10.6734438366072
2009-01-06 12:00:00,2009,1,6,NA,2.22955773907049,10.2208263816138
2009-01-07 12:00:00,2009,1,7,NA,-2.37671973784503,7.83544954594986
2009-01-08 12:00:00,2009,1,8,NA,4.20452957586503,14.1325317337323
2009-01-09 12:00:00,2009,1,9,NA,0.831246055953714,15.9784534436063
2009-01-10 12:00:00,2009,1,10,NA,3.10810847717871,13.0361106350459
2009-01-11 12:00:00,2009,1,11,NA,3.33835643904128,9.5467666400321
2009-01-12 12:00:00,2009,1,12,NA,4.64775036738658,11.7207679926631
2009-01-13 12:00:00,2009,1,13,NA,4.64024935792698,11.8439063524246
2009-01-14 12:00:00,2009,1,14,NA,2.65963927358965,12.4094093442937
2009-01-15 12:00:00,2009,1,15,NA,8.36176157622039,12.9751313103973
2009-01-16 12:00:00,2009,1,16,NA,5.48245005794847,10.2528507562428
2009-01-17 12:00:00,2009,1,17,NA,8.9240969741204,12.0169694851773
2009-01-18 12:00:00,2009,1,18,NA,5.99209003358778,10.3460629909951
2009-01-19 12:00:00,2009,1,19,NA,2.66240185106153,7.56940889499909
2009-01-20 12:00:00,2009,1,20,NA,1.86867858903228,7.27689504747615
2009-01-21 12:00:00,2009,1,21,NA,1.60171526077794,5.30874327022191
2009-01-22 12:00:00,2009,1,22,NA,2.93549395047836,5.89603522990308
2009-01-23 12:00:00,2009,1,23,NA,0.952736405348754,7.97262448756487
2009-01-24 12:00:00,2009,1,24,NA,-7.84256743370113,0.480832223714036
2009-01-25 12:00:00,2009,1,25,NA,-6.54012186415501,4.39596232383482
2009-01-26 12:00:00,2009,1,26,NA,-4.02934318377088,3.04367444150562
2009-01-27 12:00:00,2009,1,27,NA,-5.58418275236975,3.72148437484668
2009-01-28 12:00:00,2009,1,28,NA,-2.14010635761446,4.46927077632014
2009-01-29 12:00:00,2009,1,29,NA,7.19035870136779,11.218708433748
2009-01-30 12:00:00,2009,1,30,NA,5.58552736858869,9.75315974078989
2009-01-31 12:00:00,2009,1,31,NA,5.75563700493374,9.78398673731392
2009-02-01 12:00:00,2009,2,1,NA,4.84853556656712,10.9467158218269
2009-02-02 12:00:00,2009,2,2,NA,6.99669137059211,9.06457243219721
2009-02-03 12:00:00,2009,2,3,NA,7.84058936254563,11.9493522042198
2009-02-04 12:00:00,2009,2,4,NA,8.52631586989327,16.2376145344467
2009-02-05 12:00:00,2009,2,5,NA,7.40365530694434,9.82729015786058
2009-02-06 12:00:00,2009,2,6,NA,5.56642325284276,12.239104522237
2009-02-07 12:00:00,2009,2,7,NA,5.50523986521189,8.8307540996422
2009-02-08 12:00:00,2009,2,8,NA,6.77342358377422,10.0433613235681
2009-02-09 12:00:00,2009,2,9,NA,9.19382042166138,14.8701098761055
2009-02-10 12:00:00,2009,2,10,NA,9.50306001305276,15.4068080905993
2009-02-11 12:00:00,2009,2,11,NA,3.79882834848462,13.5774118599135
2009-02-12 12:00:00,2009,2,12,NA,6.89015434826351,17.2976144856058
2009-02-13 12:00:00,2009,2,13,NA,5.21383533258288,15.3352515792014
2009-02-14 12:00:00,2009,2,14,NA,6.71924664742787,15.0758037949182
2009-02-15 12:00:00,2009,2,15,NA,8.34268526949552,15.2558118299651
2009-02-16 12:00:00,2009,2,16,NA,6.83382999844241,11.7086713251705
2009-02-17 12:00:00,2009,2,17,NA,6.5445683002034,14.0463128637953
2009-02-18 12:00:00,2009,2,18,NA,6.22323258817481,11.8995220426189
2009-02-19 12:00:00,2009,2,19,NA,4.14476280733076,9.08261690755607
2009-02-20 12:00:00,2009,2,20,NA,-2.17660775704629,3.49968169739782
2009-02-21 12:00:00,2009,2,21,NA,0.46809254451759,2.88682695846246
2009-02-22 12:00:00,2009,2,22,NA,0.783588118714808,3.27737540378304
2009-02-23 12:00:00,2009,2,23,NA,-0.512741341824412,2.55124135853273
2009-02-24 12:00:00,2009,2,24,NA,-3.66207856768304,2.12264511967085
2009-02-25 12:00:00,2009,2,25,NA,-6.49682373115931,2.41676950012045
2009-02-26 12:00:00,2009,2,26,NA,-0.0969051238245351,3.92754336757797
2009-02-27 12:00:00,2009,2,27,NA,0.55592327547427,5.30259393058174
2009-02-28 12:00:00,2009,2,28,NA,6.88954479838329,7.69878619768972
2009-03-01 12:00:00,2009,3,1,NA,3.26573699732887,7.37449983900304
2009-03-02 12:00:00,2009,3,2,NA,2.07228201856521,6.97127172704818
2009-03-03 12:00:00,2009,3,3,NA,2.81733280223449,9.12688569745204
2009-03-04 12:00:00,2009,3,4,NA,7.64820165570223,12.2791144797829
2009-03-05 12:00:00,2009,3,5,NA,5.97244484825659,8.96259845542534
2009-03-06 12:00:00,2009,3,6,NA,1.81377864213269,8.71595733438174
2009-03-07 12:00:00,2009,3,7,NA,-1.31348462482258,16.3707837957159
2009-03-08 12:00:00,2009,3,8,NA,3.31117269622765,17.8861715908442
2009-03-09 12:00:00,2009,3,9,NA,4.25435404223721,11.5086249844802
2009-03-10 12:00:00,2009,3,10,NA,0.969096365837291,9.27980395343901
2009-03-11 12:00:00,2009,3,11,NA,-0.266396637798969,8.96671362926964
2009-03-12 12:00:00,2009,3,12,NA,-0.873728600676774,12.3920524943992
2009-03-13 12:00:00,2009,3,13,NA,2.94444470430792,20.8303311104427
2009-03-14 12:00:00,2009,3,14,NA,5.89636819428278,16.0254488100736
2009-03-15 12:00:00,2009,3,15,NA,4.1599596447135,17.8682971188894
2009-03-16 12:00:00,2009,3,16,NA,6.98584951367263,17.3849232369464
2009-03-17 12:00:00,2009,3,17,NA,8.54811836250622,20.1956737770584
2009-03-18 12:00:00,2009,3,18,NA,10.6441860980569,16.4407458212306
2009-03-19 12:00:00,2009,3,19,NA,14.5012834882231,19.3625374525855
2009-03-20 12:00:00,2009,3,20,NA,9.59343691629132,18.1714130834451
2009-03-21 12:00:00,2009,3,21,NA,2.97447679804473,14.820942028232
2009-03-22 12:00:00,2009,3,22,NA,3.43543258090495,10.9490910031606
2009-03-23 12:00:00,2009,3,23,NA,-0.995373119511148,13.6323587728972
2009-03-24 12:00:00,2009,3,24,NA,-0.781167632741046,13.610266343874
2009-03-25 12:00:00,2009,3,25,NA,2.32341656519287,13.3668344297594
2009-03-26 12:00:00,2009,3,26,NA,3.40202863120558,12.1127801198535
2009-03-27 12:00:00,2009,3,27,NA,7.29489087771342,10.9282202195135
2009-03-28 12:00:00,2009,3,28,NA,3.53572028404284,8.70506728592452
2009-03-29 12:00:00,2009,3,29,NA,1.63913042397135,10.3646302893853
2009-03-30 12:00:00,2009,3,30,NA,-2.49557610842479,7.73939208861605
2009-03-31 12:00:00,2009,3,31,NA,-4.72263225295731,10.0549957653114
2009-04-01 12:00:00,2009,4,1,NA,-4.09820696300979,10.1418776224962
2009-04-02 12:00:00,2009,4,2,NA,0.163795488298178,10.4911892456006
2009-04-03 12:00:00,2009,4,3,NA,-2.61104903165027,14.3241613101097
2009-04-04 12:00:00,2009,4,4,NA,2.91617137702343,19.3053461828246
2009-04-05 12:00:00,2009,4,5,NA,2.60621838540879,23.1979071324259
2009-04-06 12:00:00,2009,4,6,NA,3.38302434161982,19.4568788445403
2009-04-07 12:00:00,2009,4,7,NA,7.89568022323494,17.9128987293633
2009-04-08 12:00:00,2009,4,8,NA,3.93655518278089,14.2869213495564
2009-04-09 12:00:00,2009,4,9,NA,10.2040853595677,25.4856758509977
2009-04-10 12:00:00,2009,4,10,NA,6.98815772496897,23.9428254805734
2009-04-11 12:00:00,2009,4,11,NA,7.83538174172829,26.8804454149697
2009-04-12 12:00:00,2009,4,12,NA,8.95944474133377,20.4506643008146
2009-04-13 12:00:00,2009,4,13,NA,4.98904743275319,20.9925447973667
2009-04-14 12:00:00,2009,4,14,NA,1.50693214640386,21.8910315278636
2009-04-15 12:00:00,2009,4,15,NA,10.7284821255694,17.8799208561016
2009-04-16 12:00:00,2009,4,16,NA,9.19984696371573,20.4059154366877
2009-04-17 12:00:00,2009,4,17,NA,5.98114352258645,18.1840733137218
2009-04-18 12:00:00,2009,4,18,NA,2.11697889450861,19.1251260295006
2009-04-19 12:00:00,2009,4,19,NA,3.68751062820227,17.0701967084022
2009-04-20 12:00:00,2009,4,20,NA,9.91507056368773,19.0969183826153
2009-04-21 12:00:00,2009,4,21,NA,4.39039381563726,15.9288888615887
2009-04-22 12:00:00,2009,4,22,NA,7.55930407146373,18.1333811103188
2009-04-23 12:00:00,2009,4,23,NA,10.0441471131799,15.3138284560374
2009-04-24 12:00:00,2009,4,24,NA,10.6522137961423,15.9649303409985
2009-04-25 12:00:00,2009,4,25,NA,7.91076339753913,10.9883952521835
2009-04-26 12:00:00,2009,4,26,NA,5.3364806140563,13.753901711135
2009-04-27 12:00:00,2009,4,27,NA,6.94490717577959,20.671376233153
2009-04-28 12:00:00,2009,4,28,NA,10.4901471176024,16.0044870774174
2009-04-29 12:00:00,2009,4,29,NA,11.3824484048161,15.6046031621196
2009-04-30 12:00:00,2009,4,30,NA,9.86990371254936,18.2597075816797
2009-05-01 12:00:00,2009,5,1,NA,11.7137112251686,23.4312227061519
2009-05-02 12:00:00,2009,5,2,NA,15.4275457824862,21.5613916036583
2009-05-03 12:00:00,2009,5,3,NA,13.0307148597015,25.8684027625631
2009-05-04 12:00:00,2009,5,4,NA,15.4333386156329,27.0596485099422
2009-05-05 12:00:00,2009,5,5,NA,15.1790786464023,25.6295023983757
2009-05-06 12:00:00,2009,5,6,NA,15.3125728667085,22.1572347873332
2009-05-07 12:00:00,2009,5,7,NA,11.0000033131729,23.8468186856453
2009-05-08 12:00:00,2009,5,8,NA,14.6413065829263,27.5336922886389
2009-05-09 12:00:00,2009,5,9,NA,10.9377878029676,28.3791729458674
2009-05-10 12:00:00,2009,5,10,NA,8.19537745281507,25.8992483673718
2009-05-11 12:00:00,2009,5,11,NA,11.5568537862251,22.0966217753786
2009-05-12 12:00:00,2009,5,12,NA,15.049273094688,25.7251764518826
2009-05-13 12:00:00,2009,5,13,NA,11.4565906530746,27.9614076206588
2009-05-14 12:00:00,2009,5,14,NA,12.6358074647559,29.2185994030994
2009-05-15 12:00:00,2009,5,15,NA,11.1928770420889,18.5699462213389
2009-05-16 12:00:00,2009,5,16,NA,11.393567271567,18.770636450817
2009-05-17 12:00:00,2009,5,17,NA,10.4597970973302,20.1478899779963
2009-05-18 12:00:00,2009,5,18,NA,8.10714673847779,25.6582283406863
2009-05-19 12:00:00,2009,5,19,NA,7.67290494156452,23.4626086661749
2009-05-20 12:00:00,2009,5,20,NA,10.243954317353,18.1642857790201
2009-05-21 12:00:00,2009,5,21,NA,10.7829491087412,21.4882829905149
2009-05-22 12:00:00,2009,5,22,NA,7.44774785783856,18.3258175093918
2009-05-23 12:00:00,2009,5,23,NA,12.3481351642353,26.705970172387
2009-05-24 12:00:00,2009,5,24,NA,13.5035543863071,30.0249503276994
2009-05-25 12:00:00,2009,5,25,NA,16.6320761017758,31.1322910169961
2009-05-26 12:00:00,2009,5,26,NA,12.3316577071534,28.5761275296433
2009-05-27 12:00:00,2009,5,27,NA,15.1285786562712,28.5370413725098
2009-05-28 12:00:00,2009,5,28,NA,16.0633143407331,26.7236722855764
2009-05-29 12:00:00,2009,5,29,NA,17.7018252279921,27.5810655995025
2009-05-30 12:00:00,2009,5,30,NA,19.5556778364897,25.4264892958521
2009-05-31 12:00:00,2009,5,31,NA,16.3892291975806,21.9188328981192
2009-06-01 12:00:00,2009,6,1,NA,11.5269121966549,24.4192979023675
2009-06-02 12:00:00,2009,6,2,NA,8.63206217238904,27.2897907194207
2009-06-03 12:00:00,2009,6,3,NA,11.5788046630215,29.4469322520595
2009-06-04 12:00:00,2009,6,4,NA,10.5474662577692,30.1315244549636
2009-06-05 12:00:00,2009,6,5,NA,9.16536990931822,26.2477297300545
2009-06-06 12:00:00,2009,6,6,NA,8.93932001474477,28.4964109357391
2009-06-07 12:00:00,2009,6,7,NA,16.633755421678,36.0266123525755
2009-06-08 12:00:00,2009,6,8,NA,13.2539151408559,30.0650526438044
2009-06-09 12:00:00,2009,6,9,NA,7.87346270264556,22.9295878110074
2009-06-10 12:00:00,2009,6,10,NA,11.1453551122234,24.3877072256452
2009-06-11 12:00:00,2009,6,11,NA,12.6806273274668,25.3360784084273
2009-06-12 12:00:00,2009,6,12,NA,10.3301759140238,22.6514848605464
2009-06-13 12:00:00,2009,6,13,NA,12.9853079388699,23.1588499331779
2009-06-14 12:00:00,2009,6,14,NA,17.3211842871074,24.5470346067275
2009-06-15 12:00:00,2009,6,15,NA,17.2661133654291,22.3880257654385
2009-06-16 12:00:00,2009,6,16,NA,13.7525525501529,26.3538275894504
2009-06-17 12:00:00,2009,6,17,NA,10.1983780028911,21.5566948152334
2009-06-18 12:00:00,2009,6,18,NA,13.5520691100593,21.8169289461658
2009-06-19 12:00:00,2009,6,19,NA,9.48964743695437,26.0176884254066
2009-06-20 12:00:00,2009,6,20,NA,10.4453073366823,27.5276671574186
2009-06-21 12:00:00,2009,6,21,NA,11.5443378299647,28.7128000629974
2009-06-22 12:00:00,2009,6,22,NA,13.731921487432,29.0050230308032
2009-06-23 12:00:00,2009,6,23,NA,17.6093759269214,26.7782206121542
2009-06-24 12:00:00,2009,6,24,NA,14.229288277448,25.417792434802
2009-06-25 12:00:00,2009,6,25,NA,6.04422694909651,29.0108369895032
2009-06-26 12:00:00,2009,6,26,NA,7.97020382541087,27.2863369167836
2009-06-27 12:00:00,2009,6,27,NA,14.7290321358081,31.168374388835
2009-06-28 12:00:00,2009,6,28,NA,15.7615626607457,28.2354839628417
2009-06-29 12:00:00,2009,6,29,NA,11.0662076511163,24.5810559372493
2009-06-30 12:00:00,2009,6,30,NA,11.4209088721104,26.0571864949993
2009-07-01 12:00:00,2009,7,1,NA,7.79035072426541,26.562612520676
2009-07-02 12:00:00,2009,7,2,NA,7.01551463475456,26.7822140994382
2009-07-03 12:00:00,2009,7,3,NA,9.73320584032158,25.6602727183785
2009-07-04 12:00:00,2009,7,4,NA,9.82207193700968,26.8475772924626
2009-07-05 12:00:00,2009,7,5,NA,12.5819107226544,28.6907037983107
2009-07-06 12:00:00,2009,7,6,NA,16.5094229786404,25.3948396974416
2009-07-07 12:00:00,2009,7,7,NA,13.7416693957827,29.7050507102313
2009-07-08 12:00:00,2009,7,8,NA,15.3063718724284,25.8513386258349
2009-07-09 12:00:00,2009,7,9,NA,18.6704425727767,23.6171386124001
2009-07-10 12:00:00,2009,7,10,NA,12.9901039225435,24.7651610103518
2009-07-11 12:00:00,2009,7,11,NA,12.1673002636372,27.9429940607417
2009-07-12 12:00:00,2009,7,12,NA,11.4834371707952,29.5792341077335
2009-07-13 12:00:00,2009,7,13,NA,15.4963544174636,28.6272889377029
2009-07-14 12:00:00,2009,7,14,NA,16.6433925846822,21.6623114483178
2009-07-15 12:00:00,2009,7,15,NA,13.4455223072369,20.9703778466851
2009-07-16 12:00:00,2009,7,16,NA,13.7175522668088,21.6782733357208
2009-07-17 12:00:00,2009,7,17,NA,11.4548431745443,25.6965091595024
2009-07-18 12:00:00,2009,7,18,NA,14.3195953128211,24.023006804052
2009-07-19 12:00:00,2009,7,19,NA,14.227444944718,26.2293505423757
2009-07-20 12:00:00,2009,7,20,NA,10.1935174534368,26.1728177296846
2009-07-21 12:00:00,2009,7,21,NA,14.3238088624665,27.7632479691728
2009-07-22 12:00:00,2009,7,22,NA,12.7355991558649,27.7532543012258
2009-07-23 12:00:00,2009,7,23,NA,13.7025114040593,28.7356038528943
2009-07-24 12:00:00,2009,7,24,NA,10.3025283796262,27.3159810281382
2009-07-25 12:00:00,2009,7,25,NA,15.4724353034307,24.2709130942361
2009-07-26 12:00:00,2009,7,26,NA,20.6964669298828,26.4722748757816
2009-07-27 12:00:00,2009,7,27,NA,20.5923727580598,26.2204606012355
2009-07-28 12:00:00,2009,7,28,NA,17.665982433879,23.8810230620478
2009-07-29 12:00:00,2009,7,29,NA,19.1138187216617,32.5532578283681
2009-07-30 12:00:00,2009,7,30,NA,12.0741294775038,33.430790987538
2009-07-31 12:00:00,2009,7,31,NA,17.0224138570487,30.9409338020893
2009-08-01 12:00:00,2009,8,1,NA,16.9564657781401,28.9907518449883
2009-08-02 12:00:00,2009,8,2,NA,15.3558198102199,28.7697874519825
2009-08-03 12:00:00,2009,8,3,NA,13.4825748911639,26.2966562568706
2009-08-04 12:00:00,2009,8,4,NA,14.0472849822736,25.4926826134192
2009-08-05 12:00:00,2009,8,5,NA,12.066098045127,21.1288775280291
2009-08-06 12:00:00,2009,8,6,NA,14.0818268278519,17.6747339032864
2009-08-07 12:00:00,2009,8,7,NA,15.2190805715454,23.55938327504
2009-08-08 12:00:00,2009,8,8,NA,14.4452361862382,23.1028067216546
2009-08-09 12:00:00,2009,8,9,NA,10.7197026919562,25.8974482321881
2009-08-10 12:00:00,2009,8,10,NA,11.4523362877308,26.1836014041085
2009-08-11 12:00:00,2009,8,11,NA,10.5483560410226,25.9942163384332
2009-08-12 12:00:00,2009,8,12,NA,11.6293543907028,27.4589280613365
2009-08-13 12:00:00,2009,8,13,NA,17.7620893624666,25.1997537876434
2009-08-14 12:00:00,2009,8,14,NA,19.3282895676722,22.7374359098495
2009-08-15 12:00:00,2009,8,15,NA,18.6528152858853,26.0740841959324
2009-08-16 12:00:00,2009,8,16,NA,16.9766895432656,27.84694502354
2009-08-17 12:00:00,2009,8,17,NA,15.1842250086,23.2849660555382
2009-08-18 12:00:00,2009,8,18,NA,11.0898313898573,26.1501958936036
2009-08-19 12:00:00,2009,8,19,NA,8.93897072334387,23.6707374100398
2009-08-20 12:00:00,2009,8,20,NA,9.39206074131609,21.1282324833974
2009-08-21 12:00:00,2009,8,21,NA,11.623241086667,22.5086950073945
2009-08-22 12:00:00,2009,8,22,NA,15.1947106449524,21.8789868149822
2009-08-23 12:00:00,2009,8,23,NA,15.4704256530067,21.6906702067607
2009-08-24 12:00:00,2009,8,24,NA,13.8116675455185,23.9798750816
2009-08-25 12:00:00,2009,8,25,NA,18.0062049969095,25.6648178129144
2009-08-26 12:00:00,2009,8,26,NA,15.9913102673285,23.2174074998688
2009-08-27 12:00:00,2009,8,27,NA,16.206157131339,23.4052153309008
2009-08-28 12:00:00,2009,8,28,NA,13.4641610261049,27.2163179250518
2009-08-29 12:00:00,2009,8,29,NA,14.0938296166108,25.3744085898532
2009-08-30 12:00:00,2009,8,30,NA,14.9773113305998,23.0463201383706
2009-08-31 12:00:00,2009,8,31,NA,13.3892009911933,22.5436689964468
2009-09-01 12:00:00,2009,9,1,NA,13.9481637214802,26.1940298274403
2009-09-02 12:00:00,2009,9,2,NA,12.9758669589636,24.9394775715858
2009-09-03 12:00:00,2009,9,3,NA,11.4243129871956,28.4028981539163
2009-09-04 12:00:00,2009,9,4,NA,15.3514996301768,27.677519790077
2009-09-05 12:00:00,2009,9,5,NA,20.155296928058,27.5798248459324
2009-09-06 12:00:00,2009,9,6,NA,21.1153791051933,23.3860091866111
2009-09-07 12:00:00,2009,9,7,NA,17.1094101737117,23.8969756387471
2009-09-08 12:00:00,2009,9,8,NA,18.4678345715191,29.8105136410161
2009-09-09 12:00:00,2009,9,9,NA,16.6901117736965,32.0544483210211
2009-09-10 12:00:00,2009,9,10,NA,16.5617881409746,34.0664551276323
2009-09-11 12:00:00,2009,9,11,NA,16.1401734937469,28.1431392616947
2009-09-12 12:00:00,2009,9,12,NA,15.6761298095944,23.6223455041362
2009-09-13 12:00:00,2009,9,13,NA,12.6831813867959,25.709836466286
2009-09-14 12:00:00,2009,9,14,NA,15.437691398075,18.1409515088978
2009-09-15 12:00:00,2009,9,15,NA,16.4314254565667,24.6660242328714
2009-09-16 12:00:00,2009,9,16,NA,11.3251075231835,20.7409409113523
2009-09-17 12:00:00,2009,9,17,NA,9.06245164147603,22.4231611299256
2009-09-18 12:00:00,2009,9,18,NA,6.81881345327017,22.8834186846589
2009-09-19 12:00:00,2009,9,19,NA,12.6524550335093,22.4482738484527
2009-09-20 12:00:00,2009,9,20,NA,9.94289959897905,20.5796574204377
2009-09-21 12:00:00,2009,9,21,NA,12.233945003575,26.2216593426011
2009-09-22 12:00:00,2009,9,22,NA,10.6780544251124,23.122679454113
2009-09-23 12:00:00,2009,9,23,NA,7.27397202285585,22.1166930700862
2009-09-24 12:00:00,2009,9,24,NA,8.16804613112944,20.0661222463606
2009-09-25 12:00:00,2009,9,25,NA,10.9577118692036,18.6134412764499
2009-09-26 12:00:00,2009,9,26,NA,10.3677311264738,21.998755843863
2009-09-27 12:00:00,2009,9,27,NA,9.78683416884808,21.7181294201098
2009-09-28 12:00:00,2009,9,28,NA,10.479458579804,25.4240994274005
2009-09-29 12:00:00,2009,9,29,NA,15.4098820030208,22.8344099208953
2009-09-30 12:00:00,2009,9,30,NA,9.03102245234986,20.0121731010828
2009-10-01 12:00:00,2009,10,1,NA,6.25774647158889,18.5219723048958
2009-10-02 12:00:00,2009,10,2,NA,10.7171536429043,16.5141194362459
2009-10-03 12:00:00,2009,10,3,NA,7.98727356390437,15.3165390555091
2009-10-04 12:00:00,2009,10,4,NA,6.34521869567584,18.0130899340174
2009-10-05 12:00:00,2009,10,5,NA,5.58388621116312,12.6407463934114
2009-10-06 12:00:00,2009,10,6,NA,3.49719011358485,16.7221378275812
2009-10-07 12:00:00,2009,10,7,NA,5.46680987320561,17.4102065204495
2009-10-08 12:00:00,2009,10,8,NA,3.97929654915552,15.8672502541234
2009-10-09 12:00:00,2009,10,9,NA,6.77490065761735,19.7441532595224
2009-10-10 12:00:00,2009,10,10,NA,8.12698131636317,16.8160666368615
2009-10-11 12:00:00,2009,10,11,NA,5.34634963988238,15.3705831417043
2009-10-12 12:00:00,2009,10,12,NA,4.09494890103699,16.911204939456
2009-10-13 12:00:00,2009,10,13,NA,9.87278022638059,14.2260616451703
2009-10-14 12:00:00,2009,10,14,NA,7.32185192805165,20.2392433783411
2009-10-15 12:00:00,2009,10,15,NA,9.30665296759793,17.823344281707
2009-10-16 12:00:00,2009,10,16,NA,9.43393265136903,21.5805403559014
2009-10-17 12:00:00,2009,10,17,NA,8.04067489715432,24.2391833523915
2009-10-18 12:00:00,2009,10,18,NA,13.3379240881322,21.0090806114395
2009-10-19 12:00:00,2009,10,19,NA,11.8030153237668,23.4103129843667
2009-10-20 12:00:00,2009,10,20,NA,16.2007453386196,26.0941741733949
2009-10-21 12:00:00,2009,10,21,NA,13.6724088813676,26.4415405559701
2009-10-22 12:00:00,2009,10,22,NA,14.5717673938391,26.4149189518934
2009-10-23 12:00:00,2009,10,23,NA,13.8652433252544,25.7020002290953
2009-10-24 12:00:00,2009,10,24,NA,11.2361535020233,26.3173159999117
2009-10-25 12:00:00,2009,10,25,NA,9.87309213927413,22.8351382032191
2009-10-26 12:00:00,2009,10,26,NA,9.76888944999905,18.7749396910213
2009-10-27 12:00:00,2009,10,27,NA,9.69162431096063,21.5283812148015
2009-10-28 12:00:00,2009,10,28,NA,11.2645066756912,19.8174918688055
2009-10-29 12:00:00,2009,10,29,NA,7.47659008975689,19.3343752809661
2009-10-30 12:00:00,2009,10,30,NA,7.99607457909954,21.9004190306077
2009-10-31 12:00:00,2009,10,31,NA,9.62528756325554,20.3580461844214
2009-11-01 12:00:00,2009,11,1,NA,8.00281591638692,12.3560973351766
2009-11-02 12:00:00,2009,11,2,NA,-0.630635420831004,9.4246126100834
2009-11-03 12:00:00,2009,11,3,NA,0.477221776652883,8.22960374664763
2009-11-04 12:00:00,2009,11,4,NA,3.32397483488958,8.32550316575769
2009-11-05 12:00:00,2009,11,5,NA,0.499527025687506,8.884970761003
2009-11-06 12:00:00,2009,11,6,NA,-1.09342211273408,9.16349820981202
2009-11-07 12:00:00,2009,11,7,NA,3.68267159242513,16.2856911694707
2009-11-08 12:00:00,2009,11,8,NA,2.03508705136298,12.3133632385888
2009-11-09 12:00:00,2009,11,9,NA,4.77297101509152,13.8973932981113
2009-11-10 12:00:00,2009,11,10,NA,5.5025196237884,12.5759529892969
2009-11-11 12:00:00,2009,11,11,NA,2.15137009541976,11.2757923784396
2009-11-12 12:00:00,2009,11,12,NA,1.83072152077917,13.1050594058262
2009-11-13 12:00:00,2009,11,13,NA,1.88594754646995,10.3425685012777
2009-11-14 12:00:00,2009,11,14,NA,1.20129154338781,5.2082094763801
2009-11-15 12:00:00,2009,11,15,NA,1.09863474960684,3.93190507619188
2009-11-16 12:00:00,2009,11,16,NA,3.23252174862392,9.18989713119623
2009-11-17 12:00:00,2009,11,17,NA,5.74447469569159,10.4613164804734
2009-11-18 12:00:00,2009,11,18,NA,8.39233346305044,13.78455415561
2009-11-19 12:00:00,2009,11,19,NA,8.71203115177395,11.0551078101322
2009-11-20 12:00:00,2009,11,20,NA,2.88082235644377,7.60108557782874
2009-11-21 12:00:00,2009,11,21,NA,3.49862902979503,11.9000850441845
2009-11-22 12:00:00,2009,11,22,NA,1.35706697786999,6.94071599302644
2009-11-23 12:00:00,2009,11,23,NA,3.66307472458365,9.78350409149493
2009-11-24 12:00:00,2009,11,24,NA,0.988192966615109,8.44438693865579
2009-11-25 12:00:00,2009,11,25,NA,3.57695771630479,9.93535180073119
2009-11-26 12:00:00,2009,11,26,NA,2.89930984565649,7.55846341303211
2009-11-27 12:00:00,2009,11,27,NA,-0.02492692699987,7.78569944522422
2009-11-28 12:00:00,2009,11,28,NA,3.85137987828091,10.948624464273
2009-11-29 12:00:00,2009,11,29,NA,5.5289973956827,9.27008903439522
2009-11-30 12:00:00,2009,11,30,NA,5.58911483213962,9.51983121754007
2009-12-01 12:00:00,2009,12,1,NA,4.13442473768078,9.25982555980632
2009-12-02 12:00:00,2009,12,2,NA,4.42085499037724,6.374027221915
2009-12-03 12:00:00,2009,12,3,NA,3.12288320151073,6.99498771165793
2009-12-04 12:00:00,2009,12,4,NA,-1.11229006808819,3.98398164067661
2009-12-05 12:00:00,2009,12,5,NA,1.99398985395413,6.70551951649596
2009-12-06 12:00:00,2009,12,6,NA,1.56545423394786,7.5469279016094
2009-12-07 12:00:00,2009,12,7,NA,9.23397699038722,14.1287708452739
2009-12-08 12:00:00,2009,12,8,NA,8.6043303217243,11.0507180702802
2009-12-09 12:00:00,2009,12,9,NA,6.74471365755769,11.8345570283192
2009-12-10 12:00:00,2009,12,10,NA,8.55581785734424,14.5419227849608
2009-12-11 12:00:00,2009,12,11,NA,9.00900283877323,14.8807463042225
2009-12-12 12:00:00,2009,12,12,NA,7.38352147929053,10.2459794108329
2009-12-13 12:00:00,2009,12,13,NA,5.32523977480352,8.46018985488316
2009-12-14 12:00:00,2009,12,14,NA,0.443671563698882,6.36133216789676
2009-12-15 12:00:00,2009,12,15,NA,5.31976669089915,9.14412825664339
2009-12-16 12:00:00,2009,12,16,NA,3.09437881467147,9.20178655271906
2009-12-17 12:00:00,2009,12,17,NA,2.94121724270008,8.95361744154808
2009-12-18 12:00:00,2009,12,18,NA,-0.445975726008109,7.69524197187598
2009-12-19 12:00:00,2009,12,19,NA,-0.36882364542207,5.73750278132497
2009-12-20 12:00:00,2009,12,20,NA,2.06413149184057,7.02906195709382
2009-12-21 12:00:00,2009,12,21,NA,1.06157328126214,6.6980920298797
2009-12-22 12:00:00,2009,12,22,NA,4.89618682780638,8.86811363793863
2009-12-23 12:00:00,2009,12,23,NA,9.57862777866475,14.5744843827531
2009-12-24 12:00:00,2009,12,24,NA,6.35261514815808,10.4017600442726
2009-12-25 12:00:00,2009,12,25,NA,5.24863803197267,14.4033746409135
2009-12-26 12:00:00,2009,12,26,NA,5.71655688199573,10.4662019808662
2009-12-27 12:00:00,2009,12,27,NA,3.87891196948424,7.738742096357
2009-12-28 12:00:00,2009,12,28,NA,2.40377694763973,8.34686977575763
2009-12-29 12:00:00,2009,12,29,NA,4.88871059220928,10.2439196125457
2009-12-30 12:00:00,2009,12,30,NA,5.42277687137683,13.6086566055669
2009-12-31 12:00:00,2009,12,31,NA,6.28854531812228,12.3629466586636
2010-01-01 12:00:00,2010,1,1,NA,7.30702903629331,14.1025482942786
2010-01-02 12:00:00,2010,1,2,NA,8.2799721264894,11.3262264213942
2010-01-03 12:00:00,2010,1,3,NA,5.89446354367796,10.0849237825076
2010-01-04 12:00:00,2010,1,4,NA,7.6076398987594,12.401377694393
2010-01-05 12:00:00,2010,1,5,NA,7.53808322061432,11.6400744759582
2010-01-06 12:00:00,2010,1,6,NA,8.42321441875564,11.5703357892069
2010-01-07 12:00:00,2010,1,7,NA,6.39373919306525,11.0763699484378
2010-01-08 12:00:00,2010,1,8,NA,2.71064113991101,8.73512674609679
2010-01-09 12:00:00,2010,1,9,NA,-2.37293582037314,7.16559691035507
2010-01-10 12:00:00,2010,1,10,NA,5.82026931714818,15.9279600644556
2010-01-11 12:00:00,2010,1,11,NA,9.16321572649669,14.0824583740035
2010-01-12 12:00:00,2010,1,12,NA,4.60148536446352,14.9585478386501
2010-01-13 12:00:00,2010,1,13,NA,6.92919367488638,18.0403392312319
2010-01-14 12:00:00,2010,1,14,NA,7.17891007901519,14.0784946036867
2010-01-15 12:00:00,2010,1,15,NA,4.61701526952596,7.74264757696491
2010-01-16 12:00:00,2010,1,16,NA,3.69070693491792,5.03422103470627
2010-01-17 12:00:00,2010,1,17,NA,6.09440092221278,8.79445133159903
2010-01-18 12:00:00,2010,1,18,NA,3.15049610194821,7.8324489043557
2010-01-19 12:00:00,2010,1,19,NA,4.5181520884697,10.957106126611
2010-01-20 12:00:00,2010,1,20,NA,-0.810864936284362,2.96063049198124
2010-01-21 12:00:00,2010,1,21,NA,0.0429997607859414,7.11601738606244
2010-01-22 12:00:00,2010,1,22,NA,2.99287763447395,5.86603144362984
2010-01-23 12:00:00,2010,1,23,NA,-2.04385981519132,3.4046335030898
2010-01-24 12:00:00,2010,1,24,NA,-2.31759195202464,-1.06893292356482
2010-01-25 12:00:00,2010,1,25,NA,-5.73180071437255,0.44379699043174
2010-01-26 12:00:00,2010,1,26,NA,-4.11909123884925,2.96027084959636
2010-01-27 12:00:00,2010,1,27,NA,-0.961035446609829,6.07872088160677
2010-01-28 12:00:00,2010,1,28,NA,-2.27574195422264,2.52737266414292
2010-01-29 12:00:00,2010,1,29,NA,-0.0520314413472708,1.83389192249341
2010-01-30 12:00:00,2010,1,30,NA,-8.38087227158057,-4.60937684331497
2010-01-31 12:00:00,2010,1,31,NA,-13.3421238321476,-6.13846683764998
2010-02-01 12:00:00,2010,2,1,NA,-1.99669226473101,0.957475668673403
2010-02-02 12:00:00,2010,2,2,NA,1.44720625435984,3.61561710713708
2010-02-03 12:00:00,2010,2,3,NA,3.3778734004788,5.06195648930658
2010-02-04 12:00:00,2010,2,4,NA,-0.0427848236657487,4.10003433167936
2010-02-05 12:00:00,2010,2,5,NA,-1.83004905962645,5.37413663840111
2010-02-06 12:00:00,2010,2,6,NA,-0.43019207674354,3.9694925848426
2010-02-07 12:00:00,2010,2,7,NA,-2.5201516397941,4.02225283875746
2010-02-08 12:00:00,2010,2,8,NA,-0.497835706313702,5.46364144695106
2010-02-09 12:00:00,2010,2,9,NA,9.2954523634474,11.7690972227478
2010-02-10 12:00:00,2010,2,10,NA,6.79849142934474,12.8074923138387
2010-02-11 12:00:00,2010,2,11,NA,8.72950029114825,11.1600731575456
2010-02-12 12:00:00,2010,2,12,NA,7.25929287560743,15.9207525777196
2010-02-13 12:00:00,2010,2,13,NA,7.78733675007366,13.7642602464987
2010-02-14 12:00:00,2010,2,14,NA,7.55887257724656,17.2825706701877
2010-02-15 12:00:00,2010,2,15,NA,7.29351002381624,15.5901592653769
2010-02-16 12:00:00,2010,2,16,NA,6.00600611851612,14.6318614537996
2010-02-17 12:00:00,2010,2,17,NA,8.69990360805852,16.070100931899
2010-02-18 12:00:00,2010,2,18,NA,9.58321296386374,18.8591783072582
2010-02-19 12:00:00,2010,2,19,NA,7.23172533387264,13.3113441135397
2010-02-20 12:00:00,2010,2,20,NA,6.37376612685385,14.3964494171
2010-02-21 12:00:00,2010,2,21,NA,8.34272891738335,13.1735768256358
2010-02-22 12:00:00,2010,2,22,NA,10.3254376371468,16.8060310249327
2010-02-23 12:00:00,2010,2,23,NA,12.4477811510492,14.8728127840724
2010-02-24 12:00:00,2010,2,24,NA,10.8875774286649,14.9462635140478
2010-02-25 12:00:00,2010,2,25,NA,8.13173410158158,12.996233350602
2010-02-26 12:00:00,2010,2,26,NA,7.50286915046975,9.30267304823245
2010-02-27 12:00:00,2010,2,27,NA,4.87399111294268,9.73348584605334
2010-02-28 12:00:00,2010,2,28,NA,1.21416697830039,5.74199233485799
2010-03-01 12:00:00,2010,3,1,NA,5.47018026921356,7.15426335804134
2010-03-02 12:00:00,2010,3,2,NA,4.66155700837485,7.24341745689993
2010-03-03 12:00:00,2010,3,3,NA,4.5134044405275,6.88788734547677
2010-03-04 12:00:00,2010,3,4,NA,2.65570983768203,11.381209703096
2010-03-05 12:00:00,2010,3,5,NA,0.0821431633133463,12.5169189874141
2010-03-06 12:00:00,2010,3,6,NA,2.01234273691636,8.07364794499931
2010-03-07 12:00:00,2010,3,7,NA,0.637128304342656,6.21600916368541
2010-03-08 12:00:00,2010,3,8,NA,-3.36462301015561,6.02470464033583
2010-03-09 12:00:00,2010,3,9,NA,-1.12489127200192,9.00418934378895
2010-03-10 12:00:00,2010,3,10,NA,0.495181615915875,6.73354416725663
2010-03-11 12:00:00,2010,3,11,NA,1.91195013611558,9.16622107835853
2010-03-12 12:00:00,2010,3,12,NA,-4.63435483249205,9.01608841224361
2010-03-13 12:00:00,2010,3,13,NA,1.28457654418113,11.9890621240182
2010-03-14 12:00:00,2010,3,14,NA,3.73889297997379,16.7578467971635
2010-03-15 12:00:00,2010,3,15,NA,3.00172335441322,11.1832455960788
2010-03-16 12:00:00,2010,3,16,NA,5.46016011387664,9.78892012408912
2010-03-17 12:00:00,2010,3,17,NA,0.401466185853252,5.95598133079902
2010-03-18 12:00:00,2010,3,18,NA,2.04497546110036,9.35220670597197
2010-03-19 12:00:00,2010,3,19,NA,-0.0866019807672807,11.6444588768684
2010-03-20 12:00:00,2010,3,20,NA,4.12739842880017,11.2659824983614
2010-03-21 12:00:00,2010,3,21,NA,5.6364053208877,12.5385840131368
2010-03-22 12:00:00,2010,3,22,NA,11.0947188689435,16.8542651923184
2010-03-23 12:00:00,2010,3,23,NA,8.61509575177207,16.1318226865526
2010-03-24 12:00:00,2010,3,24,NA,8.92860710635564,13.6803041021764
2010-03-25 12:00:00,2010,3,25,NA,7.2826591389348,13.5922120341523
2010-03-26 12:00:00,2010,3,26,NA,3.16009127341992,17.1257082493188
2010-03-27 12:00:00,2010,3,27,NA,0.22522000935653,19.1912299155021
2010-03-28 12:00:00,2010,3,28,NA,8.32864317279023,15.683974492386
2010-03-29 12:00:00,2010,3,29,NA,7.7831114044188,22.9048346781011
2010-03-30 12:00:00,2010,3,30,NA,7.28824970042499,19.7135250877955
2010-03-31 12:00:00,2010,3,31,NA,5.03583147029106,13.240061370451
2010-04-01 12:00:00,2010,4,1,NA,2.2778720053433,9.79459894012384
2010-04-02 12:00:00,2010,4,2,NA,2.70957647243751,11.5999557126596
2010-04-03 12:00:00,2010,4,3,NA,1.46575947020436,17.1844611040512
2010-04-04 12:00:00,2010,4,4,NA,0.636837799891677,14.9962892121068
2010-04-05 12:00:00,2010,4,5,NA,7.22951171525678,17.6598234609768
2010-04-06 12:00:00,2010,4,6,NA,7.7172851784629,17.2165282348609
2010-04-07 12:00:00,2010,4,7,NA,7.92083566607917,16.3849302595561
2010-04-08 12:00:00,2010,4,8,NA,6.36217832148359,14.8673606787151
2010-04-09 12:00:00,2010,4,9,NA,10.7612828735688,22.1957797983519
2010-04-10 12:00:00,2010,4,10,NA,5.8563474912342,23.2923213973316
2010-04-11 12:00:00,2010,4,11,NA,6.66825087096199,20.3364924087434
2010-04-12 12:00:00,2010,4,12,NA,12.287972810221,20.3746207062388
2010-04-13 12:00:00,2010,4,13,NA,12.462600277204,20.9126722528846
2010-04-14 12:00:00,2010,4,14,NA,9.97426529699311,14.186000438713
2010-04-15 12:00:00,2010,4,15,NA,-1.45409927878376,17.2849508640767
2010-04-16 12:00:00,2010,4,16,NA,6.19462019441122,14.2564934330876
2010-04-17 12:00:00,2010,4,17,NA,5.82129522754325,8.65593719057625
2010-04-18 12:00:00,2010,4,18,NA,3.03164656360386,10.2961867578899
2010-04-19 12:00:00,2010,4,19,NA,0.371270559761671,13.4812234862525
2010-04-20 12:00:00,2010,4,20,NA,5.23765423803144,12.9277974054162
2010-04-21 12:00:00,2010,4,21,NA,3.40882811472515,13.9702403613663
2010-04-22 12:00:00,2010,4,22,NA,6.20891936361045,20.966452119595
2010-04-23 12:00:00,2010,4,23,NA,9.48987445663051,29.2186865439248
2010-04-24 12:00:00,2010,4,24,NA,10.7111645444279,25.4686973004124
2010-04-25 12:00:00,2010,4,25,NA,6.68605677216215,29.9803492744024
2010-04-26 12:00:00,2010,4,26,NA,8.24695674826916,25.142035915831
2010-04-27 12:00:00,2010,4,27,NA,10.218407539892,22.5261498444137
2010-04-28 12:00:00,2010,4,28,NA,11.1309996720132,17.3840948551779
2010-04-29 12:00:00,2010,4,29,NA,10.1595210662474,15.4352143684935
2010-04-30 12:00:00,2010,4,30,NA,10.1507316721215,20.1846819646018
2010-05-01 12:00:00,2010,5,1,NA,8.42492802564546,19.8938741792509
2010-05-02 12:00:00,2010,5,2,NA,9.64004591107154,21.3575573920549
2010-05-03 12:00:00,2010,5,3,NA,7.92968857479914,23.7193922994095
2010-05-04 12:00:00,2010,5,4,NA,8.22974411100643,24.9978657315996
2010-05-05 12:00:00,2010,5,5,NA,7.47066270653462,25.991230567928
2010-05-06 12:00:00,2010,5,6,NA,8.94164438220209,29.8196583311192
2010-05-07 12:00:00,2010,5,7,NA,12.8437633871438,27.2057651934416
2010-05-08 12:00:00,2010,5,8,NA,14.5839589123546,27.4216468152163
2010-05-09 12:00:00,2010,5,9,NA,13.5970930174083,30.1019099849925
2010-05-10 12:00:00,2010,5,10,NA,17.304102220408,26.3900987306816
2010-05-11 12:00:00,2010,5,11,NA,12.0720607968206,29.5927380670697
2010-05-12 12:00:00,2010,5,12,NA,17.021395870798,23.9320233560594
2010-05-13 12:00:00,2010,5,13,NA,13.2816729257605,26.1193608286222
2010-05-14 12:00:00,2010,5,14,NA,11.4074587450912,29.814002494693
2010-05-15 12:00:00,2010,5,15,NA,14.4836313667882,27.1595857232774
2010-05-16 12:00:00,2010,5,16,NA,13.7091150490418,30.272141938632
2010-05-17 12:00:00,2010,5,17,NA,15.4815959610353,26.1354671595703
2010-05-18 12:00:00,2010,5,18,NA,17.1196360280656,23.979207815797
2010-05-19 12:00:00,2010,5,19,NA,17.6043059728684,25.1220521267828
2010-05-20 12:00:00,2010,5,20,NA,13.6605326524678,24.3696591191811
2010-05-21 12:00:00,2010,5,21,NA,14.5144727449519,27.4068584506645
2010-05-22 12:00:00,2010,5,22,NA,11.4731601930824,28.2238446917469
2010-05-23 12:00:00,2010,5,23,NA,14.9055082502973,27.1422304372033
2010-05-24 12:00:00,2010,5,24,NA,14.8092723257705,23.6195580997168
2010-05-25 12:00:00,2010,5,25,NA,15.978953496475,24.7001312878565
2010-05-26 12:00:00,2010,5,26,NA,15.2011713541036,21.071982813466
2010-05-27 12:00:00,2010,5,27,NA,14.8882017471246,28.7345007022584
2010-05-28 12:00:00,2010,5,28,NA,14.6355081861688,20.4882589876003
2010-05-29 12:00:00,2010,5,29,NA,13.5031933172019,21.8956158893407
2010-05-30 12:00:00,2010,5,30,NA,10.9820492593742,22.1864430740035
2010-05-31 12:00:00,2010,5,31,NA,12.0201520806683,26.5744223538592
2010-06-01 12:00:00,2010,6,1,NA,12.795561308011,25.5743524940672
2010-06-02 12:00:00,2010,6,2,NA,13.6341308348658,25.317799273745
2010-06-03 12:00:00,2010,6,3,NA,13.5882187208878,27.1030670070208
2010-06-04 12:00:00,2010,6,4,NA,12.9735950083272,24.2456340967228
2010-06-05 12:00:00,2010,6,5,NA,14.8922867247002,27.3662080267961
2010-06-06 12:00:00,2010,6,6,NA,13.9009660736937,24.2079928831629
2010-06-07 12:00:00,2010,6,7,NA,15.820468793848,32.3485097823002
2010-06-08 12:00:00,2010,6,8,NA,17.9135690480869,35.3640543530258
2010-06-09 12:00:00,2010,6,9,NA,18.456710383449,34.9885333300922
2010-06-10 12:00:00,2010,6,10,NA,15.4406168201307,29.7869743191989
2010-06-11 12:00:00,2010,6,11,NA,16.11002500072,28.505208772582
2010-06-12 12:00:00,2010,6,12,NA,12.002804894821,22.2776757739077
2010-06-13 12:00:00,2010,6,13,NA,11.5998156204657,22.8806024726856
2010-06-14 12:00:00,2010,6,14,NA,13.564886922848,21.6949320520038
2010-06-15 12:00:00,2010,6,15,NA,17.3355187723495,22.469123935343
2010-06-16 12:00:00,2010,6,16,NA,12.284545185071,20.7193158349418
2010-06-17 12:00:00,2010,6,17,NA,16.17003381927,25.3719766785311
2010-06-18 12:00:00,2010,6,18,NA,13.868474367456,21.0890469907142
2010-06-19 12:00:00,2010,6,19,NA,17.5815356404742,27.9112924090859
2010-06-20 12:00:00,2010,6,20,NA,18.9720133277642,25.3982772657165
2010-06-21 12:00:00,2010,6,21,NA,12.8697617427692,19.0588794941698
2010-06-22 12:00:00,2010,6,22,NA,14.9304416193877,22.1420213743907
2010-06-23 12:00:00,2010,6,23,NA,15.3914598793866,22.6030396343895
2010-06-24 12:00:00,2010,6,24,NA,12.9638465050434,20.1909825937404
2010-06-25 12:00:00,2010,6,25,NA,12.1445349268012,26.9109409572674
2010-06-26 12:00:00,2010,6,26,NA,11.332939984202,23.9883910651624
2010-06-27 12:00:00,2010,6,27,NA,13.8171906511774,26.8268574129647
2010-06-28 12:00:00,2010,6,28,NA,18.0015051739068,29.2735442623024
2010-06-29 12:00:00,2010,6,29,NA,13.3285598187812,30.2224690179255
2010-06-30 12:00:00,2010,6,30,NA,18.8566350959476,28.0585779552087
2010-07-01 12:00:00,2010,7,1,NA,20.0563667873417,35.5252360446122
2010-07-02 12:00:00,2010,7,2,NA,19.1961139683553,35.9803198178292
2010-07-03 12:00:00,2010,7,3,NA,17.8697810455573,31.8513431348966
2010-07-04 12:00:00,2010,7,4,NA,17.0465873246665,29.1836357356904
2010-07-05 12:00:00,2010,7,5,NA,18.3825106917597,32.7310866860007
2010-07-06 12:00:00,2010,7,6,NA,21.1554230746297,27.7603460608649
2010-07-07 12:00:00,2010,7,7,NA,18.5942734156726,28.3862154778762
2010-07-08 12:00:00,2010,7,8,NA,17.7262012186849,31.7077633080242
2010-07-09 12:00:00,2010,7,9,NA,17.1155890542652,35.6270377160703
2010-07-10 12:00:00,2010,7,10,NA,20.1513609239933,30.6963276773998
2010-07-11 12:00:00,2010,7,11,NA,18.5624816331913,29.6205910922977
2010-07-12 12:00:00,2010,7,12,NA,18.6387012398394,30.8262431860748
2010-07-13 12:00:00,2010,7,13,NA,21.4554518325556,30.3408685513569
2010-07-14 12:00:00,2010,7,14,NA,15.7802603992498,30.96924302181
2010-07-15 12:00:00,2010,7,15,NA,14.5366653359923,25.8474131804723
2010-07-16 12:00:00,2010,7,16,NA,16.8213933410598,22.4494811842355
2010-07-17 12:00:00,2010,7,17,NA,19.1328934633968,26.4439446195389
2010-07-18 12:00:00,2010,7,18,NA,19.8733683164226,28.4066762560915
2010-07-19 12:00:00,2010,7,19,NA,13.1967678641538,22.1282750249555
2010-07-20 12:00:00,2010,7,20,NA,12.6519174067881,22.2588888179859
2010-07-21 12:00:00,2010,7,21,NA,8.74148763265346,22.5353532806066
2010-07-22 12:00:00,2010,7,22,NA,8.47398015917264,23.6629627817328
2010-07-23 12:00:00,2010,7,23,NA,10.2788748547458,23.1235787651653
2010-07-24 12:00:00,2010,7,24,NA,10.5088887558534,19.7710176573061
2010-07-25 12:00:00,2010,7,25,NA,14.2909288957025,20.0566491740655
2010-07-26 12:00:00,2010,7,26,NA,14.046217371692,20.9270713144844
2010-07-27 12:00:00,2010,7,27,NA,13.8307488609271,19.8120124379963
2010-07-28 12:00:00,2010,7,28,NA,14.1301752756512,20.2107983130363
2010-07-29 12:00:00,2010,7,29,NA,13.4434240575601,17.256888643463
2010-07-30 12:00:00,2010,7,30,NA,11.2120506658452,19.3772902688536
2010-07-31 12:00:00,2010,7,31,NA,15.8499395881468,23.9831129097422
2010-08-01 12:00:00,2010,8,1,NA,14.5141473688044,25.0591141222109
2010-08-02 12:00:00,2010,8,2,NA,14.3913229900563,22.4013890608316
2010-08-03 12:00:00,2010,8,3,NA,13.0208685354685,27.7294039248182
2010-08-04 12:00:00,2010,8,4,NA,15.4837336328912,26.498748647533
2010-08-05 12:00:00,2010,8,5,NA,15.2910658898234,26.068184486893
2010-08-06 12:00:00,2010,8,6,NA,15.9305580469584,21.3197073382384
2010-08-07 12:00:00,2010,8,7,NA,15.5724282678,21.5115583695938
2010-08-08 12:00:00,2010,8,8,NA,20.0545675137559,23.6603521684398
2010-08-09 12:00:00,2010,8,9,NA,18.1726006031894,26.512903306684
2010-08-10 12:00:00,2010,8,10,NA,15.56149871306,25.379769022097
2010-08-11 12:00:00,2010,8,11,NA,11.2073044169844,28.4861061039594
2010-08-12 12:00:00,2010,8,12,NA,16.2302533396615,25.938695883993
2010-08-13 12:00:00,2010,8,13,NA,14.5489473838956,31.8277490708705
2010-08-14 12:00:00,2010,8,14,NA,19.1650942420111,28.623095753334
2010-08-15 12:00:00,2010,8,15,NA,15.691277445292,23.1125463553391
2010-08-16 12:00:00,2010,8,16,NA,14.8391046674644,25.3394064368942
2010-08-17 12:00:00,2010,8,17,NA,12.8585341460825,27.3572424036726
2010-08-18 12:00:00,2010,8,18,NA,11.8850754051081,27.3321636128691
2010-08-19 12:00:00,2010,8,19,NA,13.7929786568689,28.1521421315338
2010-08-20 12:00:00,2010,8,20,NA,14.7748424131825,29.1224808565462
2010-08-21 12:00:00,2010,8,21,NA,19.189198497023,27.4439564058214
2010-08-22 12:00:00,2010,8,22,NA,19.1205487873259,29.2888181103866
2010-08-23 12:00:00,2010,8,23,NA,16.8954303464685,30.1169627477625
2010-08-24 12:00:00,2010,8,24,NA,13.1637459881407,24.0774286473409
2010-08-25 12:00:00,2010,8,25,NA,13.4031936752823,25.2719624352326
2010-08-26 12:00:00,2010,8,26,NA,13.2071901149865,23.1100685769542
2010-08-27 12:00:00,2010,8,27,NA,11.0480629997681,26.7833070811946
2010-08-28 12:00:00,2010,8,28,NA,8.1110658149226,17.5190769928991
2010-08-29 12:00:00,2010,8,29,NA,7.61864231845091,17.8678901042358
2010-08-30 12:00:00,2010,8,30,NA,4.79949230335782,20.6957324967306
2010-08-31 12:00:00,2010,8,31,NA,6.0343129835057,22.0682498585646
2010-09-01 12:00:00,2010,9,1,NA,5.2396202030256,22.3649592791698
2010-09-02 12:00:00,2010,9,2,NA,7.90831436646666,21.3647468484705
2010-09-03 12:00:00,2010,9,3,NA,10.8516141773448,20.8112876197788
2010-09-04 12:00:00,2010,9,4,NA,13.2657946438723,22.7321642333594
2010-09-05 12:00:00,2010,9,5,NA,10.9045322800982,23.4559552298139
2010-09-06 12:00:00,2010,9,6,NA,10.8651139225276,21.9153646688236
2010-09-07 12:00:00,2010,9,7,NA,10.3259569469786,20.1602382887816
2010-09-08 12:00:00,2010,9,8,NA,10.0901180446548,19.8859368595983
2010-09-09 12:00:00,2010,9,9,NA,10.2837277670174,20.0185545471018
2010-09-10 12:00:00,2010,9,10,NA,9.04640505561918,21.0512385619626
2010-09-11 12:00:00,2010,9,11,NA,9.53966810515526,20.3063527206901
2010-09-12 12:00:00,2010,9,12,NA,10.9080507142461,19.4973236415783
2010-09-13 12:00:00,2010,9,13,NA,12.2360606538346,17.7249519707627
2010-09-14 12:00:00,2010,9,14,NA,13.1256426539502,21.7495170046821
2010-09-15 12:00:00,2010,9,15,NA,13.6076826040243,20.8881362911988
2010-09-16 12:00:00,2010,9,16,NA,13.7285126513151,28.0233573350325
2010-09-17 12:00:00,2010,9,17,NA,18.1315205306466,32.3066586201331
2010-09-18 12:00:00,2010,9,18,NA,15.8333750126253,31.4040684348022
2010-09-19 12:00:00,2010,9,19,NA,12.6042247712975,25.9011311599121
2010-09-20 12:00:00,2010,9,20,NA,15.1352706950534,30.172582992961
2010-09-21 12:00:00,2010,9,21,NA,12.1419013190569,23.1921520653529
2010-09-22 12:00:00,2010,9,22,NA,9.95749042638661,19.0347077362406
2010-09-23 12:00:00,2010,9,23,NA,8.0285494239378,17.7633762040222
2010-09-24 12:00:00,2010,9,24,NA,6.13217847498687,19.2191748368774
2010-09-25 12:00:00,2010,9,25,NA,10.2688492328789,17.6933771507533
2010-09-26 12:00:00,2010,9,26,NA,12.1292213263198,20.9684198903198
2010-09-27 12:00:00,2010,9,27,NA,10.5700617583761,23.408279136225
2010-09-28 12:00:00,2010,9,28,NA,11.0428576672339,23.5286411855774
2010-09-29 12:00:00,2010,9,29,NA,12.4294510176149,24.9152345359584
2010-09-30 12:00:00,2010,9,30,NA,10.2051470632608,25.9908956519912
2010-10-01 12:00:00,2010,10,1,NA,12.094356127666,29.2854003297441
2010-10-02 12:00:00,2010,10,2,NA,13.9527888893571,26.4253724062269
2010-10-03 12:00:00,2010,10,3,NA,14.6096814955775,24.6649295264919
2010-10-04 12:00:00,2010,10,4,NA,14.509429116402,24.5646771473164
2010-10-05 12:00:00,2010,10,5,NA,15.3401458305868,29.3890003290735
2010-10-06 12:00:00,2010,10,6,NA,17.7869787468947,27.5070671173756
2010-10-07 12:00:00,2010,10,7,NA,18.7593228673394,26.3566475826695
2010-10-08 12:00:00,2010,10,8,NA,20.5570068628861,25.619290895968
2010-10-09 12:00:00,2010,10,9,NA,18.540409060932,25.5972692431802
2010-10-10 12:00:00,2010,10,10,NA,17.0094975180452,24.7595285374028
2010-10-11 12:00:00,2010,10,11,NA,13.061603701489,21.1266386562251
2010-10-12 12:00:00,2010,10,12,NA,11.1412433144737,20.7910433010126
2010-10-13 12:00:00,2010,10,13,NA,11.9065973029979,21.3825273956177
2010-10-14 12:00:00,2010,10,14,NA,8.43248492485792,20.3428300834876
2010-10-15 12:00:00,2010,10,15,NA,10.9958984427818,18.311413508788
2010-10-16 12:00:00,2010,10,16,NA,11.6005930825234,18.023682137087
2010-10-17 12:00:00,2010,10,17,NA,11.7052621461921,18.1859319836761
2010-10-18 12:00:00,2010,10,18,NA,8.26738754629493,14.748057383779
2010-10-19 12:00:00,2010,10,19,NA,6.68791164212293,15.7925295504078
2010-10-20 12:00:00,2010,10,20,NA,9.82758918963291,17.7538737523743
2010-10-21 12:00:00,2010,10,21,NA,9.54269186317643,18.6820970145251
2010-10-22 12:00:00,2010,10,22,NA,10.7768689244282,21.2743127927139
2010-10-23 12:00:00,2010,10,23,NA,7.91956349713917,20.8810403053264
2010-10-24 12:00:00,2010,10,24,NA,7.78900185834482,19.3106838531735
2010-10-25 12:00:00,2010,10,25,NA,4.95054472375999,16.4173693109663
2010-10-26 12:00:00,2010,10,26,NA,2.45951630580154,15.8399087031079
2010-10-27 12:00:00,2010,10,27,NA,5.47257376279665,11.7953021384676
2010-10-28 12:00:00,2010,10,28,NA,7.14604104722757,13.5947724124038
2010-10-29 12:00:00,2010,10,29,NA,6.71810293860086,15.1018999170507
2010-10-30 12:00:00,2010,10,30,NA,7.40452346664553,10.0321702067398
2010-10-31 12:00:00,2010,10,31,NA,7.09604653005089,10.0854571926635
2010-11-01 12:00:00,2010,11,1,NA,6.04292879847771,10.2827004009562
2010-11-02 12:00:00,2010,11,2,NA,1.28075904076336,4.13360918200041
2010-11-03 12:00:00,2010,11,3,NA,0.235497021120581,4.90158377578326
2010-11-04 12:00:00,2010,11,4,NA,-3.51034209887667,4.1758536968919
2010-11-05 12:00:00,2010,11,5,NA,4.13106569427229,9.40933708145454
2010-11-06 12:00:00,2010,11,6,NA,4.58923723294613,11.3878270018112
2010-11-07 12:00:00,2010,11,7,NA,3.3511930973775,11.1158883327711
2010-11-08 12:00:00,2010,11,8,NA,5.32636623798765,10.4920529608552
2010-11-09 12:00:00,2010,11,9,NA,4.61173594808707,9.737390472628
2010-11-10 12:00:00,2010,11,10,NA,2.67688181955034,9.32777470025866
2010-11-11 12:00:00,2010,11,11,NA,4.78280213723727,7.22062102205869
2010-11-12 12:00:00,2010,11,12,NA,3.17874786673813,8.81349791902596
2010-11-13 12:00:00,2010,11,13,NA,1.90395967403291,7.39582194874612
2010-11-14 12:00:00,2010,11,14,NA,2.67521010278816,6.60592648818861
2010-11-15 12:00:00,2010,11,15,NA,2.57598888859902,5.01380777342044
2010-11-16 12:00:00,2010,11,16,NA,-0.215315033252668,7.12829988857749
2010-11-17 12:00:00,2010,11,17,NA,1.95197684399634,8.6432370994979
2010-11-18 12:00:00,2010,11,18,NA,0.786905677350101,7.26714173404753
2010-11-19 12:00:00,2010,11,19,NA,0.558118725760168,4.96895812744028
2010-11-20 12:00:00,2010,11,20,NA,1.52834738202654,5.60770982038257
2010-11-21 12:00:00,2010,11,21,NA,-1.09336954209424,6.11290168225008
2010-11-22 12:00:00,2010,11,22,NA,2.25117118419343,10.6139973774877
2010-11-23 12:00:00,2010,11,23,NA,1.20712625260454,10.3237580738888
2010-11-24 12:00:00,2010,11,24,NA,-3.00479597560517,3.00915014237463
2010-11-25 12:00:00,2010,11,25,NA,1.36685988962426,7.02168475281791
2010-11-26 12:00:00,2010,11,26,NA,3.1834796607355,5.98523749918714
2010-11-27 12:00:00,2010,11,27,NA,0.949245227041766,10.3918673806058
2010-11-28 12:00:00,2010,11,28,NA,1.99628939824272,9.89043104115546
2010-11-29 12:00:00,2010,11,29,NA,4.08759957848363,9.85180413656433
2010-11-30 12:00:00,2010,11,30,NA,4.04095494406379,14.3119026325433
2010-12-01 12:00:00,2010,12,1,NA,4.16672106399247,10.857981319494
2010-12-02 12:00:00,2010,12,2,NA,-0.160015940714821,4.79634651519903
2010-12-03 12:00:00,2010,12,3,NA,-0.782151482538769,4.49058708259925
2010-12-04 12:00:00,2010,12,4,NA,4.86464415864515,9.96331179272838
2010-12-05 12:00:00,2010,12,5,NA,2.72662252323928,5.77008733623001
2010-12-06 12:00:00,2010,12,6,NA,5.07824206885413,8.12449636375893
2010-12-07 12:00:00,2010,12,7,NA,6.99423240130204,11.0158966622039
2010-12-08 12:00:00,2010,12,8,NA,5.63119359692683,9.80530360084342
2010-12-09 12:00:00,2010,12,9,NA,9.13342944719131,15.2427639981415
2010-12-10 12:00:00,2010,12,10,NA,7.04856167443634,14.2966146633178
2010-12-11 12:00:00,2010,12,11,NA,7.84008444706247,14.7317181088944
2010-12-12 12:00:00,2010,12,12,NA,7.46909578688772,14.3217919066842
2010-12-13 12:00:00,2010,12,13,NA,1.02325347817412,14.2559828560448
2010-12-14 12:00:00,2010,12,14,NA,1.58652829592386,12.7973378352348
2010-12-15 12:00:00,2010,12,15,NA,4.72349569824548,11.3744402866599
2010-12-16 12:00:00,2010,12,16,NA,4.55157013229525,10.5284054553978
2010-12-17 12:00:00,2010,12,17,NA,6.49898099368627,14.1283718764525
2010-12-18 12:00:00,2010,12,18,NA,6.78813372182986,12.3384848983771
2010-12-19 12:00:00,2010,12,19,NA,4.19708086158686,12.8268240305239
2010-12-20 12:00:00,2010,12,20,NA,6.20589831521399,13.0442201895913
2010-12-21 12:00:00,2010,12,21,NA,8.16956173116638,15.0914263915893
2010-12-22 12:00:00,2010,12,22,NA,8.69606392494981,12.52075127262
2010-12-23 12:00:00,2010,12,23,NA,12.5326658334642,13.9480696095017
2010-12-24 12:00:00,2010,12,24,NA,8.62621965217682,12.62589514909
2010-12-25 12:00:00,2010,12,25,NA,5.74464846906535,14.9308149353961
2010-12-26 12:00:00,2010,12,26,NA,4.5866125378069,14.0016045597485
2010-12-27 12:00:00,2010,12,27,NA,3.97306259248013,14.5782672018148
2010-12-28 12:00:00,2010,12,28,NA,6.45357955291793,14.5618050511069
2010-12-29 12:00:00,2010,12,29,NA,4.24193774223046,8.60603326688152
2010-12-30 12:00:00,2010,12,30,NA,2.5228245099657,10.1686385105893
2010-12-31 12:00:00,2010,12,31,NA,3.21240777769146,8.48514634282948
2011-01-01 12:00:00,2011,1,1,NA,2.2495242328867,9.36426282019894
2011-01-02 12:00:00,2011,1,2,NA,5.12678569108793,11.9794818108844
2011-01-03 12:00:00,2011,1,3,NA,1.51405412363914,12.3708030493772
2011-01-04 12:00:00,2011,1,4,NA,4.35137291746726,10.7547542010897
2011-01-05 12:00:00,2011,1,5,NA,8.28461116046445,14.9361547613066
2011-01-06 12:00:00,2011,1,6,NA,7.95966431647926,12.1318456208234
2011-01-07 12:00:00,2011,1,7,NA,5.4828264330785,9.38332904347055
2011-01-08 12:00:00,2011,1,8,NA,4.1156517333059,8.17880090624418
2011-01-09 12:00:00,2011,1,9,NA,3.21431086304301,10.5006858707261
2011-01-10 12:00:00,2011,1,10,NA,0.444924156523906,4.91689194749743
2011-01-11 12:00:00,2011,1,11,NA,7.18795598627658,12.9916915084137
2011-01-12 12:00:00,2011,1,12,NA,9.86450270483643,13.9276518777747
2011-01-13 12:00:00,2011,1,13,NA,6.74738952314515,14.8067804849259
2011-01-14 12:00:00,2011,1,14,NA,7.89312578763895,14.6893514745898
2011-01-15 12:00:00,2011,1,15,NA,6.0083725667468,10.259243055041
2011-01-16 12:00:00,2011,1,16,NA,4.63320333652761,10.8416135375184
2011-01-17 12:00:00,2011,1,17,NA,2.24512977623992,7.57145990476753
2011-01-18 12:00:00,2011,1,18,NA,-1.89550076030867,6.41117187858556
2011-01-19 12:00:00,2011,1,19,NA,0.955951109678554,6.03140565841387
2011-01-20 12:00:00,2011,1,20,NA,4.37757318053122,10.8165272186725
2011-01-21 12:00:00,2011,1,21,NA,4.20047724298104,10.029280186783
2011-01-22 12:00:00,2011,1,22,NA,4.69718465054956,14.3960246996081
2011-01-23 12:00:00,2011,1,23,NA,4.95732410544652,11.1657343064374
2011-01-24 12:00:00,2011,1,24,NA,4.37359606615307,8.63986415700063
2011-01-25 12:00:00,2011,1,25,NA,4.41543914455026,9.33468179205707
2011-01-26 12:00:00,2011,1,26,NA,5.83572923972892,10.5003650763763
2011-01-27 12:00:00,2011,1,27,NA,7.83576018452227,14.1260334350865
2011-01-28 12:00:00,2011,1,28,NA,4.89868120722206,13.2671609502306
2011-01-29 12:00:00,2011,1,29,NA,-1.12116665537998,6.24865123466236
2011-01-30 12:00:00,2011,1,30,NA,1.57171619909779,7.85035748909974
2011-01-31 12:00:00,2011,1,31,NA,-0.479080505699296,10.0375869595674
2011-02-01 12:00:00,2011,2,1,NA,3.96454874245082,12.1828116989402
2011-02-02 12:00:00,2011,2,2,NA,4.53284519010343,8.5611949224836
2011-02-03 12:00:00,2011,2,3,NA,10.3547792592393,14.4217333896085
2011-02-04 12:00:00,2011,2,4,NA,9.35022187747877,14.5077512583663
2011-02-05 12:00:00,2011,2,5,NA,10.1754653488755,11.8595484377032
2011-02-06 12:00:00,2011,2,6,NA,10.0771959855231,12.5709832705913
2011-02-07 12:00:00,2011,2,7,NA,8.36372437452104,10.9375688434006
2011-02-08 12:00:00,2011,2,8,NA,4.73894478808682,8.77845746037289
2011-02-09 12:00:00,2011,2,9,NA,3.45212427115882,7.50201576761702
2011-02-10 12:00:00,2011,2,10,NA,2.89050382194387,5.30923823588875
2011-02-11 12:00:00,2011,2,11,NA,4.96925652452629,8.37498821192403
2011-02-12 12:00:00,2011,2,12,NA,5.13602878191094,8.07644000621191
2011-02-13 12:00:00,2011,2,13,NA,6.13258122525813,10.1735761473089
2011-02-14 12:00:00,2011,2,14,NA,8.42331172685165,10.0460974221585
2011-02-15 12:00:00,2011,2,15,NA,3.61146929183859,5.22695554018668
2011-02-16 12:00:00,2011,2,16,NA,3.6671376692559,7.75785681802154
2011-02-17 12:00:00,2011,2,17,NA,5.87936097646365,9.90380946786616
2011-02-18 12:00:00,2011,2,18,NA,5.02737272023578,10.667175385052
2011-02-19 12:00:00,2011,2,19,NA,5.11144635012791,9.17013243551083
2011-02-20 12:00:00,2011,2,20,NA,-5.59814696033669,-3.95433154021509
2011-02-21 12:00:00,2011,2,21,NA,-0.2088563237912,2.05079433018239
2011-02-22 12:00:00,2011,2,22,NA,3.8355170486232,7.09561967278388
2011-02-23 12:00:00,2011,2,23,NA,3.89319458538355,8.99936553595695
2011-02-24 12:00:00,2011,2,24,NA,-1.30389736487299,4.1014407699657
2011-02-25 12:00:00,2011,2,25,NA,3.32485964758867,9.0107228160378
2011-02-26 12:00:00,2011,2,26,NA,3.32880222427289,8.28666680991362
2011-02-27 12:00:00,2011,2,27,NA,2.11896471298284,6.94981262123528
2011-02-28 12:00:00,2011,2,28,NA,3.30336843293105,8.72494654591834
2011-03-01 12:00:00,2011,3,1,NA,2.46107581465133,10.4837591048975
2011-03-02 12:00:00,2011,3,2,NA,7.88476275574303,13.0965554918569
2011-03-03 12:00:00,2011,3,3,NA,10.4837836172472,13.2192164778557
2011-03-04 12:00:00,2011,3,4,NA,9.3874698407468,11.7596626224811
2011-03-05 12:00:00,2011,3,5,NA,5.75671091522418,10.3068628302383
2011-03-06 12:00:00,2011,3,6,NA,7.03625471266323,11.2494764569137
2011-03-07 12:00:00,2011,3,7,NA,5.98680967432736,18.2192149859337
2011-03-08 12:00:00,2011,3,8,NA,6.75601197752462,11.941510373854
2011-03-09 12:00:00,2011,3,9,NA,5.09121789125891,17.9335028570424
2011-03-10 12:00:00,2011,3,10,NA,6.56559081500041,13.0234991782123
2011-03-11 12:00:00,2011,3,11,NA,6.08608887337049,12.788350809618
2011-03-12 12:00:00,2011,3,12,NA,6.48184691934736,10.1116924850856
2011-03-13 12:00:00,2011,3,13,NA,4.60752773663085,10.7800854999094
2011-03-14 12:00:00,2011,3,14,NA,12.1512424590203,15.9127342751488
2011-03-15 12:00:00,2011,3,15,NA,10.0847543214508,14.8808637514173
2011-03-16 12:00:00,2011,3,16,NA,5.74174033160838,10.2623627241683
2011-03-17 12:00:00,2011,3,17,NA,3.6672189455845,14.1832067839592
2011-03-18 12:00:00,2011,3,18,NA,6.82443385353051,11.153193863743
2011-03-19 12:00:00,2011,3,19,NA,4.13704312504292,7.7664732904052
2011-03-20 12:00:00,2011,3,20,NA,2.02281963979474,12.2797132895277
2011-03-21 12:00:00,2011,3,21,NA,6.26594960343223,10.2229803301912
2011-03-22 12:00:00,2011,3,22,NA,10.840429447859,18.0947003901019
2011-03-23 12:00:00,2011,3,23,NA,10.0767423916264,20.2435982529763
2011-03-24 12:00:00,2011,3,24,NA,4.26647847316154,20.0870669241135
2011-03-25 12:00:00,2011,3,25,NA,4.80241634523093,21.4321565439459
2011-03-26 12:00:00,2011,3,26,NA,7.36414284427022,15.894350994033
2011-03-27 12:00:00,2011,3,27,NA,6.67395494162953,15.4454560248099
2011-03-28 12:00:00,2011,3,28,NA,7.27407330865908,13.5646557630891
2011-03-29 12:00:00,2011,3,29,NA,4.64670883525091,13.3722087006649
2011-03-30 12:00:00,2011,3,30,NA,5.61134144942646,12.2505749396616
2011-03-31 12:00:00,2011,3,31,NA,1.83454668930105,12.7185933032562
2011-04-01 12:00:00,2011,4,1,NA,7.189106292668,10.9505981087965
2011-04-02 12:00:00,2011,4,2,NA,2.48671086040554,18.0574381583039
2011-04-03 12:00:00,2011,4,3,NA,-1.74697970772327,18.0520167917826
2011-04-04 12:00:00,2011,4,4,NA,5.57865232419223,15.5958708303205
2011-04-05 12:00:00,2011,4,5,NA,6.36402555007158,11.6541859995418
2011-04-06 12:00:00,2011,4,6,NA,3.65992195988791,9.55443532588703
2011-04-07 12:00:00,2011,4,7,NA,8.23251450311098,19.7014606567165
2011-04-08 12:00:00,2011,4,8,NA,5.15834461442032,19.2687867393333
2011-04-09 12:00:00,2011,4,9,NA,3.97336759438652,19.8105737368305
2011-04-10 12:00:00,2011,4,10,NA,6.69087640553852,14.9290121989545
2011-04-11 12:00:00,2011,4,11,NA,7.53502573006345,13.8819359427401
2011-04-12 12:00:00,2011,4,12,NA,7.85063581753575,20.3243697669867
2011-04-13 12:00:00,2011,4,13,NA,6.17865587921482,20.8253735382594
2011-04-14 12:00:00,2011,4,14,NA,6.85063875647364,22.0998957456086
2011-04-15 12:00:00,2011,4,15,NA,10.8867546011607,18.2784163873894
2011-04-16 12:00:00,2011,4,16,NA,9.04505510429558,14.3352155537658
2011-04-17 12:00:00,2011,4,17,NA,11.1578886129695,16.4487465744074
2011-04-18 12:00:00,2011,4,18,NA,10.6942299852761,15.788048215237
2011-04-19 12:00:00,2011,4,19,NA,5.68236403553589,21.9149040164833
2011-04-20 12:00:00,2011,4,20,NA,7.04324894179519,24.4769370283505
2011-04-21 12:00:00,2011,4,21,NA,5.04624268055312,24.1790691238802
2011-04-22 12:00:00,2011,4,22,NA,3.24016030490831,21.1455704177635
2011-04-23 12:00:00,2011,4,23,NA,9.99207290424939,20.8260541313578
2011-04-24 12:00:00,2011,4,24,NA,13.6858718600239,17.5002574480671
2011-04-25 12:00:00,2011,4,25,NA,10.6961590497798,14.7485098108903
2011-04-26 12:00:00,2011,4,26,NA,7.49728268438825,18.884177908167
2011-04-27 12:00:00,2011,4,27,NA,8.08278570992663,23.6067878850086
2011-04-28 12:00:00,2011,4,28,NA,9.78040251502443,18.641838744189
2011-04-29 12:00:00,2011,4,29,NA,3.68314314301893,19.960573548022
2011-04-30 12:00:00,2011,4,30,NA,1.11458813331354,19.2065769420632
2011-05-01 12:00:00,2011,5,1,NA,2.72989680033655,18.4485984341834
2011-05-02 12:00:00,2011,5,2,NA,6.07155478560035,16.8520093291307
2011-05-03 12:00:00,2011,5,3,NA,10.1925653603412,13.1143627668468
2011-05-04 12:00:00,2011,5,4,NA,9.68271168377903,13.6250823307483
2011-05-05 12:00:00,2011,5,5,NA,0.652041757785923,15.0856513994655
2011-05-06 12:00:00,2011,5,6,NA,2.69058893035602,16.2747493584525
2011-05-07 12:00:00,2011,5,7,NA,3.3055983161074,18.9128702661403
2011-05-08 12:00:00,2011,5,8,NA,9.15745821012946,18.9169008197833
2011-05-09 12:00:00,2011,5,9,NA,9.84254639935293,21.6035696617956
2011-05-10 12:00:00,2011,5,10,NA,8.15169970038011,18.8092484077982
2011-05-11 12:00:00,2011,5,11,NA,9.81861828089567,22.2616547119215
2011-05-12 12:00:00,2011,5,12,NA,8.83388041696075,25.6842170625509
2011-05-13 12:00:00,2011,5,13,NA,3.12375392119637,19.8433048857279
2011-05-14 12:00:00,2011,5,14,NA,1.48716865789512,20.0619618782418
2011-05-15 12:00:00,2011,5,15,NA,6.21697164511679,19.0637870175891
2011-05-16 12:00:00,2011,5,16,NA,6.28205724877707,19.9593378825659
2011-05-17 12:00:00,2011,5,17,NA,8.9122084293708,24.5194803794037
2011-05-18 12:00:00,2011,5,18,NA,12.5387716582742,24.1916104318806
2011-05-19 12:00:00,2011,5,19,NA,13.5034242926217,25.4411583862826
2011-05-20 12:00:00,2011,5,20,NA,13.1535658988623,26.9685533193902
2011-05-21 12:00:00,2011,5,21,NA,13.6232002833307,22.4341029004989
2011-05-22 12:00:00,2011,5,22,NA,17.3433778867446,26.3723163305339
2011-05-23 12:00:00,2011,5,23,NA,17.6262296597103,31.3066998744145
2011-05-24 12:00:00,2011,5,24,NA,17.5524616913858,28.0028854433592
2011-05-25 12:00:00,2011,5,25,NA,17.6030708031878,28.481140454741
2011-05-26 12:00:00,2011,5,26,NA,14.6969904253672,28.6117737737302
2011-05-27 12:00:00,2011,5,27,NA,18.9626008879514,30.7236241503941
2011-05-28 12:00:00,2011,5,28,NA,15.5603881863122,24.3712908034805
2011-05-29 12:00:00,2011,5,29,NA,19.0095416072812,26.0511413883474
2011-05-30 12:00:00,2011,5,30,NA,21.1583239996206,31.4573795881983
2011-05-31 12:00:00,2011,5,31,NA,17.4038734450045,26.86562573103
2011-06-01 12:00:00,2011,6,1,NA,11.0762681043107,26.4319910881589
2011-06-02 12:00:00,2011,6,2,NA,18.6237365195955,24.5719794780421
2011-06-03 12:00:00,2011,6,3,NA,13.8638029257496,20.3330694848318
2011-06-04 12:00:00,2011,6,4,NA,12.3688877230288,22.8014464345054
2011-06-05 12:00:00,2011,6,5,NA,15.4707829586974,25.7586963469086
2011-06-06 12:00:00,2011,6,6,NA,16.5572063499276,24.8214922831977
2011-06-07 12:00:00,2011,6,7,NA,18.1865002348556,23.8260794095375
2011-06-08 12:00:00,2011,6,8,NA,14.9098768857108,26.2649381962038
2011-06-09 12:00:00,2011,6,9,NA,14.4091895067754,29.3867180327514
2011-06-10 12:00:00,2011,6,10,NA,13.0183991700839,30.5558079254572
2011-06-11 12:00:00,2011,6,11,NA,17.5169148875222,21.6254656059551
2011-06-12 12:00:00,2011,6,12,NA,19.8514017042378,22.9508052300634
2011-06-13 12:00:00,2011,6,13,NA,19.260943858094,23.9100495880456
2011-06-14 12:00:00,2011,6,14,NA,14.5022075947502,24.7463229727078
2011-06-15 12:00:00,2011,6,15,NA,12.8874968998794,21.1377441992767
2011-06-16 12:00:00,2011,6,16,NA,12.6944573943362,28.6569637507736
2011-06-17 12:00:00,2011,6,17,NA,9.56397460452966,27.7578322384691
2011-06-18 12:00:00,2011,6,18,NA,11.5727885248192,22.9077722160622
2011-06-19 12:00:00,2011,6,19,NA,8.39881046887466,24.8051808504583
2011-06-20 12:00:00,2011,6,20,NA,15.9488973304237,24.136412399383
2011-06-21 12:00:00,2011,6,21,NA,19.197022517863,21.2633160137237
2011-06-22 12:00:00,2011,6,22,NA,15.2012660694936,19.2013042236083
2011-06-23 12:00:00,2011,6,23,NA,12.3145198357185,21.8399177545023
2011-06-24 12:00:00,2011,6,24,NA,12.9517230340752,24.2669458112465
2011-06-25 12:00:00,2011,6,25,NA,6.84334938318481,22.1709157158758
2011-06-26 12:00:00,2011,6,26,NA,7.21344446856035,24.7380803544058
2011-06-27 12:00:00,2011,6,27,NA,15.5858743246575,22.1975580611028
2011-06-28 12:00:00,2011,6,28,NA,16.6262188887891,23.769992938687
2011-06-29 12:00:00,2011,6,29,NA,14.6957733103893,24.8450696190128
2011-06-30 12:00:00,2011,6,30,NA,17.5409443637636,26.7097890489963
2011-07-01 12:00:00,2011,7,1,NA,18.7653558949321,25.3770396313774
2011-07-02 12:00:00,2011,7,2,NA,14.4835688848508,21.2712405797544
2011-07-03 12:00:00,2011,7,3,NA,13.1864520343027,19.7932064014182
2011-07-04 12:00:00,2011,7,4,NA,8.19863453039312,22.5213462662843
2011-07-05 12:00:00,2011,7,5,NA,8.88646085741481,19.860987119373
2011-07-06 12:00:00,2011,7,6,NA,9.16301667885227,20.9577078780974
2011-07-07 12:00:00,2011,7,7,NA,8.96027380689011,19.4393058570103
2011-07-08 12:00:00,2011,7,8,NA,10.5786563739235,21.866389211026
2011-07-09 12:00:00,2011,7,9,NA,8.86109437392155,20.1626239057125
2011-07-10 12:00:00,2011,7,10,NA,10.0109271582059,21.1279649703328
2011-07-11 12:00:00,2011,7,11,NA,8.59480261000369,21.2771459524933
2011-07-12 12:00:00,2011,7,12,NA,8.23305345151939,23.6346313447051
2011-07-13 12:00:00,2011,7,13,NA,11.5948936100373,24.0336308020173
2011-07-14 12:00:00,2011,7,14,NA,14.2309917301326,26.7286024790389
2011-07-15 12:00:00,2011,7,15,NA,20.2655370038329,27.8896379382311
2011-07-16 12:00:00,2011,7,16,NA,18.8349016964798,29.8274308611686
2011-07-17 12:00:00,2011,7,17,NA,18.5120365951012,27.2242785355585
2011-07-18 12:00:00,2011,7,18,NA,18.220418980675,30.0845388113414
2011-07-19 12:00:00,2011,7,19,NA,16.6706939324089,27.793922929955
2011-07-20 12:00:00,2011,7,20,NA,14.4052879549939,28.199153602947
2011-07-21 12:00:00,2011,7,21,NA,15.4109215408549,24.968380805434
2011-07-22 12:00:00,2011,7,22,NA,17.1274471856215,26.2538510228009
2011-07-23 12:00:00,2011,7,23,NA,13.9966223057113,22.9939553933924
2011-07-24 12:00:00,2011,7,24,NA,13.7239125291313,22.1194353391414
2011-07-25 12:00:00,2011,7,25,NA,11.9542011225112,19.5783020569094
2011-07-26 12:00:00,2011,7,26,NA,12.5791051986042,23.5536314605624
2011-07-27 12:00:00,2011,7,27,NA,10.8828455306043,24.0675749340221
2011-07-28 12:00:00,2011,7,28,NA,13.0193786350538,28.9684629230423
2011-07-29 12:00:00,2011,7,29,NA,13.6234544611159,30.5621368702522
2011-07-30 12:00:00,2011,7,30,NA,14.397061061198,28.2696575181629
2011-07-31 12:00:00,2011,7,31,NA,16.9650266970268,27.5088277282175
2011-08-01 12:00:00,2011,8,1,NA,12.295319144947,29.4802462047185
2011-08-02 12:00:00,2011,8,2,NA,18.2556756268791,36.5633008403128
2011-08-03 12:00:00,2011,8,3,NA,17.2997813976348,28.4450938479606
2011-08-04 12:00:00,2011,8,4,NA,16.2138712848552,29.075150927204
2011-08-05 12:00:00,2011,8,5,NA,16.6956122690006,24.9503701777989
2011-08-06 12:00:00,2011,8,6,NA,13.6003983508747,27.182948140767
2011-08-07 12:00:00,2011,8,7,NA,14.6859237688433,27.7506379797123
2011-08-08 12:00:00,2011,8,8,NA,16.9800622015292,27.9175923516374
2011-08-09 12:00:00,2011,8,9,NA,18.6490211772281,25.8241410204279
2011-08-10 12:00:00,2011,8,10,NA,18.1071440414245,24.0462741432183
2011-08-11 12:00:00,2011,8,11,NA,16.0722859649183,23.3815112509011
2011-08-12 12:00:00,2011,8,12,NA,18.4039239320962,26.5431033560259
2011-08-13 12:00:00,2011,8,13,NA,20.1671077210857,33.6360157069015
2011-08-14 12:00:00,2011,8,14,NA,20.4022994392745,36.2318731099083
2011-08-15 12:00:00,2011,8,15,NA,19.4434750397688,38.1107941335378
2011-08-16 12:00:00,2011,8,16,NA,19.6182995806433,32.2545804428422
2011-08-17 12:00:00,2011,8,17,NA,18.0289435602665,30.0640337871033
2011-08-18 12:00:00,2011,8,18,NA,15.5605547215443,24.7453959841389
2011-08-19 12:00:00,2011,8,19,NA,18.5204514765647,23.0029039324161
2011-08-20 12:00:00,2011,8,20,NA,17.3693234045394,20.1280825081098
2011-08-21 12:00:00,2011,8,21,NA,13.7019295426138,19.9784334505074
2011-08-22 12:00:00,2011,8,22,NA,10.5176302433747,20.2149763063602
2011-08-23 12:00:00,2011,8,23,NA,9.69064318966778,20.4677617867374
2011-08-24 12:00:00,2011,8,24,NA,12.3293742966965,18.6559659503273
2011-08-25 12:00:00,2011,8,25,NA,11.4530902562815,19.0491969559858
2011-08-26 12:00:00,2011,8,26,NA,11.9701726168894,21.8730510788571
2011-08-27 12:00:00,2011,8,27,NA,11.0107547281524,23.824836093859
2011-08-28 12:00:00,2011,8,28,NA,15.9365999131083,19.9782695420457
2011-08-29 12:00:00,2011,8,29,NA,13.0522287593766,20.2410428345391
2011-08-30 12:00:00,2011,8,30,NA,5.31379091801521,22.1138118992966
2011-08-31 12:00:00,2011,8,31,NA,8.15694321596441,20.5709376707076
2011-09-01 12:00:00,2011,9,1,NA,9.04350338158616,19.1731999777269
2011-09-02 12:00:00,2011,9,2,NA,5.74314022949635,20.9897669228315
2011-09-03 12:00:00,2011,9,3,NA,8.3755283164235,18.1713471313669
2011-09-04 12:00:00,2011,9,4,NA,12.3335509591393,19.8126377669084
2011-09-05 12:00:00,2011,9,5,NA,10.788850445203,19.0809141891975
2011-09-06 12:00:00,2011,9,6,NA,11.7450548386055,20.8543455006433
2011-09-07 12:00:00,2011,9,7,NA,19.5489117040726,27.4156942177071
2011-09-08 12:00:00,2011,9,8,NA,14.0722447185285,27.4801711908144
2011-09-09 12:00:00,2011,9,9,NA,7.09616517563958,28.5432999055339
2011-09-10 12:00:00,2011,9,10,NA,7.50406722427993,25.3554441927164
2011-09-11 12:00:00,2011,9,11,NA,13.1771843726478,26.5313573633915
2011-09-12 12:00:00,2011,9,12,NA,13.9904305218968,30.6265048691878
2011-09-13 12:00:00,2011,9,13,NA,16.9844236755003,28.9892571818438
2011-09-14 12:00:00,2011,9,14,NA,14.5727949410222,24.3686137559657
2011-09-15 12:00:00,2011,9,15,NA,14.9184914319417,20.80807902409
2011-09-16 12:00:00,2011,9,16,NA,16.0095357698277,21.899123361976
2011-09-17 12:00:00,2011,9,17,NA,12.6272137981998,23.3248560185865
2011-09-18 12:00:00,2011,9,18,NA,12.7643577241772,22.4867378736136
2011-09-19 12:00:00,2011,9,19,NA,9.83518306591295,22.861838145403
2011-09-20 12:00:00,2011,9,20,NA,7.3825649124885,23.36837815121
2011-09-21 12:00:00,2011,9,21,NA,5.97977842211213,22.2640603883976
2011-09-22 12:00:00,2011,9,22,NA,6.57804634382206,20.7531844333086
2011-09-23 12:00:00,2011,9,23,NA,10.2654059411917,20.8789707658004
2011-09-24 12:00:00,2011,9,24,NA,10.4263826839488,17.8559338183734
2011-09-25 12:00:00,2011,9,25,NA,4.15587435197237,20.2204795833611
2011-09-26 12:00:00,2011,9,26,NA,7.32534720607011,14.4093285045016
2011-09-27 12:00:00,2011,9,27,NA,7.33257982808467,16.120745518682
2011-09-28 12:00:00,2011,9,28,NA,7.53671605917756,14.771483347246
2011-09-29 12:00:00,2011,9,29,NA,10.0875053719257,16.7268337800501
2011-09-30 12:00:00,2011,9,30,NA,13.94323930917,21.5488004964325
2011-10-01 12:00:00,2011,10,1,NA,9.26399560614564,24.3635830091981
2011-10-02 12:00:00,2011,10,2,NA,12.8166476098406,27.5632371677995
2011-10-03 12:00:00,2011,10,3,NA,14.335154632658,26.1096865683749
2011-10-04 12:00:00,2011,10,4,NA,14.6871472339584,25.4846976186523
2011-10-05 12:00:00,2011,10,5,NA,12.1360193257626,21.8766599830149
2011-10-06 12:00:00,2011,10,6,NA,9.71550604363511,16.1788666141752
2011-10-07 12:00:00,2011,10,7,NA,11.3582513721815,18.4402203469232
2011-10-08 12:00:00,2011,10,8,NA,14.7420186905255,23.6194941959385
2011-10-09 12:00:00,2011,10,9,NA,15.0496294419812,23.7387147624796
2011-10-10 12:00:00,2011,10,10,NA,14.9253753150501,18.5640884132736
2011-10-11 12:00:00,2011,10,11,NA,13.9670812469025,21.4107689889414
2011-10-12 12:00:00,2011,10,12,NA,10.3310421311508,24.1804666216895
2011-10-13 12:00:00,2011,10,13,NA,8.63460795301944,21.0038931837686
2011-10-14 12:00:00,2011,10,14,NA,15.1120082021594,20.5019956044685
2011-10-15 12:00:00,2011,10,15,NA,11.3333805425706,20.0817490463255
2011-10-16 12:00:00,2011,10,16,NA,9.28447588389517,16.7965513575274
2011-10-17 12:00:00,2011,10,17,NA,10.3028537855353,18.6519077346769
2011-10-18 12:00:00,2011,10,18,NA,7.59348140482353,24.2604007346395
2011-10-19 12:00:00,2011,10,19,NA,9.97840670856378,22.9404527725088
2011-10-20 12:00:00,2011,10,20,NA,6.31969848070834,19.2889510826134
2011-10-21 12:00:00,2011,10,21,NA,8.77977477806428,21.5489064526668
2011-10-22 12:00:00,2011,10,22,NA,12.1650674873264,18.7143169029895
2011-10-23 12:00:00,2011,10,23,NA,7.47473612212498,14.9844168882997
2011-10-24 12:00:00,2011,10,24,NA,6.02424212286333,18.9934947247684
2011-10-25 12:00:00,2011,10,25,NA,5.36953990422441,19.2543270445894
2011-10-26 12:00:00,2011,10,26,NA,12.3319278877044,17.9490987950301
2011-10-27 12:00:00,2011,10,27,NA,11.099352596949,19.8640485012289
2011-10-28 12:00:00,2011,10,28,NA,11.5848584957203,19.7723676525033
2011-10-29 12:00:00,2011,10,29,NA,6.88966017086863,22.0558566583228
2011-10-30 12:00:00,2011,10,30,NA,5.46171772852272,22.4847427608244
2011-10-31 12:00:00,2011,10,31,NA,4.66969904722194,18.6961407179037
2011-11-01 12:00:00,2011,11,1,NA,9.98894237579511,18.3057351914762
2011-11-02 12:00:00,2011,11,2,NA,11.3342206240278,13.9618673641221
2011-11-03 12:00:00,2011,11,3,NA,12.4899897958097,16.2547858804791
2011-11-04 12:00:00,2011,11,4,NA,8.38523990705373,13.5712499190836
2011-11-05 12:00:00,2011,11,5,NA,6.09193067080987,13.5355105554426
2011-11-06 12:00:00,2011,11,6,NA,4.11739193972389,13.9112473318551
2011-11-07 12:00:00,2011,11,7,NA,2.73093663416203,12.9100573504125
2011-11-08 12:00:00,2011,11,8,NA,4.20017736798076,11.7304985283578
2011-11-09 12:00:00,2011,11,9,NA,8.57051748836591,13.4949989145167
2011-11-10 12:00:00,2011,11,10,NA,7.62675027811634,12.3007930179036
2011-11-11 12:00:00,2011,11,11,NA,10.3168926309934,14.0462411324837
2011-11-12 12:00:00,2011,11,12,NA,6.81786630497495,10.5413961438937
2011-11-13 12:00:00,2011,11,13,NA,5.68543152605986,8.37039451849989
2011-11-14 12:00:00,2011,11,14,NA,2.61437256142922,8.20232664854197
2011-11-15 12:00:00,2011,11,15,NA,4.05518753753211,8.06888123096646
2011-11-16 12:00:00,2011,11,16,NA,5.09183864713793,7.89889940020559
2011-11-17 12:00:00,2011,11,17,NA,4.57582040727313,6.91889706563134
2011-11-18 12:00:00,2011,11,18,NA,4.24621839184716,6.13768237047907
2011-11-19 12:00:00,2011,11,19,NA,5.87106413511195,8.75000683045361
2011-11-20 12:00:00,2011,11,20,NA,8.36829927261407,11.5124563461205
2011-11-21 12:00:00,2011,11,21,NA,3.22158253453999,14.1581099372783
2011-11-22 12:00:00,2011,11,22,NA,2.89503096847666,9.69745940275874
2011-11-23 12:00:00,2011,11,23,NA,1.85980181333351,10.8391954302687
2011-11-24 12:00:00,2011,11,24,NA,0.425816462114279,10.6641415117555
2011-11-25 12:00:00,2011,11,25,NA,1.52761156746888,14.6288544885076
2011-11-26 12:00:00,2011,11,26,NA,4.96959996156097,12.7819504009727
2011-11-27 12:00:00,2011,11,27,NA,1.76527138033696,9.72733380031199
2011-11-28 12:00:00,2011,11,28,NA,1.87829588969876,7.9491197396562
2011-11-29 12:00:00,2011,11,29,NA,3.18170779731744,9.871494507922
2011-11-30 12:00:00,2011,11,30,NA,1.54874257219848,11.8500694117128
2011-12-01 12:00:00,2011,12,1,NA,2.71963887074278,10.1790564255706
2011-12-02 12:00:00,2011,12,2,NA,6.06392606192641,11.9151922040609
2011-12-03 12:00:00,2011,12,3,NA,5.69563005452044,10.5583832438062
2011-12-04 12:00:00,2011,12,4,NA,2.22963933889211,5.13020161018359
2011-12-05 12:00:00,2011,12,5,NA,2.77114340032469,4.72818535649051
2011-12-06 12:00:00,2011,12,6,NA,2.49243413661411,4.51601268726718
2011-12-07 12:00:00,2011,12,7,NA,2.73673577022496,7.82531333816335
2011-12-08 12:00:00,2011,12,8,NA,6.08158183820821,10.9470882893305
2011-12-09 12:00:00,2011,12,9,NA,1.32791614123819,5.48093809896942
2011-12-10 12:00:00,2011,12,10,NA,2.82050871096779,7.74333982300963
2011-12-11 12:00:00,2011,12,11,NA,2.3671228614587,6.43987835419086
2011-12-12 12:00:00,2011,12,12,NA,-3.09793830184982,0.627795163863281
2011-12-13 12:00:00,2011,12,13,NA,-2.4561200269572,3.31960506547442
2011-12-14 12:00:00,2011,12,14,NA,0.544729288902879,1.5627727405274
2011-12-15 12:00:00,2011,12,15,NA,-0.0534832282176081,3.76255887985461
2011-12-16 12:00:00,2011,12,16,NA,-1.43571852091396,4.43602494453534
2011-12-17 12:00:00,2011,12,17,NA,-0.528605399532333,1.50950995170158
2011-12-18 12:00:00,2011,12,18,NA,3.7040415908427,7.15198615115584
2011-12-19 12:00:00,2011,12,19,NA,5.65548149547877,10.5783126075206
2011-12-20 12:00:00,2011,12,20,NA,2.95956642450331,11.0859666392435
2011-12-21 12:00:00,2011,12,21,NA,5.19511198656913,11.0668554520184
2011-12-22 12:00:00,2011,12,22,NA,5.98850898595516,10.0476722693346
2011-12-23 12:00:00,2011,12,23,NA,3.53994719932057,6.59611337208248
2011-12-24 12:00:00,2011,12,24,NA,3.23816565649448,9.88911024490885
2011-12-25 12:00:00,2011,12,25,NA,1.10760388990385,11.3005846305336
2011-12-26 12:00:00,2011,12,26,NA,3.92706088887645,11.038422383593
2011-12-27 12:00:00,2011,12,27,NA,4.22523459472644,11.8546254774927
2011-12-28 12:00:00,2011,12,28,NA,3.54225395384928,9.55767723773512
2011-12-29 12:00:00,2011,12,29,NA,12.9890436135134,15.026402706126
2011-12-30 12:00:00,2011,12,30,NA,10.2193229135271,14.2007963709326
2011-12-31 12:00:00,2011,12,31,NA,2.6737741179395,5.24696416886321
2012-01-01 12:00:00,2012,1,1,NA,-0.946490450410055,3.07836395225558
2012-01-02 12:00:00,2012,1,2,NA,0.544879056718406,4.52635251412387
2012-01-03 12:00:00,2012,1,3,NA,-1.88505088756997,2.46892206983735
2012-01-04 12:00:00,2012,1,4,NA,-2.19846710969086,5.08119006743438
2012-01-05 12:00:00,2012,1,5,NA,2.90188610889241,6.61880555478864
2012-01-06 12:00:00,2012,1,6,NA,2.1563753937223,6.32821619373898
2012-01-07 12:00:00,2012,1,7,NA,-3.49812702125766,2.21428143633296
2012-01-08 12:00:00,2012,1,8,NA,-1.73387229364052,4.74078750982555
2012-01-09 12:00:00,2012,1,9,NA,1.92666503631766,10.9791786423755
2012-01-10 12:00:00,2012,1,10,NA,-0.554230223571526,5.06116524937248
2012-01-11 12:00:00,2012,1,11,NA,1.09073011410744,7.38924908640876
2012-01-12 12:00:00,2012,1,12,NA,2.16427276780218,7.15500591073122
2012-01-13 12:00:00,2012,1,13,NA,4.99260450830997,8.60390468642933
2012-01-14 12:00:00,2012,1,14,NA,0.410391028665127,4.62798535755944
2012-01-15 12:00:00,2012,1,15,NA,6.54450686614657,10.3635959119598
2012-01-16 12:00:00,2012,1,16,NA,4.66803575674059,8.71876959270278
2012-01-17 12:00:00,2012,1,17,NA,4.57658270586823,8.81852245712315
2012-01-18 12:00:00,2012,1,18,NA,3.41498564585961,7.18648107412521
2012-01-19 12:00:00,2012,1,19,NA,1.33031857990297,3.99534540131521
2012-01-20 12:00:00,2012,1,20,NA,3.85528693288113,6.63991232846427
2012-01-21 12:00:00,2012,1,21,NA,7.59112934037121,9.47894177827158
2012-01-22 12:00:00,2012,1,22,NA,5.4377820979319,8.45529415305052
2012-01-23 12:00:00,2012,1,23,NA,5.76110402711367,9.58179755500865
2012-01-24 12:00:00,2012,1,24,NA,8.23623922035941,11.8958474349152
2012-01-25 12:00:00,2012,1,25,NA,7.5947860234173,10.7442714078642
2012-01-26 12:00:00,2012,1,26,NA,5.17758410525292,8.27045661630984
2012-01-27 12:00:00,2012,1,27,NA,0.979468985576487,4.07851904826362
2012-01-28 12:00:00,2012,1,28,NA,5.84296637864777,9.87131611102794
2012-01-29 12:00:00,2012,1,29,NA,3.10153451962824,8.0085415635658
2012-01-30 12:00:00,2012,1,30,NA,6.28063649090809,7.52929551936791
2012-01-31 12:00:00,2012,1,31,NA,6.49478119446296,11.1570474819651
2012-02-01 12:00:00,2012,2,1,NA,2.35995033340534,8.38443593959112
2012-02-02 12:00:00,2012,2,2,NA,1.86704801287672,7.09099152254134
2012-02-03 12:00:00,2012,2,3,NA,2.01789294134916,7.66785964180969
2012-02-04 12:00:00,2012,2,4,NA,-2.2943135249982,3.81536465337535
2012-02-05 12:00:00,2012,2,5,NA,1.78681518390989,4.54009861199384
2012-02-06 12:00:00,2012,2,6,NA,0.739105755517905,11.2792026843859
2012-02-07 12:00:00,2012,2,7,NA,-3.35421473759788,9.30810156998349
2012-02-08 12:00:00,2012,2,8,NA,5.77523701829777,11.4515264727419
2012-02-09 12:00:00,2012,2,9,NA,0.316139982520327,9.29480739686321
2012-02-10 12:00:00,2012,2,10,NA,3.46404777166413,7.56412551265581
2012-02-11 12:00:00,2012,2,11,NA,6.55913653745487,10.6090280339131
2012-02-12 12:00:00,2012,2,12,NA,7.53893601068244,10.9532205691046
2012-02-13 12:00:00,2012,2,13,NA,7.55593972295919,16.1062927922567
2012-02-14 12:00:00,2012,2,14,NA,11.4110120670698,19.7355000988936
2012-02-15 12:00:00,2012,2,15,NA,12.1046055085112,17.4037512917624
2012-02-16 12:00:00,2012,2,16,NA,11.9840592889349,16.8830489974179
2012-02-17 12:00:00,2012,2,17,NA,9.87169073351926,12.5325102819245
2012-02-18 12:00:00,2012,2,18,NA,7.45971055482062,14.3087139670998
2012-02-19 12:00:00,2012,2,19,NA,8.21136758046867,12.2501314963505
2012-02-20 12:00:00,2012,2,20,NA,3.65362364111786,11.9717881784879
2012-02-21 12:00:00,2012,2,21,NA,-2.51231751052503,11.6330691004271
2012-02-22 12:00:00,2012,2,22,NA,7.44735480120955,11.8098618972101
2012-02-23 12:00:00,2012,2,23,NA,5.20111112415903,9.35333059074445
2012-02-24 12:00:00,2012,2,24,NA,1.57077606810265,5.04761419078404
2012-02-25 12:00:00,2012,2,25,NA,-1.02138580847139,10.7638131323726
2012-02-26 12:00:00,2012,2,26,NA,-4.05686564944213,3.80638171072806
2012-02-27 12:00:00,2012,2,27,NA,-1.40581656833274,2.81422121250748
2012-02-28 12:00:00,2012,2,28,NA,-4.78166530459005,5.00024488599286
2012-02-29 12:00:00,2012,2,29,NA,2.76517296489374,8.40652333153135
2012-03-01 12:00:00,2012,3,1,NA,1.93061066682131,4.23965719621761
2012-03-02 12:00:00,2012,3,2,NA,-0.632732654009413,3.47603018766476
2012-03-03 12:00:00,2012,3,3,NA,-1.99766880869989,9.48029694077339
2012-03-04 12:00:00,2012,3,4,NA,3.2985355359262,9.20026190060823
2012-03-05 12:00:00,2012,3,5,NA,-0.24696540873332,7.93455683293222
2012-03-06 12:00:00,2012,3,6,NA,3.22799450342928,5.97190712554147
2012-03-07 12:00:00,2012,3,7,NA,4.48193331444149,6.85641621939076
2012-03-08 12:00:00,2012,3,8,NA,0.294849624815001,12.7867165356132
2012-03-09 12:00:00,2012,3,9,NA,4.91765304738742,15.7117354825033
2012-03-10 12:00:00,2012,3,10,NA,4.72504373242346,16.1456514894975
2012-03-11 12:00:00,2012,3,11,NA,3.45254676485439,14.2609118808795
2012-03-12 12:00:00,2012,3,12,NA,1.32165822314719,12.7422659802212
2012-03-13 12:00:00,2012,3,13,NA,-2.22966153806502,13.7859629594367
2012-03-14 12:00:00,2012,3,14,NA,-3.11532457559654,7.01375604019433
2012-03-15 12:00:00,2012,3,15,NA,1.02728993732907,9.81802891207312
2012-03-16 12:00:00,2012,3,16,NA,2.34155660598331,12.5338339266091
2012-03-17 12:00:00,2012,3,17,NA,1.17088903358248,15.0253061432871
2012-03-18 12:00:00,2012,3,18,NA,4.44861314925994,20.616334755359
2012-03-19 12:00:00,2012,3,19,NA,-1.43187805139348,13.0634645538213
2012-03-20 12:00:00,2012,3,20,NA,-0.367825617511945,12.8622066029405
2012-03-21 12:00:00,2012,3,21,NA,1.5695640885537,13.6882969963202
2012-03-22 12:00:00,2012,3,22,NA,4.4944302774689,10.6782058946751
2012-03-23 12:00:00,2012,3,23,NA,2.21971591468336,13.4159026021495
2012-03-24 12:00:00,2012,3,24,NA,-2.97069254168491,8.50653736427029
2012-03-25 12:00:00,2012,3,25,NA,-2.453264352127,7.05612324703147
2012-03-26 12:00:00,2012,3,26,NA,3.6925451203815,7.77789279564315
2012-03-27 12:00:00,2012,3,27,NA,1.68162780004455,10.7364359620414
2012-03-28 12:00:00,2012,3,28,NA,3.72125988310384,10.7620857524406
2012-03-29 12:00:00,2012,3,29,NA,1.03447390772731,14.0755383623868
2012-03-30 12:00:00,2012,3,30,NA,-3.46802775943197,11.9558621234098
2012-03-31 12:00:00,2012,3,31,NA,-5.50373796001945,12.3821484461153
2012-04-01 12:00:00,2012,4,1,NA,-4.90017573945824,8.36560535561775
2012-04-02 12:00:00,2012,4,2,NA,0.424921082316772,6.60082673217899
2012-04-03 12:00:00,2012,4,3,NA,-2.59092513325099,10.7230970445247
2012-04-04 12:00:00,2012,4,4,NA,-2.19850995628183,10.9213412165195
2012-04-05 12:00:00,2012,4,5,NA,0.393461516950164,10.9307560073013
2012-04-06 12:00:00,2012,4,6,NA,2.44475084745184,15.6763633192089
2012-04-07 12:00:00,2012,4,7,NA,12.0151383395985,22.5998591884128
2012-04-08 12:00:00,2012,4,8,NA,8.79893665027816,25.7067552700972
2012-04-09 12:00:00,2012,4,9,NA,4.75825542697872,23.2753759247613
2012-04-10 12:00:00,2012,4,10,NA,4.56100545703366,22.2033616378501
2012-04-11 12:00:00,2012,4,11,NA,10.2780663012003,18.9736211829228
2012-04-12 12:00:00,2012,4,12,NA,10.1286844362453,17.2504150846971
2012-04-13 12:00:00,2012,4,13,NA,10.6394009241475,19.8946733160841
2012-04-14 12:00:00,2012,4,14,NA,6.80595819075012,21.59634313341
2012-04-15 12:00:00,2012,4,15,NA,2.3645489618581,16.0433175854016
2012-04-16 12:00:00,2012,4,16,NA,6.03031840606454,21.8388044736614
2012-04-17 12:00:00,2012,4,17,NA,10.3738865634749,23.0520372793471
2012-04-18 12:00:00,2012,4,18,NA,12.370874168153,26.237461014857
2012-04-19 12:00:00,2012,4,19,NA,11.31826277899,26.7593090352587
2012-04-20 12:00:00,2012,4,20,NA,11.4328510670983,18.4966645596258
2012-04-21 12:00:00,2012,4,21,NA,7.18014600058941,15.6302179762701
2012-04-22 12:00:00,2012,4,22,NA,8.10417578540286,14.4398532050496
2012-04-23 12:00:00,2012,4,23,NA,-0.09174588070778,18.271852821514
2012-04-24 12:00:00,2012,4,24,NA,-2.51985783826819,13.6029809238505
2012-04-25 12:00:00,2012,4,25,NA,-1.67681227699185,15.9505446524521
2012-04-26 12:00:00,2012,4,26,NA,-1.78454887169923,19.3228752646908
2012-04-27 12:00:00,2012,4,27,NA,2.47786217825002,30.4279770028574
2012-04-28 12:00:00,2012,4,28,NA,14.8968879239078,24.3961309803058
2012-04-29 12:00:00,2012,4,29,NA,12.4682261616506,26.2326777701239
2012-04-30 12:00:00,2012,4,30,NA,9.76453087525711,25.046121366687
2012-05-01 12:00:00,2012,5,1,NA,16.2965154307604,25.7957584871584
2012-05-02 12:00:00,2012,5,2,NA,9.21690315314585,25.0541092955898
2012-05-03 12:00:00,2012,5,3,NA,5.99418438529836,21.5890209239336
2012-05-04 12:00:00,2012,5,4,NA,4.39106089229853,17.4807274363526
2012-05-05 12:00:00,2012,5,5,NA,7.22702468434892,14.0716866049737
2012-05-06 12:00:00,2012,5,6,NA,5.23980682044403,18.6482695366826
2012-05-07 12:00:00,2012,5,7,NA,7.20974052355495,14.9598224839201
2012-05-08 12:00:00,2012,5,8,NA,8.01398898790082,10.9509326116122
2012-05-09 12:00:00,2012,5,9,NA,10.3830877350635,17.2426595227949
2012-05-10 12:00:00,2012,5,10,NA,10.3602558819353,19.4462523922089
2012-05-11 12:00:00,2012,5,11,NA,4.74374831715806,16.4095171516767
2012-05-12 12:00:00,2012,5,12,NA,5.45731288689864,23.0779121605655
2012-05-13 12:00:00,2012,5,13,NA,9.97941102521277,19.4592210318394
2012-05-14 12:00:00,2012,5,14,NA,8.02456949102203,19.777669440937
2012-05-15 12:00:00,2012,5,15,NA,16.259867246922,19.1699601497888
2012-05-16 12:00:00,2012,5,16,NA,12.6541515617642,21.3934376956487
2012-05-17 12:00:00,2012,5,17,NA,13.0371784712299,21.8480810883981
2012-05-18 12:00:00,2012,5,18,NA,11.1881845904258,22.3873111434789
2012-05-19 12:00:00,2012,5,19,NA,13.57015162648,29.1280686210762
2012-05-20 12:00:00,2012,5,20,NA,14.6740810979684,27.51176900083
2012-05-21 12:00:00,2012,5,21,NA,13.2930982940574,27.8477206707186
2012-05-22 12:00:00,2012,5,22,NA,12.5503114094864,32.2492755719851
2012-05-23 12:00:00,2012,5,23,NA,13.3815573464813,26.9447444715243
2012-05-24 12:00:00,2012,5,24,NA,15.3684559417225,22.7455251209724
2012-05-25 12:00:00,2012,5,25,NA,10.005334897311,21.2097287119404
2012-05-26 12:00:00,2012,5,26,NA,4.29725549717996,24.0092375723409
2012-05-27 12:00:00,2012,5,27,NA,7.87369100115088,19.5000008954602
2012-05-28 12:00:00,2012,5,28,NA,8.18249651643947,20.0057821034273
2012-05-29 12:00:00,2012,5,29,NA,5.05231879687383,21.8865826218153
2012-05-30 12:00:00,2012,5,30,NA,3.1570391585923,19.7020064396944
2012-05-31 12:00:00,2012,5,31,NA,11.5078696406042,17.4327098686247
2012-06-01 12:00:00,2012,6,1,NA,10.6711013415591,26.5328177811923
2012-06-02 12:00:00,2012,6,2,NA,13.2193105352147,26.0569984380763
2012-06-03 12:00:00,2012,6,3,NA,15.5928076244167,22.5023034959702
2012-06-04 12:00:00,2012,6,4,NA,13.5003517201675,22.6691964054003
2012-06-05 12:00:00,2012,6,5,NA,14.4821585598777,23.3759517336951
2012-06-06 12:00:00,2012,6,6,NA,13.5343343057862,19.6158665372058
2012-06-07 12:00:00,2012,6,7,NA,13.1476464666941,20.3027219506019
2012-06-08 12:00:00,2012,6,8,NA,9.44729084591803,17.7114191035348
2012-06-09 12:00:00,2012,6,9,NA,12.3614303426646,20.569109193152
2012-06-10 12:00:00,2012,6,10,NA,8.38922536419925,23.1369916144959
2012-06-11 12:00:00,2012,6,11,NA,9.1128385794437,19.6265899856257
2012-06-12 12:00:00,2012,6,12,NA,9.15883665058887,18.6441598138932
2012-06-13 12:00:00,2012,6,13,NA,10.4889609254181,17.7160970141151
2012-06-14 12:00:00,2012,6,14,NA,7.56947208448352,18.7700427974552
2012-06-15 12:00:00,2012,6,15,NA,6.40464068599554,21.9030423271128
2012-06-16 12:00:00,2012,6,16,NA,7.37529644664363,21.8661921776414
2012-06-17 12:00:00,2012,6,17,NA,4.38960301964933,21.7506970205532
2012-06-18 12:00:00,2012,6,18,NA,8.17977852887484,22.609002346582
2012-06-19 12:00:00,2012,6,19,NA,7.66868831976345,24.7510481404998
2012-06-20 12:00:00,2012,6,20,NA,9.10857601238529,21.7640270933458
2012-06-21 12:00:00,2012,6,21,NA,6.32517561901972,23.8571080948002
2012-06-22 12:00:00,2012,6,22,NA,6.65928316423176,25.1462086931549
2012-06-23 12:00:00,2012,6,23,NA,9.41795148942443,22.5997814439329
2012-06-24 12:00:00,2012,6,24,NA,8.42744365192548,23.9258452930427
2012-06-25 12:00:00,2012,6,25,NA,12.2073873154225,23.5232506933562
2012-06-26 12:00:00,2012,6,26,NA,12.1095633363291,22.4354705769569
2012-06-27 12:00:00,2012,6,27,NA,9.7344835799381,25.2249977590241
2012-06-28 12:00:00,2012,6,28,NA,17.7371895333589,24.960655968439
2012-06-29 12:00:00,2012,6,29,NA,15.8072199050595,21.8088627797945
2012-06-30 12:00:00,2012,6,30,NA,15.9821028364216,25.1785060492363
2012-07-01 12:00:00,2012,7,1,NA,12.4351620888352,26.4439318615621
2012-07-02 12:00:00,2012,7,2,NA,17.8778834713395,24.4895672077848
2012-07-03 12:00:00,2012,7,3,NA,18.2764119303781,27.4373851621029
2012-07-04 12:00:00,2012,7,4,NA,18.4148604139586,26.5215796340864
2012-07-05 12:00:00,2012,7,5,NA,19.5734351475404,27.3992561131811
2012-07-06 12:00:00,2012,7,6,NA,21.9232362981094,35.0432278788319
2012-07-07 12:00:00,2012,7,7,NA,19.0139720484366,34.1302393661082
2012-07-08 12:00:00,2012,7,8,NA,17.281596966747,29.7255044704598
2012-07-09 12:00:00,2012,7,9,NA,12.9238783908252,32.6011436806941
2012-07-10 12:00:00,2012,7,10,NA,12.372300623127,29.4463592838232
2012-07-11 12:00:00,2012,7,11,NA,19.8907812974105,28.4240892370794
2012-07-12 12:00:00,2012,7,12,NA,17.3321726170001,31.8865904516391
2012-07-13 12:00:00,2012,7,13,NA,19.1236474888089,33.5034191719223
2012-07-14 12:00:00,2012,7,14,NA,18.2518961787063,27.6655965021876
2012-07-15 12:00:00,2012,7,15,NA,11.9871613239649,30.2373396963492
2012-07-16 12:00:00,2012,7,16,NA,17.6746959179639,32.792037789998
2012-07-17 12:00:00,2012,7,17,NA,21.7571371307409,31.8042786654832
2012-07-18 12:00:00,2012,7,18,NA,19.2940896473169,27.3327126302667
2012-07-19 12:00:00,2012,7,19,NA,16.412038167097,26.1321964738038
2012-07-20 12:00:00,2012,7,20,NA,14.3430870281955,28.7579897185319
2012-07-21 12:00:00,2012,7,21,NA,15.6791195499444,28.361462892434
2012-07-22 12:00:00,2012,7,22,NA,13.8071114418442,26.3487293240214
2012-07-23 12:00:00,2012,7,23,NA,11.9631088936067,27.0186615385241
2012-07-24 12:00:00,2012,7,24,NA,14.1430809199675,29.9157653745244
2012-07-25 12:00:00,2012,7,25,NA,14.4534029044073,27.6300725265989
2012-07-26 12:00:00,2012,7,26,NA,15.360224969642,22.390999671789
2012-07-27 12:00:00,2012,7,27,NA,12.7417706073711,23.7162968693293
2012-07-28 12:00:00,2012,7,28,NA,13.2918552929416,24.2278114029952
2012-07-29 12:00:00,2012,7,29,NA,16.6938138541352,25.4683673578707
2012-07-30 12:00:00,2012,7,30,NA,16.8126859030436,26.7425663730488
2012-07-31 12:00:00,2012,7,31,NA,15.9687279358431,29.4098723735712
2012-08-01 12:00:00,2012,8,1,NA,15.4289527216204,32.6138797813919
2012-08-02 12:00:00,2012,8,2,NA,19.8743876762795,29.2167221181378
2012-08-03 12:00:00,2012,8,3,NA,14.0620465454893,27.993489215682
2012-08-04 12:00:00,2012,8,4,NA,15.4556300560522,25.5362390130785
2012-08-05 12:00:00,2012,8,5,NA,19.0453539183202,24.520961684821
2012-08-06 12:00:00,2012,8,6,NA,16.3520179117804,21.9127699309693
2012-08-07 12:00:00,2012,8,7,NA,16.2589127114059,19.6680590535832
2012-08-08 12:00:00,2012,8,8,NA,18.081544313981,24.1179079726156
2012-08-09 12:00:00,2012,8,9,NA,15.5610378126902,23.6334638259371
2012-08-10 12:00:00,2012,8,10,NA,16.1503199125949,21.2808375910576
2012-08-11 12:00:00,2012,8,11,NA,16.2767675484672,27.0538861455368
2012-08-12 12:00:00,2012,8,12,NA,17.1465276145687,23.6483443801517
2012-08-13 12:00:00,2012,8,13,NA,17.3024403937229,24.4920656596312
2012-08-14 12:00:00,2012,8,14,NA,15.4268381894287,27.6410731282349
2012-08-15 12:00:00,2012,8,15,NA,15.2146751890807,23.5917667620101
2012-08-16 12:00:00,2012,8,16,NA,11.7125805656542,26.0591722078202
2012-08-17 12:00:00,2012,8,17,NA,16.5119687706141,26.5351975529651
2012-08-18 12:00:00,2012,8,18,NA,18.2829597078236,24.5032042615776
2012-08-19 12:00:00,2012,8,19,NA,15.7278045623254,21.2885565815143
2012-08-20 12:00:00,2012,8,20,NA,11.9161233512471,20.0287517462493
2012-08-21 12:00:00,2012,8,21,NA,14.6081069620694,20.1688589812583
2012-08-22 12:00:00,2012,8,22,NA,16.6516507801817,20.6267773671435
2012-08-23 12:00:00,2012,8,23,NA,14.3067153469687,24.0040614099542
2012-08-24 12:00:00,2012,8,24,NA,12.9913967021354,22.8963974290272
2012-08-25 12:00:00,2012,8,25,NA,14.700775041595,19.1892869076388
2012-08-26 12:00:00,2012,8,26,NA,15.9485142777003,23.3861787028771
2012-08-27 12:00:00,2012,8,27,NA,13.8328311100729,21.0216451852355
2012-08-28 12:00:00,2012,8,28,NA,10.0216433410894,20.7812609926371
2012-08-29 12:00:00,2012,8,29,NA,12.1587299132211,19.5799988232682
2012-08-30 12:00:00,2012,8,30,NA,11.2773920999023,17.5697036741334
2012-08-31 12:00:00,2012,8,31,NA,11.3553150279771,17.7182902215933
2012-09-01 12:00:00,2012,9,1,NA,11.0129011826964,17.5031067274754
2012-09-02 12:00:00,2012,9,2,NA,14.2837485221798,20.9075701494949
2012-09-03 12:00:00,2012,9,3,NA,11.6354199346883,20.9359834239988
2012-09-04 12:00:00,2012,9,4,NA,10.0047400715346,19.8698527545503
2012-09-05 12:00:00,2012,9,5,NA,11.6648344514066,17.3041470098285
2012-09-06 12:00:00,2012,9,6,NA,10.4641923143021,14.9359044674602
2012-09-07 12:00:00,2012,9,7,NA,10.3030599565966,14.0602384639482
2012-09-08 12:00:00,2012,9,8,NA,11.2726042911335,13.5173892114206
2012-09-09 12:00:00,2012,9,9,NA,11.4244024937765,16.1059529382766
2012-09-10 12:00:00,2012,9,10,NA,8.28998287613575,12.9715333206359
2012-09-11 12:00:00,2012,9,11,NA,7.14752442084292,13.5937197653627
2012-09-12 12:00:00,2012,9,12,NA,8.70208610336273,13.3836365478629
2012-09-13 12:00:00,2012,9,13,NA,7.16328727525467,14.3980545633231
2012-09-14 12:00:00,2012,9,14,NA,7.0637276390479,14.6894245579605
2012-09-15 12:00:00,2012,9,15,NA,4.84007801103686,17.8667330905269
2012-09-16 12:00:00,2012,9,16,NA,9.89622683056066,12.4595898481807
2012-09-17 12:00:00,2012,9,17,NA,10.1987419134088,15.8463813643506
2012-09-18 12:00:00,2012,9,18,NA,12.721121726428,19.9134855018732
2012-09-19 12:00:00,2012,9,19,NA,7.85232360577577,16.441596533108
2012-09-20 12:00:00,2012,9,20,NA,11.0862631884435,15.2615734034601
2012-09-21 12:00:00,2012,9,21,NA,9.13006709936799,15.8713117403914
2012-09-22 12:00:00,2012,9,22,NA,8.26993734927721,18.9066951707359
2012-09-23 12:00:00,2012,9,23,NA,6.47333100993325,19.8761152059861
2012-09-24 12:00:00,2012,9,24,NA,7.20984955261255,18.9231792858973
2012-09-25 12:00:00,2012,9,25,NA,11.5367857048667,14.4123335213778
2012-09-26 12:00:00,2012,9,26,NA,12.5210153885462,15.6817243686137
2012-09-27 12:00:00,2012,9,27,NA,10.1625264585201,15.5599642090885
2012-09-28 12:00:00,2012,9,28,NA,11.6492398838179,14.0419364575166
2012-09-29 12:00:00,2012,9,29,NA,10.6250852974318,15.6680351892906
2012-09-30 12:00:00,2012,9,30,NA,4.57885576648354,19.9995182038764
2012-10-01 12:00:00,2012,10,1,NA,6.33670503460119,20.3641598931145
2012-10-02 12:00:00,2012,10,2,NA,8.83706631223408,18.1403546613665
2012-10-03 12:00:00,2012,10,3,NA,8.93976171017431,14.2983381852027
2012-10-04 12:00:00,2012,10,4,NA,13.187419539876,20.8585760631833
2012-10-05 12:00:00,2012,10,5,NA,10.3137848669626,16.7779127883737
2012-10-06 12:00:00,2012,10,6,NA,9.90658287964059,19.5738965928176
2012-10-07 12:00:00,2012,10,7,NA,4.0835960277908,11.8447302059927
2012-10-08 12:00:00,2012,10,8,NA,3.57263691240028,9.95205753266429
2012-10-09 12:00:00,2012,10,9,NA,5.36074904948428,15.0623956880579
2012-10-10 12:00:00,2012,10,10,NA,6.2558253323309,15.9574719709045
2012-10-11 12:00:00,2012,10,11,NA,6.07221796599084,16.7379267583339
2012-10-12 12:00:00,2012,10,12,NA,3.62624578729972,16.863162056083
2012-10-13 12:00:00,2012,10,13,NA,3.8106302422295,17.8756691258305
2012-10-14 12:00:00,2012,10,14,NA,8.37644922702882,16.2235267807571
2012-10-15 12:00:00,2012,10,15,NA,6.43222467826079,19.2987997804508
2012-10-16 12:00:00,2012,10,16,NA,9.84560872587145,17.0982104759115
2012-10-17 12:00:00,2012,10,17,NA,7.82961360256761,19.7516404554891
2012-10-18 12:00:00,2012,10,18,NA,10.2255259691942,18.8565598216836
2012-10-19 12:00:00,2012,10,19,NA,8.37966612895518,18.1036458102828
2012-10-20 12:00:00,2012,10,20,NA,5.39729235003349,20.5634888374877
2012-10-21 12:00:00,2012,10,21,NA,3.00821074602876,21.661174288838
2012-10-22 12:00:00,2012,10,22,NA,2.94283319493368,20.2065045336628
2012-10-23 12:00:00,2012,10,23,NA,9.41705453078577,23.4434962014676
2012-10-24 12:00:00,2012,10,24,NA,14.7654030629413,22.8304380176774
2012-10-25 12:00:00,2012,10,25,NA,10.5264909157041,21.6740274559469
2012-10-26 12:00:00,2012,10,26,NA,9.71580067309693,17.2834014891921
2012-10-27 12:00:00,2012,10,27,NA,10.7659519886464,18.9534611454295
2012-10-28 12:00:00,2012,10,28,NA,9.49395676646445,23.3087142346827
2012-10-29 12:00:00,2012,10,29,NA,10.0774283317552,18.7061099307706
2012-10-30 12:00:00,2012,10,30,NA,5.85534490394641,12.9065137602093
2012-10-31 12:00:00,2012,10,31,NA,5.38458496303226,18.6095326770286
2012-11-01 12:00:00,2012,11,1,NA,-1.49932813145756,14.6207534784962
2012-11-02 12:00:00,2012,11,2,NA,-0.451239055691163,19.395211366227
2012-11-03 12:00:00,2012,11,3,NA,6.42953413209807,12.9504648619136
2012-11-04 12:00:00,2012,11,4,NA,8.25906937003123,11.2988922986699
2012-11-05 12:00:00,2012,11,5,NA,1.44110776870195,5.64070832014561
2012-11-06 12:00:00,2012,11,6,NA,2.72664887536987,7.72817720623798
2012-11-07 12:00:00,2012,11,7,NA,4.74564821858917,7.75272475697719
2012-11-08 12:00:00,2012,11,8,NA,1.34174460953472,4.02284509069081
2012-11-09 12:00:00,2012,11,9,NA,-1.22717103368463,3.77435729718348
2012-11-10 12:00:00,2012,11,10,NA,-0.802467365578322,7.60754791975866
2012-11-11 12:00:00,2012,11,11,NA,4.21728062912025,11.9421925775144
2012-11-12 12:00:00,2012,11,12,NA,2.92935602921513,13.2176030863512
2012-11-13 12:00:00,2012,11,13,NA,3.30855627628388,8.12610542673996
2012-11-14 12:00:00,2012,11,14,NA,-1.37362276196424,6.14089945563966
2012-11-15 12:00:00,2012,11,15,NA,-3.56794029070885,4.0458939134662
2012-11-16 12:00:00,2012,11,16,NA,-1.51462264502402,7.78771962134192
2012-11-17 12:00:00,2012,11,17,NA,3.56678825839921,9.05865053311242
2012-11-18 12:00:00,2012,11,18,NA,3.32607276956536,8.01096380766931
2012-11-19 12:00:00,2012,11,19,NA,6.07668593671795,11.2073776852881
2012-11-20 12:00:00,2012,11,20,NA,9.05839335431099,11.8865787953655
2012-11-21 12:00:00,2012,11,21,NA,8.12872453919839,13.7330615047986
2012-11-22 12:00:00,2012,11,22,NA,5.99408947494958,14.0282927706848
2012-11-23 12:00:00,2012,11,23,NA,7.66305148200294,14.6661251953068
2012-11-24 12:00:00,2012,11,24,NA,10.2440060019164,14.2633895135115
2012-11-25 12:00:00,2012,11,25,NA,5.87622769564887,7.79425033159265
2012-11-26 12:00:00,2012,11,26,NA,7.89225554844344,8.45532307185922
2012-11-27 12:00:00,2012,11,27,NA,8.86254406925135,12.6273401539208
2012-11-28 12:00:00,2012,11,28,NA,8.04509083903889,12.9695722651897
2012-11-29 12:00:00,2012,11,29,NA,8.16286869249515,10.9754413967248
2012-11-30 12:00:00,2012,11,30,NA,6.7575355497345,13.27846627955
2012-12-01 12:00:00,2012,12,1,NA,7.92786176387291,17.8749819217039
2012-12-02 12:00:00,2012,12,2,NA,8.11809142844152,14.9166811973066
2012-12-03 12:00:00,2012,12,3,NA,9.85086707167559,14.9115564252581
2012-12-04 12:00:00,2012,12,4,NA,9.40565243968133,14.1590215584497
2012-12-05 12:00:00,2012,12,5,NA,6.85651351207309,11.1284765310271
2012-12-06 12:00:00,2012,12,6,NA,5.36055131678675,10.2137544457848
2012-12-07 12:00:00,2012,12,7,NA,3.095311212753,14.5577106365922
2012-12-08 12:00:00,2012,12,8,NA,6.11702585365622,11.0398569656981
2012-12-09 12:00:00,2012,12,9,NA,2.23166229649877,8.21776722411537
2012-12-10 12:00:00,2012,12,10,NA,3.89868475241727,10.4884128272547
2012-12-11 12:00:00,2012,12,11,NA,-1.55154171496973,4.36611888922815
2012-12-12 12:00:00,2012,12,12,NA,2.76344839249082,7.12754391714188
2012-12-13 12:00:00,2012,12,13,NA,-1.26651458761645,3.82206298032195
2012-12-14 12:00:00,2012,12,14,NA,-2.57181003029103,9.6658491051076
2012-12-15 12:00:00,2012,12,15,NA,6.81078224016272,12.8851835807041
2012-12-16 12:00:00,2012,12,16,NA,1.90726108725483,8.74558296163212
2012-12-17 12:00:00,2012,12,17,NA,0.260665630940273,11.363319085498
2012-12-18 12:00:00,2012,12,18,NA,-2.65096677920294,3.09549969086853
2012-12-19 12:00:00,2012,12,19,NA,5.24002335897759,9.05367141132454
2012-12-20 12:00:00,2012,12,20,NA,6.10113425673311,9.96825954197776
2012-12-21 12:00:00,2012,12,21,NA,7.51387923412588,13.4569720622438
2012-12-22 12:00:00,2012,12,22,NA,8.66160915315903,11.3206431375275
2012-12-23 12:00:00,2012,12,23,NA,4.79235397355509,11.5638528642701
2012-12-24 12:00:00,2012,12,24,NA,4.18203220798263,15.3858483495653
2012-12-25 12:00:00,2012,12,25,NA,7.97571551874958,14.0722624905034
2012-12-26 12:00:00,2012,12,26,NA,6.84484131465302,16.802944667303
2012-12-27 12:00:00,2012,12,27,NA,4.70005827573572,15.0048244167441
2012-12-28 12:00:00,2012,12,28,NA,4.11174218791956,13.1402734805714
2012-12-29 12:00:00,2012,12,29,NA,-0.980215932566545,3.99834159794925
2012-12-30 12:00:00,2012,12,30,NA,6.26874178686039,9.36946250232314
2012-12-31 12:00:00,2012,12,31,NA,9.06523945401754,10.3709042963973
2013-01-01 12:00:00,2013,1,1,NA,7.91309164787694,9.87558696033468
2013-01-02 12:00:00,2013,1,2,NA,0.482027525881234,3.52532455223198
2013-01-03 12:00:00,2013,1,3,NA,4.30192195347656,6.2609557792849
2013-01-04 12:00:00,2013,1,4,NA,0.216653433620831,3.30102648922971
2013-01-05 12:00:00,2013,1,5,NA,0.257384016099109,4.15412406456668
2013-01-06 12:00:00,2013,1,6,NA,-2.57214114914823,2.75917157690503
2013-01-07 12:00:00,2013,1,7,NA,-8.89343279054952,-5.12193736228391
2013-01-08 12:00:00,2013,1,8,NA,-7.32812926989883,-2.49544280818884
2013-01-09 12:00:00,2013,1,9,NA,-1.30653896580555,1.39844566260538
2013-01-10 12:00:00,2013,1,10,NA,-3.2160106359273,-1.34247318305281
2013-01-11 12:00:00,2013,1,11,NA,1.74215849864942,6.73665849731204
2013-01-12 12:00:00,2013,1,12,NA,5.33130271902293,7.35856435277767
2013-01-13 12:00:00,2013,1,13,NA,-4.3476218741829,-1.61345048602769
2013-01-14 12:00:00,2013,1,14,NA,-10.0006970197407,0.255126475415868
2013-01-15 12:00:00,2013,1,15,NA,0.437525996832992,5.25259646666926
2013-01-16 12:00:00,2013,1,16,NA,-0.555710828377121,8.73116096030617
2013-01-17 12:00:00,2013,1,17,NA,4.56047327474817,7.6595233374353
2013-01-18 12:00:00,2013,1,18,NA,-1.28642084770385,3.63282179980295
2013-01-19 12:00:00,2013,1,19,NA,-4.55651451445046,4.32372929899284
2013-01-20 12:00:00,2013,1,20,NA,-3.91263424745118,1.0871270602096
2013-01-21 12:00:00,2013,1,21,NA,-1.18692863285771,2.46788035651251
2013-01-22 12:00:00,2013,1,22,NA,-4.63945935914849,3.80429076813161
2013-01-23 12:00:00,2013,1,23,NA,-1.8117786262013,5.96092917380114
2013-01-24 12:00:00,2013,1,24,NA,-0.721392686380341,4.3530523615514
2013-01-25 12:00:00,2013,1,25,NA,-1.3961482758775,6.69106929624135
2013-01-26 12:00:00,2013,1,26,NA,-8.06064202961177,10.0091570003167
2013-01-27 12:00:00,2013,1,27,NA,-2.35221834461133,6.52802546883197
2013-01-28 12:00:00,2013,1,28,NA,2.46175367461529,7.20347946018439
2013-01-29 12:00:00,2013,1,29,NA,-0.284566131202322,5.78952808394207
2013-01-30 12:00:00,2013,1,30,NA,3.66505540019678,10.0037547424347
2013-01-31 12:00:00,2013,1,31,NA,-10.9038934073105,4.59394289003835
2013-02-01 12:00:00,2013,2,1,NA,-5.07395120982017,9.90452151474452
2013-02-02 12:00:00,2013,2,2,NA,0.356594577842984,9.78248280678256
2013-02-03 12:00:00,2013,2,3,NA,3.93123912474021,8.03534724397066
2013-02-04 12:00:00,2013,2,4,NA,3.5684677678431,11.1344938587
2013-02-05 12:00:00,2013,2,5,NA,4.55362235327624,13.1039754225738
2013-02-06 12:00:00,2013,2,6,NA,6.09083276383833,17.4713251201216
2013-02-07 12:00:00,2013,2,7,NA,10.0930422669392,18.0734203029625
2013-02-08 12:00:00,2013,2,8,NA,8.09634932528517,18.7490071057233
2013-02-09 12:00:00,2013,2,9,NA,7.16731623750904,17.7251068589758
2013-02-10 12:00:00,2013,2,10,NA,9.70638770790788,17.4483291923458
2013-02-11 12:00:00,2013,2,11,NA,11.4680740556424,16.1243825903352
2013-02-12 12:00:00,2013,2,12,NA,7.83744812591263,12.7753022261379
2013-02-13 12:00:00,2013,2,13,NA,6.32974856603942,12.8841148839319
2013-02-14 12:00:00,2013,2,14,NA,4.65660514821434,8.02457250671782
2013-02-15 12:00:00,2013,2,15,NA,3.65574039756708,7.13744523893694
2013-02-16 12:00:00,2013,2,16,NA,6.26493168086118,10.4171511474466
2013-02-17 12:00:00,2013,2,17,NA,2.15484973604708,7.93957342340098
2013-02-18 12:00:00,2013,2,18,NA,-1.88693850234155,7.10911445838316
2013-02-19 12:00:00,2013,2,19,NA,3.11226076936589,9.58188877159451
2013-02-20 12:00:00,2013,2,20,NA,7.5671183634163,11.625604174246
2013-02-21 12:00:00,2013,2,21,NA,7.91048990447765,11.1308642426132
2013-02-22 12:00:00,2013,2,22,NA,6.90330873305005,8.51879498139814
2013-02-23 12:00:00,2013,2,23,NA,7.95939155348197,12.0178773643117
2013-02-24 12:00:00,2013,2,24,NA,1.68265466140653,10.958620004801
2013-02-25 12:00:00,2013,2,25,NA,5.50332042539629,8.75834824674563
2013-02-26 12:00:00,2013,2,26,NA,1.22393010006237,8.96587158450026
2013-02-27 12:00:00,2013,2,27,NA,4.71388005657706,11.2580472704329
2013-02-28 12:00:00,2013,2,28,NA,2.02084836091773,13.8010751418602
2013-03-01 12:00:00,2013,3,1,NA,8.00141777543508,14.9145443359046
2013-03-02 12:00:00,2013,3,2,NA,-4.15361252920469,8.67896559736017
2013-03-03 12:00:00,2013,3,3,NA,1.91444391421467,9.60364149282864
2013-03-04 12:00:00,2013,3,4,NA,0.386461682185559,15.9571889800839
2013-03-05 12:00:00,2013,3,5,NA,1.46872690943412,12.1732124892712
2013-03-06 12:00:00,2013,3,6,NA,-1.72753597431482,12.3355737366953
2013-03-07 12:00:00,2013,3,7,NA,-2.41912480429551,12.0762178009193
2013-03-08 12:00:00,2013,3,8,NA,-0.288718975442372,11.1318887816316
2013-03-09 12:00:00,2013,3,9,NA,-2.30366442130507,8.02372933599731
2013-03-10 12:00:00,2013,3,10,NA,2.5347524443416,8.05904691969545
2013-03-11 12:00:00,2013,3,11,NA,-0.0295876316065118,7.10899643795472
2013-03-12 12:00:00,2013,3,12,NA,-1.76148428687733,12.4234800823545
2013-03-13 12:00:00,2013,3,13,NA,-0.108731643870834,15.4619956540275
2013-03-14 12:00:00,2013,3,14,NA,5.48298157009498,16.353660980268
2013-03-15 12:00:00,2013,3,15,NA,6.85093990933794,15.0811970575273
2013-03-16 12:00:00,2013,3,16,NA,3.85970008318746,12.3395953779686
2013-03-17 12:00:00,2013,3,17,NA,-2.09172076363925,14.9809644350336
2013-03-18 12:00:00,2013,3,18,NA,1.32174505407547,20.6691623319598
2013-03-19 12:00:00,2013,3,19,NA,3.88224906154049,20.4484403361832
2013-03-20 12:00:00,2013,3,20,NA,4.14587845332184,19.7166057512202
2013-03-21 12:00:00,2013,3,21,NA,8.49370151666166,17.7268117837303
2013-03-22 12:00:00,2013,3,22,NA,6.09705068744417,13.5951668669218
2013-03-23 12:00:00,2013,3,23,NA,10.8738442924295,15.5488769564379
2013-03-24 12:00:00,2013,3,24,NA,11.0713568014389,13.8965263954964
2013-03-25 12:00:00,2013,3,25,NA,8.21243331885926,13.3979317151886
2013-03-26 12:00:00,2013,3,26,NA,10.6229339745561,15.0257158622852
2013-03-27 12:00:00,2013,3,27,NA,10.2185157705227,14.1356886361298
2013-03-28 12:00:00,2013,3,28,NA,7.68542864402623,12.8001699957888
2013-03-29 12:00:00,2013,3,29,NA,10.274896253073,14.5420567576112
2013-03-30 12:00:00,2013,3,30,NA,9.96490429462168,13.8023493699821
2013-03-31 12:00:00,2013,3,31,NA,9.06337039656662,11.0205806930613
2013-04-01 12:00:00,2013,4,1,NA,5.79654714268951,9.55803895881804
2013-04-02 12:00:00,2013,4,2,NA,6.72949062967191,13.1557941271775
2013-04-03 12:00:00,2013,4,3,NA,3.70941551509143,8.74746146540491
2013-04-04 12:00:00,2013,4,4,NA,2.65329390485233,11.9403933443454
2013-04-05 12:00:00,2013,4,5,NA,2.53083022983614,17.9691177021117
2013-04-06 12:00:00,2013,4,6,NA,3.90491279607918,21.27554168553
2013-04-07 12:00:00,2013,4,7,NA,2.24679893410154,20.6218454844661
2013-04-08 12:00:00,2013,4,8,NA,4.38597285044809,19.8242603227236
2013-04-09 12:00:00,2013,4,9,NA,7.88611360427106,16.0420182236399
2013-04-10 12:00:00,2013,4,10,NA,9.11805315271961,15.177201341324
2013-04-11 12:00:00,2013,4,11,NA,6.3483255320477,9.49576743162058
2013-04-12 12:00:00,2013,4,12,NA,3.70517143722217,14.5391526643306
2013-04-13 12:00:00,2013,4,13,NA,1.64909349074563,18.3159840102353
2013-04-14 12:00:00,2013,4,14,NA,6.36881104992485,21.882899438818
2013-04-15 12:00:00,2013,4,15,NA,4.44947502721931,17.687059405179
2013-04-16 12:00:00,2013,4,16,NA,5.35665534769968,24.3683747600379
2013-04-17 12:00:00,2013,4,17,NA,5.06811468680711,26.2980378134288
2013-04-18 12:00:00,2013,4,18,NA,5.73774530229082,23.3299783409461
2013-04-19 12:00:00,2013,4,19,NA,9.34658445883252,17.5021876091624
2013-04-20 12:00:00,2013,4,20,NA,8.11259346657295,15.5042552528015
2013-04-21 12:00:00,2013,4,21,NA,10.6646924379642,22.264632293826
2013-04-22 12:00:00,2013,4,22,NA,6.41992419743732,23.4280713324293
2013-04-23 12:00:00,2013,4,23,NA,8.27147713857855,18.7187579845188
2013-04-24 12:00:00,2013,4,24,NA,7.97724478449831,12.0723462077128
2013-04-25 12:00:00,2013,4,25,NA,7.73408475422399,15.3206982152237
2013-04-26 12:00:00,2013,4,26,NA,6.54130374945863,12.6311356035515
2013-04-27 12:00:00,2013,4,27,NA,7.85523399229053,19.0304062432144
2013-04-28 12:00:00,2013,4,28,NA,10.8899929510672,21.4514051977084
2013-04-29 12:00:00,2013,4,29,NA,10.0330808094347,22.4193106606124
2013-04-30 12:00:00,2013,4,30,NA,6.44894552642757,26.5391000378626
2013-05-01 12:00:00,2013,5,1,NA,8.75835814545895,24.0292486801073
2013-05-02 12:00:00,2013,5,2,NA,2.65200477928104,18.6555021438946
2013-05-03 12:00:00,2013,5,3,NA,3.38177428543347,20.8499412400535
2013-05-04 12:00:00,2013,5,4,NA,6.36067754575201,12.5310585169432
2013-05-05 12:00:00,2013,5,5,NA,4.78341867861803,12.9997984549048
2013-05-06 12:00:00,2013,5,6,NA,6.24265736918215,15.3286538794558
2013-05-07 12:00:00,2013,5,7,NA,4.75324190144788,18.3260472625186
2013-05-08 12:00:00,2013,5,8,NA,9.90744102233539,17.6557459883284
2013-05-09 12:00:00,2013,5,9,NA,4.38323904026872,18.9375093134595
2013-05-10 12:00:00,2013,5,10,NA,7.65828758358167,18.4324569370027
2013-05-11 12:00:00,2013,5,11,NA,5.60969279876823,18.8644670053112
2013-05-12 12:00:00,2013,5,12,NA,5.68904459033688,13.4374679803415
2013-05-13 12:00:00,2013,5,13,NA,3.87250714944862,21.3138922923484
2013-05-14 12:00:00,2013,5,14,NA,4.10582996676423,18.6060448819845
2013-05-15 12:00:00,2013,5,15,NA,3.23289513218066,20.004807896862
2013-05-16 12:00:00,2013,5,16,NA,8.48229115571676,20.1163187982461
2013-05-17 12:00:00,2013,5,17,NA,11.4284753992041,18.9462215531184
2013-05-18 12:00:00,2013,5,18,NA,10.8552380828193,19.6661406999875
2013-05-19 12:00:00,2013,5,19,NA,12.3381259775644,21.4363008694427
2013-05-20 12:00:00,2013,5,20,NA,11.9441447503359,25.6749103898152
2013-05-21 12:00:00,2013,5,21,NA,11.1775049575522,22.0555746091055
2013-05-22 12:00:00,2013,5,22,NA,11.5622145727756,18.4728420580371
2013-05-23 12:00:00,2013,5,23,NA,10.4129059606655,20.1033067501598
2013-05-24 12:00:00,2013,5,24,NA,13.9998318011346,18.5546939607512
2013-05-25 12:00:00,2013,5,25,NA,11.9454283348498,18.987028115916
2013-05-26 12:00:00,2013,5,26,NA,7.83928725819475,16.7360966435216
2013-05-27 12:00:00,2013,5,27,NA,11.8736030886977,17.7528254997904
2013-05-28 12:00:00,2013,5,28,NA,6.8237822527118,23.9087000714502
2013-05-29 12:00:00,2013,5,29,NA,11.4740654838534,25.907675125533
2013-05-30 12:00:00,2013,5,30,NA,9.01405260468794,23.4476622463675
2013-05-31 12:00:00,2013,5,31,NA,16.2851578257583,24.6324805473747
2013-06-01 12:00:00,2013,6,1,NA,13.0286332534342,20.4057024326841
2013-06-02 12:00:00,2013,6,2,NA,14.1072091010192,32.5229064011555
2013-06-03 12:00:00,2013,6,3,NA,17.8752686397897,31.2597347986774
2013-06-04 12:00:00,2013,6,4,NA,15.0462167178433,31.1943133169338
2013-06-05 12:00:00,2013,6,5,NA,16.1573453048806,28.4786542514032
2013-06-06 12:00:00,2013,6,6,NA,19.4710172887356,29.2899493939724
2013-06-07 12:00:00,2013,6,7,NA,15.3698757981239,30.8387450553943
2013-06-08 12:00:00,2013,6,8,NA,14.5779656144843,27.820317727906
2013-06-09 12:00:00,2013,6,9,NA,18.1417974626161,27.3105444297932
2013-06-10 12:00:00,2013,6,10,NA,18.1330136003414,26.3955236793855
2013-06-11 12:00:00,2013,6,11,NA,17.5453169490286,23.9088490998966
2013-06-12 12:00:00,2013,6,12,NA,15.8423106985015,25.0110576656785
2013-06-13 12:00:00,2013,6,13,NA,18.0902739711017,23.2454691151
2013-06-14 12:00:00,2013,6,14,NA,12.4770812884413,21.7594450666841
2013-06-15 12:00:00,2013,6,15,NA,12.8725772120769,26.8203684918567
2013-06-16 12:00:00,2013,6,16,NA,9.57452711088571,27.5407017595181
2013-06-17 12:00:00,2013,6,17,NA,12.0195157561487,24.8010478980779
2013-06-18 12:00:00,2013,6,18,NA,17.6406728127185,25.9043893562784
2013-06-19 12:00:00,2013,6,19,NA,16.8933905849958,23.5800114831578
2013-06-20 12:00:00,2013,6,20,NA,14.5527354240596,29.4255387639187
2013-06-21 12:00:00,2013,6,21,NA,12.8755294864551,29.2818998680387
2013-06-22 12:00:00,2013,6,22,NA,15.9571941831001,31.7434088204815
2013-06-23 12:00:00,2013,6,23,NA,15.5654507579976,29.5132420377774
2013-06-24 12:00:00,2013,6,24,NA,20.9195088366199,33.1601825448362
2013-06-25 12:00:00,2013,6,25,NA,18.2262379447484,36.1851580244166
2013-06-26 12:00:00,2013,6,26,NA,19.7499303903632,36.2817533370064
2013-06-27 12:00:00,2013,6,27,NA,18.676951981474,31.3324030624345
2013-06-28 12:00:00,2013,6,28,NA,20.8052638764527,33.4065389157502
2013-06-29 12:00:00,2013,6,29,NA,18.2660206681677,32.7569163991655
2013-06-30 12:00:00,2013,6,30,NA,17.2538297504924,30.6737454130384
2013-07-01 12:00:00,2013,7,1,NA,17.1139077224937,34.6385436083392
2013-07-02 12:00:00,2013,7,2,NA,22.673357309889,31.8734495308931
2013-07-03 12:00:00,2013,7,3,NA,19.2185048780782,30.0273249850521
2013-07-04 12:00:00,2013,7,4,NA,9.67119692041845,27.5097306483373
2013-07-05 12:00:00,2013,7,5,NA,13.8033134197993,24.9203512319262
2013-07-06 12:00:00,2013,7,6,NA,17.4132517995717,29.6007937458071
2013-07-07 12:00:00,2013,7,7,NA,19.1832952695414,30.1758244342302
2013-07-08 12:00:00,2013,7,8,NA,20.3303495380152,29.3276826256963
2013-07-09 12:00:00,2013,7,9,NA,18.2036004518811,30.9109992241581
2013-07-10 12:00:00,2013,7,10,NA,13.9392571733204,26.8269733667407
2013-07-11 12:00:00,2013,7,11,NA,17.1936902410057,27.7386569944122
2013-07-12 12:00:00,2013,7,12,NA,19.6553624887232,28.8163357204479
2013-07-13 12:00:00,2013,7,13,NA,19.6941313086692,28.8586570677093
2013-07-14 12:00:00,2013,7,14,NA,20.9924695031953,26.7910989429899
2013-07-15 12:00:00,2013,7,15,NA,18.0189446616019,25.2176907172271
2013-07-16 12:00:00,2013,7,16,NA,16.3897619898784,25.4092572882834
2013-07-17 12:00:00,2013,7,17,NA,19.9073737696717,27.6493392623541
2013-07-18 12:00:00,2013,7,18,NA,17.0169779247568,29.5637624181086
2013-07-19 12:00:00,2013,7,19,NA,15.7934036603991,21.5281457049156
2013-07-20 12:00:00,2013,7,20,NA,18.6038280458841,24.679481539155
2013-07-21 12:00:00,2013,7,21,NA,14.5344489059867,26.593074423259
2013-07-22 12:00:00,2013,7,22,NA,15.2739697731521,19.9883735542778
2013-07-23 12:00:00,2013,7,23,NA,15.7401942285757,20.6955463787516
2013-07-24 12:00:00,2013,7,24,NA,12.6788131424936,18.0226278346744
2013-07-25 12:00:00,2013,7,25,NA,14.4318829262764,21.0125893196854
2013-07-26 12:00:00,2013,7,26,NA,12.5631151025338,21.6132502792101
2013-07-27 12:00:00,2013,7,27,NA,15.1507567901718,23.9253102939073
2013-07-28 12:00:00,2013,7,28,NA,13.7606313649975,23.9982317904041
2013-07-29 12:00:00,2013,7,29,NA,11.0150641893165,24.0460873191945
2013-07-30 12:00:00,2013,7,30,NA,12.7261969378908,25.4085402803804
2013-07-31 12:00:00,2013,7,31,NA,14.7550113852007,23.7772167199069
2013-08-01 12:00:00,2013,8,1,NA,12.509619168587,21.6360230057664
2013-08-02 12:00:00,2013,8,2,NA,16.2781498463325,24.8114577860013
2013-08-03 12:00:00,2013,8,3,NA,16.9924974458973,26.6636123950801
2013-08-04 12:00:00,2013,8,4,NA,16.6851439769287,25.6761695273011
2013-08-05 12:00:00,2013,8,5,NA,17.0403353474036,25.4767150946027
2013-08-06 12:00:00,2013,8,6,NA,16.2357555120138,24.8486448649304
2013-08-07 12:00:00,2013,8,7,NA,13.875384996374,25.3207826275196
2013-08-08 12:00:00,2013,8,8,NA,14.3380707769226,30.5265213065101
2013-08-09 12:00:00,2013,8,9,NA,19.2287677602074,27.5832991010308
2013-08-10 12:00:00,2013,8,10,NA,15.9192915487224,24.9030304920192
2013-08-11 12:00:00,2013,8,11,NA,16.9834886398817,22.1140063183443
2013-08-12 12:00:00,2013,8,12,NA,13.4975296953062,19.7772398577964
2013-08-13 12:00:00,2013,8,13,NA,17.2629477222844,21.7514595883282
2013-08-14 12:00:00,2013,8,14,NA,16.1821339749872,25.479151213999
2013-08-15 12:00:00,2013,8,15,NA,8.85305640420989,27.4748897734074
2013-08-16 12:00:00,2013,8,16,NA,9.79584615044411,25.1146522651979
2013-08-17 12:00:00,2013,8,17,NA,13.7173550840627,22.9389477244456
2013-08-18 12:00:00,2013,8,18,NA,11.3856683913581,25.0521194461051
2013-08-19 12:00:00,2013,8,19,NA,13.1897234059158,24.6351210370614
2013-08-20 12:00:00,2013,8,20,NA,16.0355723159636,29.6243497830671
2013-08-21 12:00:00,2013,8,21,NA,17.2788830276879,30.8115145275723
2013-08-22 12:00:00,2013,8,22,NA,17.5492547685934,33.056864900944
2013-08-23 12:00:00,2013,8,23,NA,15.2259127131298,27.4401476519361
2013-08-24 12:00:00,2013,8,24,NA,16.38381918559,29.7425310939421
2013-08-25 12:00:00,2013,8,25,NA,17.5974686779369,27.9451101120477
2013-08-26 12:00:00,2013,8,26,NA,15.7320566937459,30.093327372717
2013-08-27 12:00:00,2013,8,27,NA,14.2171152152707,28.7158234728608
2013-08-28 12:00:00,2013,8,28,NA,11.6502076419406,24.5847582936958
2013-08-29 12:00:00,2013,8,29,NA,17.5661333757877,27.7345448152278
2013-08-30 12:00:00,2013,8,30,NA,19.3017869067252,28.285525850022
2013-08-31 12:00:00,2013,8,31,NA,14.0206024410899,30.9954280400518
2013-09-01 12:00:00,2013,9,1,NA,7.56990849715641,28.8348815395271
2013-09-02 12:00:00,2013,9,2,NA,15.0904833857785,24.3408531081119
2013-09-03 12:00:00,2013,9,3,NA,17.0498701744783,27.686627995937
2013-09-04 12:00:00,2013,9,4,NA,15.7915628613899,24.0185949757021
2013-09-05 12:00:00,2013,9,5,NA,16.8851050236632,22.9773291817266
2013-09-06 12:00:00,2013,9,6,NA,16.4899028833243,23.6822666587695
2013-09-07 12:00:00,2013,9,7,NA,16.1089418009142,23.9164714520742
2013-09-08 12:00:00,2013,9,8,NA,16.6023074085949,24.5123553669919
2013-09-09 12:00:00,2013,9,9,NA,13.2643230445231,23.2800801059116
2013-09-10 12:00:00,2013,9,10,NA,12.3471773742936,21.6396025558734
2013-09-11 12:00:00,2013,9,11,NA,13.0350981155579,23.8631413921349
2013-09-12 12:00:00,2013,9,12,NA,10.0445937069367,23.369493706368
2013-09-13 12:00:00,2013,9,13,NA,11.5270476686181,25.97142604838
2013-09-14 12:00:00,2013,9,14,NA,11.6965563431724,22.3464683482174
2013-09-15 12:00:00,2013,9,15,NA,5.56461311688324,22.9545289718884
2013-09-16 12:00:00,2013,9,16,NA,6.5187643886489,21.6703091400637
2013-09-17 12:00:00,2013,9,17,NA,7.54327823697539,25.2416534559881
2013-09-18 12:00:00,2013,9,18,NA,10.4227652704261,23.751814034626
2013-09-19 12:00:00,2013,9,19,NA,12.1672164770219,23.0806350057131
2013-09-20 12:00:00,2013,9,20,NA,9.88203806016152,27.5463908785367
2013-09-21 12:00:00,2013,9,21,NA,11.807513379745,28.9985575818231
2013-09-22 12:00:00,2013,9,22,NA,17.4517281118665,28.1727845213067
2013-09-23 12:00:00,2013,9,23,NA,17.4746191224242,29.6160949159148
2013-09-24 12:00:00,2013,9,24,NA,19.5678336796339,25.9843365360706
2013-09-25 12:00:00,2013,9,25,NA,15.8347576729823,22.2548418536846
2013-09-26 12:00:00,2013,9,26,NA,16.3118597641446,25.1731753972323
2013-09-27 12:00:00,2013,9,27,NA,18.6711595153749,23.7141094072337
2013-09-28 12:00:00,2013,9,28,NA,17.624762288827,23.7169864468904
2013-09-29 12:00:00,2013,9,29,NA,17.5429086853503,21.1821204593998
2013-09-30 12:00:00,2013,9,30,NA,15.6594136346307,19.0277680221363
2013-10-01 12:00:00,2013,10,1,NA,15.9269467235837,17.4095344088818
2013-10-02 12:00:00,2013,10,2,NA,12.0824996452536,13.5650873305517
2013-10-03 12:00:00,2013,10,3,NA,13.4740504565469,17.2131755448124
2013-10-04 12:00:00,2013,10,4,NA,15.1720890154782,19.482282582743
2013-10-05 12:00:00,2013,10,5,NA,8.63173552216103,18.9395412280382
2013-10-06 12:00:00,2013,10,6,NA,9.62509889507506,22.7912502110707
2013-10-07 12:00:00,2013,10,7,NA,15.4153233751083,19.1544484633738
2013-10-08 12:00:00,2013,10,8,NA,10.8019445155414,21.658664034378
2013-10-09 12:00:00,2013,10,9,NA,9.83269038833266,22.8019429902377
2013-10-10 12:00:00,2013,10,10,NA,7.91813145590733,24.941156488209
2013-10-11 12:00:00,2013,10,11,NA,8.0908216807645,19.8102328698973
2013-10-12 12:00:00,2013,10,12,NA,11.7885486875861,24.8023631827604
2013-10-13 12:00:00,2013,10,13,NA,15.2962354481691,23.8806825675836
2013-10-14 12:00:00,2013,10,14,NA,12.4302937500515,23.7678275510702
2013-10-15 12:00:00,2013,10,15,NA,12.3654031850939,25.7219462469828
2013-10-16 12:00:00,2013,10,16,NA,15.466306779523,23.5313417342591
2013-10-17 12:00:00,2013,10,17,NA,13.4340718546745,25.8273822597725
2013-10-18 12:00:00,2013,10,18,NA,13.2605843687367,16.4760896623535
2013-10-19 12:00:00,2013,10,19,NA,10.7009751163889,18.766010071125
2013-10-20 12:00:00,2013,10,20,NA,9.55785005866098,18.3225459629409
2013-10-21 12:00:00,2013,10,21,NA,7.36420074011281,15.5517098968958
2013-10-22 12:00:00,2013,10,22,NA,6.62548633474879,17.4822058535854
2013-10-23 12:00:00,2013,10,23,NA,9.22741747183402,16.9076176728834
2013-10-24 12:00:00,2013,10,24,NA,7.73480908842933,14.272940015691
2013-10-25 12:00:00,2013,10,25,NA,3.01613184952538,13.1564948754392
2013-10-26 12:00:00,2013,10,26,NA,2.89448327111042,12.4825670990672
2013-10-27 12:00:00,2013,10,27,NA,5.88508860909485,7.73190352717558
2013-10-28 12:00:00,2013,10,28,NA,4.79863269995638,8.03865692371156
2013-10-29 12:00:00,2013,10,29,NA,-0.143593441902368,8.81539432319491
2013-10-30 12:00:00,2013,10,30,NA,-0.533601426822928,11.8729630063042
2013-10-31 12:00:00,2013,10,31,NA,-0.525642321150099,14.5555201767383
2013-11-01 12:00:00,2013,11,1,NA,7.47437252689685,9.6465650337956
2013-11-02 12:00:00,2013,11,2,NA,5.39392998295839,11.7917449297077
2013-11-03 12:00:00,2013,11,3,NA,6.29173714319155,8.15372456531282
2013-11-04 12:00:00,2013,11,4,NA,7.2070738687137,10.1781627063975
2013-11-05 12:00:00,2013,11,5,NA,4.95645997836273,10.5677597453434
2013-11-06 12:00:00,2013,11,6,NA,2.95916991689202,10.9323215066871
2013-11-07 12:00:00,2013,11,7,NA,5.91491893173263,14.3182094876062
2013-11-08 12:00:00,2013,11,8,NA,9.08175893623869,13.088676869231
2013-11-09 12:00:00,2013,11,9,NA,5.05524166221746,8.34765332212809
2013-11-10 12:00:00,2013,11,10,NA,7.24678615924641,11.0023777555875
2013-11-11 12:00:00,2013,11,11,NA,3.69026191826435,5.43939000811801
2013-11-12 12:00:00,2013,11,12,NA,0.69359592906982,8.14088876374191
2013-11-13 12:00:00,2013,11,13,NA,3.9802722679947,6.77266378829756
2013-11-14 12:00:00,2013,11,14,NA,5.06530617643376,8.80298102784627
2013-11-15 12:00:00,2013,11,15,NA,3.5207466722699,9.10439568742635
2013-11-16 12:00:00,2013,11,16,NA,2.75249604315488,8.36795754406888
2013-11-17 12:00:00,2013,11,17,NA,3.55141691622711,7.30693156581916
2013-11-18 12:00:00,2013,11,18,NA,5.79352554089659,10.2489948588654
2013-11-19 12:00:00,2013,11,19,NA,1.87584377856947,6.74538311838669
2013-11-20 12:00:00,2013,11,20,NA,3.23890264100088,7.75817399915651
2013-11-21 12:00:00,2013,11,21,NA,6.53997662100134,12.2724485599943
2013-11-22 12:00:00,2013,11,22,NA,6.3414407528915,14.56464990418
2013-11-23 12:00:00,2013,11,23,NA,4.65515077987784,14.8777705491387
2013-11-24 12:00:00,2013,11,24,NA,8.72080843786488,13.4940704947994
2013-11-25 12:00:00,2013,11,25,NA,8.00450839483669,10.4385978515903
2013-11-26 12:00:00,2013,11,26,NA,5.39250928291797,11.0038090498987
2013-11-27 12:00:00,2013,11,27,NA,6.09676001047348,11.5159653686941
2013-11-28 12:00:00,2013,11,28,NA,4.79936517869492,9.72384660484575
2013-11-29 12:00:00,2013,11,29,NA,2.02081822993955,7.14647275448048
2013-11-30 12:00:00,2013,11,30,NA,-1.4995245988797,1.31103548222697
2013-12-01 12:00:00,2013,12,1,NA,0.0117276661485688,3.75281930486108
2013-12-02 12:00:00,2013,12,2,NA,0.431360286010129,7.50655851403515
2013-12-03 12:00:00,2013,12,3,NA,-0.828393426261527,9.08500350290942
2013-12-04 12:00:00,2013,12,4,NA,3.34383121963494,8.43240878757334
2013-12-05 12:00:00,2013,12,5,NA,3.1147688559965,9.193731512672
2013-12-06 12:00:00,2013,12,6,NA,6.30592137518999,7.99126980330376
2013-12-07 12:00:00,2013,12,7,NA,5.33885290086207,9.94913636715782
2013-12-08 12:00:00,2013,12,8,NA,4.49092003108079,9.43934034892366
2013-12-09 12:00:00,2013,12,9,NA,4.9245398449239,7.9785686446191
2013-12-10 12:00:00,2013,12,10,NA,-1.44578185417121,4.5715060364688
2013-12-11 12:00:00,2013,12,11,NA,-1.5536976908825,4.3180457745668
2013-12-12 12:00:00,2013,12,12,NA,0.785764357026605,8.03381734590807
2013-12-13 12:00:00,2013,12,13,NA,6.92338771894705,11.2874832435981
2013-12-14 12:00:00,2013,12,14,NA,5.84788651895523,8.8990380896008
2013-12-15 12:00:00,2013,12,15,NA,-1.64910907773507,8.8223816992671
2013-12-16 12:00:00,2013,12,16,NA,-2.14019852188072,6.00958588505788
2013-12-17 12:00:00,2013,12,17,NA,2.21105747579567,6.19253093320113
2013-12-18 12:00:00,2013,12,18,NA,6.78533227363108,10.8427905340736
2013-12-19 12:00:00,2013,12,19,NA,8.50906086607666,10.5044585630097
2013-12-20 12:00:00,2013,12,20,NA,5.65157659555249,7.67515514620556
2013-12-21 12:00:00,2013,12,21,NA,2.16216488017952,4.18458028903458
2013-12-22 12:00:00,2013,12,22,NA,0.779942733107317,1.79882529696766
2013-12-23 12:00:00,2013,12,23,NA,-0.0710949761232147,3.04787262211656
2013-12-24 12:00:00,2013,12,24,NA,1.83918576080926,6.7620168728511
2013-12-25 12:00:00,2013,12,25,NA,-2.26909692178782,4.52390602548205
2013-12-26 12:00:00,2013,12,26,NA,-1.43351818349737,4.09537995452478
2013-12-27 12:00:00,2013,12,27,NA,-5.84232577109816,2.26589972709082
2013-12-28 12:00:00,2013,12,28,NA,-5.93742452549601,4.43543267582423
2013-12-29 12:00:00,2013,12,29,NA,0.443017495600855,8.04861573550054
2013-12-30 12:00:00,2013,12,30,NA,4.13318278457182,10.4949917774528
2013-12-31 12:00:00,2013,12,31,NA,1.5560801390358,6.30944925780416
2014-01-01 12:00:00,2014,1,1,NA,2.26732838869252,4.30544373992643
2014-01-02 12:00:00,2014,1,2,NA,2.95179877707225,8.2703734232258
2014-01-03 12:00:00,2014,1,3,NA,0.295032379734558,5.62634510578783
2014-01-04 12:00:00,2014,1,4,NA,1.55977150351421,9.91572110756649
2014-01-05 12:00:00,2014,1,5,NA,0.672641376422238,7.32538069756551
2014-01-06 12:00:00,2014,1,6,NA,2.58868853181232,10.6238918267005
2014-01-07 12:00:00,2014,1,7,NA,6.0572158238648,12.2120133053146
2014-01-08 12:00:00,2014,1,8,NA,3.16371553429678,15.9642664852059
2014-01-09 12:00:00,2014,1,9,NA,2.75420908053596,16.5065113550355
2014-01-10 12:00:00,2014,1,10,NA,3.69619625063418,14.7779572876987
2014-01-11 12:00:00,2014,1,11,NA,7.70188851687633,19.2079250300547
2014-01-12 12:00:00,2014,1,12,NA,10.93451640662,15.5864803295321
2014-01-13 12:00:00,2014,1,13,NA,7.96331211466541,12.4524394793166
2014-01-14 12:00:00,2014,1,14,NA,5.46352537940425,11.1302232930057
2014-01-15 12:00:00,2014,1,15,NA,4.58409580933363,15.8491451097687
2014-01-16 12:00:00,2014,1,16,NA,5.36730874531009,16.8204646599994
2014-01-17 12:00:00,2014,1,17,NA,5.93384258376807,15.8515175548626
2014-01-18 12:00:00,2014,1,18,NA,6.42359635461052,13.5356763468058
2014-01-19 12:00:00,2014,1,19,NA,5.16828183512156,11.4585550856858
2014-01-20 12:00:00,2014,1,20,NA,4.31170268165134,10.8314909013602
2014-01-21 12:00:00,2014,1,21,NA,1.18384956595361,6.01093828868135
2014-01-22 12:00:00,2014,1,22,NA,-0.395052631951752,1.49087073188893
2014-01-23 12:00:00,2014,1,23,NA,1.5629369362945,2.58967657767841
2014-01-24 12:00:00,2014,1,24,NA,1.71362072356569,3.79658177148538
2014-01-25 12:00:00,2014,1,25,NA,3.46620140427911,7.34171653644957
2014-01-26 12:00:00,2014,1,26,NA,4.01252145889078,9.96380492870441
2014-01-27 12:00:00,2014,1,27,NA,5.37310668931523,10.6994368178428
2014-01-28 12:00:00,2014,1,28,NA,5.09400559732183,11.4327049395598
2014-01-29 12:00:00,2014,1,29,NA,2.77880852431549,7.54920922260986
2014-01-30 12:00:00,2014,1,30,NA,-1.15328388115065,2.45801629696871
2014-01-31 12:00:00,2014,1,31,NA,1.80605180745602,3.57158022126281
2014-02-01 12:00:00,2014,2,1,NA,0.803766720343588,5.29289408499477
2014-02-02 12:00:00,2014,2,2,NA,3.09246738459636,7.03506020996294
2014-02-03 12:00:00,2014,2,3,NA,3.19557419597461,7.22864485207776
2014-02-04 12:00:00,2014,2,4,NA,3.00649506893904,7.23953112936246
2014-02-05 12:00:00,2014,2,5,NA,-2.60449844473995,3.05585051849076
2014-02-06 12:00:00,2014,2,6,NA,0.42040168508702,7.18360591548031
2014-02-07 12:00:00,2014,2,7,NA,1.46977554061807,7.22198922702004
2014-02-08 12:00:00,2014,2,8,NA,-1.00589039157994,7.51082757528172
2014-02-09 12:00:00,2014,2,9,NA,1.88389893585745,7.12727459074553
2014-02-10 12:00:00,2014,2,10,NA,-0.203808233577444,6.7774500416856
2014-02-11 12:00:00,2014,2,11,NA,3.24456310593587,8.99677679233784
2014-02-12 12:00:00,2014,2,12,NA,2.90938646060888,4.65346408966039
2014-02-13 12:00:00,2014,2,13,NA,-1.31877414609105,3.08091051549509
2014-02-14 12:00:00,2014,2,14,NA,-4.20384010809389,-0.105209577155861
2014-02-15 12:00:00,2014,2,15,NA,-13.2131220776305,0.554474449789938
2014-02-16 12:00:00,2014,2,16,NA,-5.33720440157587,-1.9692370430724
2014-02-17 12:00:00,2014,2,17,NA,-7.58658856891921,-0.823384338525921
2014-02-18 12:00:00,2014,2,18,NA,-6.01497447695524,-0.711565948287137
2014-02-19 12:00:00,2014,2,19,NA,1.01157333359567,1.8208147329021
2014-02-20 12:00:00,2014,2,20,NA,3.40238380473685,5.02293007578129
2014-02-21 12:00:00,2014,2,21,NA,-0.662896971538084,4.00090557797367
2014-02-22 12:00:00,2014,2,22,NA,1.79398522670708,14.2825061037282
2014-02-23 12:00:00,2014,2,23,NA,0.799139038777525,13.7120370799591
2014-02-24 12:00:00,2014,2,24,NA,3.60325675838466,13.1482389814815
2014-02-25 12:00:00,2014,2,25,NA,5.16444506039164,14.4404104037861
2014-02-26 12:00:00,2014,2,26,NA,6.13079123798578,11.3741668928738
2014-02-27 12:00:00,2014,2,27,NA,10.4192202534082,19.0130080401545
2014-02-28 12:00:00,2014,2,28,NA,12.2215323690688,16.1272594094256
2014-03-01 12:00:00,2014,3,1,NA,12.0566584637977,16.4057724445254
2014-03-02 12:00:00,2014,3,2,NA,9.6105932363187,17.1949070946459
2014-03-03 12:00:00,2014,3,3,NA,3.81716698579823,14.1286644963016
2014-03-04 12:00:00,2014,3,4,NA,4.12544889997132,13.8872699798432
2014-03-05 12:00:00,2014,3,5,NA,2.70245831531069,20.1028034070155
2014-03-06 12:00:00,2014,3,6,NA,3.89460380809235,17.1404168528385
2014-03-07 12:00:00,2014,3,7,NA,3.48883848864049,23.0466886649474
2014-03-08 12:00:00,2014,3,8,NA,8.32850408653067,17.5616143535993
2014-03-09 12:00:00,2014,3,9,NA,5.6321340253362,16.3184764146211
2014-03-10 12:00:00,2014,3,10,NA,5.05357542292576,15.2454815507945
2014-03-11 12:00:00,2014,3,11,NA,5.32495931172957,18.167244277513
2014-03-12 12:00:00,2014,3,12,NA,2.67510575740273,14.5939666764102
2014-03-13 12:00:00,2014,3,13,NA,4.49066113974429,12.5252629339645
2014-03-14 12:00:00,2014,3,14,NA,8.73705399127182,14.656493628736
2014-03-15 12:00:00,2014,3,15,NA,7.13306059039123,11.4106540346707
2014-03-16 12:00:00,2014,3,16,NA,4.29398415807732,6.30544686353035
2014-03-17 12:00:00,2014,3,17,NA,3.29649612257338,7.14456473037124
2014-03-18 12:00:00,2014,3,18,NA,2.5619568399729,6.2498115008873
2014-03-19 12:00:00,2014,3,19,NA,-1.36715135586182,5.88711958638113
2014-03-20 12:00:00,2014,3,20,NA,-2.41506158855433,10.8307514561918
2014-03-21 12:00:00,2014,3,21,NA,-1.30023894017865,9.40424663965841
2014-03-22 12:00:00,2014,3,22,NA,0.0949781028156451,8.57487339759676
2014-03-23 12:00:00,2014,3,23,NA,-2.40327493482107,12.7026934659031
2014-03-24 12:00:00,2014,3,24,NA,-0.178347358748281,17.8199513778125
2014-03-25 12:00:00,2014,3,25,NA,1.63185870761831,15.8168230768502
2014-03-26 12:00:00,2014,3,26,NA,4.42641529964501,11.8834570043514
2014-03-27 12:00:00,2014,3,27,NA,2.09965225582271,10.4737175190691
2014-03-28 12:00:00,2014,3,28,NA,2.99880816174249,10.515535096523
2014-03-29 12:00:00,2014,3,29,NA,-0.514077726729677,9.70944980672109
2014-03-30 12:00:00,2014,3,30,NA,-1.56260470869294,9.53630918038244
2014-03-31 12:00:00,2014,3,31,NA,1.21652594872499,17.1999500099968
2014-04-01 12:00:00,2014,4,1,NA,0.496895331922698,10.9065366080045
2014-04-02 12:00:00,2014,4,2,NA,3.45625879785211,9.76581169306966
2014-04-03 12:00:00,2014,4,3,NA,4.39624561287892,12.5830820286066
2014-04-04 12:00:00,2014,4,4,NA,3.3567196188074,16.4765707916087
2014-04-05 12:00:00,2014,4,5,NA,5.50575745240035,11.6058773010549
2014-04-06 12:00:00,2014,4,6,NA,-0.0395675050768718,11.2779366312659
2014-04-07 12:00:00,2014,4,7,NA,3.0176878496304,10.303338840865
2014-04-08 12:00:00,2014,4,8,NA,3.20830662778481,10.6135178878097
2014-04-09 12:00:00,2014,4,9,NA,1.25011812244094,15.9936726098849
2014-04-10 12:00:00,2014,4,10,NA,5.98024349640083,14.2887342512181
2014-04-11 12:00:00,2014,4,11,NA,1.86895143051843,16.4579064448347
2014-04-12 12:00:00,2014,4,12,NA,0.358909977222512,16.6211825741597
2014-04-13 12:00:00,2014,4,13,NA,0.844527222286276,19.8407177872734
2014-04-14 12:00:00,2014,4,14,NA,7.61436462975261,20.0708337395162
2014-04-15 12:00:00,2014,4,15,NA,5.8765003063061,22.884647441298
2014-04-16 12:00:00,2014,4,16,NA,6.56171842110918,25.3007685639696
2014-04-17 12:00:00,2014,4,17,NA,3.26277232475956,19.2662696893731
2014-04-18 12:00:00,2014,4,18,NA,-1.0411321565521,12.0787190162492
2014-04-19 12:00:00,2014,4,19,NA,-3.57810364841272,13.846136161597
2014-04-20 12:00:00,2014,4,20,NA,-2.83677594927667,16.7334503514467
2014-04-21 12:00:00,2014,4,21,NA,5.99015173219331,16.0241020246736
2014-04-22 12:00:00,2014,4,22,NA,6.7305942837261,13.6930403532723
2014-04-23 12:00:00,2014,4,23,NA,3.96126298042171,16.6079709358344
2014-04-24 12:00:00,2014,4,24,NA,5.52323159414085,12.6218035439218
2014-04-25 12:00:00,2014,4,25,NA,9.12044832463966,19.6818605712809
2014-04-26 12:00:00,2014,4,26,NA,9.38040303405961,18.5865272516995
2014-04-27 12:00:00,2014,4,27,NA,4.534060486763,20.1687298474241
2014-04-28 12:00:00,2014,4,28,NA,0.824432226763609,18.7127508629597
2014-04-29 12:00:00,2014,4,29,NA,4.18290473878569,23.063998661177
2014-04-30 12:00:00,2014,4,30,NA,4.47952166730889,21.4147320090689
2014-05-01 12:00:00,2014,5,1,NA,9.11186192439986,25.9690702067008
2014-05-02 12:00:00,2014,5,2,NA,10.0606244142039,22.9336018762583
2014-05-03 12:00:00,2014,5,3,NA,10.9022735854052,19.7125593593514
2014-05-04 12:00:00,2014,5,4,NA,6.73734809312034,20.3852588932101
2014-05-05 12:00:00,2014,5,5,NA,8.77149645387918,18.5278015607132
2014-05-06 12:00:00,2014,5,6,NA,8.46974958324672,14.3405610426091
2014-05-07 12:00:00,2014,5,7,NA,8.20236042508109,16.9779043761161
2014-05-08 12:00:00,2014,5,8,NA,7.65890961251203,21.0673723287506
2014-05-09 12:00:00,2014,5,9,NA,5.49347604631491,20.0765944108782
2014-05-10 12:00:00,2014,5,10,NA,7.16077144018237,24.681106399281
2014-05-11 12:00:00,2014,5,11,NA,9.86041996517376,24.4583456055092
2014-05-12 12:00:00,2014,5,12,NA,11.9970799756483,27.5743372816193
2014-05-13 12:00:00,2014,5,13,NA,8.96746380393635,28.6068533314593
2014-05-14 12:00:00,2014,5,14,NA,13.6029736962158,27.3563060126694
2014-05-15 12:00:00,2014,5,15,NA,12.7187103933565,30.7658263651592
2014-05-16 12:00:00,2014,5,16,NA,13.7785556898007,30.8159536657743
2014-05-17 12:00:00,2014,5,17,NA,12.1939273164639,27.9115823412799
2014-05-18 12:00:00,2014,5,18,NA,18.4165577354504,24.3551927812019
2014-05-19 12:00:00,2014,5,19,NA,14.20322352223,23.7952834101606
2014-05-20 12:00:00,2014,5,20,NA,14.5798741901485,22.9271969117649
2014-05-21 12:00:00,2014,5,21,NA,14.1347275453928,28.7931928740034
2014-05-22 12:00:00,2014,5,22,NA,18.5213208348496,23.4183411875337
2014-05-23 12:00:00,2014,5,23,NA,12.339792491788,23.9688807921206
2014-05-24 12:00:00,2014,5,24,NA,12.7938490485431,21.5844631474271
2014-05-25 12:00:00,2014,5,25,NA,11.4937735868239,17.3914538530531
2014-05-26 12:00:00,2014,5,26,NA,10.3868642010544,17.0191596284455
2014-05-27 12:00:00,2014,5,27,NA,4.63339831013241,20.4920914870716
2014-05-28 12:00:00,2014,5,28,NA,1.19644636485024,21.7026000681507
2014-05-29 12:00:00,2014,5,29,NA,8.47055713431227,23.1428877649018
2014-05-30 12:00:00,2014,5,30,NA,7.846599237116,23.4538711871489
2014-05-31 12:00:00,2014,5,31,NA,15.7061692349741,23.9225490112609
2014-06-01 12:00:00,2014,6,1,NA,12.1190581574315,21.8753632642655
2014-06-02 12:00:00,2014,6,2,NA,9.42184793689953,21.0746867105059
2014-06-03 12:00:00,2014,6,3,NA,9.07418937400861,17.3244366734059
2014-06-04 12:00:00,2014,6,4,NA,8.64321742759353,20.9595543938668
2014-06-05 12:00:00,2014,6,5,NA,8.21019110593129,17.4527429561183
2014-06-06 12:00:00,2014,6,6,NA,6.94328452930328,22.760808830638
2014-06-07 12:00:00,2014,6,7,NA,12.3922160803877,21.6088275235649
2014-06-08 12:00:00,2014,6,8,NA,14.3432843105547,24.5168263048627
2014-06-09 12:00:00,2014,6,9,NA,11.2371658559844,20.4391087152455
2014-06-10 12:00:00,2014,6,10,NA,10.7810242075066,21.9375550186459
2014-06-11 12:00:00,2014,6,11,NA,12.9175112296784,18.2727116877525
2014-06-12 12:00:00,2014,6,12,NA,11.7788762646173,18.5737745738204
2014-06-13 12:00:00,2014,6,13,NA,13.0589103246479,22.3444282689137
2014-06-14 12:00:00,2014,6,14,NA,14.480081754058,26.5836738381777
2014-06-15 12:00:00,2014,6,15,NA,16.6466456414185,24.8968929408158
2014-06-16 12:00:00,2014,6,16,NA,16.8800291699057,23.5069742430224
2014-06-17 12:00:00,2014,6,17,NA,16.0702816840602,19.8517672881339
2014-06-18 12:00:00,2014,6,18,NA,17.6603163094612,20.757179708922
2014-06-19 12:00:00,2014,6,19,NA,17.5160320346472,21.6195353729851
2014-06-20 12:00:00,2014,6,20,NA,17.0548277313667,26.2973795815537
2014-06-21 12:00:00,2014,6,21,NA,17.3691911693125,24.5939336962752
2014-06-22 12:00:00,2014,6,22,NA,15.2090520023668,26.7165979315432
2014-06-23 12:00:00,2014,6,23,NA,14.8862293551839,20.9677615866035
2014-06-24 12:00:00,2014,6,24,NA,16.0003020505232,22.8583901851789
2014-06-25 12:00:00,2014,6,25,NA,17.184665332001,24.3147853922524
2014-06-26 12:00:00,2014,6,26,NA,17.5182895198228,27.7337784493433
2014-06-27 12:00:00,2014,6,27,NA,11.0955508563681,28.3178458067374
2014-06-28 12:00:00,2014,6,28,NA,13.0725795381303,28.8889674393524
2014-06-29 12:00:00,2014,6,29,NA,14.4371590675451,25.9447049967215
2014-06-30 12:00:00,2014,6,30,NA,16.8456112587204,24.0714615783404
2014-07-01 12:00:00,2014,7,1,NA,19.1418359387346,25.8277880106545
2014-07-02 12:00:00,2014,7,2,NA,20.754622643212,29.0194824793185
2014-07-03 12:00:00,2014,7,3,NA,21.3253237138657,33.487445236049
2014-07-04 12:00:00,2014,7,4,NA,19.945865138289,32.8335813317093
2014-07-05 12:00:00,2014,7,5,NA,21.1314267640307,35.5277022744045
2014-07-06 12:00:00,2014,7,6,NA,21.1120506722514,37.2680057034436
2014-07-07 12:00:00,2014,7,7,NA,18.1372823018292,32.4858582960701
2014-07-08 12:00:00,2014,7,8,NA,20.2927038444661,35.4493458476398
2014-07-09 12:00:00,2014,7,9,NA,19.297402643574,33.5292881344037
2014-07-10 12:00:00,2014,7,10,NA,19.9879648117239,31.5958251131103
2014-07-11 12:00:00,2014,7,11,NA,21.4546913002927,32.4472204649815
2014-07-12 12:00:00,2014,7,12,NA,19.3584129413538,34.547395563914
2014-07-13 12:00:00,2014,7,13,NA,18.743226341729,36.1163998164766
2014-07-14 12:00:00,2014,7,14,NA,18.6362066699463,37.8682637693927
2014-07-15 12:00:00,2014,7,15,NA,19.3473169530565,38.5031613179894
2014-07-16 12:00:00,2014,7,16,NA,23.4564446502413,33.0600537838023
2014-07-17 12:00:00,2014,7,17,NA,29.006686396631,35.1259355281708
2014-07-18 12:00:00,2014,7,18,NA,25.8747693080377,29.6781260093758
2014-07-19 12:00:00,2014,7,19,NA,22.2156155947744,28.0724669571484
2014-07-20 12:00:00,2014,7,20,NA,18.080674399127,24.863552734647
2014-07-21 12:00:00,2014,7,21,NA,19.0466714622415,25.0083300457115
2014-07-22 12:00:00,2014,7,22,NA,14.5947438897282,29.6371711032083
2014-07-23 12:00:00,2014,7,23,NA,13.9254655462087,25.3376534647252
2014-07-24 12:00:00,2014,7,24,NA,11.7455851204337,23.0444853233148
2014-07-25 12:00:00,2014,7,25,NA,15.9043384108027,21.1658502606824
2014-07-26 12:00:00,2014,7,26,NA,14.8675467373708,26.0204417487139
2014-07-27 12:00:00,2014,7,27,NA,11.6986429716609,23.2994156218935
2014-07-28 12:00:00,2014,7,28,NA,13.4931847319096,21.1790847256803
2014-07-29 12:00:00,2014,7,29,NA,12.6934321288824,19.5361491699793
2014-07-30 12:00:00,2014,7,30,NA,9.37339486171323,21.5521277889323
2014-07-31 12:00:00,2014,7,31,NA,8.3627511262719,20.0773798208794
2014-08-01 12:00:00,2014,8,1,NA,11.7273930328348,17.6022236033543
2014-08-02 12:00:00,2014,8,2,NA,13.1715421828063,19.7455071652704
2014-08-03 12:00:00,2014,8,3,NA,13.3060011403442,18.8096862119653
2014-08-04 12:00:00,2014,8,4,NA,14.9022075403969,21.4040243059799
2014-08-05 12:00:00,2014,8,5,NA,10.5218022370254,21.3608253997672
2014-08-06 12:00:00,2014,8,6,NA,11.202521727574,21.9681012825435
2014-08-07 12:00:00,2014,8,7,NA,11.3609288265903,24.93613107356
2014-08-08 12:00:00,2014,8,8,NA,8.66800293380764,21.7224070542926
2014-08-09 12:00:00,2014,8,9,NA,9.5950097227133,19.4132800317503
2014-08-10 12:00:00,2014,8,10,NA,9.55169454171229,19.2490406046978
2014-08-11 12:00:00,2014,8,11,NA,13.6036320622641,20.2274536895792
2014-08-12 12:00:00,2014,8,12,NA,8.04472742888847,22.1862760947141
2014-08-13 12:00:00,2014,8,13,NA,10.4471028261991,23.3816534779543
2014-08-14 12:00:00,2014,8,14,NA,14.4208105796499,22.5334389746521
2014-08-15 12:00:00,2014,8,15,NA,14.4472234369347,23.4235154939259
2014-08-16 12:00:00,2014,8,16,NA,9.47344135598558,25.407049542512
2014-08-17 12:00:00,2014,8,17,NA,14.3501187749325,27.2113984172814
2014-08-18 12:00:00,2014,8,18,NA,11.7796093974897,26.2783176550797
2014-08-19 12:00:00,2014,8,19,NA,16.2783849828878,22.1607036699851
2014-08-20 12:00:00,2014,8,20,NA,16.0371670634018,22.3270980089595
2014-08-21 12:00:00,2014,8,21,NA,14.9204546233949,23.0033467415795
2014-08-22 12:00:00,2014,8,22,NA,13.1025617188589,18.8078131467912
2014-08-23 12:00:00,2014,8,23,NA,11.2868129007466,20.3873299542594
2014-08-24 12:00:00,2014,8,24,NA,11.0845985757934,23.0872921598211
2014-08-25 12:00:00,2014,8,25,NA,9.81811777728951,15.2072670685695
2014-08-26 12:00:00,2014,8,26,NA,5.84928480152211,17.2183107995246
2014-08-27 12:00:00,2014,8,27,NA,4.95717991030405,20.2038066036392
2014-08-28 12:00:00,2014,8,28,NA,8.01915149450552,16.085873337018
2014-08-29 12:00:00,2014,8,29,NA,9.50410860335185,16.0059253689349
2014-08-30 12:00:00,2014,8,30,NA,10.8022291245843,20.6204994336212
2014-08-31 12:00:00,2014,8,31,NA,12.3319602154016,21.376858596689
2014-09-01 12:00:00,2014,9,1,NA,10.4529053617443,27.7902886490913
2014-09-02 12:00:00,2014,9,2,NA,15.2641092962902,27.8602225480482
2014-09-03 12:00:00,2014,9,3,NA,14.0960343779456,28.0247201674666
2014-09-04 12:00:00,2014,9,4,NA,13.3895398294852,20.0433874345613
2014-09-05 12:00:00,2014,9,5,NA,8.70437102556665,17.8136616876045
2014-09-06 12:00:00,2014,9,6,NA,9.33185128921924,15.9851625849137
2014-09-07 12:00:00,2014,9,7,NA,8.0150258777723,23.0360763015993
2014-09-08 12:00:00,2014,9,8,NA,14.364125805182,26.0413180362738
2014-09-09 12:00:00,2014,9,9,NA,9.12545669466339,27.5493053285324
2014-09-10 12:00:00,2014,9,10,NA,9.75027823432433,23.0389549045994
2014-09-11 12:00:00,2014,9,11,NA,10.3989004205427,19.0756846174115
2014-09-12 12:00:00,2014,9,12,NA,11.5766724222645,21.7365470061326
2014-09-13 12:00:00,2014,9,13,NA,10.9770682283493,17.8967780422805
2014-09-14 12:00:00,2014,9,14,NA,10.643305618349,17.7864356173535
2014-09-15 12:00:00,2014,9,15,NA,11.1228169886883,16.7704564396301
2014-09-16 12:00:00,2014,9,16,NA,6.77629759106928,20.8037524495826
2014-09-17 12:00:00,2014,9,17,NA,15.1542807591823,23.9934793231823
2014-09-18 12:00:00,2014,9,18,NA,16.4327010519552,26.1723030545319
2014-09-19 12:00:00,2014,9,19,NA,16.8983440041295,19.7342393896993
2014-09-20 12:00:00,2014,9,20,NA,15.130295749695,17.8335558605178
2014-09-21 12:00:00,2014,9,21,NA,13.0179639037008,17.6339921764416
2014-09-22 12:00:00,2014,9,22,NA,13.3525549002208,22.4150979384962
2014-09-23 12:00:00,2014,9,23,NA,12.3585737862987,17.683694848335
2014-09-24 12:00:00,2014,9,24,NA,9.65319728491311,17.0777252027876
2014-09-25 12:00:00,2014,9,25,NA,7.57213020032248,18.6223809466185
2014-09-26 12:00:00,2014,9,26,NA,5.86529674302128,18.3510802613648
2014-09-27 12:00:00,2014,9,27,NA,9.22270301633034,14.9803252652414
2014-09-28 12:00:00,2014,9,28,NA,3.66664261217157,17.6940974706849
2014-09-29 12:00:00,2014,9,29,NA,9.24276181531226,17.8414401646511
2014-09-30 12:00:00,2014,9,30,NA,8.54935901358559,16.1782594368543
2014-10-01 12:00:00,2014,10,1,NA,8.0608811452515,18.8411824055843
2014-10-02 12:00:00,2014,10,2,NA,10.2175049501976,22.324155722004
2014-10-03 12:00:00,2014,10,3,NA,8.67981664488948,21.6030075992422
2014-10-04 12:00:00,2014,10,4,NA,7.91784431539395,24.2011189449481
2014-10-05 12:00:00,2014,10,5,NA,15.0486488815489,23.6796827340383
2014-10-06 12:00:00,2014,10,6,NA,12.1028781922075,19.6346494268799
2014-10-07 12:00:00,2014,10,7,NA,11.7542950215333,22.1873385417038
2014-10-08 12:00:00,2014,10,8,NA,11.9242154992614,17.243883842175
2014-10-09 12:00:00,2014,10,9,NA,11.4539062780007,13.6100263263762
2014-10-10 12:00:00,2014,10,10,NA,13.7306312240509,18.2262686940531
2014-10-11 12:00:00,2014,10,11,NA,11.5790180378734,18.4685842855745
2014-10-12 12:00:00,2014,10,12,NA,8.73618326275184,18.4378299013255
2014-10-13 12:00:00,2014,10,13,NA,10.2318600931846,14.2342984555527
2014-10-14 12:00:00,2014,10,14,NA,11.83338099782,17.5724800708443
2014-10-15 12:00:00,2014,10,15,NA,5.55452637834042,20.7207228657946
2014-10-16 12:00:00,2014,10,16,NA,5.82213012981983,23.7577080297616
2014-10-17 12:00:00,2014,10,17,NA,6.49287270734795,16.111678027424
2014-10-18 12:00:00,2014,10,18,NA,0.883145214329091,13.8986694291724
2014-10-19 12:00:00,2014,10,19,NA,7.39988962167737,12.1549490540364
2014-10-20 12:00:00,2014,10,20,NA,5.87254762670087,11.9902000723022
2014-10-21 12:00:00,2014,10,21,NA,4.84371131426074,11.3212889536766
2014-10-22 12:00:00,2014,10,22,NA,3.63832641093492,11.8863275641331
2014-10-23 12:00:00,2014,10,23,NA,7.67186777526883,12.1575683065526
2014-10-24 12:00:00,2014,10,24,NA,5.40819084108674,10.1313167953285
2014-10-25 12:00:00,2014,10,25,NA,3.7734477404335,11.1920675447644
2014-10-26 12:00:00,2014,10,26,NA,6.07636766076221,15.0217611753751
2014-10-27 12:00:00,2014,10,27,NA,9.15868009120624,12.5693099848848
2014-10-28 12:00:00,2014,10,28,NA,7.58035673509881,11.3194818233643
2014-10-29 12:00:00,2014,10,29,NA,7.55301851769505,15.3853173103548
2014-10-30 12:00:00,2014,10,30,NA,7.26800629147277,10.5254939844169
2014-10-31 12:00:00,2014,10,31,NA,3.42664369161911,13.076443678158
2014-11-01 12:00:00,2014,11,1,NA,3.48216887051273,13.1494825836897
2014-11-02 12:00:00,2014,11,2,NA,3.36962377114255,12.6077355802746
2014-11-03 12:00:00,2014,11,3,NA,7.82372066779974,17.8714791157176
2014-11-04 12:00:00,2014,11,4,NA,7.23300978389723,15.6184535192127
2014-11-05 12:00:00,2014,11,5,NA,6.12035074382221,14.3435598951107
2014-11-06 12:00:00,2014,11,6,NA,6.96943058443143,12.5530795995879
2014-11-07 12:00:00,2014,11,7,NA,6.31698169375938,11.6333770282549
2014-11-08 12:00:00,2014,11,8,NA,8.08230142741004,15.6961356315851
2014-11-09 12:00:00,2014,11,9,NA,8.18031666089936,20.2078424375084
2014-11-10 12:00:00,2014,11,10,NA,12.5463405094772,20.4748588461889
2014-11-11 12:00:00,2014,11,11,NA,8.41233154043244,17.6343505860228
2014-11-12 12:00:00,2014,11,12,NA,10.565191514358,18.5926432996072
2014-11-13 12:00:00,2014,11,13,NA,7.54139590717983,17.7131569580958
2014-11-14 12:00:00,2014,11,14,NA,9.89439467896162,18.7764510667889
2014-11-15 12:00:00,2014,11,15,NA,8.85301379108927,20.6854461647278
2014-11-16 12:00:00,2014,11,16,NA,13.8614269566619,19.1665636703104
2014-11-17 12:00:00,2014,11,17,NA,12.1809882123365,15.9365028619285
2014-11-18 12:00:00,2014,11,18,NA,12.0096845898984,15.3020962498091
2014-11-19 12:00:00,2014,11,19,NA,9.77834079682886,19.1602836618561
2014-11-20 12:00:00,2014,11,20,NA,11.1173499262514,14.8728645758435
2014-11-21 12:00:00,2014,11,21,NA,11.5264540834229,15.4118004347292
2014-11-22 12:00:00,2014,11,22,NA,11.4879909637899,15.2115208027086
2014-11-23 12:00:00,2014,11,23,NA,9.35340073175038,19.5325214480008
2014-11-24 12:00:00,2014,11,24,NA,11.39252953667,18.1340883272567
2014-11-25 12:00:00,2014,11,25,NA,10.5459220308185,13.5529985692065
2014-11-26 12:00:00,2014,11,26,NA,0.112592324387031,9.33461136997737
2014-11-27 12:00:00,2014,11,27,NA,5.38736740508654,13.1520626404801
2014-11-28 12:00:00,2014,11,28,NA,4.783420929622,13.1688646649375
2014-11-29 12:00:00,2014,11,29,NA,7.43093070291131,9.96951253761758
2014-11-30 12:00:00,2014,11,30,NA,5.51428298061302,6.99217047438143
2014-12-01 12:00:00,2014,12,1,NA,-3.06182528858119,1.78048629879355
2014-12-02 12:00:00,2014,12,2,NA,-1.33526154585386,3.51245682594213
2014-12-03 12:00:00,2014,12,3,NA,0.0894188048349576,6.20211968479619
2014-12-04 12:00:00,2014,12,4,NA,4.49686292640112,9.19502468180255
2014-12-05 12:00:00,2014,12,5,NA,-0.101162649967507,3.83360332074619
2014-12-06 12:00:00,2014,12,6,NA,-2.08029433713604,4.38595075478806
2014-12-07 12:00:00,2014,12,7,NA,0.341739589362714,4.16610115510695
2014-12-08 12:00:00,2014,12,8,NA,0.935896259517419,4.89626663978131
2014-12-09 12:00:00,2014,12,9,NA,2.54831282432825,4.76588055395765
2014-12-10 12:00:00,2014,12,10,NA,-2.5169529340517,1.43525956991714
2014-12-11 12:00:00,2014,12,11,NA,-3.06588041215873,1.00687508057343
2014-12-12 12:00:00,2014,12,12,NA,-3.37965890370663,1.54317220833521
2014-12-13 12:00:00,2014,12,13,NA,-7.13334781851094,-0.211483158088011
2014-12-14 12:00:00,2014,12,14,NA,2.14528313329303,5.19639839157344
2014-12-15 12:00:00,2014,12,15,NA,5.1627720799831,6.18218131058852
2014-12-16 12:00:00,2014,12,16,NA,4.37838290020965,8.42752779632413
2014-12-17 12:00:00,2014,12,17,NA,3.15984724200322,8.58620824250022
2014-12-18 12:00:00,2014,12,18,NA,4.25526078308795,7.82107125659392
2014-12-19 12:00:00,2014,12,19,NA,7.2329081820551,11.8784906932594
2014-12-20 12:00:00,2014,12,20,NA,8.90553945566278,12.138599982922
2014-12-21 12:00:00,2014,12,21,NA,4.48692864332822,7.41512761215469
2014-12-22 12:00:00,2014,12,22,NA,5.44758157058669,10.4507698659957
2014-12-23 12:00:00,2014,12,23,NA,1.79238508163094,6.75731554688419
2014-12-24 12:00:00,2014,12,24,NA,-2.0081712583777,2.01349300252412
2014-12-25 12:00:00,2014,12,25,NA,-2.41331196285924,4.42500991151804
2014-12-26 12:00:00,2014,12,26,NA,-4.44533549645464,3.76667504454788
2014-12-27 12:00:00,2014,12,27,NA,-5.58580707018592,2.64254347127284
2014-12-28 12:00:00,2014,12,28,NA,-4.28678990992379,3.57570490426161
2014-12-29 12:00:00,2014,12,29,NA,0.106203458607814,4.66757842912989
2014-12-30 12:00:00,2014,12,30,NA,-4.15204157719868,4.03383815699138
2014-12-31 12:00:00,2014,12,31,NA,3.11790702387716,9.76936632995952
2015-01-01 12:00:00,2015,1,1,NA,-1.00402491516208,5.76747397555297
2015-01-02 12:00:00,2015,1,2,NA,-1.39259526390252,4.94438755032071
2015-01-03 12:00:00,2015,1,3,NA,-1.11436301430559,0.707148349509848
2015-01-04 12:00:00,2015,1,4,NA,-2.76767233851503,3.23593661528651
2015-01-05 12:00:00,2015,1,5,NA,-1.94739633846841,3.27705256711253
2015-01-06 12:00:00,2015,1,6,NA,-7.6772639629809,-0.23318791665157
2015-01-07 12:00:00,2015,1,7,NA,-1.00648134076988,3.47505227855472
2015-01-08 12:00:00,2015,1,8,NA,-3.65997779600814,2.79346838182781
2015-01-09 12:00:00,2015,1,9,NA,-7.17771219171841,0.638989902943963
2015-01-10 12:00:00,2015,1,10,NA,-3.09944774664275,3.50992938729184
2015-01-11 12:00:00,2015,1,11,NA,-1.2472810390371,3.65972600490046
2015-01-12 12:00:00,2015,1,12,NA,-1.79667900308485,1.17371273751786
2015-01-13 12:00:00,2015,1,13,NA,-2.60466704267033,-1.90365068644128
2015-01-14 12:00:00,2015,1,14,NA,-4.566346399186,0.171446130030994
2015-01-15 12:00:00,2015,1,15,NA,-5.92796826071404,-0.519751802270179
2015-01-16 12:00:00,2015,1,16,NA,-5.50411202956092,1.95155819111283
2015-01-17 12:00:00,2015,1,17,NA,-4.41508772834831,0.148640522222921
2015-01-18 12:00:00,2015,1,18,NA,-8.90441336691099,1.76754412084791
2015-01-19 12:00:00,2015,1,19,NA,-1.35760114511776,8.31186131169073
2015-01-20 12:00:00,2015,1,20,NA,-2.77102894054305,3.83834819339155
2015-01-21 12:00:00,2015,1,21,NA,-5.31245063360017,5.41823538165364
2015-01-22 12:00:00,2015,1,22,NA,3.10288345923333,6.18725651484221
2015-01-23 12:00:00,2015,1,23,NA,0.0658143515582398,2.02667524349663
2015-01-24 12:00:00,2015,1,24,NA,-1.31910426918226,1.82997563616503
2015-01-25 12:00:00,2015,1,25,NA,-0.38182348034883,1.62233627431818
2015-01-26 12:00:00,2015,1,26,NA,-7.4620721180747,-0.0469406933779171
2015-01-27 12:00:00,2015,1,27,NA,1.71387561418045,7.34352799786919
2015-01-28 12:00:00,2015,1,28,NA,2.01762955799607,8.05503652472967
2015-01-29 12:00:00,2015,1,29,NA,0.541612143183973,6.88031148542193
2015-01-30 12:00:00,2015,1,30,NA,-3.75930349095215,5.85312193816293
2015-01-31 12:00:00,2015,1,31,NA,-2.45632400538175,4.08810630151543
2015-02-01 12:00:00,2015,2,1,NA,-3.1750314834871,6.89164205736852
2015-02-02 12:00:00,2015,2,2,NA,-0.273335862096541,5.18451162780705
2015-02-03 12:00:00,2015,2,3,NA,-1.55259448819422,2.39978456656082
2015-02-04 12:00:00,2015,2,4,NA,-4.35792996112563,3.2263838972016
2015-02-05 12:00:00,2015,2,5,NA,1.07348015272863,5.29351793356885
2015-02-06 12:00:00,2015,2,6,NA,-2.80500484021332,2.62250686127951
2015-02-07 12:00:00,2015,2,7,NA,1.44384441383667,3.32713740240232
2015-02-08 12:00:00,2015,2,8,NA,-3.93979663475553,3.30650212552726
2015-02-09 12:00:00,2015,2,9,NA,-0.398514863393437,4.43272245137429
2015-02-10 12:00:00,2015,2,10,NA,-3.25771594089216,2.02843537277593
2015-02-11 12:00:00,2015,2,11,NA,-4.32761009847366,-1.17179365910073
2015-02-12 12:00:00,2015,2,12,NA,-8.69230406059937,-4.02153188419942
2015-02-13 12:00:00,2015,2,13,NA,-8.8966787946102,-1.38072858000952
2015-02-14 12:00:00,2015,2,14,NA,-10.3916503498824,1.85031964609447
2015-02-15 12:00:00,2015,2,15,NA,-6.07815481130041,0.594526458093867
2015-02-16 12:00:00,2015,2,16,NA,1.96454977343751,9.54886363176475
2015-02-17 12:00:00,2015,2,17,NA,7.37093513981833,13.2006797920151
2015-02-18 12:00:00,2015,2,18,NA,3.73981391584631,14.2799108447143
2015-02-19 12:00:00,2015,2,19,NA,5.14629091485539,11.6904581287113
2015-02-20 12:00:00,2015,2,20,NA,10.9519312735207,14.0103067203605
2015-02-21 12:00:00,2015,2,21,NA,11.1941895706946,12.0037946650126
2015-02-22 12:00:00,2015,2,22,NA,8.16021190866033,10.5840770642919
2015-02-23 12:00:00,2015,2,23,NA,5.75931451686596,9.00597910869022
2015-02-24 12:00:00,2015,2,24,NA,5.04994998048012,12.5656544370116
2015-02-25 12:00:00,2015,2,25,NA,-0.0548005760189221,5.75266656266403
2015-02-26 12:00:00,2015,2,26,NA,4.26324181959546,10.9950543282929
2015-02-27 12:00:00,2015,2,27,NA,2.92475455381405,14.3052469100973
2015-02-28 12:00:00,2015,2,28,NA,6.64270745249824,16.216981209208
2015-03-01 12:00:00,2015,3,1,NA,3.12137503583386,8.90609872318775
2015-03-02 12:00:00,2015,3,2,NA,3.50194231896258,11.4971923017374
2015-03-03 12:00:00,2015,3,3,NA,4.68615469363645,14.0428735150253
2015-03-04 12:00:00,2015,3,4,NA,5.30614891586385,12.2083276081129
2015-03-05 12:00:00,2015,3,5,NA,9.64169051909381,15.6700487063513
2015-03-06 12:00:00,2015,3,6,NA,6.8823827449132,12.5107820944934
2015-03-07 12:00:00,2015,3,7,NA,6.13575907575706,13.4910903953528
2015-03-08 12:00:00,2015,3,8,NA,3.65868473961765,13.1203575759529
2015-03-09 12:00:00,2015,3,9,NA,2.39150796149609,15.3992493525894
2015-03-10 12:00:00,2015,3,10,NA,3.29941514163343,15.6106037732284
2015-03-11 12:00:00,2015,3,11,NA,2.54704242096273,14.3875252509035
2015-03-12 12:00:00,2015,3,12,NA,2.20534608608027,11.286047205815
2015-03-13 12:00:00,2015,3,13,NA,1.4598017625692,15.1681392367451
2015-03-14 12:00:00,2015,3,14,NA,2.42454166360661,13.1290272434437
2015-03-15 12:00:00,2015,3,15,NA,4.01980559041869,17.2656186351648
2015-03-16 12:00:00,2015,3,16,NA,5.67812628093774,17.1553561868929
2015-03-17 12:00:00,2015,3,17,NA,7.65760182947043,16.0766119000103
2015-03-18 12:00:00,2015,3,18,NA,5.23315387109329,15.6681334383592
2015-03-19 12:00:00,2015,3,19,NA,4.52287841267283,12.5574802068931
2015-03-20 12:00:00,2015,3,20,NA,4.94347589442176,16.420705800377
2015-03-21 12:00:00,2015,3,21,NA,6.6623675574574,15.1595978303051
2015-03-22 12:00:00,2015,3,22,NA,7.44196017298305,20.1760843980471
2015-03-23 12:00:00,2015,3,23,NA,7.91677741687846,18.2042637079897
2015-03-24 12:00:00,2015,3,24,NA,4.08475522877582,14.9642436634478
2015-03-25 12:00:00,2015,3,25,NA,-0.626051392631625,11.681313886055
2015-03-26 12:00:00,2015,3,26,NA,-4.10781648921454,12.0599051168845
2015-03-27 12:00:00,2015,3,27,NA,-0.614998450942689,11.7488740935196
2015-03-28 12:00:00,2015,3,28,NA,2.76467735064883,14.1852851077228
2015-03-29 12:00:00,2015,3,29,NA,0.272636424773102,19.85554585398
2015-03-30 12:00:00,2015,3,30,NA,8.25660167464448,22.7232276791307
2015-03-31 12:00:00,2015,3,31,NA,11.3162339262731,16.4309752780358
2015-04-01 12:00:00,2015,4,1,NA,7.2213033932839,11.3970763037772
2015-04-02 12:00:00,2015,4,2,NA,3.11336388774525,12.8751849676171
2015-04-03 12:00:00,2015,4,3,NA,2.90326238116473,22.4725754901348
2015-04-04 12:00:00,2015,4,4,NA,2.68927651740815,19.9031187521814
2015-04-05 12:00:00,2015,4,5,NA,2.02672699438181,12.6521815703237
2015-04-06 12:00:00,2015,4,6,NA,4.5462118345828,13.0131535227422
2015-04-07 12:00:00,2015,4,7,NA,0.0196276279183287,16.5470497183005
2015-04-08 12:00:00,2015,4,8,NA,3.73889695604989,11.4453302843087
2015-04-09 12:00:00,2015,4,9,NA,2.33142400900927,10.7814959846899
2015-04-10 12:00:00,2015,4,10,NA,-2.97723564104754,11.780297114937
2015-04-11 12:00:00,2015,4,11,NA,-2.48268154979185,12.3359258917783
2015-04-12 12:00:00,2015,4,12,NA,0.690664625784614,7.65311069533076
2015-04-13 12:00:00,2015,4,13,NA,4.65072213676002,9.72703367200752
2015-04-14 12:00:00,2015,4,14,NA,3.57809765263421,6.28340659386103
2015-04-15 12:00:00,2015,4,15,NA,1.00026636940682,8.25495913726691
2015-04-16 12:00:00,2015,4,16,NA,0.458750877701821,9.71402326963846
2015-04-17 12:00:00,2015,4,17,NA,2.45486569035752,11.673680924201
2015-04-18 12:00:00,2015,4,18,NA,-0.358554163714939,13.8941672395357
2015-04-19 12:00:00,2015,4,19,NA,-1.5282033180583,15.4395603914213
2015-04-20 12:00:00,2015,4,20,NA,-6.05520586659171,13.5150204341316
2015-04-21 12:00:00,2015,4,21,NA,-2.26121114503244,13.9608287113528
2015-04-22 12:00:00,2015,4,22,NA,-4.01757646484518,14.0744123439045
2015-04-23 12:00:00,2015,4,23,NA,-0.946446956097548,13.729740728225
2015-04-24 12:00:00,2015,4,24,NA,1.04000502093337,17.1138595238539
2015-04-25 12:00:00,2015,4,25,NA,4.08625290947653,10.1863727581311
2015-04-26 12:00:00,2015,4,26,NA,-0.0647965207228101,9.43444653567519
2015-04-27 12:00:00,2015,4,27,NA,-5.0139699532395,14.8254590277216
2015-04-28 12:00:00,2015,4,28,NA,-2.49012696259476,16.4413655193715
2015-04-29 12:00:00,2015,4,29,NA,4.84555693137102,12.0951671995395
2015-04-30 12:00:00,2015,4,30,NA,0.932718424376244,15.6089061086988
2015-05-01 12:00:00,2015,5,1,NA,1.30308087983544,20.4333543524923
2015-05-02 12:00:00,2015,5,2,NA,1.55703047701718,15.8097518802678
2015-05-03 12:00:00,2015,5,3,NA,8.24622683988983,14.1755412772599
2015-05-04 12:00:00,2015,5,4,NA,2.79342746694626,19.4430382901054
2015-05-05 12:00:00,2015,5,5,NA,3.3577282211733,20.0875135411116
2015-05-06 12:00:00,2015,5,6,NA,6.12222102980049,21.9839374694337
2015-05-07 12:00:00,2015,5,7,NA,12.0898381971152,22.7864729864852
2015-05-08 12:00:00,2015,5,8,NA,12.6301575355983,24.3911807980409
2015-05-09 12:00:00,2015,5,9,NA,14.2315792438052,22.447959020092
2015-05-10 12:00:00,2015,5,10,NA,13.6871630586316,23.0915884633071
2015-05-11 12:00:00,2015,5,11,NA,2.28592318589585,16.9924407219382
2015-05-12 12:00:00,2015,5,12,NA,3.96042475796978,20.5235049497988
2015-05-13 12:00:00,2015,5,13,NA,9.59554509157665,16.455116879308
2015-05-14 12:00:00,2015,5,14,NA,12.3331642603322,16.2591691721324
2015-05-15 12:00:00,2015,5,15,NA,8.9645443991325,12.8882896582253
2015-05-16 12:00:00,2015,5,16,NA,7.40142883665635,17.9113200860168
2015-05-17 12:00:00,2015,5,17,NA,7.93336623294877,20.2674934210515
2015-05-18 12:00:00,2015,5,18,NA,7.44071422114328,24.9393966322582
2015-05-19 12:00:00,2015,5,19,NA,9.82277521310807,20.485418185599
2015-05-20 12:00:00,2015,5,20,NA,9.43719460825998,19.0292544961905
2015-05-21 12:00:00,2015,5,21,NA,6.63416181560854,17.2880330141435
2015-05-22 12:00:00,2015,5,22,NA,11.8893040076143,17.0648293591778
2015-05-23 12:00:00,2015,5,23,NA,5.91486518572207,21.4727821803183
2015-05-24 12:00:00,2015,5,24,NA,6.94481937200532,22.4825406091841
2015-05-25 12:00:00,2015,5,25,NA,10.9351587293765,24.2422857172044
2015-05-26 12:00:00,2015,5,26,NA,8.82286755757307,22.577442032201
2015-05-27 12:00:00,2015,5,27,NA,7.40999910015671,20.3023848058693
2015-05-28 12:00:00,2015,5,28,NA,12.8969989800543,20.7278008211996
2015-05-29 12:00:00,2015,5,29,NA,7.44054800576486,22.9984650003611
2015-05-30 12:00:00,2015,5,30,NA,7.41731019214401,21.1233873047941
2015-05-31 12:00:00,2015,5,31,NA,5.23497881738345,22.0068915820648
2015-06-01 12:00:00,2015,6,1,NA,13.669199294178,17.5484686329416
2015-06-02 12:00:00,2015,6,2,NA,11.5255722960384,17.398782435726
2015-06-03 12:00:00,2015,6,3,NA,9.1242032278866,16.5177674984864
2015-06-04 12:00:00,2015,6,4,NA,9.73793871841692,18.8615318045591
2015-06-05 12:00:00,2015,6,5,NA,5.73879188429524,20.6878603325622
2015-06-06 12:00:00,2015,6,6,NA,12.0022500858427,22.1515463944662
2015-06-07 12:00:00,2015,6,7,NA,5.12552334581926,24.7037757809637
2015-06-08 12:00:00,2015,6,8,NA,8.02443518099815,26.0509561689762
2015-06-09 12:00:00,2015,6,9,NA,8.03465315920354,21.46101574471
2015-06-10 12:00:00,2015,6,10,NA,10.2062406971031,16.7468391058345
2015-06-11 12:00:00,2015,6,11,NA,8.17478818560917,20.3595452694316
2015-06-12 12:00:00,2015,6,12,NA,14.0334296831751,19.1670348461685
2015-06-13 12:00:00,2015,6,13,NA,8.53418571807354,24.0162654933319
2015-06-14 12:00:00,2015,6,14,NA,12.9917911414805,25.3131000880031
2015-06-15 12:00:00,2015,6,15,NA,13.0048702140108,28.610646852776
2015-06-16 12:00:00,2015,6,16,NA,6.98577597390124,24.4840766752067
2015-06-17 12:00:00,2015,6,17,NA,11.4266105315283,30.0170605701825
2015-06-18 12:00:00,2015,6,18,NA,15.5704128440266,33.536587492659
2015-06-19 12:00:00,2015,6,19,NA,14.6607485656595,25.8492527230135
2015-06-20 12:00:00,2015,6,20,NA,14.621226919736,21.6941184502818
2015-06-21 12:00:00,2015,6,21,NA,10.6645092645573,22.0195705750502
2015-06-22 12:00:00,2015,6,22,NA,7.1717205157985,21.8079981386875
2015-06-23 12:00:00,2015,6,23,NA,7.62544992953687,22.8902056125892
2015-06-24 12:00:00,2015,6,24,NA,11.6232430731296,17.0773485220121
2015-06-25 12:00:00,2015,6,25,NA,8.39623634445504,19.9354244900832
2015-06-26 12:00:00,2015,6,26,NA,13.3137690518118,18.4473742148052
2015-06-27 12:00:00,2015,6,27,NA,14.4846150952707,18.2661006993444
2015-06-28 12:00:00,2015,6,28,NA,10.3834817960022,20.6162182612847
2015-06-29 12:00:00,2015,6,29,NA,10.4606540319692,20.279586137206
2015-06-30 12:00:00,2015,6,30,NA,9.80236799267333,25.3007696337906
2015-07-01 12:00:00,2015,7,1,NA,11.6341505241305,26.7620494435618
2015-07-02 12:00:00,2015,7,2,NA,16.7484500738479,24.1420143444477
2015-07-03 12:00:00,2015,7,3,NA,22.9077035626997,27.7030020659611
2015-07-04 12:00:00,2015,7,4,NA,19.9908740271746,26.8335910682716
2015-07-05 12:00:00,2015,7,5,NA,20.8953623537318,28.6111196326274
2015-07-06 12:00:00,2015,7,6,NA,19.736712444144,27.6969246927893
2015-07-07 12:00:00,2015,7,7,NA,18.7228942582753,30.5425821128235
2015-07-08 12:00:00,2015,7,8,NA,13.1343615838523,26.548329225615
2015-07-09 12:00:00,2015,7,9,NA,13.2763281735948,24.5870760180748
2015-07-10 12:00:00,2015,7,10,NA,16.6924231261816,28.9569918066575
2015-07-11 12:00:00,2015,7,11,NA,20.1948228945032,25.06268088388
2015-07-12 12:00:00,2015,7,12,NA,19.0373791021875,26.1633236114097
2015-07-13 12:00:00,2015,7,13,NA,13.4040666219903,24.6676238132626
2015-07-14 12:00:00,2015,7,14,NA,14.4042462635196,24.9492130169261
2015-07-15 12:00:00,2015,7,15,NA,11.4090503899014,23.5965923361369
2015-07-16 12:00:00,2015,7,16,NA,16.9479529629416,27.553241879931
2015-07-17 12:00:00,2015,7,17,NA,17.3537997736834,24.061535380981
2015-07-18 12:00:00,2015,7,18,NA,22.1939433221234,26.0508819050278
2015-07-19 12:00:00,2015,7,19,NA,17.2452297160137,26.5668864301466
2015-07-20 12:00:00,2015,7,20,NA,12.2147830407583,23.7313782742125
2015-07-21 12:00:00,2015,7,21,NA,7.92222044056396,26.2295567645089
2015-07-22 12:00:00,2015,7,22,NA,13.6980217849684,22.6953548726494
2015-07-23 12:00:00,2015,7,23,NA,12.2458471305988,21.8528185417966
2015-07-24 12:00:00,2015,7,24,NA,9.98510095761575,22.1726429038512
2015-07-25 12:00:00,2015,7,25,NA,11.1958892631501,27.9090453037111
2015-07-26 12:00:00,2015,7,26,NA,14.0050248438472,31.0305301993001
2015-07-27 12:00:00,2015,7,27,NA,17.4702491580648,27.0641143754486
2015-07-28 12:00:00,2015,7,28,NA,13.9192809427554,26.1838496232313
2015-07-29 12:00:00,2015,7,29,NA,17.5015044006728,29.2290745563614
2015-07-30 12:00:00,2015,7,30,NA,16.1025302518218,31.4899932187324
2015-07-31 12:00:00,2015,7,31,NA,20.1566544683314,31.6732497017855
2015-08-01 12:00:00,2015,8,1,NA,20.7101599669915,30.7573015017338
2015-08-02 12:00:00,2015,8,2,NA,24.966866104374,29.9135621439973
2015-08-03 12:00:00,2015,8,3,NA,15.4527873852574,25.5138816031122
2015-08-04 12:00:00,2015,8,4,NA,15.4887274512219,30.27539358346
2015-08-05 12:00:00,2015,8,5,NA,11.1050491095701,26.5521373173312
2015-08-06 12:00:00,2015,8,6,NA,10.6166822991567,26.1242924315072
2015-08-07 12:00:00,2015,8,7,NA,14.6469753611006,24.7961232662789
2015-08-08 12:00:00,2015,8,8,NA,13.3737111356264,27.2897068142904
2015-08-09 12:00:00,2015,8,9,NA,15.3373027698463,30.6729731610225
2015-08-10 12:00:00,2015,8,10,NA,20.856963412422,30.7399400844629
2015-08-11 12:00:00,2015,8,11,NA,19.8338597886847,27.7605086857296
2015-08-12 12:00:00,2015,8,12,NA,16.9647007311333,29.2581986708554
2015-08-13 12:00:00,2015,8,13,NA,19.5562902461089,24.6868079245715
2015-08-14 12:00:00,2015,8,14,NA,18.1035926489371,20.8793700709706
2015-08-15 12:00:00,2015,8,15,NA,15.1949325849555,21.8187542122706
2015-08-16 12:00:00,2015,8,16,NA,12.6916953705206,24.3677601753372
2015-08-17 12:00:00,2015,8,17,NA,12.2712782778704,22.1574500546877
2015-08-18 12:00:00,2015,8,18,NA,11.4554969442105,26.9286846967182
2015-08-19 12:00:00,2015,8,19,NA,11.6093195716602,28.3531089843668
2015-08-20 12:00:00,2015,8,20,NA,15.0700541262057,24.8744818011048
2015-08-21 12:00:00,2015,8,21,NA,10.0509210124953,25.7338620891123
2015-08-22 12:00:00,2015,8,22,NA,9.89216028943031,22.9465644099152
2015-08-23 12:00:00,2015,8,23,NA,11.2105078659158,22.9466796079972
2015-08-24 12:00:00,2015,8,24,NA,16.1191530675383,22.6209698331214
2015-08-25 12:00:00,2015,8,25,NA,15.8005589720259,25.6188292810629
2015-08-26 12:00:00,2015,8,26,NA,14.8318637004738,22.4904765164786
2015-08-27 12:00:00,2015,8,27,NA,16.3966987837428,20.2761982122938
2015-08-28 12:00:00,2015,8,28,NA,13.7169258706683,23.619804332636
2015-08-29 12:00:00,2015,8,29,NA,11.7622092737433,24.5762906394499
2015-08-30 12:00:00,2015,8,30,NA,9.41260444351661,23.5830948067007
2015-08-31 12:00:00,2015,8,31,NA,14.9869284033649,23.736789337285
2015-09-01 12:00:00,2015,9,1,NA,12.20688865601,22.0803098044904
2015-09-02 12:00:00,2015,9,2,NA,12.5167592634484,27.0990472186812
2015-09-03 12:00:00,2015,9,3,NA,14.1023951841907,28.129850042704
2015-09-04 12:00:00,2015,9,4,NA,12.6213537532926,21.7600282758166
2015-09-05 12:00:00,2015,9,5,NA,14.7309401205318,20.5215790833191
2015-09-06 12:00:00,2015,9,6,NA,17.6458812132365,21.1899125648428
2015-09-07 12:00:00,2015,9,7,NA,16.5489715030738,28.065847821587
2015-09-08 12:00:00,2015,9,8,NA,15.9018855684348,29.1165732464214
2015-09-09 12:00:00,2015,9,9,NA,15.412092954034,26.400545422169
2015-09-10 12:00:00,2015,9,10,NA,10.4740022152638,27.0711909998151
2015-09-11 12:00:00,2015,9,11,NA,17.7697244279024,22.5771817234619
2015-09-12 12:00:00,2015,9,12,NA,13.7403344518569,27.2128611616603
2015-09-13 12:00:00,2015,9,13,NA,18.2188488337978,31.5429152992961
2015-09-14 12:00:00,2015,9,14,NA,18.6192260364745,25.4067915015099
2015-09-15 12:00:00,2015,9,15,NA,16.9169809284603,22.7009107327268
2015-09-16 12:00:00,2015,9,16,NA,17.1985495750063,23.8519903722716
2015-09-17 12:00:00,2015,9,17,NA,12.1875095278158,18.4232245034598
2015-09-18 12:00:00,2015,9,18,NA,9.43549694468119,17.8090244082352
2015-09-19 12:00:00,2015,9,19,NA,7.87637025210216,20.6952688959384
2015-09-20 12:00:00,2015,9,20,NA,5.66476864072145,20.1451131368623
2015-09-21 12:00:00,2015,9,21,NA,6.78701113250275,22.8690920595582
2015-09-22 12:00:00,2015,9,22,NA,9.17697022967426,23.9110853165017
2015-09-23 12:00:00,2015,9,23,NA,9.69355040032117,24.2534708356607
2015-09-24 12:00:00,2015,9,24,NA,7.5483994630544,18.7205193508108
2015-09-25 12:00:00,2015,9,25,NA,7.14029580743405,18.0527879028054
2015-09-26 12:00:00,2015,9,26,NA,7.97208969435612,16.5335841339565
2015-09-27 12:00:00,2015,9,27,NA,11.1179174019696,20.9828869526293
2015-09-28 12:00:00,2015,9,28,NA,9.39330874778312,19.1281355278675
2015-09-29 12:00:00,2015,9,29,NA,11.9571066187464,23.9199825340725
2015-09-30 12:00:00,2015,9,30,NA,10.8375196037306,23.1635397636308
2015-10-01 12:00:00,2015,10,1,NA,16.2216575202259,22.0815157074198
2015-10-02 12:00:00,2015,10,2,NA,13.5118192208488,18.7740913929368
2015-10-03 12:00:00,2015,10,3,NA,10.9031289233802,16.0716149199138
2015-10-04 12:00:00,2015,10,4,NA,6.81205259470238,9.99968971940243
2015-10-05 12:00:00,2015,10,5,NA,7.3955956173452,9.26665998177586
2015-10-06 12:00:00,2015,10,6,NA,7.21984414966303,12.550028630315
2015-10-07 12:00:00,2015,10,7,NA,7.06577301665586,12.3855775276625
2015-10-08 12:00:00,2015,10,8,NA,8.43247551929285,13.8318034731832
2015-10-09 12:00:00,2015,10,9,NA,10.9129672199856,14.1280932879522
2015-10-10 12:00:00,2015,10,10,NA,6.9110265851584,12.2719422155879
2015-10-11 12:00:00,2015,10,11,NA,5.75162860864253,11.9929797125169
2015-10-12 12:00:00,2015,10,12,NA,5.86864236098373,18.7860338112732
2015-10-13 12:00:00,2015,10,13,NA,5.35955976525151,18.7161028271404
2015-10-14 12:00:00,2015,10,14,NA,7.4754319047392,23.6739403599764
2015-10-15 12:00:00,2015,10,15,NA,7.56451852724641,18.4212380460831
2015-10-16 12:00:00,2015,10,16,NA,6.31455900363972,17.4193655618186
2015-10-17 12:00:00,2015,10,17,NA,6.47381318167229,17.9038449388041
2015-10-18 12:00:00,2015,10,18,NA,4.76912475716548,13.3021471884659
2015-10-19 12:00:00,2015,10,19,NA,8.66626372610818,14.0790038596179
2015-10-20 12:00:00,2015,10,20,NA,8.93853427255158,16.2898504198709
2015-10-21 12:00:00,2015,10,21,NA,7.25851451797218,12.6291936735679
2015-10-22 12:00:00,2015,10,22,NA,6.59516349874496,14.9953271141127
2015-10-23 12:00:00,2015,10,23,NA,10.8551430802004,14.070269148167
2015-10-24 12:00:00,2015,10,24,NA,8.12649210156601,13.1741815056691
2015-10-25 12:00:00,2015,10,25,NA,4.84204231686699,12.0946440669071
2015-10-26 12:00:00,2015,10,26,NA,3.8226553280815,12.3998724357232
2015-10-27 12:00:00,2015,10,27,NA,6.59493851852011,14.356072696722
2015-10-28 12:00:00,2015,10,28,NA,5.01320986492685,13.6442437174163
2015-10-29 12:00:00,2015,10,29,NA,5.99773503958242,12.5358659668441
2015-10-30 12:00:00,2015,10,30,NA,8.02221391863738,15.7949377922403
2015-10-31 12:00:00,2015,10,31,NA,9.21055891480547,17.8132594563061
2015-11-01 12:00:00,2015,11,1,NA,9.63355140200471,16.1042479197315
2015-11-02 12:00:00,2015,11,2,NA,9.28331114273154,18.6713428825593
2015-11-03 12:00:00,2015,11,3,NA,6.16286942797733,15.8888415631812
2015-11-04 12:00:00,2015,11,4,NA,6.87842257767035,15.3445973427259
2015-11-05 12:00:00,2015,11,5,NA,6.72767485241473,10.4824538697054
2015-11-06 12:00:00,2015,11,6,NA,2.92158168616482,4.97817824199432
2015-11-07 12:00:00,2015,11,7,NA,7.01726350104794,9.45508238586936
2015-11-08 12:00:00,2015,11,8,NA,4.21261905656937,8.88666179635667
2015-11-09 12:00:00,2015,11,9,NA,2.42650228722838,11.6365697993135
2015-11-10 12:00:00,2015,11,10,NA,5.7160331022071,12.1962691589045
2015-11-11 12:00:00,2015,11,11,NA,7.03324312840936,12.6439884466796
2015-11-12 12:00:00,2015,11,12,NA,11.3297230071303,16.1144298819027
2015-11-13 12:00:00,2015,11,13,NA,13.2797844965175,17.0058616797103
2015-11-14 12:00:00,2015,11,14,NA,4.83700757884324,7.63870224403259
2015-11-15 12:00:00,2015,11,15,NA,5.90385162840376,8.76522573543017
2015-11-16 12:00:00,2015,11,16,NA,8.90520094821208,12.8573390632768
2015-11-17 12:00:00,2015,11,17,NA,5.00555997516628,10.4777487522038
2015-11-18 12:00:00,2015,11,18,NA,8.95064237517794,13.9851170631253
2015-11-19 12:00:00,2015,11,19,NA,8.99604678428215,16.7209587326763
2015-11-20 12:00:00,2015,11,20,NA,10.4250831460605,15.1335157729887
2015-11-21 12:00:00,2015,11,21,NA,10.3312792016292,13.1776694410383
2015-11-22 12:00:00,2015,11,22,NA,10.2559443457943,11.4068814501148
2015-11-23 12:00:00,2015,11,23,NA,7.69746424542241,11.6281806308229
2015-11-24 12:00:00,2015,11,24,NA,2.7191615841981,7.01011470873294
2015-11-25 12:00:00,2015,11,25,NA,1.64813925106983,6.36740927454388
2015-11-26 12:00:00,2015,11,26,NA,-1.1229923740762,5.48458046218059
2015-11-27 12:00:00,2015,11,27,NA,4.50341079250522,14.1878484685744
2015-11-28 12:00:00,2015,11,28,NA,7.23849454763387,14.963406496028
2015-11-29 12:00:00,2015,11,29,NA,5.96869584994321,10.6210614648757
2015-11-30 12:00:00,2015,11,30,NA,8.41577187082856,10.1672613383147
2015-12-01 12:00:00,2015,12,1,NA,6.99218146485103,14.6783772606196
2015-12-02 12:00:00,2015,12,2,NA,3.1684900039461,11.5313161972404
2015-12-03 12:00:00,2015,12,3,NA,8.39537587352123,13.4126592002815
2015-12-04 12:00:00,2015,12,4,NA,5.46029187678366,13.1261795468659
2015-12-05 12:00:00,2015,12,5,NA,7.06131498603468,12.0097053298797
2015-12-06 12:00:00,2015,12,6,NA,8.09618838933276,11.6004961848883
2015-12-07 12:00:00,2015,12,7,NA,4.56991516317227,7.87985660695809
2015-12-08 12:00:00,2015,12,8,NA,3.89283203285795,6.64763906797878
2015-12-09 12:00:00,2015,12,9,NA,4.04332778005318,6.000369736219
2015-12-10 12:00:00,2015,12,10,NA,0.317877193267524,4.3952419200184
2015-12-11 12:00:00,2015,12,11,NA,-2.08429896856483,2.52598449773092
2015-12-12 12:00:00,2015,12,12,NA,-0.837896535976925,4.25194683478455
2015-12-13 12:00:00,2015,12,13,NA,0.903745857044544,7.06185904741794
2015-12-14 12:00:00,2015,12,14,NA,0.231969103793802,4.25682350645944
2015-12-15 12:00:00,2015,12,15,NA,2.94687138976026,7.21883440871429
2015-12-16 12:00:00,2015,12,16,NA,3.66186495563221,8.22323992615429
2015-12-17 12:00:00,2015,12,17,NA,1.76641022639363,5.83223594211514
2015-12-18 12:00:00,2015,12,18,NA,-0.0603800650018815,8.31700858165353
2015-12-19 12:00:00,2015,12,19,NA,3.51276757742699,9.29635185425289
2015-12-20 12:00:00,2015,12,20,NA,2.83444164901434,9.94580314373085
2015-12-21 12:00:00,2015,12,21,NA,-5.98142313065702,3.29487194327892
2015-12-22 12:00:00,2015,12,22,NA,2.44600342523097,6.46498046497239
2015-12-23 12:00:00,2015,12,23,NA,3.80617578049711,9.88513843717261
2015-12-24 12:00:00,2015,12,24,NA,6.41865444178237,8.74270586605544
2015-12-25 12:00:00,2015,12,25,NA,4.9823920649468,8.8192418875052
2015-12-26 12:00:00,2015,12,26,NA,4.83551936556433,9.79634648607565
2015-12-27 12:00:00,2015,12,27,NA,8.41207382740953,11.9778843009155
2015-12-28 12:00:00,2015,12,28,NA,8.69313827788841,11.7847868052949
2015-12-29 12:00:00,2015,12,29,NA,4.54267248047081,9.63894418923561
2015-12-30 12:00:00,2015,12,30,NA,-0.188756875181898,5.92077250922729
2015-12-31 12:00:00,2015,12,31,NA,1.92655231087772,3.95013086153079
2016-01-01 12:00:00,2016,1,1,NA,3.91165794723842,6.12922567686781
2016-01-02 12:00:00,2016,1,2,NA,3.00228241634731,4.08370079669135
2016-01-03 12:00:00,2016,1,3,NA,1.33159560265011,7.13533112478719
2016-01-04 12:00:00,2016,1,4,NA,3.13290745762551,9.41679568046475
2016-01-05 12:00:00,2016,1,5,NA,4.80953726039933,9.15890056859962
2016-01-06 12:00:00,2016,1,6,NA,-0.562362672376581,10.1095948153823
2016-01-07 12:00:00,2016,1,7,NA,3.40231324062875,11.7257128980439
2016-01-08 12:00:00,2016,1,8,NA,7.65337254073038,15.6885758356186
2016-01-09 12:00:00,2016,1,9,NA,3.63537300834124,8.71082755707656
2016-01-10 12:00:00,2016,1,10,NA,2.28095532422548,7.35540037215722
2016-01-11 12:00:00,2016,1,11,NA,-0.35894688240123,3.61915576289302
2016-01-12 12:00:00,2016,1,12,NA,-3.54702411667993,1.78428860937333
2016-01-13 12:00:00,2016,1,13,NA,-1.32701421344432,4.64822213311896
2016-01-14 12:00:00,2016,1,14,NA,-8.06478174317614,1.35305035202185
2016-01-15 12:00:00,2016,1,15,NA,-10.2217713234786,-0.30409635238404
2016-01-16 12:00:00,2016,1,16,NA,-5.80559360332492,1.47406357380032
2016-01-17 12:00:00,2016,1,17,NA,-2.79178292842721,7.15234153003905
2016-01-18 12:00:00,2016,1,18,NA,-3.86089626425331,0.644072169047443
2016-01-19 12:00:00,2016,1,19,NA,-4.09112629508076,3.9501683188897
2016-01-20 12:00:00,2016,1,20,NA,-2.86190640566445,3.87904400421679
2016-01-21 12:00:00,2016,1,21,NA,2.96538787822513,8.1453979721533
2016-01-22 12:00:00,2016,1,22,NA,0.932591075522062,10.3584793044616
2016-01-23 12:00:00,2016,1,23,NA,4.69412613526094,11.7734882237066
2016-01-24 12:00:00,2016,1,24,NA,1.81723410478881,10.6974779182321
2016-01-25 12:00:00,2016,1,25,NA,-0.0367019802265602,7.49951048728506
2016-01-26 12:00:00,2016,1,26,NA,1.89455306304154,4.99360312572867
2016-01-27 12:00:00,2016,1,27,NA,-0.709701842048944,3.02845506053119
2016-01-28 12:00:00,2016,1,28,NA,0.558344504706793,3.55792071761009
2016-01-29 12:00:00,2016,1,29,NA,-2.37473447547549,4.73734551671978
2016-01-30 12:00:00,2016,1,30,NA,-3.10668689252298,7.62399912273084
2016-01-31 12:00:00,2016,1,31,NA,8.58097167746424,14.5253324574875
2016-02-01 12:00:00,2016,2,1,NA,9.05495508548877,11.8103319477844
2016-02-02 12:00:00,2016,2,2,NA,8.45574219838332,10.4830038321381
2016-02-03 12:00:00,2016,2,3,NA,4.66725344532982,8.1377272292126
2016-02-04 12:00:00,2016,2,4,NA,5.92152662013274,11.220672403384
2016-02-05 12:00:00,2016,2,5,NA,4.62174436806546,9.50812912048478
2016-02-06 12:00:00,2016,2,6,NA,4.85195067768617,10.9596367757298
2016-02-07 12:00:00,2016,2,7,NA,2.60873765316651,10.7598167272838
2016-02-08 12:00:00,2016,2,8,NA,2.94645127195891,14.5285761739685
2016-02-09 12:00:00,2016,2,9,NA,5.68785549398112,18.1763763710022
2016-02-10 12:00:00,2016,2,10,NA,8.6670470479588,16.9691130718601
2016-02-11 12:00:00,2016,2,11,NA,8.0711516511633,20.3138556375192
2016-02-12 12:00:00,2016,2,12,NA,9.1924984348721,18.1496058158629
2016-02-13 12:00:00,2016,2,13,NA,8.92118295852813,15.2315695382055
2016-02-14 12:00:00,2016,2,14,NA,4.86114773504905,12.3121447101596
2016-02-15 12:00:00,2016,2,15,NA,8.41113525621035,13.3489893564357
2016-02-16 12:00:00,2016,2,16,NA,7.4129209580331,12.1325225538335
2016-02-17 12:00:00,2016,2,17,NA,4.04102223486341,9.02322516552062
2016-02-18 12:00:00,2016,2,18,NA,6.17168989867955,12.2203062243952
2016-02-19 12:00:00,2016,2,19,NA,6.61634750271705,10.7685669693025
2016-02-20 12:00:00,2016,2,20,NA,9.19778187590028,14.1608176601106
2016-02-21 12:00:00,2016,2,21,NA,4.62135038558822,9.83896023606865
2016-02-22 12:00:00,2016,2,22,NA,7.27749875323166,10.7543368759131
2016-02-23 12:00:00,2016,2,23,NA,6.86311609870783,10.8103217258575
2016-02-24 12:00:00,2016,2,24,NA,4.98175436560295,9.03164586206115
2016-02-25 12:00:00,2016,2,25,NA,9.75063125078427,13.0554614062805
2016-02-26 12:00:00,2016,2,26,NA,7.91774107486058,11.88619687619
2016-02-27 12:00:00,2016,2,27,NA,5.94763311875151,12.4495187577582
2016-02-28 12:00:00,2016,2,28,NA,0.789980873036812,7.25257033322318
2016-02-29 12:00:00,2016,2,29,NA,4.45368491161606,9.73983622528414
2016-03-01 12:00:00,2016,3,1,NA,2.51120171834662,7.45210455774755
2016-03-02 12:00:00,2016,3,2,NA,1.13817141769924,7.74250869326299
2016-03-03 12:00:00,2016,3,3,NA,1.27634993193112,12.1291606554695
2016-03-04 12:00:00,2016,3,4,NA,-2.45261808078417,11.7323462884477
2016-03-05 12:00:00,2016,3,5,NA,2.1458383812487,8.33571965481647
2016-03-06 12:00:00,2016,3,6,NA,2.56747683341054,6.12453118740221
2016-03-07 12:00:00,2016,3,7,NA,1.05283429857178,7.8156047094032
2016-03-08 12:00:00,2016,3,8,NA,-3.22893167890985,3.0806212163077
2016-03-09 12:00:00,2016,3,9,NA,0.354662198569049,6.35601809746052
2016-03-10 12:00:00,2016,3,10,NA,-1.63523705783145,10.9065036109788
2016-03-11 12:00:00,2016,3,11,NA,-6.02944339602521,8.60163514934735
2016-03-12 12:00:00,2016,3,12,NA,3.61483634556821,9.14346881545056
2016-03-13 12:00:00,2016,3,13,NA,-1.35394123282806,12.5004758768766
2016-03-14 12:00:00,2016,3,14,NA,-0.00957412822115078,13.6987633459547
2016-03-15 12:00:00,2016,3,15,NA,2.12260985334245,9.15035353469897
2016-03-16 12:00:00,2016,3,16,NA,-6.53200477233291,9.75131526662485
2016-03-17 12:00:00,2016,3,17,NA,-1.78896417380064,7.54023931832729
2016-03-18 12:00:00,2016,3,18,NA,0.630762367752222,7.51891914894464
2016-03-19 12:00:00,2016,3,19,NA,-3.81476499948668,14.6275910295536
2016-03-20 12:00:00,2016,3,20,NA,-2.70372346415624,13.4639981419428
2016-03-21 12:00:00,2016,3,21,NA,4.9970424110155,17.5214423319316
2016-03-22 12:00:00,2016,3,22,NA,7.96622058420304,16.3634409174683
2016-03-23 12:00:00,2016,3,23,NA,3.68812487076378,21.0229291777709
2016-03-24 12:00:00,2016,3,24,NA,5.22639773140577,21.2098217926776
2016-03-25 12:00:00,2016,3,25,NA,6.22120076556202,18.955324990626
2016-03-26 12:00:00,2016,3,26,NA,7.77979811912214,13.3243410861448
2016-03-27 12:00:00,2016,3,27,NA,7.96886690055684,15.1074509701181
2016-03-28 12:00:00,2016,3,28,NA,7.78927747359221,13.343792618538
2016-03-29 12:00:00,2016,3,29,NA,4.9509359060908,12.4135551638807
2016-03-30 12:00:00,2016,3,30,NA,0.465061440642335,15.7360885714433
2016-03-31 12:00:00,2016,3,31,NA,1.99554516419211,9.51227209897265
2016-04-01 12:00:00,2016,4,1,NA,2.84051164344507,13.5449972232821
2016-04-02 12:00:00,2016,4,2,NA,2.06781913348722,13.2362566578171
2016-04-03 12:00:00,2016,4,3,NA,-0.937912596290376,16.3928229641278
2016-04-04 12:00:00,2016,4,4,NA,4.56188975072159,13.028831438881
2016-04-05 12:00:00,2016,4,5,NA,8.88180707540995,20.0878755483819
2016-04-06 12:00:00,2016,4,6,NA,6.48642943344678,19.9973983848344
2016-04-07 12:00:00,2016,4,7,NA,5.92788019078513,11.1944713981493
2016-04-08 12:00:00,2016,4,8,NA,4.05423712037195,9.50119340449605
2016-04-09 12:00:00,2016,4,9,NA,2.12356119227271,10.1055505538927
2016-04-10 12:00:00,2016,4,10,NA,2.90587798837852,11.3559499640592
2016-04-11 12:00:00,2016,4,11,NA,3.87888183281652,11.2871419664915
2016-04-12 12:00:00,2016,4,12,NA,2.3108844967425,11.1723207259071
2016-04-13 12:00:00,2016,4,13,NA,0.35426807680683,11.7887650015899
2016-04-14 12:00:00,2016,4,14,NA,0.2974182775991,18.5462898703775
2016-04-15 12:00:00,2016,4,15,NA,2.60480427904954,19.1087137313289
2016-04-16 12:00:00,2016,4,16,NA,6.60940889888731,17.1885843828095
2016-04-17 12:00:00,2016,4,17,NA,10.794842399514,22.2637885531195
2016-04-18 12:00:00,2016,4,18,NA,7.02886275551394,21.6755804145585
2016-04-19 12:00:00,2016,4,19,NA,9.40049564578988,19.5466104399722
2016-04-20 12:00:00,2016,4,20,NA,10.2047649162099,18.6400334058362
2016-04-21 12:00:00,2016,4,21,NA,6.73839664916408,17.3175721330863
2016-04-22 12:00:00,2016,4,22,NA,5.46759589152723,12.7321360858133
2016-04-23 12:00:00,2016,4,23,NA,1.91322776097807,13.088400011902
2016-04-24 12:00:00,2016,4,24,NA,-0.967948211060119,16.546818015716
2016-04-25 12:00:00,2016,4,25,NA,4.6438237269584,19.290541386003
2016-04-26 12:00:00,2016,4,26,NA,6.54440762698827,14.5788727189665
2016-04-27 12:00:00,2016,4,27,NA,3.64103056885331,15.6534562460913
2016-04-28 12:00:00,2016,4,28,NA,-2.81557339556585,8.39049507740612
2016-04-29 12:00:00,2016,4,29,NA,2.18062619890113,8.5159010454549
2016-04-30 12:00:00,2016,4,30,NA,-6.47933208534779,12.6930569947639
2016-05-01 12:00:00,2016,5,1,NA,1.63421672339063,11.1353727624411
2016-05-02 12:00:00,2016,5,2,NA,2.94243865350641,15.9172474582595
2016-05-03 12:00:00,2016,5,3,NA,1.50559958559638,18.3559362311865
2016-05-04 12:00:00,2016,5,4,NA,5.17668701750288,21.0405164977886
2016-05-05 12:00:00,2016,5,5,NA,7.60981153342643,12.7853368849899
2016-05-06 12:00:00,2016,5,6,NA,9.42064167082749,17.4025665408594
2016-05-07 12:00:00,2016,5,7,NA,11.0084109861099,21.879691959901
2016-05-08 12:00:00,2016,5,8,NA,12.3587683462767,20.8997231729992
2016-05-09 12:00:00,2016,5,9,NA,8.64043846174311,19.1392894341535
2016-05-10 12:00:00,2016,5,10,NA,10.218551471077,17.5956206503269
2016-05-11 12:00:00,2016,5,11,NA,10.4517885006437,17.5393877890817
2016-05-12 12:00:00,2016,5,12,NA,4.23032809291449,25.4529059634851
2016-05-13 12:00:00,2016,5,13,NA,9.72562066721051,22.3169603637248
2016-05-14 12:00:00,2016,5,14,NA,12.0830244519932,23.8440477144358
2016-05-15 12:00:00,2016,5,15,NA,10.7570377371169,28.3776360269698
2016-05-16 12:00:00,2016,5,16,NA,10.9572179016709,28.7221535674529
2016-05-17 12:00:00,2016,5,17,NA,13.619858076691,26.4702900733697
2016-05-18 12:00:00,2016,5,18,NA,13.4436344988695,26.0995413753848
2016-05-19 12:00:00,2016,5,19,NA,15.7751664435777,21.6459779029401
2016-05-20 12:00:00,2016,5,20,NA,13.2138471274988,26.0606624999712
2016-05-21 12:00:00,2016,5,21,NA,6.36279991483,11.2361921019654
2016-05-22 12:00:00,2016,5,22,NA,1.63613687241511,14.4829522448875
2016-05-23 12:00:00,2016,5,23,NA,2.38843918098366,15.8937935789904
2016-05-24 12:00:00,2016,5,24,NA,6.09216856755572,16.9702382191089
2016-05-25 12:00:00,2016,5,25,NA,3.18743923250963,18.7822757711448
2016-05-26 12:00:00,2016,5,26,NA,0.830503927463246,20.5424860026241
2016-05-27 12:00:00,2016,5,27,NA,0.891315316080117,20.1342693674154
2016-05-28 12:00:00,2016,5,28,NA,3.44634944418404,23.1453136066828
2016-05-29 12:00:00,2016,5,29,NA,5.99750281184973,23.0349007878233
2016-05-30 12:00:00,2016,5,30,NA,9.66807617228563,25.3857311971016
2016-05-31 12:00:00,2016,5,31,NA,7.44310803289185,21.2580954534198
2016-06-01 12:00:00,2016,6,1,NA,5.58998287180623,19.4824407274348
2016-06-02 12:00:00,2016,6,2,NA,10.0606276583905,20.0431583804035
2016-06-03 12:00:00,2016,6,3,NA,8.33295305163661,25.8648855274171
2016-06-04 12:00:00,2016,6,4,NA,8.29124416241206,25.8158800482575
2016-06-05 12:00:00,2016,6,5,NA,16.9908494263811,29.386033198243
2016-06-06 12:00:00,2016,6,6,NA,19.0619416824253,27.262555368093
2016-06-07 12:00:00,2016,6,7,NA,22.3625046007477,29.9670203542666
2016-06-08 12:00:00,2016,6,8,NA,15.3930617482222,27.4440999955658
2016-06-09 12:00:00,2016,6,9,NA,12.350973452426,27.7777627775542
2016-06-10 12:00:00,2016,6,10,NA,11.6873626341853,26.997134659562
2016-06-11 12:00:00,2016,6,11,NA,14.1300049504434,23.4279722341975
2016-06-12 12:00:00,2016,6,12,NA,10.8675741580628,23.253390341259
2016-06-13 12:00:00,2016,6,13,NA,9.81719169737519,22.8268584591625
2016-06-14 12:00:00,2016,6,14,NA,6.99493960830885,24.5195754941543
2016-06-15 12:00:00,2016,6,15,NA,7.5365949070245,27.3032943717082
2016-06-16 12:00:00,2016,6,16,NA,10.476681107029,25.3494844468881
2016-06-17 12:00:00,2016,6,17,NA,10.122949924353,25.201068396129
2016-06-18 12:00:00,2016,6,18,NA,21.6794516152113,33.0390605891572
2016-06-19 12:00:00,2016,6,19,NA,21.6926270150954,31.5115591203321
2016-06-20 12:00:00,2016,6,20,NA,17.1073178033491,31.5100257067938
2016-06-21 12:00:00,2016,6,21,NA,19.7519741513986,31.259520080575
2016-06-22 12:00:00,2016,6,22,NA,19.6364115503994,32.2918626313599
2016-06-23 12:00:00,2016,6,23,NA,21.4622093726181,25.2989264044645
2016-06-24 12:00:00,2016,6,24,NA,15.6593283377969,23.5708017957092
2016-06-25 12:00:00,2016,6,25,NA,18.0435269715847,24.1058975472777
2016-06-26 12:00:00,2016,6,26,NA,19.5874177585204,25.7789567909073
2016-06-27 12:00:00,2016,6,27,NA,16.862097488196,27.5245039212508
2016-06-28 12:00:00,2016,6,28,NA,15.7034739413935,27.0022248148262
2016-06-29 12:00:00,2016,6,29,NA,16.1144508274179,29.1228034481096
2016-06-30 12:00:00,2016,6,30,NA,15.1143338524922,25.2713797960287
2016-07-01 12:00:00,2016,7,1,NA,11.5857980188859,22.0183567303625
2016-07-02 12:00:00,2016,7,2,NA,10.792106944292,26.2713812726717
2016-07-03 12:00:00,2016,7,3,NA,16.4158435526563,30.5063693852064
2016-07-04 12:00:00,2016,7,4,NA,20.0479476492236,26.8290905989553
2016-07-05 12:00:00,2016,7,5,NA,18.4281930135845,32.4097551029238
2016-07-06 12:00:00,2016,7,6,NA,15.8743517826473,28.6462324861368
2016-07-07 12:00:00,2016,7,7,NA,12.4044168237333,25.0867601662229
2016-07-08 12:00:00,2016,7,8,NA,16.6666867125846,26.9042871379912
2016-07-09 12:00:00,2016,7,9,NA,11.8673502060931,29.2405236808408
2016-07-10 12:00:00,2016,7,10,NA,14.5135668250029,31.7096561154208
2016-07-11 12:00:00,2016,7,11,NA,14.0715564705152,30.9355576061065
2016-07-12 12:00:00,2016,7,12,NA,17.6450666083261,29.5121191964731
2016-07-13 12:00:00,2016,7,13,NA,17.8986473203933,24.9294220225403
2016-07-14 12:00:00,2016,7,14,NA,20.7721898765692,27.8029645787162
2016-07-15 12:00:00,2016,7,15,NA,19.2725756188995,27.3759059571035
2016-07-16 12:00:00,2016,7,16,NA,16.4866699974559,27.1232232729426
2016-07-17 12:00:00,2016,7,17,NA,16.87503402798,25.8275590315077
2016-07-18 12:00:00,2016,7,18,NA,19.4295664323952,29.036537843593
2016-07-19 12:00:00,2016,7,19,NA,17.3363272215214,29.5238691677568
2016-07-20 12:00:00,2016,7,20,NA,19.6945299900457,28.2278379297146
2016-07-21 12:00:00,2016,7,21,NA,17.8647384859069,29.3592398751727
2016-07-22 12:00:00,2016,7,22,NA,8.31124140611629,28.3801898050346
2016-07-23 12:00:00,2016,7,23,NA,14.660945877505,26.1554472667707
2016-07-24 12:00:00,2016,7,24,NA,17.0365371893726,32.0535855908197
2016-07-25 12:00:00,2016,7,25,NA,21.4276899592296,31.8779737563349
2016-07-26 12:00:00,2016,7,26,NA,19.3420140961076,32.3620403470551
2016-07-27 12:00:00,2016,7,27,NA,14.4110610254597,24.1564679515159
2016-07-28 12:00:00,2016,7,28,NA,11.0409264354048,25.726758778548
2016-07-29 12:00:00,2016,7,29,NA,13.5080327876659,23.4792932246385
2016-07-30 12:00:00,2016,7,30,NA,9.97187224043334,28.7702930301376
2016-07-31 12:00:00,2016,7,31,NA,13.8352985935992,28.8683910424343
2016-08-01 12:00:00,2016,8,1,NA,18.3051495689933,29.3632590280997
2016-08-02 12:00:00,2016,8,2,NA,17.4871481557817,31.6077205674801
2016-08-03 12:00:00,2016,8,3,NA,19.7541645533796,29.9933559369169
2016-08-04 12:00:00,2016,8,4,NA,19.4038407279286,30.684419701171
2016-08-05 12:00:00,2016,8,5,NA,20.1227665152263,29.1450736591211
2016-08-06 12:00:00,2016,8,6,NA,20.2947600732529,25.7864062608804
2016-08-07 12:00:00,2016,8,7,NA,17.6115134158286,27.1476946616045
2016-08-08 12:00:00,2016,8,8,NA,20.3705030719812,29.6833371326479
2016-08-09 12:00:00,2016,8,9,NA,18.1883743596022,24.480704532588
2016-08-10 12:00:00,2016,8,10,NA,15.2316454101666,23.3704861439216
2016-08-11 12:00:00,2016,8,11,NA,13.0604127926587,25.6384813218077
2016-08-12 12:00:00,2016,8,12,NA,15.7056035005296,27.3802919932166
2016-08-13 12:00:00,2016,8,13,NA,17.3489056158306,28.219161096105
2016-08-14 12:00:00,2016,8,14,NA,16.4010369517821,25.8475805148279
2016-08-15 12:00:00,2016,8,15,NA,15.0413230653215,21.8830753190131
2016-08-16 12:00:00,2016,8,16,NA,9.23093758796464,26.5097392749396
2016-08-17 12:00:00,2016,8,17,NA,8.09256011916293,25.9173543976002
2016-08-18 12:00:00,2016,8,18,NA,13.287801887795,24.3063364351449
2016-08-19 12:00:00,2016,8,19,NA,15.3860015713126,18.1413822237534
2016-08-20 12:00:00,2016,8,20,NA,12.7182815411675,18.1058143390528
2016-08-21 12:00:00,2016,8,21,NA,9.78231690637113,22.1963113611144
2016-08-22 12:00:00,2016,8,22,NA,11.184876755012,21.9424753639311
2016-08-23 12:00:00,2016,8,23,NA,11.9095587436641,24.8441093954193
2016-08-24 12:00:00,2016,8,24,NA,12.7909179027781,25.7653986310729
2016-08-25 12:00:00,2016,8,25,NA,15.7357893897535,29.4720612328572
2016-08-26 12:00:00,2016,8,26,NA,19.0106911881134,28.442457922431
2016-08-27 12:00:00,2016,8,27,NA,22.5842862026919,27.0727980687358
2016-08-28 12:00:00,2016,8,28,NA,19.0437837546432,28.2064218100464
2016-08-29 12:00:00,2016,8,29,NA,17.7217187340446,28.0287426810845
2016-08-30 12:00:00,2016,8,30,NA,17.3622971767372,29.6081632826973
2016-08-31 12:00:00,2016,8,31,NA,18.755889901628,26.9985707224799
2016-09-01 12:00:00,2016,9,1,NA,14.6579427215773,20.0965083661446
2016-09-02 12:00:00,2016,9,2,NA,13.0628325659733,25.1022033245272
2016-09-03 12:00:00,2016,9,3,NA,11.9707636896155,23.6046238456989
2016-09-04 12:00:00,2016,9,4,NA,14.4413594787185,22.8094224543422
2016-09-05 12:00:00,2016,9,5,NA,13.3973577523848,21.0029189396474
2016-09-06 12:00:00,2016,9,6,NA,13.8927704911783,31.3974374778359
2016-09-07 12:00:00,2016,9,7,NA,15.7557749302598,30.1119008980246
2016-09-08 12:00:00,2016,9,8,NA,16.9308061329871,32.0131044971548
2016-09-09 12:00:00,2016,9,9,NA,16.0902587505228,29.3742847588973
2016-09-10 12:00:00,2016,9,10,NA,12.9674727981755,24.6176985172694
2016-09-11 12:00:00,2016,9,11,NA,15.155653130856,25.0859101295114
2016-09-12 12:00:00,2016,9,12,NA,11.9306867426813,22.5409796650137
2016-09-13 12:00:00,2016,9,13,NA,12.1733479487,18.3750659458615
2016-09-14 12:00:00,2016,9,14,NA,11.0411891364161,17.3615464987962
2016-09-15 12:00:00,2016,9,15,NA,7.6295257674829,18.198719248815
2016-09-16 12:00:00,2016,9,16,NA,14.3326300873061,17.8837745575255
2016-09-17 12:00:00,2016,9,17,NA,12.8120269264274,20.6848434218089
2016-09-18 12:00:00,2016,9,18,NA,8.92642618013588,18.5302175025791
2016-09-19 12:00:00,2016,9,19,NA,10.6285393590073,25.8082209369269
2016-09-20 12:00:00,2016,9,20,NA,11.7147956328272,22.6272877281985
2016-09-21 12:00:00,2016,9,21,NA,13.5104057675771,18.8562370569717
2016-09-22 12:00:00,2016,9,22,NA,9.60577845203162,20.777898339788
2016-09-23 12:00:00,2016,9,23,NA,12.6539833154218,19.3074241126871
2016-09-24 12:00:00,2016,9,24,NA,8.51247299057395,19.0116129141707
2016-09-25 12:00:00,2016,9,25,NA,7.01814103617676,20.863032336456
2016-09-26 12:00:00,2016,9,26,NA,9.96639514810678,20.6640373684935
2016-09-27 12:00:00,2016,9,27,NA,6.58448827733964,17.4979068060308
2016-09-28 12:00:00,2016,9,28,NA,8.83112725837887,13.3194068700766
2016-09-29 12:00:00,2016,9,29,NA,7.94719925194862,13.5948387028904
2016-09-30 12:00:00,2016,9,30,NA,6.6733048908563,14.2915804617328
2016-10-01 12:00:00,2016,10,1,NA,9.21193951977845,15.6581348642983
2016-10-02 12:00:00,2016,10,2,NA,9.68612571032738,14.5058815414247
2016-10-03 12:00:00,2016,10,3,NA,9.62609727799033,15.9885466123215
2016-10-04 12:00:00,2016,10,4,NA,12.8925173578338,15.0641807744181
2016-10-05 12:00:00,2016,10,5,NA,9.88352334756395,14.3791608175662
2016-10-06 12:00:00,2016,10,6,NA,5.61167347036293,14.7047468355658
2016-10-07 12:00:00,2016,10,7,NA,3.74442320674019,15.6023311524863
2016-10-08 12:00:00,2016,10,8,NA,3.33195039127079,15.2646832688381
2016-10-09 12:00:00,2016,10,9,NA,6.66666208449818,18.5993949620655
2016-10-10 12:00:00,2016,10,10,NA,11.2676301762843,21.0610372609261
2016-10-11 12:00:00,2016,10,11,NA,9.84007127800281,19.3645769118499
2016-10-12 12:00:00,2016,10,12,NA,3.63739860350222,16.4536546419213
2016-10-13 12:00:00,2016,10,13,NA,0.937680195643408,17.964587621295
2016-10-14 12:00:00,2016,10,14,NA,3.16722330843664,18.2992316828128
2016-10-15 12:00:00,2016,10,15,NA,16.8641866688662,25.4984735402497
2016-10-16 12:00:00,2016,10,16,NA,12.8036603935677,21.4927457140661
2016-10-17 12:00:00,2016,10,17,NA,12.8535059413478,24.7414596463156
2016-10-18 12:00:00,2016,10,18,NA,10.5591908129166,19.4612724471503
2016-10-19 12:00:00,2016,10,19,NA,8.45528915970045,23.1766201418339
2016-10-20 12:00:00,2016,10,20,NA,7.26477800301776,17.9147581001455
2016-10-21 12:00:00,2016,10,21,NA,9.72187812163061,15.2206559274371
2016-10-22 12:00:00,2016,10,22,NA,5.45418353295748,13.2153177111593
2016-10-23 12:00:00,2016,10,23,NA,3.79792923789877,14.2896558486508
2016-10-24 12:00:00,2016,10,24,NA,2.40271705603616,14.3130622146659
2016-10-25 12:00:00,2016,10,25,NA,2.87002893446942,11.4572034605971
2016-10-26 12:00:00,2016,10,26,NA,7.4420857474123,12.8320731497215
2016-10-27 12:00:00,2016,10,27,NA,8.09393432225497,16.3473349296007
2016-10-28 12:00:00,2016,10,28,NA,6.11562175407159,16.7813305464147
2016-10-29 12:00:00,2016,10,29,NA,5.40420223841115,16.1990011123168
2016-10-30 12:00:00,2016,10,30,NA,2.90800576354285,12.6486464207952
2016-10-31 12:00:00,2016,10,31,NA,2.3838487440712,11.0181356154547
2016-11-01 12:00:00,2016,11,1,NA,2.06956183216504,13.9063187360059
2016-11-02 12:00:00,2016,11,2,NA,5.5690633225277,17.501796200095
2016-11-03 12:00:00,2016,11,3,NA,7.0956717580477,11.804104384976
2016-11-04 12:00:00,2016,11,4,NA,12.0360769984719,17.5082657755094
2016-11-05 12:00:00,2016,11,5,NA,7.52752578174363,19.1969758583614
2016-11-06 12:00:00,2016,11,6,NA,10.4943075582137,18.3360738936835
2016-11-07 12:00:00,2016,11,7,NA,7.66224849292404,17.6061546269511
2016-11-08 12:00:00,2016,11,8,NA,8.62229800366985,17.9693061218537
2016-11-09 12:00:00,2016,11,9,NA,11.2572141544578,16.8685139214385
2016-11-10 12:00:00,2016,11,10,NA,12.31506075316,19.0063210086615
2016-11-11 12:00:00,2016,11,11,NA,11.5595020032991,19.2844139516932
2016-11-12 12:00:00,2016,11,12,NA,13.8392680680551,18.4097823811882
2016-11-13 12:00:00,2016,11,13,NA,11.5798733619027,17.700302728814
2016-11-14 12:00:00,2016,11,14,NA,7.71502417833417,18.6535222857583
2016-11-15 12:00:00,2016,11,15,NA,6.63163481758713,15.2220992660359
2016-11-16 12:00:00,2016,11,16,NA,4.79612778803278,13.8198901390484
2016-11-17 12:00:00,2016,11,17,NA,6.10412409232337,11.3542841608224
2016-11-18 12:00:00,2016,11,18,NA,-1.38831791198297,7.48790527277303
2016-11-19 12:00:00,2016,11,19,NA,-1.72018092620027,5.7334445796132
2016-11-20 12:00:00,2016,11,20,NA,2.5334404492425,8.85563848674897
2016-11-21 12:00:00,2016,11,21,NA,1.45718095189022,5.59292894873031
2016-11-22 12:00:00,2016,11,22,NA,-0.457965024525101,4.25236632950775
2016-11-23 12:00:00,2016,11,23,NA,-1.87402258172947,4.07974415468567
2016-11-24 12:00:00,2016,11,24,NA,0.948364136482837,9.32983677372828
2016-11-25 12:00:00,2016,11,25,NA,6.35535320764656,9.30056990499907
2016-11-26 12:00:00,2016,11,26,NA,3.37206485640684,8.3344107043134
2016-11-27 12:00:00,2016,11,27,NA,1.95638568379912,8.64764593930068
2016-11-28 12:00:00,2016,11,28,NA,1.36127258666314,6.02565232220191
2016-11-29 12:00:00,2016,11,29,NA,1.83051420941661,5.58144259715723
2016-11-30 12:00:00,2016,11,30,NA,5.63323896681204,6.78417607113253
2016-12-01 12:00:00,2016,12,1,NA,4.61358754706979,7.40962187579007
2016-12-02 12:00:00,2016,12,2,NA,0.303523882090405,3.36622137528736
2016-12-03 12:00:00,2016,12,3,NA,-5.92765137613269,-4.22314338411721
2016-12-04 12:00:00,2016,12,4,NA,-5.60080620472471,-2.58001256200037
2016-12-05 12:00:00,2016,12,5,NA,-0.80656041995051,6.82072391075532
2016-12-06 12:00:00,2016,12,6,NA,7.88825828041888,14.1085006447342
2016-12-07 12:00:00,2016,12,7,NA,6.55052573577521,10.6079839962177
2016-12-08 12:00:00,2016,12,8,NA,10.5144274536931,13.5673616177218
2016-12-09 12:00:00,2016,12,9,NA,5.75687881495157,10.5102479337199
2016-12-10 12:00:00,2016,12,10,NA,-0.220267960497265,5.55545713193436
2016-12-11 12:00:00,2016,12,11,NA,1.5325842098211,5.45768189015156
2016-12-12 12:00:00,2016,12,12,NA,-2.30338485539536,3.72011572351291
2016-12-13 12:00:00,2016,12,13,NA,2.5057414566545,9.64323141790231
2016-12-14 12:00:00,2016,12,14,NA,4.18136272584623,10.3461843575266
2016-12-15 12:00:00,2016,12,15,NA,6.43513110430546,14.5849155112441
2016-12-16 12:00:00,2016,12,16,NA,5.70461939375627,14.7331506864081
2016-12-17 12:00:00,2016,12,17,NA,9.54384420475558,15.8274491756783
2016-12-18 12:00:00,2016,12,18,NA,9.26325643329798,16.4002503922996
2016-12-19 12:00:00,2016,12,19,NA,8.86290380060053,16.9711292987895
2016-12-20 12:00:00,2016,12,20,NA,7.95313452388573,12.8766200770457
2016-12-21 12:00:00,2016,12,21,NA,10.1871426689219,15.2757202368603
2016-12-22 12:00:00,2016,12,22,NA,6.88171911006021,9.93465327408892
2016-12-23 12:00:00,2016,12,23,NA,8.6954319055614,14.1460778790214
2016-12-24 12:00:00,2016,12,24,NA,9.58542333649678,11.8738529093044
2016-12-25 12:00:00,2016,12,25,NA,5.37887248915672,10.6808751720093
2016-12-26 12:00:00,2016,12,26,NA,6.51719943793439,9.63616703617417
2016-12-27 12:00:00,2016,12,27,NA,5.22487821912135,10.6512392196184
2016-12-28 12:00:00,2016,12,28,NA,3.57550223459261,14.0521553693894
2016-12-29 12:00:00,2016,12,29,NA,5.58000133864697,10.6762730474118
2016-12-30 12:00:00,2016,12,30,NA,3.80115131419435,10.9672827949301
2016-12-31 12:00:00,2016,12,31,NA,4.99183182026112,13.6995383283043
2017-01-01 12:00:00,2017,1,1,NA,3.98229083300212,11.7901302961277
2017-01-02 12:00:00,2017,1,2,NA,0.163009106980802,6.68683422518051
2017-01-03 12:00:00,2017,1,3,NA,1.65067774183051,5.31028595638634
2017-01-04 12:00:00,2017,1,4,NA,-1.39473033989839,3.96795702108357
2017-01-05 12:00:00,2017,1,5,NA,-1.25961263231542,3.97936585743426
2017-01-06 12:00:00,2017,1,6,NA,-2.49033640953262,0.60871365315451
2017-01-07 12:00:00,2017,1,7,NA,-2.04232511412867,6.4427347036237
2017-01-08 12:00:00,2017,1,8,NA,0.485433618678665,8.96032959521776
2017-01-09 12:00:00,2017,1,9,NA,-3.48252775189779,2.80774549866648
2017-01-10 12:00:00,2017,1,10,NA,1.15469613993273,5.59541289024162
2017-01-11 12:00:00,2017,1,11,NA,-3.79587994020774,4.74227577326206
2017-01-12 12:00:00,2017,1,12,NA,-0.165196387924802,9.58457368277924
2017-01-13 12:00:00,2017,1,13,NA,2.51214218961354,6.96032819052193
2017-01-14 12:00:00,2017,1,14,NA,5.01342373034842,8.11247379303555
2017-01-15 12:00:00,2017,1,15,NA,5.35160399933305,9.76648695711235
2017-01-16 12:00:00,2017,1,16,NA,6.68794741920643,14.0162077869436
2017-01-17 12:00:00,2017,1,17,NA,1.44341544947397,8.9744401948728
2017-01-18 12:00:00,2017,1,18,NA,-2.67487311441155,4.51223158516918
2017-01-19 12:00:00,2017,1,19,NA,-0.368166315845296,7.32510917352162
2017-01-20 12:00:00,2017,1,20,NA,3.49118505243131,12.4148352440822
2017-01-21 12:00:00,2017,1,21,NA,3.79343345837632,14.4653909461352
2017-01-22 12:00:00,2017,1,22,NA,9.75040263445719,17.3374010607138
2017-01-23 12:00:00,2017,1,23,NA,8.74305167004176,12.1373033370187
2017-01-24 12:00:00,2017,1,24,NA,3.01295261328958,7.69558336866215
2017-01-25 12:00:00,2017,1,25,NA,5.13309714545509,7.33197358137423
2017-01-26 12:00:00,2017,1,26,NA,2.62411956070687,9.15286751672337
2017-01-27 12:00:00,2017,1,27,NA,3.50010655922697,9.65490404067682
2017-01-28 12:00:00,2017,1,28,NA,-1.99847156116441,5.13128205747059
2017-01-29 12:00:00,2017,1,29,NA,-2.00746414172686,5.24446672521809
2017-01-30 12:00:00,2017,1,30,NA,2.92310780419581,9.36206184233708
2017-01-31 12:00:00,2017,1,31,NA,2.23345994936613,5.6113722134464
2017-02-01 12:00:00,2017,2,1,NA,-3.20100398135141,8.43821672599739
2017-02-02 12:00:00,2017,2,2,NA,-1.82225384851652,4.45930363221327
2017-02-03 12:00:00,2017,2,3,NA,1.74630362103986,5.95667326266748
2017-02-04 12:00:00,2017,2,4,NA,-2.21062777219904,1.52274565014121
2017-02-05 12:00:00,2017,2,5,NA,-0.987194020488352,4.87726089567294
2017-02-06 12:00:00,2017,2,6,NA,1.33146415425569,6.14583833538478
2017-02-07 12:00:00,2017,2,7,NA,0.247033275117155,3.51697101491102
2017-02-08 12:00:00,2017,2,8,NA,-4.50324979809314,4.87638920573771
2017-02-09 12:00:00,2017,2,9,NA,-6.27967716101321,0.556625077819564
2017-02-10 12:00:00,2017,2,10,NA,-9.69003026863087,-3.0173489992366
2017-02-11 12:00:00,2017,2,11,NA,-0.659838200870822,2.84882996049938
2017-02-12 12:00:00,2017,2,12,NA,-2.92953385906395,4.35069982066413
2017-02-13 12:00:00,2017,2,13,NA,-5.44617990241635,3.14760788432993
2017-02-14 12:00:00,2017,2,14,NA,1.95145855130034,9.53577240962757
2017-02-15 12:00:00,2017,2,15,NA,3.54773463704366,6.79439922886793
2017-02-16 12:00:00,2017,2,16,NA,6.83800802266525,10.2059753811687
2017-02-17 12:00:00,2017,2,17,NA,7.47088742617324,10.783308645157
2017-02-18 12:00:00,2017,2,18,NA,6.75651463293552,11.9998902878236
2017-02-19 12:00:00,2017,2,19,NA,7.83733067681885,12.9980083061583
2017-02-20 12:00:00,2017,2,20,NA,7.21188744965423,12.9641011360562
2017-02-21 12:00:00,2017,2,21,NA,1.64068557406842,11.0203245778993
2017-02-22 12:00:00,2017,2,22,NA,4.00864379819385,12.6024315849401
2017-02-23 12:00:00,2017,2,23,NA,6.37126903728893,15.4538269240124
2017-02-24 12:00:00,2017,2,24,NA,5.48520549801146,17.265432278954
2017-02-25 12:00:00,2017,2,25,NA,5.99134231702168,17.7715690979642
2017-02-26 12:00:00,2017,2,26,NA,5.21270636980381,22.4047047467661
2017-02-27 12:00:00,2017,2,27,NA,11.0687598311831,16.8209735175851
2017-02-28 12:00:00,2017,2,28,NA,9.67829775866062,15.923453724907
2017-03-01 12:00:00,2017,3,1,NA,6.58609870923156,15.9657377130624
2017-03-02 12:00:00,2017,3,2,NA,8.01086290622425,19.9534614142475
2017-03-03 12:00:00,2017,3,3,NA,5.60568497948821,16.3495066346012
2017-03-04 12:00:00,2017,3,4,NA,5.16128194611516,13.2477336553355
2017-03-05 12:00:00,2017,3,5,NA,1.90851915230413,14.8301837942244
2017-03-06 12:00:00,2017,3,6,NA,2.72002945088077,16.7831391618909
2017-03-07 12:00:00,2017,3,7,NA,7.78125499451665,18.4675973838016
2017-03-08 12:00:00,2017,3,8,NA,-4.12125536557683,11.1497717652241
2017-03-09 12:00:00,2017,3,9,NA,2.57403045842472,10.0365734019279
2017-03-10 12:00:00,2017,3,10,NA,4.80598936133799,10.4622375380925
2017-03-11 12:00:00,2017,3,11,NA,8.53907692909506,13.7245753254244
2017-03-12 12:00:00,2017,3,12,NA,6.05852555907529,13.1249884492013
2017-03-13 12:00:00,2017,3,13,NA,7.63975541787352,14.0976637810854
2017-03-14 12:00:00,2017,3,14,NA,0.747202455431156,9.27117669965332
2017-03-15 12:00:00,2017,3,15,NA,-0.908817225082608,11.3453245431542
2017-03-16 12:00:00,2017,3,16,NA,1.66041705501597,9.60034865099895
2017-03-17 12:00:00,2017,3,17,NA,3.33912579220775,10.477709861769
2017-03-18 12:00:00,2017,3,18,NA,4.31570528804763,8.58286579258585
2017-03-19 12:00:00,2017,3,19,NA,1.72843591054416,7.64787554800834
2017-03-20 12:00:00,2017,3,20,NA,1.44866852628729,9.27542918601815
2017-03-21 12:00:00,2017,3,21,NA,2.06050071998608,9.87952148155232
2017-03-22 12:00:00,2017,3,22,NA,2.62476864044227,8.56868422226172
2017-03-23 12:00:00,2017,3,23,NA,7.1545730163878,11.421733520926
2017-03-24 12:00:00,2017,3,24,NA,8.89869472292651,14.0368106569819
2017-03-25 12:00:00,2017,3,25,NA,4.59961988217793,13.3103713708259
2017-03-26 12:00:00,2017,3,26,NA,0.727552971086165,10.489374050958
2017-03-27 12:00:00,2017,3,27,NA,0.741785084826382,11.0568230022977
2017-03-28 12:00:00,2017,3,28,NA,2.76664584012299,15.0740111188096
2017-03-29 12:00:00,2017,3,29,NA,-0.140221695505517,13.0898105249469
2017-03-30 12:00:00,2017,3,30,NA,2.51599624362211,21.1614729508627
2017-03-31 12:00:00,2017,3,31,NA,2.86227696034356,20.6324298486894
2017-04-01 12:00:00,2017,4,1,NA,4.05953781886172,15.5367677248169
2017-04-02 12:00:00,2017,4,2,NA,8.27493023454291,15.5541342231235
2017-04-03 12:00:00,2017,4,3,NA,7.99214500007699,16.4973273573085
2017-04-04 12:00:00,2017,4,4,NA,7.02354012835659,18.3895904524424
2017-04-05 12:00:00,2017,4,5,NA,1.9130636171781,8.97687710970557
2017-04-06 12:00:00,2017,4,6,NA,0.961173875714154,10.9783923818425
2017-04-07 12:00:00,2017,4,7,NA,1.07771332339355,10.3420408309684
2017-04-08 12:00:00,2017,4,8,NA,-1.81255743020121,14.6913520220781
2017-04-09 12:00:00,2017,4,9,NA,0.27757353072672,20.0866302108107
2017-04-10 12:00:00,2017,4,10,NA,6.33088661903132,15.6179860585244
2017-04-11 12:00:00,2017,4,11,NA,11.1590365068879,19.4904581211479
2017-04-12 12:00:00,2017,4,12,NA,9.36277837795052,24.1203111339351
2017-04-13 12:00:00,2017,4,13,NA,10.3757537079775,21.5362790914707
2017-04-14 12:00:00,2017,4,14,NA,12.0467690373071,21.3020414292438
2017-04-15 12:00:00,2017,4,15,NA,11.5728297261208,16.8298499205669
2017-04-16 12:00:00,2017,4,16,NA,8.74094502970687,16.0054852239929
2017-04-17 12:00:00,2017,4,17,NA,6.01608857391508,13.2145737970093
2017-04-18 12:00:00,2017,4,18,NA,2.31342839416791,19.2486387359279
2017-04-19 12:00:00,2017,4,19,NA,5.15613139264565,15.6255282755939
2017-04-20 12:00:00,2017,4,20,NA,1.55003507779014,7.44454844378927
2017-04-21 12:00:00,2017,4,21,NA,-0.664700331774695,11.8102322439368
2017-04-22 12:00:00,2017,4,22,NA,-1.63775035574525,13.6655510246298
2017-04-23 12:00:00,2017,4,23,NA,0.265945867431379,10.4322758728296
2017-04-24 12:00:00,2017,4,24,NA,1.99951884439821,12.0334691368785
2017-04-25 12:00:00,2017,4,25,NA,3.05619128182516,11.2977675777514
2017-04-26 12:00:00,2017,4,26,NA,7.45693449025455,8.51200386775762
2017-04-27 12:00:00,2017,4,27,NA,3.76276391622163,11.8632502487915
2017-04-28 12:00:00,2017,4,28,NA,3.49374111403936,15.0198826314117
2017-04-29 12:00:00,2017,4,29,NA,3.10414886832113,19.4933236741223
2017-04-30 12:00:00,2017,4,30,NA,2.92453385582149,22.0786073151142
2017-05-01 12:00:00,2017,5,1,NA,2.85999910317589,19.2153571561653
2017-05-02 12:00:00,2017,5,2,NA,4.7669395881433,21.931424245403
2017-05-03 12:00:00,2017,5,3,NA,5.28590297773779,20.8236242149165
2017-05-04 12:00:00,2017,5,4,NA,5.22106859547016,15.9264024772439
2017-05-05 12:00:00,2017,5,5,NA,5.31740835665586,14.5088080894771
2017-05-06 12:00:00,2017,5,6,NA,3.05907133094134,16.6432317590378
2017-05-07 12:00:00,2017,5,7,NA,12.1344379926522,22.2813921640045
2017-05-08 12:00:00,2017,5,8,NA,11.2512667478944,26.9689217727104
2017-05-09 12:00:00,2017,5,9,NA,13.1813391537755,24.9343765301301
2017-05-10 12:00:00,2017,5,10,NA,11.8358420506882,21.6404614071523
2017-05-11 12:00:00,2017,5,11,NA,3.27611018518077,21.7915427564336
2017-05-12 12:00:00,2017,5,12,NA,9.22609390914865,24.8029864738669
2017-05-13 12:00:00,2017,5,13,NA,12.3498994815833,28.9995103047425
2017-05-14 12:00:00,2017,5,14,NA,13.7905278509719,24.4536317213374
2017-05-15 12:00:00,2017,5,15,NA,12.3301651543774,23.1632805204895
2017-05-16 12:00:00,2017,5,16,NA,13.012728639211,23.9892011103121
2017-05-17 12:00:00,2017,5,17,NA,12.4222666475811,28.8517555467668
2017-05-18 12:00:00,2017,5,18,NA,10.0105654449152,31.2331433154859
2017-05-19 12:00:00,2017,5,19,NA,12.2724442353063,28.7425815792922
2017-05-20 12:00:00,2017,5,20,NA,12.2903281685501,27.8672856955163
2017-05-21 12:00:00,2017,5,21,NA,6.95859472532493,20.0764459124804
2017-05-22 12:00:00,2017,5,22,NA,10.8641375566185,21.3801824364894
2017-05-23 12:00:00,2017,5,23,NA,8.65468082540195,23.1846490123532
2017-05-24 12:00:00,2017,5,24,NA,6.63461483528383,21.1659722043739
2017-05-25 12:00:00,2017,5,25,NA,9.12314657149678,22.8974428349651
2017-05-26 12:00:00,2017,5,26,NA,12.2655231401772,18.7372261163204
2017-05-27 12:00:00,2017,5,27,NA,12.7071098058367,20.4581800580316
2017-05-28 12:00:00,2017,5,28,NA,10.8578432657841,19.5971293996686
2017-05-29 12:00:00,2017,5,29,NA,12.1923943299145,18.1360069854604
2017-05-30 12:00:00,2017,5,30,NA,9.88483652170174,23.4689969497982
2017-05-31 12:00:00,2017,5,31,NA,16.2463784036327,21.1231721719198
2017-06-01 12:00:00,2017,6,1,NA,10.7967518955757,26.3737094225419
2017-06-02 12:00:00,2017,6,2,NA,5.34273997170906,27.5590260895936
2017-06-03 12:00:00,2017,6,3,NA,11.1518401985884,22.1415527283505
2017-06-04 12:00:00,2017,6,4,NA,10.6143137513731,23.9333108906162
2017-06-05 12:00:00,2017,6,5,NA,9.25711474557238,20.5899259105152
2017-06-06 12:00:00,2017,6,6,NA,7.74687225540712,14.9584520104101
2017-06-07 12:00:00,2017,6,7,NA,6.49643559835227,21.7140987279569
2017-06-08 12:00:00,2017,6,8,NA,4.04926594144407,24.5037559825429
2017-06-09 12:00:00,2017,6,9,NA,8.6502609523113,28.2809416822351
2017-06-10 12:00:00,2017,6,10,NA,7.63417854810521,22.0490345689356
2017-06-11 12:00:00,2017,6,11,NA,9.27345467013829,28.122631821497
2017-06-12 12:00:00,2017,6,12,NA,10.7851055565882,25.2760012875859
2017-06-13 12:00:00,2017,6,13,NA,8.75247187586269,26.0656198442348
2017-06-14 12:00:00,2017,6,14,NA,3.78772993564238,22.3815299218441
2017-06-15 12:00:00,2017,6,15,NA,9.74768202030226,29.9210436400039
2017-06-16 12:00:00,2017,6,16,NA,13.8321765217137,18.9143284997134
2017-06-17 12:00:00,2017,6,17,NA,8.02339249528411,22.4865181184839
2017-06-18 12:00:00,2017,6,18,NA,13.7188452684405,21.9825618120004
2017-06-19 12:00:00,2017,6,19,NA,16.4327702667715,25.0915647151626
2017-06-20 12:00:00,2017,6,20,NA,17.9829770927135,24.3465092435815
2017-06-21 12:00:00,2017,6,21,NA,19.7345917231527,27.6565355811882
2017-06-22 12:00:00,2017,6,22,NA,18.8184413194408,27.082727252711
2017-06-23 12:00:00,2017,6,23,NA,13.2722455591421,24.4477786082949
2017-06-24 12:00:00,2017,6,24,NA,10.5768748545581,22.8175485627744
2017-06-25 12:00:00,2017,6,25,NA,12.592760495343,20.8570464286132
2017-06-26 12:00:00,2017,6,26,NA,17.2949823640008,20.1647658691135
2017-06-27 12:00:00,2017,6,27,NA,13.1758276682153,17.824933398167
2017-06-28 12:00:00,2017,6,28,NA,13.8972229464524,23.0660676316851
2017-06-29 12:00:00,2017,6,29,NA,14.4456062424261,23.6949716954008
2017-06-30 12:00:00,2017,6,30,NA,14.02661694155,27.7456255760207
2017-07-01 12:00:00,2017,7,1,NA,9.97580153862126,28.8959929603611
2017-07-02 12:00:00,2017,7,2,NA,10.9821537807775,21.3032751255975
2017-07-03 12:00:00,2017,7,3,NA,14.5538005860034,25.3479410589092
2017-07-04 12:00:00,2017,7,4,NA,17.9702818417736,26.0736121799776
2017-07-05 12:00:00,2017,7,5,NA,15.8237157287203,29.7066813229882
2017-07-06 12:00:00,2017,7,6,NA,15.3883349242992,25.6259353497058
2017-07-07 12:00:00,2017,7,7,NA,11.8318549434907,27.7952362579393
2017-07-08 12:00:00,2017,7,8,NA,11.4041865657237,24.1115853380007
2017-07-09 12:00:00,2017,7,9,NA,16.8325918797517,28.2447797982682
2017-07-10 12:00:00,2017,7,10,NA,17.5389477397037,25.2242817990975
2017-07-11 12:00:00,2017,7,11,NA,13.4418706019469,31.6169580690369
2017-07-12 12:00:00,2017,7,12,NA,21.3439264459828,30.3412595336639
2017-07-13 12:00:00,2017,7,13,NA,19.7917725100481,28.6021030147467
2017-07-14 12:00:00,2017,7,14,NA,18.6842670803129,27.3746881682089
2017-07-15 12:00:00,2017,7,15,NA,17.1874546073832,30.1183464510223
2017-07-16 12:00:00,2017,7,16,NA,17.0145492366401,27.2521496620467
2017-07-17 12:00:00,2017,7,17,NA,16.5874203720493,28.383402229602
2017-07-18 12:00:00,2017,7,18,NA,19.1316313736923,26.4426825298344
2017-07-19 12:00:00,2017,7,19,NA,14.6311120444568,26.6244589401434
2017-07-20 12:00:00,2017,7,20,NA,20.4851978955704,27.504717846244
2017-07-21 12:00:00,2017,7,21,NA,16.2160171871012,26.2844951641721
2017-07-22 12:00:00,2017,7,22,NA,20.3377927026936,27.8626482421419
2017-07-23 12:00:00,2017,7,23,NA,18.4906517423593,35.6755788021308
2017-07-24 12:00:00,2017,7,24,NA,18.1257514994838,34.5407413509684
2017-07-25 12:00:00,2017,7,25,NA,19.5144718749391,26.5645966932299
2017-07-26 12:00:00,2017,7,26,NA,16.3997032506271,25.2100337553256
2017-07-27 12:00:00,2017,7,27,NA,11.2049382159899,23.912336988267
2017-07-28 12:00:00,2017,7,28,NA,7.81158324354852,22.9682252467223
2017-07-29 12:00:00,2017,7,29,NA,5.6078574299538,24.119306091759
2017-07-30 12:00:00,2017,7,30,NA,12.7030391120162,21.2162146666102
2017-07-31 12:00:00,2017,7,31,NA,14.0340628784449,22.5673708181138
2017-08-01 12:00:00,2017,8,1,NA,13.4291451735771,20.8537281793402
2017-08-02 12:00:00,2017,8,2,NA,9.02332497410581,22.223911950201
2017-08-03 12:00:00,2017,8,3,NA,12.3999682958478,24.0988520946823
2017-08-04 12:00:00,2017,8,4,NA,11.6601372637892,26.5520935044014
2017-08-05 12:00:00,2017,8,5,NA,14.2344547432883,28.765500552717
2017-08-06 12:00:00,2017,8,6,NA,18.1549127926042,32.1562705344143
2017-08-07 12:00:00,2017,8,7,NA,21.1467467575162,28.5015330845613
2017-08-08 12:00:00,2017,8,8,NA,18.9368207285697,28.8418214554616
2017-08-09 12:00:00,2017,8,9,NA,17.4015045748809,21.9920616356752
2017-08-10 12:00:00,2017,8,10,NA,15.5854756218231,22.2092972491382
2017-08-11 12:00:00,2017,8,11,NA,11.1712161746075,25.8762906650905
2017-08-12 12:00:00,2017,8,12,NA,12.1265459789525,27.8466863316742
2017-08-13 12:00:00,2017,8,13,NA,14.8565480568329,27.7910987085881
2017-08-14 12:00:00,2017,8,14,NA,14.3044104963975,28.6547849738385
2017-08-15 12:00:00,2017,8,15,NA,17.0433538213919,24.2397059204746
2017-08-16 12:00:00,2017,8,16,NA,16.0516771562826,21.4619601460989
2017-08-17 12:00:00,2017,8,17,NA,13.5019313203997,23.626062557545
2017-08-18 12:00:00,2017,8,18,NA,13.9974275565974,21.0141166782956
2017-08-19 12:00:00,2017,8,19,NA,16.4115046300296,20.0716825590008
2017-08-20 12:00:00,2017,8,20,NA,14.5935490266884,28.0717553915694
2017-08-21 12:00:00,2017,8,21,NA,15.4588085434485,25.3465249979873
2017-08-22 12:00:00,2017,8,22,NA,20.8366126051359,32.6909315603968
2017-08-23 12:00:00,2017,8,23,NA,22.5479800349906,35.2311102175339
2017-08-24 12:00:00,2017,8,24,NA,20.1299683422004,35.7408243199769
2017-08-25 12:00:00,2017,8,25,NA,18.0529436368706,32.8665417224655
2017-08-26 12:00:00,2017,8,26,NA,19.4143769650974,28.3978849459478
2017-08-27 12:00:00,2017,8,27,NA,14.8563833902668,25.6160010418146
2017-08-28 12:00:00,2017,8,28,NA,12.527267736816,24.2295257749421
2017-08-29 12:00:00,2017,8,29,NA,12.9279157355754,24.6640874776568
2017-08-30 12:00:00,2017,8,30,NA,15.3116928333386,26.6877108063978
2017-08-31 12:00:00,2017,8,31,NA,17.6793163290263,28.4389339805741
2017-09-01 12:00:00,2017,9,1,NA,15.7719055332396,29.9296975903302
2017-09-02 12:00:00,2017,9,2,NA,15.6875996552134,24.30048900813
2017-09-03 12:00:00,2017,9,3,NA,15.4424859479056,27.8871109769061
2017-09-04 12:00:00,2017,9,4,NA,17.2640663598696,27.2407875146549
2017-09-05 12:00:00,2017,9,5,NA,15.7917938142502,23.9579498342409
2017-09-06 12:00:00,2017,9,6,NA,15.3983134193868,22.8278645538115
2017-09-07 12:00:00,2017,9,7,NA,11.9309300244368,20.504013249936
2017-09-08 12:00:00,2017,9,8,NA,11.5713692900691,19.1769304773316
2017-09-09 12:00:00,2017,9,9,NA,8.00328322505256,21.2179709030391
2017-09-10 12:00:00,2017,9,10,NA,9.32177057994758,18.9051688523576
2017-09-11 12:00:00,2017,9,11,NA,11.570026311021,21.5191018500356
2017-09-12 12:00:00,2017,9,12,NA,11.7481785382222,19.7486786776267
2017-09-13 12:00:00,2017,9,13,NA,12.7421675999696,22.0345927815493
2017-09-14 12:00:00,2017,9,14,NA,14.9936656791069,22.4181935969813
2017-09-15 12:00:00,2017,9,15,NA,12.2565353824455,23.1699539111367
2017-09-16 12:00:00,2017,9,16,NA,14.3175005537829,28.3449554122962
2017-09-17 12:00:00,2017,9,17,NA,17.254320856527,23.7005162010468
2017-09-18 12:00:00,2017,9,18,NA,16.4430933387001,29.8687245147742
2017-09-19 12:00:00,2017,9,19,NA,15.9312478870777,25.3470812752465
2017-09-20 12:00:00,2017,9,20,NA,14.3748637792668,20.1587935835334
2017-09-21 12:00:00,2017,9,21,NA,16.8091351885927,22.4705114310453
2017-09-22 12:00:00,2017,9,22,NA,13.2848663053075,22.585429794618
2017-09-23 12:00:00,2017,9,23,NA,6.74304587062232,25.1668945044913
2017-09-24 12:00:00,2017,9,24,NA,9.33113771763217,26.0219922098386
2017-09-25 12:00:00,2017,9,25,NA,13.2043122337102,20.9907901688072
2017-09-26 12:00:00,2017,9,26,NA,11.3609085763913,22.4676240131874
2017-09-27 12:00:00,2017,9,27,NA,11.2382383982226,24.9031890551238
2017-09-28 12:00:00,2017,9,28,NA,10.5292448249393,26.0999382471162
2017-09-29 12:00:00,2017,9,29,NA,13.2199030619962,22.80481569328
2017-09-30 12:00:00,2017,9,30,NA,10.7288406391156,15.4103910836157
2017-10-01 12:00:00,2017,10,1,NA,10.120547100433,17.6638862267364
2017-10-02 12:00:00,2017,10,2,NA,14.7856769970408,17.1783735707395
2017-10-03 12:00:00,2017,10,3,NA,17.2197356959534,23.4610867998278
2017-10-04 12:00:00,2017,10,4,NA,14.1451743531995,22.5222272165967
2017-10-05 12:00:00,2017,10,5,NA,11.4381012337867,18.7573877572437
2017-10-06 12:00:00,2017,10,6,NA,12.0725717646491,21.5307518403797
2017-10-07 12:00:00,2017,10,7,NA,10.5876028265404,21.200134145267
2017-10-08 12:00:00,2017,10,8,NA,9.03455448711504,20.9779511343589
2017-10-09 12:00:00,2017,10,9,NA,9.94351957187856,19.258407590034
2017-10-10 12:00:00,2017,10,10,NA,13.3210016322299,19.7088106555957
2017-10-11 12:00:00,2017,10,11,NA,12.8795077559528,20.0994346631432
2017-10-12 12:00:00,2017,10,12,NA,11.4297443605016,19.4251425043931
2017-10-13 12:00:00,2017,10,13,NA,13.1680988276459,20.3944039050154
2017-10-14 12:00:00,2017,10,14,NA,12.4555258387007,22.8527761167459
2017-10-15 12:00:00,2017,10,15,NA,13.112361180256,20.3649629302961
2017-10-16 12:00:00,2017,10,16,NA,10.0819060885953,16.3232571924697
2017-10-17 12:00:00,2017,10,17,NA,8.70019272198051,13.9254501849071
2017-10-18 12:00:00,2017,10,18,NA,7.9361205294116,13.2903921445814
2017-10-19 12:00:00,2017,10,19,NA,9.94887003125415,12.0053100938284
2017-10-20 12:00:00,2017,10,20,NA,10.5553917051858,17.0243449151745
2017-10-21 12:00:00,2017,10,21,NA,10.6181644018885,17.1674138175517
2017-10-22 12:00:00,2017,10,22,NA,9.93429083223234,22.0808985367647
2017-10-23 12:00:00,2017,10,23,NA,8.48342588174189,19.9358444264539
2017-10-24 12:00:00,2017,10,24,NA,9.97036681147648,17.4824422851087
2017-10-25 12:00:00,2017,10,25,NA,12.199313812902,16.4834986317111
2017-10-26 12:00:00,2017,10,26,NA,12.3974229138294,17.4762705713308
2017-10-27 12:00:00,2017,10,27,NA,10.7931613938599,19.4274482652434
2017-10-28 12:00:00,2017,10,28,NA,13.575894037796,20.0246254029722
2017-10-29 12:00:00,2017,10,29,NA,11.6005951158215,18.9886561791225
2017-10-30 12:00:00,2017,10,30,NA,12.3701708249683,16.7234522437579
2017-10-31 12:00:00,2017,10,31,NA,11.2522406621772,15.9583797498298
2017-11-01 12:00:00,2017,11,1,NA,2.16987281064392,12.7440878082372
2017-11-02 12:00:00,2017,11,2,NA,4.47404033730282,12.2914678712618
2017-11-03 12:00:00,2017,11,3,NA,4.9756404365266,11.8592000897514
2017-11-04 12:00:00,2017,11,4,NA,1.1970045601658,3.64331832764718
2017-11-05 12:00:00,2017,11,5,NA,-0.0796315695313441,1.39464651303736
2017-11-06 12:00:00,2017,11,6,NA,-2.90852804053918,2.92890856273697
2017-11-07 12:00:00,2017,11,7,NA,-2.06657193892919,7.25726275252358
2017-11-08 12:00:00,2017,11,8,NA,3.44009131956118,11.646774206634
2017-11-09 12:00:00,2017,11,9,NA,4.01231457172229,11.5251792919616
2017-11-10 12:00:00,2017,11,10,NA,9.36484272702508,17.1295379624186
2017-11-11 12:00:00,2017,11,11,NA,12.1574465210439,17.3950432147735
2017-11-12 12:00:00,2017,11,12,NA,12.3301669549501,18.1118420719666
2017-11-13 12:00:00,2017,11,13,NA,11.6482468167889,19.095539651461
2017-11-14 12:00:00,2017,11,14,NA,12.4036604712303,17.3614838416117
2017-11-15 12:00:00,2017,11,15,NA,10.0270930400865,15.8645296433626
2017-11-16 12:00:00,2017,11,16,NA,10.0020555285377,15.9558222649528
2017-11-17 12:00:00,2017,11,17,NA,9.28865348480352,16.8967395630978
2017-11-18 12:00:00,2017,11,18,NA,7.63633774091225,14.2356453849126
2017-11-19 12:00:00,2017,11,19,NA,4.3779391045765,10.9303563187486
2017-11-20 12:00:00,2017,11,20,NA,0.260213610112578,7.09440743845804
2017-11-21 12:00:00,2017,11,21,NA,0.432766734413062,2.29475415653433
2017-11-22 12:00:00,2017,11,22,NA,4.27076424592052,7.56317590583115
2017-11-23 12:00:00,2017,11,23,NA,6.10725348735654,10.0593916024213
2017-11-24 12:00:00,2017,11,24,NA,5.19771555535761,11.4610690996638
2017-11-25 12:00:00,2017,11,25,NA,3.0320453901862,13.3214478452021
2017-11-26 12:00:00,2017,11,26,NA,8.17849957792467,14.5662322001228
2017-11-27 12:00:00,2017,11,27,NA,8.58938267749744,15.280642932999
2017-11-28 12:00:00,2017,11,28,NA,5.68327166998412,14.0977931142326
2017-11-29 12:00:00,2017,11,29,NA,8.03529686819228,12.6923269301571
2017-11-30 12:00:00,2017,11,30,NA,10.768338070299,15.851271485821
2017-12-01 12:00:00,2017,12,1,NA,6.38536602764555,12.445391342998
2017-12-02 12:00:00,2017,12,2,NA,6.62007384697995,10.5722119620447
2017-12-03 12:00:00,2017,12,3,NA,6.35515653733428,7.3463119752783
2017-12-04 12:00:00,2017,12,4,NA,7.02386048689698,11.8893669380193
2017-12-05 12:00:00,2017,12,5,NA,11.9659984651578,19.0963017997943
2017-12-06 12:00:00,2017,12,6,NA,11.0081052910184,19.1340448854057
2017-12-07 12:00:00,2017,12,7,NA,2.89595073249004,12.8860426634506
2017-12-08 12:00:00,2017,12,8,NA,2.46791898645617,12.0848454379426
2017-12-09 12:00:00,2017,12,9,NA,5.40628567536767,14.5610222843085
2017-12-10 12:00:00,2017,12,10,NA,2.98325583906806,4.88876163143582
2017-12-11 12:00:00,2017,12,11,NA,0.868002674883243,3.75808024573422
2017-12-12 12:00:00,2017,12,12,NA,-3.12148196864581,0.655978848560534
2017-12-13 12:00:00,2017,12,13,NA,-6.88358268610653,-2.8587282834409
2017-12-14 12:00:00,2017,12,14,NA,-7.88286442863945,-2.87716994174007
2017-12-15 12:00:00,2017,12,15,NA,-7.98766491972062,-2.89782154895915
2017-12-16 12:00:00,2017,12,16,NA,-8.75405802340971,-3.15697535814079
2017-12-17 12:00:00,2017,12,17,NA,-0.146834848430811,2.2566424582606
2017-12-18 12:00:00,2017,12,18,NA,-4.36258747081265,0.33557428458879
2017-12-19 12:00:00,2017,12,19,NA,-5.34110113946121,-1.28193785608178
2017-12-20 12:00:00,2017,12,20,NA,-2.33981858623605,2.74901221887439
2017-12-21 12:00:00,2017,12,21,NA,-6.4710430184239,1.33679644470172
2017-12-22 12:00:00,2017,12,22,NA,0.933503076882043,2.83284139282552
2017-12-23 12:00:00,2017,12,23,NA,-1.20756957877738,1.36565706189892
2017-12-24 12:00:00,2017,12,24,NA,-1.70944037781976,1.0232244747365
2017-12-25 12:00:00,2017,12,25,NA,-2.17750435244801,1.7441168379176
2017-12-26 12:00:00,2017,12,26,NA,0.722572380925499,5.56477521997867
2017-12-27 12:00:00,2017,12,27,NA,1.04775862889066,4.85271707436656
2017-12-28 12:00:00,2017,12,28,NA,-0.797493000045694,5.07425046540361
2017-12-29 12:00:00,2017,12,29,NA,3.02895873319251,8.80351617877855
2017-12-30 12:00:00,2017,12,30,NA,5.67859788067883,10.3901275432207
2017-12-31 12:00:00,2017,12,31,NA,1.38210276636337,6.47093357147381
2018-01-01 12:00:00,2018,1,1,NA,0.215319190681985,5.17614631119331
2018-01-02 12:00:00,2018,1,2,NA,0.310812064811054,8.05938930995922
2018-01-03 12:00:00,2018,1,3,NA,-0.859156925089838,14.2880504625627
2018-01-04 12:00:00,2018,1,4,NA,1.42294954078585,11.9396170060526
2018-01-05 12:00:00,2018,1,5,NA,-3.01850596532894,6.52002676539928
2018-01-06 12:00:00,2018,1,6,NA,2.34366600563654,8.81832580910261
2018-01-07 12:00:00,2018,1,7,NA,3.92447298168229,8.42944141498305
2018-01-08 12:00:00,2018,1,8,NA,8.4463253114476,10.4735869452023
2018-01-09 12:00:00,2018,1,9,NA,7.1841450464752,7.26826230069647
2018-01-10 12:00:00,2018,1,10,NA,-0.383529098627761,3.68087517284636
2018-01-11 12:00:00,2018,1,11,NA,-4.80248822170697,2.73372424580465
2018-01-12 12:00:00,2018,1,12,NA,-4.96920669972251,2.35905366801463
2018-01-13 12:00:00,2018,1,13,NA,-2.69574937471093,4.13695918494611
2018-01-14 12:00:00,2018,1,14,NA,-5.81224556900398,0.719772536466405
2018-01-15 12:00:00,2018,1,15,NA,-5.5467145831966,3.75895254401983
2018-01-16 12:00:00,2018,1,16,NA,-1.31479966544788,12.0232548195869
2018-01-17 12:00:00,2018,1,17,NA,2.79989199633185,9.91197198852712
2018-01-18 12:00:00,2018,1,18,NA,10.6027161255249,16.42644120073
2018-01-19 12:00:00,2018,1,19,NA,7.72714206676,12.6341491106976
2018-01-20 12:00:00,2018,1,20,NA,5.02177278688776,7.75496604645603
2018-01-21 12:00:00,2018,1,21,NA,7.35883406153786,12.6901467875911
2018-01-22 12:00:00,2018,1,22,NA,6.64192236720897,14.032880726873
2018-01-23 12:00:00,2018,1,23,NA,6.83126007278192,11.0252683169982
2018-01-24 12:00:00,2018,1,24,NA,4.55046992130032,9.13664886471992
2018-01-25 12:00:00,2018,1,25,NA,5.72766351921823,10.660661125636
2018-01-26 12:00:00,2018,1,26,NA,-1.41666128109382,0.405707015468204
2018-01-27 12:00:00,2018,1,27,NA,-3.00120797096608,0.148846995031848
2018-01-28 12:00:00,2018,1,28,NA,-5.41586163210138,-0.361165769740825
2018-01-29 12:00:00,2018,1,29,NA,1.93907888766398,6.52525783108358
2018-01-30 12:00:00,2018,1,30,NA,-4.26644586228228,1.90582110842229
2018-01-31 12:00:00,2018,1,31,NA,-5.48543072126162,5.03123674400509
2018-02-01 12:00:00,2018,2,1,NA,-2.992751356386,5.8874924570573
2018-02-02 12:00:00,2018,2,2,NA,-0.947236646306599,4.53517609184312
2018-02-03 12:00:00,2018,2,3,NA,3.64066724560903,8.50016197871969
2018-02-04 12:00:00,2018,2,4,NA,-0.812727427119867,4.87313574132927
2018-02-05 12:00:00,2018,2,5,NA,4.15673446248126,6.51749202838165
2018-02-06 12:00:00,2018,2,6,NA,4.48813581609993,9.44600040174066
2018-02-07 12:00:00,2018,2,7,NA,5.08511767676135,9.16332009148767
2018-02-08 12:00:00,2018,2,8,NA,5.49967802759057,9.83126423786387
2018-02-09 12:00:00,2018,2,9,NA,4.87921880234419,9.22833278307188
2018-02-10 12:00:00,2018,2,10,NA,6.87602894401874,11.4038543005763
2018-02-11 12:00:00,2018,2,11,NA,4.66961013188365,12.1206071069942
2018-02-12 12:00:00,2018,2,12,NA,5.40157965171868,15.9593702731855
2018-02-13 12:00:00,2018,2,13,NA,9.31259638211125,15.0648100685132
2018-02-14 12:00:00,2018,2,14,NA,8.61008276651115,13.6286352723956
2018-02-15 12:00:00,2018,2,15,NA,7.71507120170856,10.9617357935328
2018-02-16 12:00:00,2018,2,16,NA,7.68265423443584,12.5611817168758
2018-02-17 12:00:00,2018,2,17,NA,11.5206325394998,13.1411788105442
2018-02-18 12:00:00,2018,2,18,NA,9.71368259612036,15.4658962825223
2018-02-19 12:00:00,2018,2,19,NA,8.92792790140907,14.2591568643452
2018-02-20 12:00:00,2018,2,20,NA,8.01631777490499,21.2543650307026
2018-02-21 12:00:00,2018,2,21,NA,9.04069435284369,18.1550582354509
2018-02-22 12:00:00,2018,2,22,NA,9.07840628520734,16.3427634468725
2018-02-23 12:00:00,2018,2,23,NA,9.15334834499695,11.1230554342492
2018-02-24 12:00:00,2018,2,24,NA,7.19445599045205,11.2529418012818
2018-02-25 12:00:00,2018,2,25,NA,6.55112204061622,12.2274114950603
2018-02-26 12:00:00,2018,2,26,NA,4.70685634987646,9.73546993602319
2018-02-27 12:00:00,2018,2,27,NA,4.58863573434362,11.4376391466228
2018-02-28 12:00:00,2018,2,28,NA,5.54599671773116,13.5140867847528
2018-03-01 12:00:00,2018,3,1,NA,9.38850018529804,12.6751751265993
2018-03-02 12:00:00,2018,3,2,NA,5.85943751909467,13.0636232171222
2018-03-03 12:00:00,2018,3,3,NA,4.53841549001173,15.6373293790871
2018-03-04 12:00:00,2018,3,4,NA,-1.60568277310781,16.8366732559324
2018-03-05 12:00:00,2018,3,5,NA,2.75795861101002,18.4001071067697
2018-03-06 12:00:00,2018,3,6,NA,5.84075343002716,15.1826434906239
2018-03-07 12:00:00,2018,3,7,NA,3.06200113398654,17.5573437392014
2018-03-08 12:00:00,2018,3,8,NA,6.13559419249661,16.8400797723337
2018-03-09 12:00:00,2018,3,9,NA,3.64870244255738,16.7078395701063
2018-03-10 12:00:00,2018,3,10,NA,2.4178025717382,13.3272736822481
2018-03-11 12:00:00,2018,3,11,NA,2.53310436406165,12.2949254439335
2018-03-12 12:00:00,2018,3,12,NA,2.42937529020835,13.8669791794763
2018-03-13 12:00:00,2018,3,13,NA,4.43520194002278,10.4365578389143
2018-03-14 12:00:00,2018,3,14,NA,4.15585548172315,10.3422665967903
2018-03-15 12:00:00,2018,3,15,NA,2.52955802301671,16.7696426085227
2018-03-16 12:00:00,2018,3,16,NA,3.29600509324219,15.7878720040404
2018-03-17 12:00:00,2018,3,17,NA,3.84499222324979,13.9740728390407
2018-03-18 12:00:00,2018,3,18,NA,5.52005394229376,15.9191276655676
2018-03-19 12:00:00,2018,3,19,NA,5.55910023664415,17.0398714202866
2018-03-20 12:00:00,2018,3,20,NA,4.99647683010864,11.2294631406474
2018-03-21 12:00:00,2018,3,21,NA,-0.827607354740338,5.25678761705436
2018-03-22 12:00:00,2018,3,22,NA,-1.03845674738728,2.34767301271782
2018-03-23 12:00:00,2018,3,23,NA,-0.269707943466286,3.28734641052538
2018-03-24 12:00:00,2018,3,24,NA,0.835838877385692,5.9967217212763
2018-03-25 12:00:00,2018,3,25,NA,4.85459718727982,8.55859766960776
2018-03-26 12:00:00,2018,3,26,NA,4.74255354732445,10.9324348208922
2018-03-27 12:00:00,2018,3,27,NA,1.13111809084106,12.5657126355965
2018-03-28 12:00:00,2018,3,28,NA,-6.00906323415747,12.5854849904099
2018-03-29 12:00:00,2018,3,29,NA,-1.08192968260984,15.2013903563479
2018-03-30 12:00:00,2018,3,30,NA,6.1015727756665,15.3346830427351
2018-03-31 12:00:00,2018,3,31,NA,3.43020170677145,17.4933114177816
2018-04-01 12:00:00,2018,4,1,NA,5.30590002688197,15.5765273704641
2018-04-02 12:00:00,2018,4,2,NA,7.7110472655011,15.4826461329439
2018-04-03 12:00:00,2018,4,3,NA,8.35334814796363,17.3941919127511
2018-04-04 12:00:00,2018,4,4,NA,8.1620917868683,16.4705825416855
2018-04-05 12:00:00,2018,4,5,NA,8.0825391307912,22.7587268151138
2018-04-06 12:00:00,2018,4,6,NA,9.86008549947799,25.0019481734631
2018-04-07 12:00:00,2018,4,7,NA,8.29649446633914,24.5587670632764
2018-04-08 12:00:00,2018,4,8,NA,6.82013707317676,16.2350257479868
2018-04-09 12:00:00,2018,4,9,NA,4.50436064847617,17.2068577282448
2018-04-10 12:00:00,2018,4,10,NA,2.98216641050259,15.6637699543316
2018-04-11 12:00:00,2018,4,11,NA,2.24727547464762,16.9234631589702
2018-04-12 12:00:00,2018,4,12,NA,3.21638208834132,15.5650847819149
2018-04-13 12:00:00,2018,4,13,NA,5.12773304907614,12.3922732433622
2018-04-14 12:00:00,2018,4,14,NA,6.07601278313051,14.1509856091402
2018-04-15 12:00:00,2018,4,15,NA,2.83191155591102,15.5100622717832
2018-04-16 12:00:00,2018,4,16,NA,2.43026514839728,15.6112616829206
2018-04-17 12:00:00,2018,4,17,NA,2.39986004925435,13.5750323001783
2018-04-18 12:00:00,2018,4,18,NA,-3.99782279593642,15.047240877305
2018-04-19 12:00:00,2018,4,19,NA,-2.61544454342567,16.9547817572977
2018-04-20 12:00:00,2018,4,20,NA,6.7167342464188,15.2219166036503
2018-04-21 12:00:00,2018,4,21,NA,7.19031670786676,14.4450094757268
2018-04-22 12:00:00,2018,4,22,NA,4.59070931061127,21.5218130117246
2018-04-23 12:00:00,2018,4,23,NA,4.62922500830953,23.486121701143
2018-04-24 12:00:00,2018,4,24,NA,9.16960420458565,27.5446507549502
2018-04-25 12:00:00,2018,4,25,NA,10.3797720879069,28.1271222729651
2018-04-26 12:00:00,2018,4,26,NA,12.7320665070879,30.9809380998663
2018-04-27 12:00:00,2018,4,27,NA,11.5828116317531,21.0134965797649
2018-04-28 12:00:00,2018,4,28,NA,13.1504132917056,19.0004453468984
2018-04-29 12:00:00,2018,4,29,NA,7.16859534811058,16.0385511286718
2018-04-30 12:00:00,2018,4,30,NA,2.79512407289046,18.9179628350091
2018-05-01 12:00:00,2018,5,1,NA,2.95429070530399,20.1548083938777
2018-05-02 12:00:00,2018,5,2,NA,9.48011956093765,22.9268381245985
2018-05-03 12:00:00,2018,5,3,NA,11.3600828150164,20.2604695058476
2018-05-04 12:00:00,2018,5,4,NA,9.67803272073734,17.1752056656817
2018-05-05 12:00:00,2018,5,5,NA,-0.0991807250976571,20.0284540749883
2018-05-06 12:00:00,2018,5,6,NA,7.29350032446373,26.4600185814668
2018-05-07 12:00:00,2018,5,7,NA,10.3059015974914,26.8395323123086
2018-05-08 12:00:00,2018,5,8,NA,9.69722707369487,25.5589435133281
2018-05-09 12:00:00,2018,5,9,NA,11.1296537783618,24.7156123702602
2018-05-10 12:00:00,2018,5,10,NA,12.5555162813316,24.181826175641
2018-05-11 12:00:00,2018,5,11,NA,11.9484072082345,18.7930691288593
2018-05-12 12:00:00,2018,5,12,NA,18.1217236231886,21.0307241355978
2018-05-13 12:00:00,2018,5,13,NA,10.9199064254372,17.764568346062
2018-05-14 12:00:00,2018,5,14,NA,9.55380251378709,20.207673712322
2018-05-15 12:00:00,2018,5,15,NA,5.2772494593009,22.7759318704158
2018-05-16 12:00:00,2018,5,16,NA,5.00993186243288,22.6305301522858
2018-05-17 12:00:00,2018,5,17,NA,7.9101694117889,22.3437790534684
2018-05-18 12:00:00,2018,5,18,NA,7.64079631593798,19.877518502844
2018-05-19 12:00:00,2018,5,19,NA,13.4627644143279,19.6443665676767
2018-05-20 12:00:00,2018,5,20,NA,12.045823202044,22.8639323511369
2018-05-21 12:00:00,2018,5,21,NA,10.407315072588,30.534949872674
2018-05-22 12:00:00,2018,5,22,NA,7.62521986385525,25.329090778412
2018-05-23 12:00:00,2018,5,23,NA,6.25202875294029,22.9577877404491
2018-05-24 12:00:00,2018,5,24,NA,10.2501760164455,25.7878972536243
2018-05-25 12:00:00,2018,5,25,NA,11.2797639026624,28.8903886060529
2018-05-26 12:00:00,2018,5,26,NA,8.67328162161309,20.4708402342314
2018-05-27 12:00:00,2018,5,27,NA,8.82573066370025,23.4215551274072
2018-05-28 12:00:00,2018,5,28,NA,13.2876396916923,24.4867662447454
2018-05-29 12:00:00,2018,5,29,NA,15.1631643941897,28.7491229860881
2018-05-30 12:00:00,2018,5,30,NA,14.6975051544109,25.5755748059641
2018-05-31 12:00:00,2018,5,31,NA,11.7852558794164,27.3431728740126
2018-06-01 12:00:00,2018,6,1,NA,10.2276604989423,26.9102666797764
2018-06-02 12:00:00,2018,6,2,NA,17.9133410832488,26.7078782037203
2018-06-03 12:00:00,2018,6,3,NA,21.8182855536413,28.9484056138927
2018-06-04 12:00:00,2018,6,4,NA,15.825445781728,21.9679974747065
2018-06-05 12:00:00,2018,6,5,NA,15.1413033362589,24.3884452001457
2018-06-06 12:00:00,2018,6,6,NA,11.2758763009318,18.434544945907
2018-06-07 12:00:00,2018,6,7,NA,10.8649026718444,20.0815141150216
2018-06-08 12:00:00,2018,6,8,NA,9.24610221864232,14.7002076675248
2018-06-09 12:00:00,2018,6,9,NA,5.13784726877935,20.6362489098966
2018-06-10 12:00:00,2018,6,10,NA,8.74318735875303,18.5621194639898
2018-06-11 12:00:00,2018,6,11,NA,6.36015987737569,19.0156109583362
2018-06-12 12:00:00,2018,6,12,NA,9.86614441662852,17.0790272545715
2018-06-13 12:00:00,2018,6,13,NA,8.97487585355995,18.053207393531
2018-06-14 12:00:00,2018,6,14,NA,11.507873859037,20.676620826214
2018-06-15 12:00:00,2018,6,15,NA,16.496782953728,24.7604994972879
2018-06-16 12:00:00,2018,6,16,NA,18.2375766295577,24.5836019158198
2018-06-17 12:00:00,2018,6,17,NA,16.7935318040154,29.0342055122316
2018-06-18 12:00:00,2018,6,18,NA,18.3923002684515,25.3017961400049
2018-06-19 12:00:00,2018,6,19,NA,19.6278039321804,27.659460671127
2018-06-20 12:00:00,2018,6,20,NA,8.36157867755012,24.6498145659992
2018-06-21 12:00:00,2018,6,21,NA,17.1899613442994,31.5363188433676
2018-06-22 12:00:00,2018,6,22,NA,19.6408366776827,28.8833885278698
2018-06-23 12:00:00,2018,6,23,NA,15.4842003206973,28.9057492280749
2018-06-24 12:00:00,2018,6,24,NA,15.5051576587689,26.80067658995
2018-06-25 12:00:00,2018,6,25,NA,17.311226347475,27.4660360378007
2018-06-26 12:00:00,2018,6,26,NA,12.0552101709578,28.5543166325629
2018-06-27 12:00:00,2018,6,27,NA,11.7322087305815,33.4399963407182
2018-06-28 12:00:00,2018,6,28,NA,16.617232936689,35.5374243584289
2018-06-29 12:00:00,2018,6,29,NA,18.6193108123763,37.9903637102018
2018-06-30 12:00:00,2018,6,30,NA,22.0301686114701,40.6830267800342
2018-07-01 12:00:00,2018,7,1,NA,19.765525018754,35.2343942760244
2018-07-02 12:00:00,2018,7,2,NA,17.75386101903,34.1932032720569
2018-07-03 12:00:00,2018,7,3,NA,17.4539393687345,30.3544746419312
2018-07-04 12:00:00,2018,7,4,NA,13.6099017455389,29.6397830481134
2018-07-05 12:00:00,2018,7,5,NA,18.1094369578588,30.6070477067651
2018-07-06 12:00:00,2018,7,6,NA,17.7359069834417,36.2474795403495
2018-07-07 12:00:00,2018,7,7,NA,22.5779815608409,40.7537643858245
2018-07-08 12:00:00,2018,7,8,NA,18.1397705920494,34.5547604435339
2018-07-09 12:00:00,2018,7,9,NA,18.0847747241381,29.632578920214
2018-07-10 12:00:00,2018,7,10,NA,14.3481168232554,24.4737294617371
2018-07-11 12:00:00,2018,7,11,NA,16.3291958852922,24.8167186088243
2018-07-12 12:00:00,2018,7,12,NA,16.8711328084817,21.6730040492041
2018-07-13 12:00:00,2018,7,13,NA,19.2638364166711,24.5611496965453
2018-07-14 12:00:00,2018,7,14,NA,19.8402455737087,25.9594947052484
2018-07-15 12:00:00,2018,7,15,NA,17.0397827579594,29.5814006401366
2018-07-16 12:00:00,2018,7,16,NA,11.8357875456549,31.5130528355239
2018-07-17 12:00:00,2018,7,17,NA,15.8152530982979,32.4131183755566
2018-07-18 12:00:00,2018,7,18,NA,16.032428090839,26.2700285162456
2018-07-19 12:00:00,2018,7,19,NA,12.0388327826662,27.2726252901454
2018-07-20 12:00:00,2018,7,20,NA,15.9584408109382,29.4331023962657
2018-07-21 12:00:00,2018,7,21,NA,20.6012016873585,33.1651417874195
2018-07-22 12:00:00,2018,7,22,NA,20.9088122174675,31.7029526903733
2018-07-23 12:00:00,2018,7,23,NA,21.2791860989073,33.5437547793833
2018-07-24 12:00:00,2018,7,24,NA,21.5230077596868,31.0507739962067
2018-07-25 12:00:00,2018,7,25,NA,21.000764456984,33.857293282245
2018-07-26 12:00:00,2018,7,26,NA,22.0770865166192,29.8047911597741
2018-07-27 12:00:00,2018,7,27,NA,19.632171550094,26.8309176057192
2018-07-28 12:00:00,2018,7,28,NA,17.1347874361227,29.0391714196507
2018-07-29 12:00:00,2018,7,29,NA,17.3123732140633,23.1692245764374
2018-07-30 12:00:00,2018,7,30,NA,14.9642584166042,24.5947620677051
2018-07-31 12:00:00,2018,7,31,NA,11.4010720074686,26.0994671830936
2018-08-01 12:00:00,2018,8,1,NA,13.2399627641536,23.7200154513107
2018-08-02 12:00:00,2018,8,2,NA,12.860084793041,25.6561995402667
2018-08-03 12:00:00,2018,8,3,NA,12.9089882467185,22.8118667086863
2018-08-04 12:00:00,2018,8,4,NA,14.1768103935426,23.4232015133167
2018-08-05 12:00:00,2018,8,5,NA,16.529900921337,26.9908316806283
2018-08-06 12:00:00,2018,8,6,NA,17.3021651801743,26.5525349025077
2018-08-07 12:00:00,2018,8,7,NA,14.8888417537601,25.4925906140955
2018-08-08 12:00:00,2018,8,8,NA,15.4873564172812,26.1740600682924
2018-08-09 12:00:00,2018,8,9,NA,17.3400108094881,28.4327724228153
2018-08-10 12:00:00,2018,8,10,NA,12.6761231618009,28.8645736913883
2018-08-11 12:00:00,2018,8,11,NA,13.8360740615107,26.4033328987614
2018-08-12 12:00:00,2018,8,12,NA,14.4656233363296,29.0517456976363
2018-08-13 12:00:00,2018,8,13,NA,13.3469799948624,27.3483377366725
2018-08-14 12:00:00,2018,8,14,NA,18.6185542984849,26.6929364153902
2018-08-15 12:00:00,2018,8,15,NA,16.7748585921465,24.0031326701609
2018-08-16 12:00:00,2018,8,16,NA,17.829659833556,27.9978673696375
2018-08-17 12:00:00,2018,8,17,NA,12.2512303564905,23.9259188491774
2018-08-18 12:00:00,2018,8,18,NA,16.2983632185434,23.4871772937059
2018-08-19 12:00:00,2018,8,19,NA,17.3534020707568,22.1971696447544
2018-08-20 12:00:00,2018,8,20,NA,14.1051013823505,22.1741101901213
2018-08-21 12:00:00,2018,8,21,NA,10.3493577407847,21.6557363472298
2018-08-22 12:00:00,2018,8,22,NA,6.87414318478137,22.8889565507013
2018-08-23 12:00:00,2018,8,23,NA,11.102145448423,21.0071461753149
2018-08-24 12:00:00,2018,8,24,NA,12.3210887759755,22.4892963120569
2018-08-25 12:00:00,2018,8,25,NA,12.2922773254839,20.3722323250006
2018-08-26 12:00:00,2018,8,26,NA,11.3269596454413,24.1882392877901
2018-08-27 12:00:00,2018,8,27,NA,12.3145756033169,22.6356471634356
2018-08-28 12:00:00,2018,8,28,NA,15.3263270446444,23.9555025209763
2018-08-29 12:00:00,2018,8,29,NA,10.8729089618961,25.9787738447946
2018-08-30 12:00:00,2018,8,30,NA,12.8526132351332,26.3527274401205
2018-08-31 12:00:00,2018,8,31,NA,10.3344679128442,27.1077056196946
2018-09-01 12:00:00,2018,9,1,NA,11.8072490006256,23.5214649096124
2018-09-02 12:00:00,2018,9,2,NA,12.7795790836259,22.6824575455936
2018-09-03 12:00:00,2018,9,3,NA,11.5738909316585,20.870378566178
2018-09-04 12:00:00,2018,9,4,NA,13.594826160437,17.1492704670053
2018-09-05 12:00:00,2018,9,5,NA,12.660805161301,19.5805149752322
2018-09-06 12:00:00,2018,9,6,NA,9.71440840000812,23.7418632585214
2018-09-07 12:00:00,2018,9,7,NA,9.59809437910481,20.6483451254008
2018-09-08 12:00:00,2018,9,8,NA,14.6690777107564,24.4039044908408
2018-09-09 12:00:00,2018,9,9,NA,13.011405383237,19.4576007277568
2018-09-10 12:00:00,2018,9,10,NA,12.8700299408637,18.4302886428727
2018-09-11 12:00:00,2018,9,11,NA,11.6637506981035,16.2403139475954
2018-09-12 12:00:00,2018,9,12,NA,9.52397879927272,13.572314672588
2018-09-13 12:00:00,2018,9,13,NA,3.47792166621273,18.5152339641204
2018-09-14 12:00:00,2018,9,14,NA,10.3145428369362,17.7390707548107
2018-09-15 12:00:00,2018,9,15,NA,11.9752765982402,21.7035642677656
2018-09-16 12:00:00,2018,9,16,NA,17.7037503799662,24.7700713341938
2018-09-17 12:00:00,2018,9,17,NA,17.667652842911,27.2393261774981
2018-09-18 12:00:00,2018,9,18,NA,15.7136079203124,22.4883059364217
2018-09-19 12:00:00,2018,9,19,NA,19.7035669001705,21.952005320664
2018-09-20 12:00:00,2018,9,20,NA,15.8311317881535,20.5831526363413
2018-09-21 12:00:00,2018,9,21,NA,11.3691609413091,19.0207635430303
2018-09-22 12:00:00,2018,9,22,NA,12.1272641517433,20.1277642911477
2018-09-23 12:00:00,2018,9,23,NA,8.6523301799297,18.8122047637979
2018-09-24 12:00:00,2018,9,24,NA,6.66874884344274,24.5201258118793
2018-09-25 12:00:00,2018,9,25,NA,9.40770529605807,26.0048940806095
2018-09-26 12:00:00,2018,9,26,NA,14.1384817012231,29.559144138616
2018-09-27 12:00:00,2018,9,27,NA,11.655046984762,26.8065917361767
2018-09-28 12:00:00,2018,9,28,NA,11.4256983651935,28.680806767417
2018-09-29 12:00:00,2018,9,29,NA,13.3636130337708,27.674297072724
2018-09-30 12:00:00,2018,9,30,NA,13.0250641948093,22.3256276841198
2018-10-01 12:00:00,2018,10,1,NA,13.7067371415701,20.405441965864
2018-10-02 12:00:00,2018,10,2,NA,11.2725467426526,20.179519605609
2018-10-03 12:00:00,2018,10,3,NA,14.429858137928,25.5158643060866
2018-10-04 12:00:00,2018,10,4,NA,11.4109509011839,26.733802991904
2018-10-05 12:00:00,2018,10,5,NA,9.3039087109729,23.3689475945739
2018-10-06 12:00:00,2018,10,6,NA,8.61902387486276,21.0325497361378
2018-10-07 12:00:00,2018,10,7,NA,11.7860247561039,23.0365865772473
2018-10-08 12:00:00,2018,10,8,NA,14.2105019999391,20.4115930804499
2018-10-09 12:00:00,2018,10,9,NA,10.8564668152418,21.254670518369
2018-10-10 12:00:00,2018,10,10,NA,12.6751836928858,15.8973595260171
2018-10-11 12:00:00,2018,10,11,NA,8.80856784247054,16.3594139161082
2018-10-12 12:00:00,2018,10,12,NA,10.0643384238801,16.7552356468745
2018-10-13 12:00:00,2018,10,13,NA,7.93583772935779,15.5034385454529
2018-10-14 12:00:00,2018,10,14,NA,4.83231621605519,15.5442250215646
2018-10-15 12:00:00,2018,10,15,NA,8.64482133164742,11.89316098043
2018-10-16 12:00:00,2018,10,16,NA,4.77884119195464,11.0201922958291
2018-10-17 12:00:00,2018,10,17,NA,4.99770937284247,12.3490255201618
2018-10-18 12:00:00,2018,10,18,NA,7.89315995573986,13.2801264448671
2018-10-19 12:00:00,2018,10,19,NA,9.16763500155656,13.8907609557984
2018-10-20 12:00:00,2018,10,20,NA,9.15436385755028,12.4118515504944
2018-10-21 12:00:00,2018,10,21,NA,9.94523334468863,17.4573088183209
2018-10-22 12:00:00,2018,10,22,NA,9.72889722776523,14.452023182007
2018-10-23 12:00:00,2018,10,23,NA,9.6975016294073,13.324071507734
2018-10-24 12:00:00,2018,10,24,NA,7.5409541450463,11.8804238224589
2018-10-25 12:00:00,2018,10,25,NA,9.0843958741356,14.4145803547876
2018-10-26 12:00:00,2018,10,26,NA,2.82738095463279,12.1842240578002
2018-10-27 12:00:00,2018,10,27,NA,3.35608954351418,13.0845097548945
2018-10-28 12:00:00,2018,10,28,NA,3.35974303601894,13.0881632473992
2018-10-29 12:00:00,2018,10,29,NA,5.47029241868826,14.1206221150359
2018-10-30 12:00:00,2018,10,30,NA,0.406981044077736,10.1685426118338
2018-10-31 12:00:00,2018,10,31,NA,3.15492405848455,13.8206328508276
2018-11-01 12:00:00,2018,11,1,NA,1.45239175056062,12.9192163377669
2018-11-02 12:00:00,2018,11,2,NA,0.984817199597158,13.8513923017871
2018-11-03 12:00:00,2018,11,3,NA,6.36933284038784,13.8559116992742
2018-11-04 12:00:00,2018,11,4,NA,3.17255246464627,8.0970338907971
2018-11-05 12:00:00,2018,11,5,NA,3.15789461176023,7.06837571178085
2018-11-06 12:00:00,2018,11,6,NA,5.46589159869467,8.2840586232123
2018-11-07 12:00:00,2018,11,7,NA,0.170284823955486,2.04245441472989
2018-11-08 12:00:00,2018,11,8,NA,0.671881798502904,2.07493057822363
2018-11-09 12:00:00,2018,11,9,NA,0.068243573103957,7.16548815909602
2018-11-10 12:00:00,2018,11,10,NA,4.17148716761613,11.7019915893916
2018-11-11 12:00:00,2018,11,11,NA,8.53574565572645,12.2649616125799
2018-11-12 12:00:00,2018,11,12,NA,6.13476851804712,11.7397954392766
2018-11-13 12:00:00,2018,11,13,NA,4.55464413548851,9.26307676241678
2018-11-14 12:00:00,2018,11,14,NA,3.5619308888128,8.2241429828908
2018-11-15 12:00:00,2018,11,15,NA,3.64510337408773,9.31332535107033
2018-11-16 12:00:00,2018,11,16,NA,6.82159318457541,12.615436972657
2018-11-17 12:00:00,2018,11,17,NA,7.77739685159827,13.8978262185096
2018-11-18 12:00:00,2018,11,18,NA,4.10324001129743,12.3264491625859
2018-11-19 12:00:00,2018,11,19,NA,6.44994703055915,16.1693284724032
2018-11-20 12:00:00,2018,11,20,NA,9.73954117879876,20.4317225877542
2018-11-21 12:00:00,2018,11,21,NA,11.8446651052291,21.1480160026615
2018-11-22 12:00:00,2018,11,22,NA,10.7438924179389,19.2005133727467
2018-11-23 12:00:00,2018,11,23,NA,7.50515206112282,16.8536194599412
2018-11-24 12:00:00,2018,11,24,NA,9.50258109539185,13.2424664767272
2018-11-25 12:00:00,2018,11,25,NA,9.58810198162675,14.2867429104004
2018-11-26 12:00:00,2018,11,26,NA,7.68303422692039,12.4032974483054
2018-11-27 12:00:00,2018,11,27,NA,9.34394477887677,12.1565174831064
2018-11-28 12:00:00,2018,11,28,NA,7.76478781746706,10.2026067022885
2018-11-29 12:00:00,2018,11,29,NA,9.87167584738846,13.6271904969805
2018-11-30 12:00:00,2018,11,30,NA,10.1741833754226,18.1672270163253
2018-12-01 12:00:00,2018,12,1,NA,7.01514673708817,13.8137365059532
2018-12-02 12:00:00,2018,12,2,NA,6.71984960992347,13.7229233232273
2018-12-03 12:00:00,2018,12,3,NA,6.63596157729903,11.5967886978104
2018-12-04 12:00:00,2018,12,4,NA,0.880552798617588,2.91974838538031
2018-12-05 12:00:00,2018,12,5,NA,-3.10783531407774,2.96656602646361
2018-12-06 12:00:00,2018,12,6,NA,-1.0058288996703,2.9289370710434
2018-12-07 12:00:00,2018,12,7,NA,-2.95664838249276,-2.38838387929985
2018-12-08 12:00:00,2018,12,8,NA,-4.18177399183011,-0.123828952198403
2018-12-09 12:00:00,2018,12,9,NA,-1.64302165981513,4.37426623082488
2018-12-10 12:00:00,2018,12,10,NA,1.2056369637896,8.20995147280915
2018-12-11 12:00:00,2018,12,11,NA,4.48738228126556,6.51275949323872
2018-12-12 12:00:00,2018,12,12,NA,8.29284878289967,11.5762344935839
2018-12-13 12:00:00,2018,12,13,NA,6.12771788540402,10.1525722880697
2018-12-14 12:00:00,2018,12,14,NA,4.87876306581284,9.82718338365571
2018-12-15 12:00:00,2018,12,15,NA,2.3056495038282,8.1773929692775
2018-12-16 12:00:00,2018,12,16,NA,1.75719668432766,5.62432196957231
2018-12-17 12:00:00,2018,12,17,NA,2.72381834739205,5.77675251142077
2018-12-18 12:00:00,2018,12,18,NA,4.57202071455589,6.52906267072171
2018-12-19 12:00:00,2018,12,19,NA,3.79511126385286,8.75593838436418
2018-12-20 12:00:00,2018,12,20,NA,5.25870969226442,10.7957704737203
2018-12-21 12:00:00,2018,12,21,NA,2.41489374979464,8.43839432870291
2018-12-22 12:00:00,2018,12,22,NA,2.13695156141888,5.91441237862523
2018-12-23 12:00:00,2018,12,23,NA,0.875257509872786,2.88794040627174
2018-12-24 12:00:00,2018,12,24,NA,-3.02508030104031,-0.16262236949794
2018-12-25 12:00:00,2018,12,25,NA,-5.13263838735995,-4.57394200451775
2018-12-26 12:00:00,2018,12,26,NA,-5.1275448179668,-4.10947353549361
2018-12-27 12:00:00,2018,12,27,NA,-4.32665103683969,-1.38353300427311
2018-12-28 12:00:00,2018,12,28,NA,-5.57973985885435,-3.13335211029848
2018-12-29 12:00:00,2018,12,29,NA,-4.15703682993304,1.95795589500891
2018-12-30 12:00:00,2018,12,30,NA,-2.0408246622879,0.867209854922655
2018-12-31 12:00:00,2018,12,31,NA,-4.14679473135726,0.949476977407542
2019-01-01 12:00:00,2019,1,1,NA,-1.09201965501232,2.84274631570138
2019-01-02 12:00:00,2019,1,2,NA,1.42296965468585,5.47211455080034
2019-01-03 12:00:00,2019,1,3,NA,-2.35633068759486,3.93394256296941
2019-01-04 12:00:00,2019,1,4,NA,-3.50070945266239,3.82846342076515
2019-01-05 12:00:00,2019,1,5,NA,-6.23463764599265,-0.0601651525229712
2019-01-06 12:00:00,2019,1,6,NA,0.63123272249487,2.8570792266794
2019-01-07 12:00:00,2019,1,7,NA,3.3421099188662,6.12673531444934
2019-01-08 12:00:00,2019,1,8,NA,1.37376125020341,7.08616970779403
2019-01-09 12:00:00,2019,1,9,NA,1.20508968360559,2.21102222999247
2019-01-10 12:00:00,2019,1,10,NA,-0.891794436413331,6.33325622779243
2019-01-11 12:00:00,2019,1,11,NA,4.10091354208909,10.8054392858059
2019-01-12 12:00:00,2019,1,12,NA,1.82103484976062,4.65587102764292
2019-01-13 12:00:00,2019,1,13,NA,3.33658795096144,6.04734531519781
2019-01-14 12:00:00,2019,1,14,NA,3.12881624701261,6.27830163145953
2019-01-15 12:00:00,2019,1,15,NA,0.362239524732433,5.70097615214223
2019-01-16 12:00:00,2019,1,16,NA,-0.91000210949331,5.22160415103904
2019-01-17 12:00:00,2019,1,17,NA,0.118773884177385,4.27577823130834
2019-01-18 12:00:00,2019,1,18,NA,1.51996933810054,5.96815533900893
2019-01-19 12:00:00,2019,1,19,NA,4.03645516964212,9.96591361873659
2019-01-20 12:00:00,2019,1,20,NA,0.396932472179237,8.7203321295944
2019-01-21 12:00:00,2019,1,21,NA,3.66863360046423,10.1973815564807
2019-01-22 12:00:00,2019,1,22,NA,0.162223024675948,5.149867301829
2019-01-23 12:00:00,2019,1,23,NA,-0.813386063164798,4.26206848557052
2019-01-24 12:00:00,2019,1,24,NA,1.07999342836019,8.54136000167529
2019-01-25 12:00:00,2019,1,25,NA,1.07612200612942,6.66399393472901
2019-01-26 12:00:00,2019,1,26,NA,-1.1670780172462,1.98240736720072
2019-01-27 12:00:00,2019,1,27,NA,-2.40865388247803,1.46686124969243
2019-01-28 12:00:00,2019,1,28,NA,-3.10742370283683,1.08750966190215
2019-01-29 12:00:00,2019,1,29,NA,-13.8202647522672,-8.9287045690956
2019-01-30 12:00:00,2019,1,30,NA,-15.3391504580126,-8.64106917068931
2019-01-31 12:00:00,2019,1,31,NA,-13.7717457023431,-5.73654240745484
2019-02-01 12:00:00,2019,2,1,NA,-5.61089554625688,0.917852409759623
2019-02-02 12:00:00,2019,2,2,NA,-1.20843651046619,7.06107258951949
2019-02-03 12:00:00,2019,2,3,NA,-0.272133504301427,5.47240230610936
2019-02-04 12:00:00,2019,2,4,NA,0.392049458304786,5.55272708764427
2019-02-05 12:00:00,2019,2,5,NA,0.432632453270292,4.96045780982789
2019-02-06 12:00:00,2019,2,6,NA,5.76586942635256,8.9882258890741
2019-02-07 12:00:00,2019,2,7,NA,5.2501517175087,8.27913701673259
2019-02-08 12:00:00,2019,2,8,NA,5.28526056446197,6.23973820102196
2019-02-09 12:00:00,2019,2,9,NA,3.76755517647984,6.02344864535102
2019-02-10 12:00:00,2019,2,10,NA,5.28149099713129,8.43730743650422
2019-02-11 12:00:00,2019,2,11,NA,4.06173673510433,9.34788804877241
2019-02-12 12:00:00,2019,2,12,NA,0.911402228674868,10.2705709502608
2019-02-13 12:00:00,2019,2,13,NA,5.76388659336424,16.9872372959896
2019-02-14 12:00:00,2019,2,14,NA,5.54485179649944,15.8973070199902
2019-02-15 12:00:00,2019,2,15,NA,5.55385714531017,15.3905044474617
2019-02-16 12:00:00,2019,2,16,NA,5.39960450407157,10.505775454645
2019-02-17 12:00:00,2019,2,17,NA,7.01356637426551,9.43961379152756
2019-02-18 12:00:00,2019,2,18,NA,6.74154668653216,10.7746173426353
2019-02-19 12:00:00,2019,2,19,NA,6.49302401917289,11.3690430055662
2019-02-20 12:00:00,2019,2,20,NA,8.05589207922031,12.4920408058726
2019-02-21 12:00:00,2019,2,21,NA,7.68491789687315,10.9539986515831
2019-02-22 12:00:00,2019,2,22,NA,8.64541829395638,14.3217077484005
2019-02-23 12:00:00,2019,2,23,NA,4.42202413929752,9.25326145406525
2019-02-24 12:00:00,2019,2,24,NA,1.38942187194787,7.87001525973368
2019-02-25 12:00:00,2019,2,25,NA,-1.97121497504038,7.61989668925552
2019-02-26 12:00:00,2019,2,26,NA,-2.05628399703383,5.73354074277654
2019-02-27 12:00:00,2019,2,27,NA,-2.77234401682,1.46069204360342
2019-02-28 12:00:00,2019,2,28,NA,-3.74244116518433,5.21466621580652
2019-03-01 12:00:00,2019,3,1,NA,-1.49857878341672,3.2440478963168
2019-03-02 12:00:00,2019,3,2,NA,2.9906827706293,5.44482953354292
2019-03-03 12:00:00,2019,3,3,NA,-1.09774311779405,2.60246760519519
2019-03-04 12:00:00,2019,3,4,NA,-3.40057648748331,3.22479527681541
2019-03-05 12:00:00,2019,3,5,NA,-5.97554539144058,6.25685992016578
2019-03-06 12:00:00,2019,3,6,NA,-6.10174923837212,6.26727363751544
2019-03-07 12:00:00,2019,3,7,NA,-1.4089553062176,11.0829116045806
2019-03-08 12:00:00,2019,3,8,NA,0.369834508156474,13.6253934559618
2019-03-09 12:00:00,2019,3,9,NA,5.03149721358216,16.6467512751235
2019-03-10 12:00:00,2019,3,10,NA,4.81513026891054,13.7844799536798
2019-03-11 12:00:00,2019,3,11,NA,7.97191545654252,13.628163633297
2019-03-12 12:00:00,2019,3,12,NA,8.11259558597193,12.1961538632395
2019-03-13 12:00:00,2019,3,13,NA,5.94272191336207,11.4058615759083
2019-03-14 12:00:00,2019,3,14,NA,5.46732947734099,9.12071358777803
2019-03-15 12:00:00,2019,3,15,NA,6.38887252053019,11.0278803325449
2019-03-16 12:00:00,2019,3,16,NA,4.6257624220912,10.0128937513396
2019-03-17 12:00:00,2019,3,17,NA,5.90105713943731,6.29722495630717
2019-03-18 12:00:00,2019,3,18,NA,3.59990564516741,7.77567855566067
2019-03-19 12:00:00,2019,3,19,NA,5.31742386321836,11.1333438488517
2019-03-20 12:00:00,2019,3,20,NA,2.74707310960429,11.2710473538265
2019-03-21 12:00:00,2019,3,21,NA,1.51413996164683,10.7895678844192
2019-03-22 12:00:00,2019,3,22,NA,4.11992552675554,10.4294784219731
2019-03-23 12:00:00,2019,3,23,NA,4.47557443957763,12.9554697343587
2019-03-24 12:00:00,2019,3,24,NA,6.57747968976795,14.8031805141716
2019-03-25 12:00:00,2019,3,25,NA,6.99634029431399,13.7920085449535
2019-03-26 12:00:00,2019,3,26,NA,8.12651350928669,18.0120056519351
2019-03-27 12:00:00,2019,3,27,NA,8.06273355081109,14.5206419140229
2019-03-28 12:00:00,2019,3,28,NA,10.6118002099436,17.2253725740564
2019-03-29 12:00:00,2019,3,29,NA,10.7599917778634,13.103996129841
2019-03-30 12:00:00,2019,3,30,NA,9.06674382815822,18.1620601312548
2019-03-31 12:00:00,2019,3,31,NA,5.60183658532566,13.4208573468919
2019-04-01 12:00:00,2019,4,1,NA,6.55740422231547,12.5587601212069
2019-04-02 12:00:00,2019,4,2,NA,4.24374889389871,8.72653471449454
2019-04-03 12:00:00,2019,4,3,NA,3.65306427129851,7.29949349246696
2019-04-04 12:00:00,2019,4,4,NA,-3.74025632257229,8.28216022924361
2019-04-05 12:00:00,2019,4,5,NA,-6.17703737264502,10.7776303829594
2019-04-06 12:00:00,2019,4,6,NA,-4.95137925333852,11.122475249582
2019-04-07 12:00:00,2019,4,7,NA,-2.66557200496622,12.5490817132493
2019-04-08 12:00:00,2019,4,8,NA,0.241354582599351,15.6016234838641
2019-04-09 12:00:00,2019,4,9,NA,-1.34832286688586,11.2983850885268
2019-04-10 12:00:00,2019,4,10,NA,-1.66793928899294,12.770202887597
2019-04-11 12:00:00,2019,4,11,NA,-4.3637577912097,16.6322381264819
2019-04-12 12:00:00,2019,4,12,NA,-3.34485891492283,16.6791019557024
2019-04-13 12:00:00,2019,4,13,NA,0.962837134547126,17.3520119403483
2019-04-14 12:00:00,2019,4,14,NA,1.05960916524028,17.1334636681608
2019-04-15 12:00:00,2019,4,15,NA,2.26055617584521,18.4963362358955
2019-04-16 12:00:00,2019,4,16,NA,3.08976873935985,16.4589389531171
2019-04-17 12:00:00,2019,4,17,NA,-1.42329626112276,12.8525228810712
2019-04-18 12:00:00,2019,4,18,NA,-0.47220508904991,12.7087914454735
2019-04-19 12:00:00,2019,4,19,NA,-0.340334890190348,8.91493750174629
2019-04-20 12:00:00,2019,4,20,NA,4.33522825888837,10.3847007999703
2019-04-21 12:00:00,2019,4,21,NA,8.91274893776666,15.363352204128
2019-04-22 12:00:00,2019,4,22,NA,9.65365854790218,18.03352335792
2019-04-23 12:00:00,2019,4,23,NA,3.67763571562557,14.8837041885975
2019-04-24 12:00:00,2019,4,24,NA,3.07047998704498,12.2772506799178
2019-04-25 12:00:00,2019,4,25,NA,3.63548624072174,14.2130511085711
2019-04-26 12:00:00,2019,4,26,NA,3.95423547244178,14.7829411206979
2019-04-27 12:00:00,2019,4,27,NA,8.67051571554872,16.2935065907499
2019-04-28 12:00:00,2019,4,28,NA,3.52638724911892,19.1494911689364
2019-04-29 12:00:00,2019,4,29,NA,5.43765801132858,18.908551455081
2019-04-30 12:00:00,2019,4,30,NA,4.48378568675577,19.7653761781857
2019-05-01 12:00:00,2019,5,1,NA,6.22121989270846,18.8679278481211
2019-05-02 12:00:00,2019,5,2,NA,7.5117580674491,22.1879457517717
2019-05-03 12:00:00,2019,5,3,NA,10.6283542100906,24.2125146381871
2019-05-04 12:00:00,2019,5,4,NA,15.5826297807936,18.519573404505
2019-05-05 12:00:00,2019,5,5,NA,12.2923411945757,20.8097089964781
2019-05-06 12:00:00,2019,5,6,NA,12.3467230172053,21.432719527479
2019-05-07 12:00:00,2019,5,7,NA,12.9725375104158,19.8831649956772
2019-05-08 12:00:00,2019,5,8,NA,14.583372073686,22.3682295846057
2019-05-09 12:00:00,2019,5,9,NA,14.8114217985426,23.2038443706813
2019-05-10 12:00:00,2019,5,10,NA,14.1916125977057,27.6000753139442
2019-05-11 12:00:00,2019,5,11,NA,10.295060397161,18.6423831187774
2019-05-12 12:00:00,2019,5,12,NA,10.9774749779815,19.7664071321671
2019-05-13 12:00:00,2019,5,13,NA,6.35176250995428,20.9475869736613
2019-05-14 12:00:00,2019,5,14,NA,14.9841110268614,17.8942039297282
2019-05-15 12:00:00,2019,5,15,NA,17.0686287026894,19.0294781729401
2019-05-16 12:00:00,2019,5,16,NA,9.85047053399367,24.492935059318
2019-05-17 12:00:00,2019,5,17,NA,13.0150710584552,23.6909744156498
2019-05-18 12:00:00,2019,5,18,NA,9.66203578932738,18.3785891739291
2019-05-19 12:00:00,2019,5,19,NA,6.76350454520967,16.0841989262937
2019-05-20 12:00:00,2019,5,20,NA,8.75341299450655,17.6891743992505
2019-05-21 12:00:00,2019,5,21,NA,11.2620857941935,18.9362972710113
2019-05-22 12:00:00,2019,5,22,NA,12.6902224481714,18.7157629327554
2019-05-23 12:00:00,2019,5,23,NA,13.0669635316419,20.8977653727872
2019-05-24 12:00:00,2019,5,24,NA,12.2340496869228,22.9099530441174
2019-05-25 12:00:00,2019,5,25,NA,12.4178170459677,23.1144518353376
2019-05-26 12:00:00,2019,5,26,NA,8.05143972165824,20.6427794181725
2019-05-27 12:00:00,2019,5,27,NA,4.59422605770381,21.1225118230075
2019-05-28 12:00:00,2019,5,28,NA,7.06080885367714,19.671889504333
2019-05-29 12:00:00,2019,5,29,NA,6.954717610465,18.2350144109885
2019-05-30 12:00:00,2019,5,30,NA,2.7932414729194,21.0553450926671
2019-05-31 12:00:00,2019,5,31,NA,6.34270487149086,18.221619108051
2019-06-01 12:00:00,2019,6,1,NA,9.41427226986302,19.11504863968
2019-06-02 12:00:00,2019,6,2,NA,10.608509969267,24.2539570043828
2019-06-03 12:00:00,2019,6,3,NA,11.3997490907824,25.1487158947264
2019-06-04 12:00:00,2019,6,4,NA,14.0135371419349,23.2700940055481
2019-06-05 12:00:00,2019,6,5,NA,14.9165208146306,26.424066743807
2019-06-06 12:00:00,2019,6,6,NA,20.1015727471114,29.3307777708738
2019-06-07 12:00:00,2019,6,7,NA,14.837861134118,24.0872265870926
2019-06-08 12:00:00,2019,6,8,NA,19.5738603385118,26.7867431764548
2019-06-09 12:00:00,2019,6,9,NA,16.683618939473,24.9338662388703
2019-06-10 12:00:00,2019,6,10,NA,14.2468559431702,27.035961337648
2019-06-11 12:00:00,2019,6,11,NA,13.0159327611039,27.4815505612295
2019-06-12 12:00:00,2019,6,12,NA,17.4535220025682,24.8948902642374
2019-06-13 12:00:00,2019,6,13,NA,16.3313027064867,28.2586509922677
2019-06-14 12:00:00,2019,6,14,NA,19.8524289186404,31.124468007036
2019-06-15 12:00:00,2019,6,15,NA,15.9260818473141,32.3324522288978
2019-06-16 12:00:00,2019,6,16,NA,21.8865007745297,30.2614288709342
2019-06-17 12:00:00,2019,6,17,NA,19.4121465664028,29.2310786716395
2019-06-18 12:00:00,2019,6,18,NA,17.0511844714075,27.3313594857171
2019-06-19 12:00:00,2019,6,19,NA,20.3785938969704,27.3591525847667
2019-06-20 12:00:00,2019,6,20,NA,22.4814622747487,28.6158965626898
2019-06-21 12:00:00,2019,6,21,NA,19.3817659168599,25.6908162411482
2019-06-22 12:00:00,2019,6,22,NA,16.2001657775303,23.4117455325332
2019-06-23 12:00:00,2019,6,23,NA,11.5899121270323,22.9449734375252
2019-06-24 12:00:00,2019,6,24,NA,8.77393772030978,20.9586948041322
2019-06-25 12:00:00,2019,6,25,NA,6.54685568044226,22.9532260620259
2019-06-26 12:00:00,2019,6,26,NA,15.6220391905595,19.4587562224059
2019-06-27 12:00:00,2019,6,27,NA,20.5288351143348,22.5951286101955
2019-06-28 12:00:00,2019,6,28,NA,18.9766602389571,25.2730609265965
2019-06-29 12:00:00,2019,6,29,NA,19.7197376807403,27.6416815387757
2019-06-30 12:00:00,2019,6,30,NA,16.3680109316678,27.1861710808387
2019-07-01 12:00:00,2019,7,1,NA,20.2651022762079,27.494744903766
2019-07-02 12:00:00,2019,7,2,NA,16.7050239953632,27.1119849100214
2019-07-03 12:00:00,2019,7,3,NA,13.4104981787049,25.5475465897288
2019-07-04 12:00:00,2019,7,4,NA,17.5690727553632,29.7172681721508
2019-07-05 12:00:00,2019,7,5,NA,17.537971897274,29.976709089254
2019-07-06 12:00:00,2019,7,6,NA,17.1243433206873,24.7484442550855
2019-07-07 12:00:00,2019,7,7,NA,11.7060274250082,24.4134261972852
2019-07-08 12:00:00,2019,7,8,NA,12.1515812589494,26.6518625478742
2019-07-09 12:00:00,2019,7,9,NA,14.1990670947742,26.0661196829212
2019-07-10 12:00:00,2019,7,10,NA,16.8734915798827,28.2697794650289
2019-07-11 12:00:00,2019,7,11,NA,16.0788443813595,29.1098675112375
2019-07-12 12:00:00,2019,7,12,NA,15.9188349891144,30.0969197592074
2019-07-13 12:00:00,2019,7,13,NA,18.5985135924236,31.9523983893458
2019-07-14 12:00:00,2019,7,14,NA,15.196401322621,24.8250251292602
2019-07-15 12:00:00,2019,7,15,NA,12.5350118000358,26.7130965701288
2019-07-16 12:00:00,2019,7,16,NA,14.2270427962427,22.6225656062528
2019-07-17 12:00:00,2019,7,17,NA,11.4126946449031,25.295660239171
2019-07-18 12:00:00,2019,7,18,NA,15.3797154528897,25.561257070271
2019-07-19 12:00:00,2019,7,19,NA,21.3077843651695,26.6515990573503
2019-07-20 12:00:00,2019,7,20,NA,16.433525370511,22.8003226192135
2019-07-21 12:00:00,2019,7,21,NA,21.3990569338057,24.2111561818847
2019-07-22 12:00:00,2019,7,22,NA,16.3008386108001,26.6805793366702
2019-07-23 12:00:00,2019,7,23,NA,18.9853865970036,27.9827196846847
2019-07-24 12:00:00,2019,7,24,NA,16.6874123114758,29.3948110837528
2019-07-25 12:00:00,2019,7,25,NA,18.7092263498039,28.7563678845463
2019-07-26 12:00:00,2019,7,26,NA,18.6735803800565,33.7909222520906
2019-07-27 12:00:00,2019,7,27,NA,17.9399816096737,29.0632106072198
2019-07-28 12:00:00,2019,7,28,NA,17.236402075862,32.3521021479101
2019-07-29 12:00:00,2019,7,29,NA,21.5674707183508,25.6264088616143
2019-07-30 12:00:00,2019,7,30,NA,22.717409091077,30.3931562254242
2019-07-31 12:00:00,2019,7,31,NA,21.1625932420373,30.5422399312921
2019-08-01 12:00:00,2019,8,1,NA,15.5999816764165,32.7917002329103
2019-08-02 12:00:00,2019,8,2,NA,20.4962314323251,33.345082172613
2019-08-03 12:00:00,2019,8,3,NA,18.9451383452233,35.7451593265047
2019-08-04 12:00:00,2019,8,4,NA,17.3181289064101,27.1363992154471
2019-08-05 12:00:00,2019,8,5,NA,12.8745134342317,28.6711420849237
2019-08-06 12:00:00,2019,8,6,NA,13.6282940204782,27.054724701864
2019-08-07 12:00:00,2019,8,7,NA,15.8465104249408,26.1535343719807
2019-08-08 12:00:00,2019,8,8,NA,16.6438386504826,25.6122225290509
2019-08-09 12:00:00,2019,8,9,NA,21.6943824515275,24.4444162032926
2019-08-10 12:00:00,2019,8,10,NA,16.6931676241476,25.0702591970771
2019-08-11 12:00:00,2019,8,11,NA,16.7311502036523,24.8140423218369
2019-08-12 12:00:00,2019,8,12,NA,11.7354710926401,25.6669137628327
2019-08-13 12:00:00,2019,8,13,NA,10.9822905414461,27.7260799541527
2019-08-14 12:00:00,2019,8,14,NA,15.6866965905393,30.1854048481294
2019-08-15 12:00:00,2019,8,15,NA,14.1588593037451,28.7567145718378
2019-08-16 12:00:00,2019,8,16,NA,16.2216518168761,30.7675402680874
2019-08-17 12:00:00,2019,8,17,NA,16.78567202277,30.6377968242879
2019-08-18 12:00:00,2019,8,18,NA,18.9952569406177,29.2207312969187
2019-08-19 12:00:00,2019,8,19,NA,17.4176968326434,24.6404863224099
2019-08-20 12:00:00,2019,8,20,NA,17.114895655283,28.4909136283422
2019-08-21 12:00:00,2019,8,21,NA,16.2546013115064,28.0335043301873
2019-08-22 12:00:00,2019,8,22,NA,17.3570772562444,30.8048883167332
2019-08-23 12:00:00,2019,8,23,NA,21.3705678019075,29.4534599200922
2019-08-24 12:00:00,2019,8,24,NA,19.499263528263,28.468617142396
2019-08-25 12:00:00,2019,8,25,NA,14.4967532987385,22.9361348711946
2019-08-26 12:00:00,2019,8,26,NA,12.4382811966924,21.5927492019459
2019-08-27 12:00:00,2019,8,27,NA,10.3525116696703,20.255390131638
2019-08-28 12:00:00,2019,8,28,NA,9.7854684843639,23.7158888209879
2019-08-29 12:00:00,2019,8,29,NA,15.3658498480431,28.2271294903919
2019-08-30 12:00:00,2019,8,30,NA,17.6765167362626,28.4361343878104
2019-08-31 12:00:00,2019,8,31,NA,21.2417956137192,33.5382010528188
2019-09-01 12:00:00,2019,9,1,NA,22.0276210188301,28.8693732725217
2019-09-02 12:00:00,2019,9,2,NA,23.1532149675306,27.7624176772819
2019-09-03 12:00:00,2019,9,3,NA,16.4405943385025,24.1698888164032
2019-09-04 12:00:00,2019,9,4,NA,18.1741601067836,28.2279951436033
2019-09-05 12:00:00,2019,9,5,NA,19.8968540381951,29.659986900384
2019-09-06 12:00:00,2019,9,6,NA,16.5052239897939,25.8057874791043
2019-09-07 12:00:00,2019,9,7,NA,17.0831602769703,26.8179870570547
2019-09-08 12:00:00,2019,9,8,NA,16.1400791633744,27.0534976920656
2019-09-09 12:00:00,2019,9,9,NA,17.3575353205471,29.8433188388906
2019-09-10 12:00:00,2019,9,10,NA,17.1660857708116,26.5819191589804
2019-09-11 12:00:00,2019,9,11,NA,14.0619419827579,28.2370800722445
2019-09-12 12:00:00,2019,9,12,NA,17.4158936195583,26.2609136900397
2019-09-13 12:00:00,2019,9,13,NA,18.9584143915545,25.7459798565899
2019-09-14 12:00:00,2019,9,14,NA,15.1046236345514,21.3157442315814
2019-09-15 12:00:00,2019,9,15,NA,14.641798767491,18.5437816211349
2019-09-16 12:00:00,2019,9,16,NA,13.0441458486559,20.6371930586244
2019-09-17 12:00:00,2019,9,17,NA,11.2470286066111,19.0456630264624
2019-09-18 12:00:00,2019,9,18,NA,14.7821004437189,19.2806938497349
2019-09-19 12:00:00,2019,9,19,NA,14.7639687808114,19.2979336424382
2019-09-20 12:00:00,2019,9,20,NA,14.5222062873022,19.5529663117891
2019-09-21 12:00:00,2019,9,21,NA,12.6215836661662,23.6100361343013
2019-09-22 12:00:00,2019,9,22,NA,13.4605375572547,24.3475557451077
2019-09-23 12:00:00,2019,9,23,NA,15.8585924204575,23.4763072630605
2019-09-24 12:00:00,2019,9,24,NA,13.9834605392183,20.7710260042537
2019-09-25 12:00:00,2019,9,25,NA,11.419839979727,25.3210728482896
2019-09-26 12:00:00,2019,9,26,NA,6.95671986449142,23.7383551576002
2019-09-27 12:00:00,2019,9,27,NA,10.8255382958408,18.741716175257
2019-09-28 12:00:00,2019,9,28,NA,9.7069409769105,19.2885667899243
2019-09-29 12:00:00,2019,9,29,NA,7.11273455525289,25.5365831891219
2019-09-30 12:00:00,2019,9,30,NA,7.73425043393064,19.4467918023285
2019-10-01 12:00:00,2019,10,1,NA,6.33384978898006,18.8547915697855
2019-10-02 12:00:00,2019,10,2,NA,9.38968042302459,21.3245768408663
2019-10-03 12:00:00,2019,10,3,NA,10.7149606871798,20.1908907797996
2019-10-04 12:00:00,2019,10,4,NA,10.3592187866084,24.1739762548266
2019-10-05 12:00:00,2019,10,5,NA,10.2894275519252,23.293672781491
2019-10-06 12:00:00,2019,10,6,NA,15.1346206566824,20.4745640146958
2019-10-07 12:00:00,2019,10,7,NA,13.3939293677489,20.7941423620225
2019-10-08 12:00:00,2019,10,8,NA,11.9279331080859,18.4302701843701
2019-10-09 12:00:00,2019,10,9,NA,10.879429111912,16.2921692454218
2019-10-10 12:00:00,2019,10,10,NA,8.39224124747726,20.2787380982827
2019-10-11 12:00:00,2019,10,11,NA,12.7348140363275,18.0544823792411
2019-10-12 12:00:00,2019,10,12,NA,11.3696220461793,17.6109731500537
2019-10-13 12:00:00,2019,10,13,NA,13.303146071529,20.7557185365755
2019-10-14 12:00:00,2019,10,14,NA,14.4007210711002,21.7056197565065
2019-10-15 12:00:00,2019,10,15,NA,16.0656310615542,19.281136355171
2019-10-16 12:00:00,2019,10,16,NA,13.4058509897214,20.1761299094827
2019-10-17 12:00:00,2019,10,17,NA,8.9575147655626,17.1933378010329
2019-10-18 12:00:00,2019,10,18,NA,10.1789260943831,23.4038738083794
2019-10-19 12:00:00,2019,10,19,NA,10.8925372703429,18.2118237937999
2019-10-20 12:00:00,2019,10,20,NA,10.6494841100079,24.6983386084945
2019-10-21 12:00:00,2019,10,21,NA,10.5833186925957,18.115089927268
2019-10-22 12:00:00,2019,10,22,NA,12.1039359653578,18.2215884109591
2019-10-23 12:00:00,2019,10,23,NA,11.9625990980523,18.2158091218034
2019-10-24 12:00:00,2019,10,24,NA,17.6668216232294,20.2397026944914
2019-10-25 12:00:00,2019,10,25,NA,13.5830988754486,19.824449979323
2019-10-26 12:00:00,2019,10,26,NA,13.9848291764304,19.3881180589708
2019-10-27 12:00:00,2019,10,27,NA,13.2138386813866,21.2788736361227
2019-10-28 12:00:00,2019,10,28,NA,16.5608987947254,23.1101482103886
2019-10-29 12:00:00,2019,10,29,NA,14.5828478643058,26.0496724515121
2019-10-30 12:00:00,2019,10,30,NA,12.3833993149568,25.2615088025888
2019-10-31 12:00:00,2019,10,31,NA,14.7358181791326,24.125194044592
2019-11-01 12:00:00,2019,11,1,NA,10.4231086909541,21.2798282097908
2019-11-02 12:00:00,2019,11,2,NA,10.6344755346348,19.3235608551332
2019-11-03 12:00:00,2019,11,3,NA,6.51576794402931,15.0937700721129
2019-11-04 12:00:00,2019,11,4,NA,10.4232578961382,14.9425292542938
2019-11-05 12:00:00,2019,11,5,NA,7.33408582864766,14.1567244249187
2019-11-06 12:00:00,2019,11,6,NA,7.88372467076196,16.2465508640563
2019-11-07 12:00:00,2019,11,7,NA,7.02488405244261,17.3031602396685
2019-11-08 12:00:00,2019,11,8,NA,10.3425335202262,17.0337937757277
2019-11-09 12:00:00,2019,11,9,NA,9.19646185962519,13.7528226654054
2019-11-10 12:00:00,2019,11,10,NA,8.32907328366836,12.2812113987331
2019-11-11 12:00:00,2019,11,11,NA,10.9250844510692,14.6805991006612
2019-11-12 12:00:00,2019,11,12,NA,11.3086379390823,15.0347151222751
2019-11-13 12:00:00,2019,11,13,NA,8.83088878759218,15.8076425321677
2019-11-14 12:00:00,2019,11,14,NA,1.67414490444541,10.8961639500358
2019-11-15 12:00:00,2019,11,15,NA,3.2063987798881,13.5825961048604
2019-11-16 12:00:00,2019,11,16,NA,1.9345480301727,15.8204217209677
2019-11-17 12:00:00,2019,11,17,NA,2.17837266652428,9.62195255115707
2019-11-18 12:00:00,2019,11,18,NA,7.28149137022123,8.75937886398964
2019-11-19 12:00:00,2019,11,19,NA,1.18660428168728,3.52968094004549
2019-11-20 12:00:00,2019,11,20,NA,1.46856726690092,6.18883048828589
2019-11-21 12:00:00,2019,11,21,NA,0.122954120995127,7.58311633459447
2019-11-22 12:00:00,2019,11,22,NA,4.47094463995036,11.9308069098776
2019-11-23 12:00:00,2019,11,23,NA,6.55022735155791,12.4605646882959
2019-11-24 12:00:00,2019,11,24,NA,7.38789262112102,12.0631527483904
2019-11-25 12:00:00,2019,11,25,NA,5.48192011154518,8.30133789355682
2019-11-26 12:00:00,2019,11,26,NA,6.80754930814296,11.4815920479303
2019-11-27 12:00:00,2019,11,27,NA,5.30634119360515,13.0710364289987
2019-11-28 12:00:00,2019,11,28,NA,6.32919840472763,10.5287989561713
2019-11-29 12:00:00,2019,11,29,NA,-0.48321712548653,1.38454445682311
2019-11-30 12:00:00,2019,11,30,NA,2.00720095201912,4.86857505904553
2019-12-01 12:00:00,2019,12,1,NA,-1.88422334414909,1.12573541415722
2019-12-02 12:00:00,2019,12,2,NA,0.118158504261428,4.02369448151355
2019-12-03 12:00:00,2019,12,3,NA,-2.08659202221479,2.33044134526387
2019-12-04 12:00:00,2019,12,4,NA,-3.79866476436503,-0.74573060033631
2019-12-05 12:00:00,2019,12,5,NA,-2.3146634315888,2.7739141363496
2019-12-06 12:00:00,2019,12,6,NA,4.5758705274054,9.55899562152902
2019-12-07 12:00:00,2019,12,7,NA,3.23471262873925,11.1908715759967
2019-12-08 12:00:00,2019,12,8,NA,6.82863303068796,16.4745878599345
2019-12-09 12:00:00,2019,12,9,NA,8.11820881668645,16.6734021660188
2019-12-10 12:00:00,2019,12,10,NA,5.48450131399967,10.5730788819381
2019-12-11 12:00:00,2019,12,11,NA,2.24671711856729,7.11222356968958
2019-12-12 12:00:00,2019,12,12,NA,-0.537391103383282,4.72696440687062
2019-12-13 12:00:00,2019,12,13,NA,-2.54539569204,3.47189219860001
2019-12-14 12:00:00,2019,12,14,NA,-2.43564524323979,3.63875609730157
2019-12-15 12:00:00,2019,12,15,NA,-5.86975227761961,2.0602703970834
2019-12-16 12:00:00,2019,12,16,NA,0.289715191223524,9.21109148346476
2019-12-17 12:00:00,2019,12,17,NA,4.02053483569445,12.1287603338834
2019-12-18 12:00:00,2019,12,18,NA,5.90550972522873,12.9098242342483
2019-12-19 12:00:00,2019,12,19,NA,10.1308541308497,14.2036096235818
2019-12-20 12:00:00,2019,12,20,NA,7.15399028492298,14.7998042855466
2019-12-21 12:00:00,2019,12,21,NA,5.19327888488173,12.7988771247814
2019-12-22 12:00:00,2019,12,22,NA,8.39032049216918,16.5762002263592
2019-12-23 12:00:00,2019,12,23,NA,7.47841881051932,15.3409136247047
2019-12-24 12:00:00,2019,12,24,NA,4.67483656980693,6.64907799265269
2019-12-25 12:00:00,2019,12,25,NA,5.15942996750627,9.23748123272144
2019-12-26 12:00:00,2019,12,26,NA,5.0177734607358,10.7683235284548
2019-12-27 12:00:00,2019,12,27,NA,6.35080585104558,10.9161885819868
2019-12-28 12:00:00,2019,12,28,NA,6.02738174306201,14.4939495492752
2019-12-29 12:00:00,2019,12,29,NA,2.15070145309388,9.28259630899873
2019-12-30 12:00:00,2019,12,30,NA,1.80355871037024,11.7117301473793
2019-12-31 12:00:00,2019,12,31,NA,4.35992965207734,11.4488722696879
2020-01-01 12:00:00,2020,1,1,NA,-0.849430463814303,4.05116646071368
2020-01-02 12:00:00,2020,1,2,NA,-1.51269881028999,3.44812831022133
2020-01-03 12:00:00,2020,1,3,NA,-3.54343027152302,4.94162954622935
2020-01-04 12:00:00,2020,1,4,NA,-8.02234472702575,2.04432881382986
2020-01-05 12:00:00,2020,1,5,NA,-2.42013498122213,1.93383797618519
2020-01-06 12:00:00,2020,1,6,NA,0.510987406023403,9.77721612397674
2020-01-07 12:00:00,2020,1,7,NA,2.28062331017071,12.3100225644383
2020-01-08 12:00:00,2020,1,8,NA,3.25621020883552,6.1680363807976
2020-01-09 12:00:00,2020,1,9,NA,0.749327455824353,7.58859223977874
2020-01-10 12:00:00,2020,1,10,NA,3.75595064127477,8.83140519001009
2020-01-11 12:00:00,2020,1,11,NA,3.07562184381219,13.2426287028931
2020-01-12 12:00:00,2020,1,12,NA,-1.55366301857523,2.05763715954413
2020-01-13 12:00:00,2020,1,13,NA,0.688738560548753,3.81437086798771
2020-01-14 12:00:00,2020,1,14,NA,-4.89131217351151,0.4350179550161
2020-01-15 12:00:00,2020,1,15,NA,-5.10896351461775,-0.800997282209617
2020-01-16 12:00:00,2020,1,16,NA,0.290746629858291,6.58101988042256
2020-01-17 12:00:00,2020,1,17,NA,3.41900626679486,9.5968732331064
2020-01-18 12:00:00,2020,1,18,NA,5.7329854484768,8.86142896724606
2020-01-19 12:00:00,2020,1,19,NA,6.94611004322258,14.9813133381108
2020-01-20 12:00:00,2020,1,20,NA,7.77084400131001,13.9256414827599
2020-01-21 12:00:00,2020,1,21,NA,10.5030487367062,15.4728110597553
2020-01-22 12:00:00,2020,1,22,NA,9.42736329139304,15.8663173295343
2020-01-23 12:00:00,2020,1,23,NA,7.29250695580407,9.49138339172321
2020-01-24 12:00:00,2020,1,24,NA,4.68056439606099,7.8760260577557
2020-01-25 12:00:00,2020,1,25,NA,2.99456349571982,7.93695911712566
2020-01-26 12:00:00,2020,1,26,NA,6.68661669677334,11.4897313151389
2020-01-27 12:00:00,2020,1,27,NA,5.87153613331374,13.8893666651117
2020-01-28 12:00:00,2020,1,28,NA,7.12725056767968,15.191845425851
2020-01-29 12:00:00,2020,1,29,NA,5.56923876260944,12.6989923812444
2020-01-30 12:00:00,2020,1,30,NA,4.4987672906025,7.16379411201474
2020-01-31 12:00:00,2020,1,31,NA,0.251257314201452,4.35324856954537
2020-02-01 12:00:00,2020,2,1,NA,3.93119333643433,6.93076954933763
2020-02-02 12:00:00,2020,2,2,NA,2.41080414750345,6.13357238279005
2020-02-03 12:00:00,2020,2,3,NA,3.45789202111819,7.68740071811091
2020-02-04 12:00:00,2020,2,4,NA,-0.0224398619635373,12.2195301340133
2020-02-05 12:00:00,2020,2,5,NA,0.346288233312794,17.5382866102751
2020-02-06 12:00:00,2020,2,6,NA,2.08469399248114,16.0158150848885
2020-02-07 12:00:00,2020,2,7,NA,3.53260975790737,15.3178086987514
2020-02-08 12:00:00,2020,2,8,NA,2.31501075487243,11.6625615141299
2020-02-09 12:00:00,2020,2,9,NA,8.85421812196234,12.3125395635723
2020-02-10 12:00:00,2020,2,10,NA,6.511463571982,15.2145094421929
2020-02-11 12:00:00,2020,2,11,NA,5.69447852884164,14.4200352940222
2020-02-12 12:00:00,2020,2,12,NA,8.8280127609,13.0575214578927
2020-02-13 12:00:00,2020,2,13,NA,10.028482247479,14.5959862255674
2020-02-14 12:00:00,2020,2,14,NA,5.95469283033075,8.7788827514749
2020-02-15 12:00:00,2020,2,15,NA,2.05711298725178,5.02429288046836
2020-02-16 12:00:00,2020,2,16,NA,4.54529690099534,6.18211487874124
2020-02-17 12:00:00,2020,2,17,NA,2.88355724607951,7.31970597273178
2020-02-18 12:00:00,2020,2,18,NA,0.778911555540331,7.80502354589743
2020-02-19 12:00:00,2020,2,19,NA,5.20276132768953,6.88684441651731
2020-02-20 12:00:00,2020,2,20,NA,1.74650708727938,5.79867323894074
2020-02-21 12:00:00,2020,2,21,NA,-1.87888374820419,5.70543011012305
2020-02-22 12:00:00,2020,2,22,NA,2.23188575601368,8.18356448268194
2020-02-23 12:00:00,2020,2,23,NA,5.19665281077161,12.4379134576841
2020-02-24 12:00:00,2020,2,24,NA,6.65383754088382,12.3983733512946
2020-02-25 12:00:00,2020,2,25,NA,10.5067620204886,16.7362761129051
2020-02-26 12:00:00,2020,2,26,NA,7.13270563201424,19.3746756279911
2020-02-27 12:00:00,2020,2,27,NA,7.87573408670737,15.4967583466862
2020-02-28 12:00:00,2020,2,28,NA,7.23296189135885,15.4344970040965
2020-02-29 12:00:00,2020,2,29,NA,5.96577947975494,14.5280037318973
2020-03-01 12:00:00,2020,3,1,NA,7.76612231949219,9.73582940874443
2020-03-02 12:00:00,2020,3,2,NA,6.21781533975834,7.83782361662831
2020-03-03 12:00:00,2020,3,3,NA,5.70675319024196,9.16110481695935
2020-03-04 12:00:00,2020,3,4,NA,7.96071016484757,11.5940395066476
2020-03-05 12:00:00,2020,3,5,NA,3.9289926905495,9.13273014549201
2020-03-06 12:00:00,2020,3,6,NA,8.81953589500256,11.3493108281839
2020-03-07 12:00:00,2020,3,7,NA,4.20217091515159,10.470437696528
2020-03-08 12:00:00,2020,3,8,NA,2.05801499380641,7.17275634556903
2020-03-09 12:00:00,2020,3,9,NA,-1.90318148688633,12.3293387616731
2020-03-10 12:00:00,2020,3,10,NA,-4.46976525588276,12.8187390861959
2020-03-11 12:00:00,2020,3,11,NA,1.12925285895068,13.624156628612
2020-03-12 12:00:00,2020,3,12,NA,3.84673788541387,12.5574893740618
2020-03-13 12:00:00,2020,3,13,NA,6.01526988686506,12.8109381375045
2020-03-14 12:00:00,2020,3,14,NA,6.91794780413575,15.2286553917375
2020-03-15 12:00:00,2020,3,15,NA,5.75357029013306,9.38689963193312
2020-03-16 12:00:00,2020,3,16,NA,4.82808343240161,8.96711846403195
2020-03-17 12:00:00,2020,3,17,NA,4.01013692401699,13.4718097603523
2020-03-18 12:00:00,2020,3,18,NA,4.05747220849021,18.0230891843891
2020-03-19 12:00:00,2020,3,19,NA,7.86678765822075,15.0722354638024
2020-03-20 12:00:00,2020,3,20,NA,4.40601962513748,13.1775207083178
2020-03-21 12:00:00,2020,3,21,NA,5.77684661939469,20.388842683488
2020-03-22 12:00:00,2020,3,22,NA,6.74131607576418,18.1759106205196
2020-03-23 12:00:00,2020,3,23,NA,10.5886130164381,14.7508563075069
2020-03-24 12:00:00,2020,3,24,NA,5.12178014599764,10.0249150281012
2020-03-25 12:00:00,2020,3,25,NA,3.94379903984825,10.0281940116429
2020-03-26 12:00:00,2020,3,26,NA,5.60966811558501,9.31105742960944
2020-03-27 12:00:00,2020,3,27,NA,7.09890776925865,11.0273335711546
2020-03-28 12:00:00,2020,3,28,NA,3.40638877930432,9.32582841676849
2020-03-29 12:00:00,2020,3,29,NA,1.39109727353018,10.6995998650688
2020-03-30 12:00:00,2020,3,30,NA,6.52010160669798,10.7156895193687
2020-03-31 12:00:00,2020,3,31,NA,5.36921827264926,16.8464481786045
2020-04-01 12:00:00,2020,4,1,NA,7.34312233987158,16.5762326069402
2020-04-02 12:00:00,2020,4,2,NA,8.49675243874377,13.6114937905064
2020-04-03 12:00:00,2020,4,3,NA,9.30315280829676,12.3807846629412
2020-04-04 12:00:00,2020,4,4,NA,11.7304662465274,20.1202701156577
2020-04-05 12:00:00,2020,4,5,NA,12.4867339164931,21.8234141840549
2020-04-06 12:00:00,2020,4,6,NA,10.8032971497311,19.6732529302923
2020-04-07 12:00:00,2020,4,7,NA,7.89404361003535,18.4732190939576
2020-04-08 12:00:00,2020,4,8,NA,6.74627161256433,24.7268993044488
2020-04-09 12:00:00,2020,4,9,NA,12.1275805843934,23.7595423215992
2020-04-10 12:00:00,2020,4,10,NA,10.1933665658378,21.8223416103247
2020-04-11 12:00:00,2020,4,11,NA,10.9894534596524,22.7069649406357
2020-04-12 12:00:00,2020,4,12,NA,10.9712929432205,27.8285012255214
2020-04-13 12:00:00,2020,4,13,NA,10.3830670723191,23.926898233524
2020-04-14 12:00:00,2020,4,14,NA,11.9837733798686,20.0704212758863
2020-04-15 12:00:00,2020,4,15,NA,7.90894858836226,17.4081916447603
2020-04-16 12:00:00,2020,4,16,NA,5.71672622467952,23.0873551141303
2020-04-17 12:00:00,2020,4,17,NA,8.5901248554532,22.8917210896777
2020-04-18 12:00:00,2020,4,18,NA,7.74046606159679,25.2592129378284
2020-04-19 12:00:00,2020,4,19,NA,7.7333824851763,25.1040113746271
2020-04-20 12:00:00,2020,4,20,NA,8.49168208536896,28.3311110663301
2020-04-21 12:00:00,2020,4,21,NA,9.73852738320733,26.4246431570264
2020-04-22 12:00:00,2020,4,22,NA,5.84778694107571,23.8284146329602
2020-04-23 12:00:00,2020,4,23,NA,9.94154444116901,20.5156214800241
2020-04-24 12:00:00,2020,4,24,NA,10.547328422019,19.8498641707832
2020-04-25 12:00:00,2020,4,25,NA,9.1788502316205,22.5480204453778
2020-04-26 12:00:00,2020,4,26,NA,5.41599002851587,13.7244807833331
2020-04-27 12:00:00,2020,4,27,NA,5.44224820682111,15.7926143735967
2020-04-28 12:00:00,2020,4,28,NA,3.29648663769997,16.7474614040601
2020-04-29 12:00:00,2020,4,29,NA,0.929774513098549,17.8693343910719
2020-04-30 12:00:00,2020,4,30,NA,-2.54527344571913,20.1480209332306
2020-05-01 12:00:00,2020,5,1,NA,5.67674467608693,19.3256229399041
2020-05-02 12:00:00,2020,5,2,NA,10.3056922907678,18.7429484604841
2020-05-03 12:00:00,2020,5,3,NA,9.34572618064569,16.2489544106084
2020-05-04 12:00:00,2020,5,4,NA,7.42694536516223,14.4685451462284
2020-05-05 12:00:00,2020,5,5,NA,9.65922160833603,13.5456366670722
2020-05-06 12:00:00,2020,5,6,NA,7.31482571328229,18.5192195279116
2020-05-07 12:00:00,2020,5,7,NA,7.9326622284463,13.8753567666072
2020-05-08 12:00:00,2020,5,8,NA,6.72410903393784,20.5902055103164
2020-05-09 12:00:00,2020,5,9,NA,11.9526103188279,17.5718902036922
2020-05-10 12:00:00,2020,5,10,NA,7.19087527924915,19.7863249926842
2020-05-11 12:00:00,2020,5,11,NA,7.2356318695059,15.0330764041356
2020-05-12 12:00:00,2020,5,12,NA,9.44192951771788,12.3953068877298
2020-05-13 12:00:00,2020,5,13,NA,6.75312468634293,14.9695044626297
2020-05-14 12:00:00,2020,5,14,NA,8.89013530842175,14.2188328452798
2020-05-15 12:00:00,2020,5,15,NA,2.69330952377087,17.0370899303772
2020-05-16 12:00:00,2020,5,16,NA,7.26570135600907,16.0082504081342
2020-05-17 12:00:00,2020,5,17,NA,9.44064642003863,16.8177155992886
2020-05-18 12:00:00,2020,5,18,NA,10.0856117351013,18.8067895264828
2020-05-19 12:00:00,2020,5,19,NA,16.7572901054079,20.7203202240038
2020-05-20 12:00:00,2020,5,20,NA,15.3713704198661,28.9494390386474
2020-05-21 12:00:00,2020,5,21,NA,17.2045171709568,33.007391264925
2020-05-22 12:00:00,2020,5,22,NA,17.4544756183408,32.9592814898725
2020-05-23 12:00:00,2020,5,23,NA,16.8845231099698,31.7951777623356
2020-05-24 12:00:00,2020,5,24,NA,18.046425059214,33.8071857857731
2020-05-25 12:00:00,2020,5,25,NA,19.2029520103187,28.1222455805869
2020-05-26 12:00:00,2020,5,26,NA,12.4729981206807,19.4161093330167
2020-05-27 12:00:00,2020,5,27,NA,12.7629259648812,19.6939725554903
2020-05-28 12:00:00,2020,5,28,NA,12.0722864967776,21.1582830070513
2020-05-29 12:00:00,2020,5,29,NA,9.76081770820839,22.6076330806807
2020-05-30 12:00:00,2020,5,30,NA,6.62298810835259,24.0719090529478
2020-05-31 12:00:00,2020,5,31,NA,3.862982126228,21.3809821721128
2020-06-01 12:00:00,2020,6,1,NA,9.60429303724019,23.4192804577681
2020-06-02 12:00:00,2020,6,2,NA,11.7399141246941,26.1735237663736
2020-06-03 12:00:00,2020,6,3,NA,18.6287985963669,23.9108570440745
2020-06-04 12:00:00,2020,6,4,NA,14.6244332429967,25.8964723313923
2020-06-05 12:00:00,2020,6,5,NA,12.1721336263947,21.4698068702134
2020-06-06 12:00:00,2020,6,6,NA,18.1560259278587,24.355116414097
2020-06-07 12:00:00,2020,6,7,NA,18.1164136089323,32.5746118648884
2020-06-08 12:00:00,2020,6,8,NA,15.0212802209913,30.1947797110335
2020-06-09 12:00:00,2020,6,9,NA,14.397417638129,24.5845580124126
2020-06-10 12:00:00,2020,6,10,NA,18.2850205165205,24.4826739983466
2020-06-11 12:00:00,2020,6,11,NA,19.2913501479551,24.6465506060292
2020-06-12 12:00:00,2020,6,12,NA,15.2532609006623,25.5729620155717
2020-06-13 12:00:00,2020,6,13,NA,8.41562799032366,25.1998338397976
2020-06-14 12:00:00,2020,6,14,NA,8.3246038076977,26.9184037938995
2020-06-15 12:00:00,2020,6,15,NA,11.4367504781102,28.5867424919817
2020-06-16 12:00:00,2020,6,16,NA,13.2318922061273,26.2748203712351
2020-06-17 12:00:00,2020,6,17,NA,15.6316182851984,24.0733578468743
2020-06-18 12:00:00,2020,6,18,NA,18.2542843770493,23.6094848351234
2020-06-19 12:00:00,2020,6,19,NA,14.7005260366906,19.7826780146903
2020-06-20 12:00:00,2020,6,20,NA,10.8443057488999,20.044397969904
2020-06-21 12:00:00,2020,6,21,NA,11.5165876217803,22.7259268825151
2020-06-22 12:00:00,2020,6,22,NA,11.6316031203583,20.8003500875353
2020-06-23 12:00:00,2020,6,23,NA,7.84075592459436,20.849108545286
2020-06-24 12:00:00,2020,6,24,NA,6.33270132247049,24.0591145550213
2020-06-25 12:00:00,2020,6,25,NA,11.1661366179782,19.7221131917459
2020-06-26 12:00:00,2020,6,26,NA,10.5166148053143,20.9853300663113
2020-06-27 12:00:00,2020,6,27,NA,10.4776569021143,27.0002700651476
2020-06-28 12:00:00,2020,6,28,NA,16.5210182621389,26.0500167174761
2020-06-29 12:00:00,2020,6,29,NA,17.8598780272018,28.0091743358253
2020-06-30 12:00:00,2020,6,30,NA,15.7738350612977,25.9736020652464
2020-07-01 12:00:00,2020,7,1,NA,15.5096911442908,21.8187414685792
2020-07-02 12:00:00,2020,7,2,NA,15.7998186600043,22.4533701462749
2020-07-03 12:00:00,2020,7,3,NA,13.1219153346331,24.2063355041828
2020-07-04 12:00:00,2020,7,4,NA,15.4295781071013,25.4767196418436
2020-07-05 12:00:00,2020,7,5,NA,16.6903472543066,26.4813994103472
2020-07-06 12:00:00,2020,7,6,NA,17.8636824445655,24.8944571467124
2020-07-07 12:00:00,2020,7,7,NA,22.6126575401264,32.8621575931685
2020-07-08 12:00:00,2020,7,8,NA,21.3713412879362,32.1654817608421
2020-07-09 12:00:00,2020,7,9,NA,20.249328806131,36.022013260688
2020-07-10 12:00:00,2020,7,10,NA,23.0005797554226,28.7895305461398
2020-07-11 12:00:00,2020,7,11,NA,23.7793200862593,26.678518476373
2020-07-12 12:00:00,2020,7,12,NA,15.3000420576665,29.7576854886788
2020-07-13 12:00:00,2020,7,13,NA,12.4744073644094,30.6494948314994
2020-07-14 12:00:00,2020,7,14,NA,18.933948583309,29.1890427030833
2020-07-15 12:00:00,2020,7,15,NA,16.0068522756254,31.7708617757056
2020-07-16 12:00:00,2020,7,16,NA,16.3679882336206,34.8794368954258
2020-07-17 12:00:00,2020,7,17,NA,21.1531343490604,34.3307065902478
2020-07-18 12:00:00,2020,7,18,NA,17.0706488300089,30.217771010373
2020-07-19 12:00:00,2020,7,19,NA,15.0548347657137,35.0664295589484
2020-07-20 12:00:00,2020,7,20,NA,16.9524773902152,31.3010533844562
2020-07-21 12:00:00,2020,7,21,NA,21.6208459431662,35.6024080325055
2020-07-22 12:00:00,2020,7,22,NA,19.1171362015134,37.3673145738978
2020-07-23 12:00:00,2020,7,23,NA,22.9121608293144,26.7085690265654
2020-07-24 12:00:00,2020,7,24,NA,16.9183337179444,25.9156668056255
2020-07-25 12:00:00,2020,7,25,NA,16.671060416826,29.2178449101778
2020-07-26 12:00:00,2020,7,26,NA,17.0256907701437,25.4212135801538
2020-07-27 12:00:00,2020,7,27,NA,18.3070807908629,24.3275264674718
2020-07-28 12:00:00,2020,7,28,NA,17.0157792810684,26.7359375877752
2020-07-29 12:00:00,2020,7,29,NA,20.1933018948767,29.0787186136779
2020-07-30 12:00:00,2020,7,30,NA,23.7181237378119,32.6496308986137
2020-07-31 12:00:00,2020,7,31,NA,22.5324170261286,30.048745195845
2020-08-01 12:00:00,2020,8,1,NA,28.0425205618616,35.0620405125352
2020-08-02 12:00:00,2020,8,2,NA,21.5449948089216,29.1690957433198
2020-08-03 12:00:00,2020,8,3,NA,19.1371610610123,26.3259751361748
2020-08-04 12:00:00,2020,8,4,NA,17.9439842819565,29.866228817076
2020-08-05 12:00:00,2020,8,5,NA,16.970435383342,30.7111223735235
2020-08-06 12:00:00,2020,8,6,NA,18.0512969101847,23.6867488388389
2020-08-07 12:00:00,2020,8,7,NA,18.4185152991023,24.9150734397054
2020-08-08 12:00:00,2020,8,8,NA,15.4255728970469,28.2868525393957
2020-08-09 12:00:00,2020,8,9,NA,13.3402612079573,25.1945801632182
2020-08-10 12:00:00,2020,8,10,NA,14.1105976479529,24.1020363575364
2020-08-11 12:00:00,2020,8,11,NA,11.3850576565159,23.2393766117768
2020-08-12 12:00:00,2020,8,12,NA,9.42020277727931,23.1564746203831
2020-08-13 12:00:00,2020,8,13,NA,6.51164887571614,24.1256242182681
2020-08-14 12:00:00,2020,8,14,NA,9.34442068185755,24.9103754537744
2020-08-15 12:00:00,2020,8,15,NA,10.9236616006299,22.0164232139572
2020-08-16 12:00:00,2020,8,16,NA,9.76163030849604,26.462084090764
2020-08-17 12:00:00,2020,8,17,NA,12.6289526960973,26.1003543368408
2020-08-18 12:00:00,2020,8,18,NA,10.3668624997223,24.6795264600242
2020-08-19 12:00:00,2020,8,19,NA,7.97697746742151,26.1688312795756
2020-08-20 12:00:00,2020,8,20,NA,15.6633200248241,21.7543749718922
2020-08-21 12:00:00,2020,8,21,NA,18.8987698090262,24.2863026069114
2020-08-22 12:00:00,2020,8,22,NA,16.2659503583913,25.2882575022861
2020-08-23 12:00:00,2020,8,23,NA,16.8622712427843,25.4751605957009
2020-08-24 12:00:00,2020,8,24,NA,15.5367021551829,29.4671224918069
2020-08-25 12:00:00,2020,8,25,NA,17.4200373337543,32.7557077249306
2020-08-26 12:00:00,2020,8,26,NA,21.0184019929321,31.39607148652
2020-08-27 12:00:00,2020,8,27,NA,19.9870241190752,35.6699651956921
2020-08-28 12:00:00,2020,8,28,NA,18.7634485808565,33.5501147130946
2020-08-29 12:00:00,2020,8,29,NA,20.8801604015581,34.1057356027003
2020-08-30 12:00:00,2020,8,30,NA,18.309996068958,35.4353351451022
2020-08-31 12:00:00,2020,8,31,NA,16.4385044634814,32.7365383652733
2020-09-01 12:00:00,2020,9,1,NA,17.7823881318956,31.6657103900016
2020-09-02 12:00:00,2020,9,2,NA,25.8821652567734,33.2369515838185
2020-09-03 12:00:00,2020,9,3,NA,19.8365995636777,24.8795494555365
2020-09-04 12:00:00,2020,9,4,NA,11.5128248527467,20.6221155147846
2020-09-05 12:00:00,2020,9,5,NA,11.9776158760448,25.1004980889997
2020-09-06 12:00:00,2020,9,6,NA,16.3340897829043,20.7712212594818
2020-09-07 12:00:00,2020,9,7,NA,12.8779487623944,18.6355710113054
2020-09-08 12:00:00,2020,9,8,NA,10.4525852325692,17.2401506976046
2020-09-09 12:00:00,2020,9,9,NA,5.72559527610861,19.5704865763879
2020-09-10 12:00:00,2020,9,10,NA,9.89625107702177,18.5494105249534
2020-09-11 12:00:00,2020,9,11,NA,6.87844626999315,17.4033711923652
2020-09-12 12:00:00,2020,9,12,NA,11.3974407462939,22.5695606340503
2020-09-13 12:00:00,2020,9,13,NA,15.0044552317162,21.4209580881529
2020-09-14 12:00:00,2020,9,14,NA,16.3330183920782,19.0201889584109
2020-09-15 12:00:00,2020,9,15,NA,14.7467233303928,18.1150777178984
2020-09-16 12:00:00,2020,9,16,NA,16.4284841658462,31.3731250134426
2020-09-17 12:00:00,2020,9,17,NA,19.5461004751935,32.0571842995524
2020-09-18 12:00:00,2020,9,18,NA,18.6112644078226,30.1784529695021
2020-09-19 12:00:00,2020,9,19,NA,15.8080617819733,26.9801816697297
2020-09-20 12:00:00,2020,9,20,NA,13.0746181882895,21.3345124850136
2020-09-21 12:00:00,2020,9,21,NA,13.2372922268936,19.329516384957
2020-09-22 12:00:00,2020,9,22,NA,7.70157582489269,22.5708875038693
2020-09-23 12:00:00,2020,9,23,NA,8.29955469925141,19.8667432609309
2020-09-24 12:00:00,2020,9,24,NA,4.04106424913937,18.3517482880925
2020-09-25 12:00:00,2020,9,25,NA,6.32396509026989,19.4468473032247
2020-09-26 12:00:00,2020,9,26,NA,8.24824775916428,22.4233858486509
2020-09-27 12:00:00,2020,9,27,NA,7.75618904215779,24.9472332442359
2020-09-28 12:00:00,2020,9,28,NA,7.50097907227293,25.7548119306356
2020-09-29 12:00:00,2020,9,29,NA,11.6051312529248,28.4843119832092
2020-09-30 12:00:00,2020,9,30,NA,16.93986703005,26.2322922116297
2020-10-01 12:00:00,2020,10,1,NA,16.2208880168694,28.2836221381595
2020-10-02 12:00:00,2020,10,2,NA,16.6087276138956,25.4258318843344
2020-10-03 12:00:00,2020,10,3,NA,11.7768873797443,23.7153252297278
2020-10-04 12:00:00,2020,10,4,NA,14.1417552633793,24.4746403514941
2020-10-05 12:00:00,2020,10,5,NA,16.2490801898597,22.3667326354611
2020-10-06 12:00:00,2020,10,6,NA,19.709809645163,26.0807867494237
2020-10-07 12:00:00,2020,10,7,NA,15.2856317474917,29.3120734181735
2020-10-08 12:00:00,2020,10,8,NA,9.36738181444461,17.7444346778419
2020-10-09 12:00:00,2020,10,9,NA,9.080834053081,16.4269675995818
2020-10-10 12:00:00,2020,10,10,NA,7.08963738911231,18.0829671447384
2020-10-11 12:00:00,2020,10,11,NA,8.99475561194138,17.3949192273091
2020-10-12 12:00:00,2020,10,12,NA,7.16930146015683,21.4406311210438
2020-10-13 12:00:00,2020,10,13,NA,10.8555958441242,20.9108438750386
2020-10-14 12:00:00,2020,10,14,NA,9.63121571294835,17.8792168661465
2020-10-15 12:00:00,2020,10,15,NA,7.90562379223618,17.6462644494885
2020-10-16 12:00:00,2020,10,16,NA,7.89847007431293,20.9122845694873
2020-10-17 12:00:00,2020,10,17,NA,12.6627769445636,20.4239111227655
2020-10-18 12:00:00,2020,10,18,NA,12.6034919367802,23.3814192513465
2020-10-19 12:00:00,2020,10,19,NA,15.8990597367293,19.5324170285797
2020-10-20 12:00:00,2020,10,20,NA,16.3630958135803,19.5383335493061
2020-10-21 12:00:00,2020,10,21,NA,11.4427076738561,18.3032183558237
2020-10-22 12:00:00,2020,10,22,NA,11.8624451977676,21.3869508316147
2020-10-23 12:00:00,2020,10,23,NA,14.1651505743463,22.7961844268358
2020-10-24 12:00:00,2020,10,24,NA,12.5328561762448,21.7385225796559
2020-10-25 12:00:00,2020,10,25,NA,11.9821152398482,21.798722217464
2020-10-26 12:00:00,2020,10,26,NA,10.625073776746,23.942961372649
2020-10-27 12:00:00,2020,10,27,NA,11.6857716490192,17.0727381381465
2020-10-28 12:00:00,2020,10,28,NA,9.60161125199942,12.0271503634422
2020-10-29 12:00:00,2020,10,29,NA,6.59164840615694,14.8396495593551
2020-10-30 12:00:00,2020,10,30,NA,10.0413683797718,15.4642483876188
2020-10-31 12:00:00,2020,10,31,NA,8.10460974134972,15.161469923598
2020-11-01 12:00:00,2020,11,1,NA,6.55547043472671,13.0361402722108
2020-11-02 12:00:00,2020,11,2,NA,10.7771061919106,14.0065482041191
2020-11-03 12:00:00,2020,11,3,NA,8.40704842295363,13.3430267293775
2020-11-04 12:00:00,2020,11,4,NA,7.214693885647,10.9407710688398
2020-11-05 12:00:00,2020,11,5,NA,11.0266968254649,16.7244059643144
2020-11-06 12:00:00,2020,11,6,NA,10.9718650832269,15.8395138393972
2020-11-07 12:00:00,2020,11,7,NA,13.5768613504635,20.3792897847456
2020-11-08 12:00:00,2020,11,8,NA,11.442349879042,16.6537075502886
2020-11-09 12:00:00,2020,11,9,NA,9.31584506706527,13.9780571611433
2020-11-10 12:00:00,2020,11,10,NA,6.07770752166798,11.3828442353164
2020-11-11 12:00:00,2020,11,11,NA,3.36348905031549,8.44642246583753
2020-11-12 12:00:00,2020,11,12,NA,-1.39259894331181,5.22403930411966
2020-11-13 12:00:00,2020,11,13,NA,-3.15259310356754,1.59373014845751
2020-11-14 12:00:00,2020,11,14,NA,-2.97263507331645,2.02889325755166
2020-11-15 12:00:00,2020,11,15,NA,-3.15881776595212,4.3660451942823
2020-11-16 12:00:00,2020,11,16,NA,1.54885782349958,10.6732801065194
2020-11-17 12:00:00,2020,11,17,NA,-2.88220281601548,7.8995222204935
2020-11-18 12:00:00,2020,11,18,NA,-0.119223423560634,11.293864344164
2020-11-19 12:00:00,2020,11,19,NA,5.11554498558797,12.21278957158
2020-11-20 12:00:00,2020,11,20,NA,8.09288322417024,11.3852948840809
2020-11-21 12:00:00,2020,11,21,NA,7.91502175278462,15.4464901742838
2020-11-22 12:00:00,2020,11,22,NA,3.07078517121214,16.2575316064804
2020-11-23 12:00:00,2020,11,23,NA,6.71383522690276,15.8382575099226
2020-11-24 12:00:00,2020,11,24,NA,7.49393778645564,12.3114869369117
2020-11-25 12:00:00,2020,11,25,NA,5.78758704625751,6.72840322193498
2020-11-26 12:00:00,2020,11,26,NA,6.1695996611699,9.89190913303745
2020-11-27 12:00:00,2020,11,27,NA,3.0630097852752,5.86476762372683
2020-11-28 12:00:00,2020,11,28,NA,-2.5556172350645,2.11964289220489
2020-11-29 12:00:00,2020,11,29,NA,0.902168384807835,5.43327261802436
2020-11-30 12:00:00,2020,11,30,NA,-1.67444495286527,7.44997733015453
2020-12-01 12:00:00,2020,12,1,NA,-5.83652313009625,5.10197497732788
2020-12-02 12:00:00,2020,12,2,NA,0.799581938381648,6.81352805636144
2020-12-03 12:00:00,2020,12,3,NA,2.71050549932049,7.55270833837366
2020-12-04 12:00:00,2020,12,4,NA,0.906231116311314,6.00247494780699
2020-12-05 12:00:00,2020,12,5,NA,-3.43096346493233,5.12422988440001
2020-12-06 12:00:00,2020,12,6,NA,0.976589733710849,7.37571167575577
2020-12-07 12:00:00,2020,12,7,NA,0.235863092486357,9.40098703543491
2020-12-08 12:00:00,2020,12,8,NA,4.48885002503999,10.5176847307791
2020-12-09 12:00:00,2020,12,9,NA,2.71733146783926,11.8824554107878
2020-12-10 12:00:00,2020,12,10,NA,2.20334277295154,10.4316933144103
2020-12-11 12:00:00,2020,12,11,NA,8.89340342937721,13.9328904114138
2020-12-12 12:00:00,2020,12,12,NA,5.86742995385335,11.7391734193027
2020-12-13 12:00:00,2020,12,13,NA,6.39258762156268,14.9867185999122
2020-12-14 12:00:00,2020,12,14,NA,8.92129982612412,12.7456613918684
2020-12-15 12:00:00,2020,12,15,NA,9.62990247270858,12.6860686454705
2020-12-16 12:00:00,2020,12,16,NA,9.60104470958776,11.6234095737294
2020-12-17 12:00:00,2020,12,17,NA,5.19031530198959,9.7779430207856
2020-12-18 12:00:00,2020,12,18,NA,5.68315670719346,8.08663401388487
2020-12-19 12:00:00,2020,12,19,NA,6.42282335478546,8.99604999546175
2020-12-20 12:00:00,2020,12,20,NA,4.80217022800741,6.7174176758086
2020-12-21 12:00:00,2020,12,21,NA,5.21289470590469,8.25635951889542
2020-12-22 12:00:00,2020,12,22,NA,7.2793142419746,12.3691576127361
2020-12-23 12:00:00,2020,12,23,NA,3.8904916099379,10.661990500653
2020-12-24 12:00:00,2020,12,24,NA,1.42232640943261,6.29214157349558
2020-12-25 12:00:00,2020,12,25,NA,7.30920198533689,10.3621361493656
2020-12-26 12:00:00,2020,12,26,NA,6.01702791434958,9.07319408711149
2020-12-27 12:00:00,2020,12,27,NA,5.59161515527179,9.89424816128906
2020-12-28 12:00:00,2020,12,28,NA,1.27345483417168,7.25955976178828
2020-12-29 12:00:00,2020,12,29,NA,2.81447062818219,7.85395761021875
2020-12-30 12:00:00,2020,12,30,NA,3.14415919425582,10.7497574341555
2020-12-31 12:00:00,2020,12,31,NA,4.86282544110161,10.4993441897192
2021-01-01 12:00:00,2021,1,1,NA,3.29879750545685,10.9281883882231
2021-01-02 12:00:00,2021,1,2,NA,5.07959928512339,10.1694693681235
2021-01-03 12:00:00,2021,1,3,NA,3.57968731721926,8.16586626063886
2021-01-04 12:00:00,2021,1,4,NA,-2.03509831740576,6.44996150034661
2021-01-05 12:00:00,2021,1,5,NA,6.65180664723479,9.29883036812832
2021-01-06 12:00:00,2021,1,6,NA,4.43913811214659,8.60677048434779
2021-01-07 12:00:00,2021,1,7,NA,2.01465787500004,4.78082842213448
2021-01-08 12:00:00,2021,1,8,NA,1.10434651503213,4.18871957064101
2021-01-09 12:00:00,2021,1,9,NA,-2.55321188504783,-2.08068467777506
2021-01-10 12:00:00,2021,1,10,NA,0.164807338511546,3.26385740119868
2021-01-11 12:00:00,2021,1,11,NA,4.66726762690892,10.1601639623552
2021-01-12 12:00:00,2021,1,12,NA,2.31315183104711,14.0410819816793
2021-01-13 12:00:00,2021,1,13,NA,5.75461962336175,15.1805078523013
2021-01-14 12:00:00,2021,1,14,NA,9.30541213079789,19.6766990951654
2021-01-15 12:00:00,2021,1,15,NA,5.03145330220293,18.5502753667557
2021-01-16 12:00:00,2021,1,16,NA,7.44153238358306,19.2408158057732
2021-01-17 12:00:00,2021,1,17,NA,8.98751131261095,23.5483143980901
2021-01-18 12:00:00,2021,1,18,NA,9.32141386516784,17.644813522583
2021-01-19 12:00:00,2021,1,19,NA,9.97446596257118,12.8703034624584
2021-01-20 12:00:00,2021,1,20,NA,9.81252983474881,14.5829305330432
2021-01-21 12:00:00,2021,1,21,NA,9.68134860796318,11.7159911200132
2021-01-22 12:00:00,2021,1,22,NA,4.38472331958828,9.06735407496085
2021-01-23 12:00:00,2021,1,23,NA,4.61762399319348,14.9675125832125
2021-01-24 12:00:00,2021,1,24,NA,2.71943284187095,10.6466608614995
2021-01-25 12:00:00,2021,1,25,NA,4.13837966557425,8.72455860899385
2021-01-26 12:00:00,2021,1,26,NA,2.87842590604521,10.777533317655
2021-01-27 12:00:00,2021,1,27,NA,3.18755152117354,11.0395260650273
2021-01-28 12:00:00,2021,1,28,NA,4.89145342680784,15.4617363112387
2021-01-29 12:00:00,2021,1,29,NA,6.73465427281388,12.1728949880009
2021-01-30 12:00:00,2021,1,30,NA,5.63230928754072,10.777998530116
2021-01-31 12:00:00,2021,1,31,NA,8.99486760868499,11.6655956604307
2021-02-01 12:00:00,2021,2,1,NA,7.44642560135672,14.5257876898023
2021-02-02 12:00:00,2021,2,2,NA,-0.234011683653927,6.00078671112463
2021-02-03 12:00:00,2021,2,3,NA,-3.17482580599197,8.39588736165781
2021-02-04 12:00:00,2021,2,4,NA,-1.37902915395148,8.1659530691454
2021-02-05 12:00:00,2021,2,5,NA,-0.804529511883813,9.753261109583
2021-02-06 12:00:00,2021,2,6,NA,-1.56079447249572,10.0099186951541
2021-02-07 12:00:00,2021,2,7,NA,2.94612457804449,10.9688078682906
2021-02-08 12:00:00,2021,2,8,NA,8.33487518006698,16.1356833751184
2021-02-09 12:00:00,2021,2,9,NA,6.95587149565069,11.8882814016876
2021-02-10 12:00:00,2021,2,10,NA,7.28395097560838,11.1736668597053
2021-02-11 12:00:00,2021,2,11,NA,7.10501736790894,10.4174385868927
2021-02-12 12:00:00,2021,2,12,NA,-0.0251802647139434,4.01995424037901
2021-02-13 12:00:00,2021,2,13,NA,0.706764461347661,6.51423160003062
2021-02-14 12:00:00,2021,2,14,NA,7.1741491861493,13.7814293032753
2021-02-15 12:00:00,2021,2,15,NA,8.68577519887221,13.7188054384189
2021-02-16 12:00:00,2021,2,16,NA,3.64471186499767,6.17312381039578
2021-02-17 12:00:00,2021,2,17,NA,5.39328869766337,8.6870551286604
2021-02-18 12:00:00,2021,2,18,NA,6.81978305942034,10.8696745558785
2021-02-19 12:00:00,2021,2,19,NA,5.13071240770103,10.9154360950549
2021-02-20 12:00:00,2021,2,20,NA,6.211680327493,17.8341797315713
2021-02-21 12:00:00,2021,2,21,NA,4.75746137563983,14.1371003794707
2021-02-22 12:00:00,2021,2,22,NA,7.8370638106817,19.4628250468755
2021-02-23 12:00:00,2021,2,23,NA,7.39683563794749,19.2568690860233
2021-02-24 12:00:00,2021,2,24,NA,5.07534238008091,15.8400837864084
2021-02-25 12:00:00,2021,2,25,NA,6.78673038983977,10.8302770598616
2021-02-26 12:00:00,2021,2,26,NA,9.51377587614562,16.0347506903993
2021-02-27 12:00:00,2021,2,27,NA,11.3164528374746,20.2735602184655
2021-02-28 12:00:00,2021,2,28,NA,9.38749090295639,17.1773156427668
2021-03-01 12:00:00,2021,3,1,NA,7.90601754659959,12.778938815572
2021-03-02 12:00:00,2021,3,2,NA,5.57816104400692,12.604273034364
2021-03-03 12:00:00,2021,3,3,NA,9.55127179157077,12.5414253987395
2021-03-04 12:00:00,2021,3,4,NA,5.74503022076279,7.57657198807782
2021-03-05 12:00:00,2021,3,5,NA,4.31814155678329,6.56302572092254
2021-03-06 12:00:00,2021,3,6,NA,2.06108180508224,4.6495847511432
2021-03-07 12:00:00,2021,3,7,NA,-0.299574228571435,7.49230649683061
2021-03-08 12:00:00,2021,3,8,NA,3.12551040199507,6.12004215364022
2021-03-09 12:00:00,2021,3,9,NA,0.69104250912654,3.0350468611041
2021-03-10 12:00:00,2021,3,10,NA,-1.50120825893194,4.67160747033084
2021-03-11 12:00:00,2021,3,11,NA,-3.78856006616955,6.91592551366751
2021-03-12 12:00:00,2021,3,12,NA,-1.88643858249189,5.31900922308979
2021-03-13 12:00:00,2021,3,13,NA,-0.76127999849516,9.9432055813419
2021-03-14 12:00:00,2021,3,14,NA,-4.08462937083091,11.4682353003988
2021-03-15 12:00:00,2021,3,15,NA,-4.50378388521639,9.46183309068249
2021-03-16 12:00:00,2021,3,16,NA,1.66029820850282,8.45596645914228
2021-03-17 12:00:00,2021,3,17,NA,-0.160880901711355,2.94902860052436
2021-03-18 12:00:00,2021,3,18,NA,-2.08138705080211,6.19773079095206
2021-03-19 12:00:00,2021,3,19,NA,0.0960408671740085,9.55771370350928
2021-03-20 12:00:00,2021,3,20,NA,-5.79878499380465,9.41416800423173
2021-03-21 12:00:00,2021,3,21,NA,-1.47095440659985,10.81857907465
2021-03-22 12:00:00,2021,3,22,NA,-1.66863749973825,10.7596060976273
2021-03-23 12:00:00,2021,3,23,NA,4.78588434384131,12.6478788317499
2021-03-24 12:00:00,2021,3,24,NA,2.60322373065212,16.311561204828
2021-03-25 12:00:00,2021,3,25,NA,0.357437465647786,20.0827636728529
2021-03-26 12:00:00,2021,3,26,NA,6.24579465160765,13.7625215863882
2021-03-27 12:00:00,2021,3,27,NA,7.37829879135993,18.4217166559265
2021-03-28 12:00:00,2021,3,28,NA,3.4477511633361,14.4118373311359
2021-03-29 12:00:00,2021,3,29,NA,2.75500470402137,12.9899729010622
2021-03-30 12:00:00,2021,3,30,NA,7.42794053626938,13.394047834962
2021-03-31 12:00:00,2021,3,31,NA,8.48602328936693,16.5724749985872
2021-04-01 12:00:00,2021,4,1,NA,9.35685291350886,18.5899631805775
2021-04-02 12:00:00,2021,4,2,NA,9.72277141409356,20.4272569939306
2021-04-03 12:00:00,2021,4,3,NA,11.7578971724465,25.5442189636875
2021-04-04 12:00:00,2021,4,4,NA,11.6870572894646,22.8475826729578
2021-04-05 12:00:00,2021,4,5,NA,13.9294575562741,16.1270545722942
2021-04-06 12:00:00,2021,4,6,NA,9.29658052699699,11.2768360009173
2021-04-07 12:00:00,2021,4,7,NA,7.58776673669106,8.60239610861586
2021-04-08 12:00:00,2021,4,8,NA,3.96601433125264,7.03290973125703
2021-04-09 12:00:00,2021,4,9,NA,5.52579418209981,9.98396023445085
2021-04-10 12:00:00,2021,4,10,NA,8.70314666587344,14.3957553296878
2021-04-11 12:00:00,2021,4,11,NA,9.7239666180398,23.8787085487277
2021-04-12 12:00:00,2021,4,12,NA,8.57249704362623,18.0717401000242
2021-04-13 12:00:00,2021,4,13,NA,8.03581886050121,19.8103948726233
2021-04-14 12:00:00,2021,4,14,NA,8.37671064426652,14.6965137028902
2021-04-15 12:00:00,2021,4,15,NA,5.96371351307269,15.3744448691745
2021-04-16 12:00:00,2021,4,16,NA,4.74419976439501,21.2527267175701
2021-04-17 12:00:00,2021,4,17,NA,4.735832719991,21.0374801895266
2021-04-18 12:00:00,2021,4,18,NA,12.1771653314593,20.7072447940826
2021-04-19 12:00:00,2021,4,19,NA,6.37955382346179,19.7622399036617
2021-04-20 12:00:00,2021,4,20,NA,10.8295040387497,17.8933175312772
2021-04-21 12:00:00,2021,4,21,NA,3.21544767764276,23.3056021890778
2021-04-22 12:00:00,2021,4,22,NA,7.92923728530717,23.289506186572
2021-04-23 12:00:00,2021,4,23,NA,4.85682274120578,24.6583400467378
2021-04-24 12:00:00,2021,4,24,NA,3.94218767904718,23.7816166600083
2021-04-25 12:00:00,2021,4,25,NA,7.2063572607742,25.0698584944484
2021-04-26 12:00:00,2021,4,26,NA,13.5055125060601,32.060982123948
2021-04-27 12:00:00,2021,4,27,NA,15.9943633741081,27.623338418595
2021-04-28 12:00:00,2021,4,28,NA,7.22210389311024,24.1159126088843
2021-04-29 12:00:00,2021,4,29,NA,11.3898573402129,21.4335588953256
2021-04-30 12:00:00,2021,4,30,NA,10.3221330202855,25.8244214491649
2021-05-01 12:00:00,2021,5,1,NA,12.2049034014402,21.4601757933768
2021-05-02 12:00:00,2021,5,2,NA,7.06389355176449,23.9717121715835
2021-05-03 12:00:00,2021,5,3,NA,8.31849741103004,24.9602912713555
2021-05-04 12:00:00,2021,5,4,NA,11.6668788605641,26.4347824869797
2021-05-05 12:00:00,2021,5,5,NA,11.0770874121334,26.6539799768516
2021-05-06 12:00:00,2021,5,6,NA,9.00924591111044,24.5671629057067
2021-05-07 12:00:00,2021,5,7,NA,12.1230442398847,18.4713044046293
2021-05-08 12:00:00,2021,5,8,NA,6.68775368525481,14.0648228645047
2021-05-09 12:00:00,2021,5,9,NA,6.54651596678267,19.1575966174385
2021-05-10 12:00:00,2021,5,10,NA,7.09501580674319,16.7957921765602
2021-05-11 12:00:00,2021,5,11,NA,5.28656863789798,19.0608649013663
2021-05-12 12:00:00,2021,5,12,NA,5.4705074602803,22.1201182834395
2021-05-13 12:00:00,2021,5,13,NA,5.67540589487971,23.5984934353166
2021-05-14 12:00:00,2021,5,14,NA,12.0839925710551,18.5556955471982
2021-05-15 12:00:00,2021,5,15,NA,15.7562757116806,21.606291910836
2021-05-16 12:00:00,2021,5,16,NA,8.67636741565039,24.1776833574661
2021-05-17 12:00:00,2021,5,17,NA,14.5642900371519,22.4475668228571
2021-05-18 12:00:00,2021,5,18,NA,16.9890998425652,28.8629437775598
2021-05-19 12:00:00,2021,5,19,NA,20.5245871269269,24.0339195986896
2021-05-20 12:00:00,2021,5,20,NA,19.9004588796879,25.8390939254394
2021-05-21 12:00:00,2021,5,21,NA,14.6532935655124,18.5956642124816
2021-05-22 12:00:00,2021,5,22,NA,13.1856453209935,23.2053967983559
2021-05-23 12:00:00,2021,5,23,NA,15.5802384756567,25.2798321348491
2021-05-24 12:00:00,2021,5,24,NA,8.98288944619817,18.2540661199212
2021-05-25 12:00:00,2021,5,25,NA,8.78048165379188,18.8858328343307
2021-05-26 12:00:00,2021,5,26,NA,7.33421308267159,17.2095917847466
2021-05-27 12:00:00,2021,5,27,NA,8.65122764295363,22.3182285611341
2021-05-28 12:00:00,2021,5,28,NA,6.62978960744599,22.2370615574789
2021-05-29 12:00:00,2021,5,29,NA,13.4904883284635,21.2514847983755
2021-05-30 12:00:00,2021,5,30,NA,10.2537943523574,20.9076655508923
2021-05-31 12:00:00,2021,5,31,NA,8.56734387659464,20.3203812529492
2021-06-01 12:00:00,2021,6,1,NA,10.0902404139758,20.968310065529
2021-06-02 12:00:00,2021,6,2,NA,6.78029088777166,25.0423945075193
2021-06-03 12:00:00,2021,6,3,NA,9.23749004264892,26.7621259284944
2021-06-04 12:00:00,2021,6,4,NA,12.8852722110567,27.6330384613533
2021-06-05 12:00:00,2021,6,5,NA,13.0792739106565,25.4665782376943
2021-06-06 12:00:00,2021,6,6,NA,9.46857603294259,27.3367036219807
2021-06-07 12:00:00,2021,6,7,NA,13.6903450772386,23.8490154821901
2021-06-08 12:00:00,2021,6,8,NA,14.5549540120306,26.7956277202469
2021-06-09 12:00:00,2021,6,9,NA,14.6461770621136,27.0334813891514
2021-06-10 12:00:00,2021,6,10,NA,18.6985181751522,23.8599550920152
2021-06-11 12:00:00,2021,6,11,NA,10.9869187066958,25.4017747275262
2021-06-12 12:00:00,2021,6,12,NA,16.2870896805765,25.4558366477535
2021-06-13 12:00:00,2021,6,13,NA,11.4029293558405,27.9020358174456
2021-06-14 12:00:00,2021,6,14,NA,11.463203879886,29.2353306683514
2021-06-15 12:00:00,2021,6,15,NA,12.7099363988239,30.1780054857719
2021-06-16 12:00:00,2021,6,16,NA,15.8159330677653,27.074479844011
2021-06-17 12:00:00,2021,6,17,NA,15.9170439177165,24.0186145921464
2021-06-18 12:00:00,2021,6,18,NA,15.1104016852603,32.6292984201036
2021-06-19 12:00:00,2021,6,19,NA,19.9931522081245,30.9567898666
2021-06-20 12:00:00,2021,6,20,NA,20.3541023644998,30.5538693684486
2021-06-21 12:00:00,2021,6,21,NA,14.7614343085421,29.1756170695116
2021-06-22 12:00:00,2021,6,22,NA,17.7722496225946,30.0129233308108
2021-06-23 12:00:00,2021,6,23,NA,17.7456784706686,28.1946858097612
2021-06-24 12:00:00,2021,6,24,NA,15.378041208818,31.6218971705635
2021-06-25 12:00:00,2021,6,25,NA,18.8680935843617,30.1711753901981
2021-06-26 12:00:00,2021,6,26,NA,21.1510152744826,31.5835739859592
2021-06-27 12:00:00,2021,6,27,NA,20.0462507126637,34.4902522999861
2021-06-28 12:00:00,2021,6,28,NA,19.4343780295402,36.9532747643836
2021-06-29 12:00:00,2021,6,29,NA,18.546829998693,31.9667456612391
2021-06-30 12:00:00,2021,6,30,NA,17.1982221072301,31.6039721714602
2021-07-01 12:00:00,2021,7,1,NA,17.6351018280279,30.0209180112241
2021-07-02 12:00:00,2021,7,2,NA,16.1210220967433,29.3028520512517
2021-07-03 12:00:00,2021,7,3,NA,13.3166354687797,21.7121582787898
2021-07-04 12:00:00,2021,7,4,NA,9.31675923337635,20.2912854953345
2021-07-05 12:00:00,2021,7,5,NA,11.1247717824476,20.5384721059289
2021-07-06 12:00:00,2021,7,6,NA,9.88211691249876,19.9970845335847
2021-07-07 12:00:00,2021,7,7,NA,12.0190831409578,21.0164162286389
2021-07-08 12:00:00,2021,7,8,NA,10.6308356530061,26.3036348086146
2021-07-09 12:00:00,2021,7,9,NA,11.265650110621,28.4354528328135
2021-07-10 12:00:00,2021,7,10,NA,10.2613745279894,29.0597953176937
2021-07-11 12:00:00,2021,7,11,NA,5.36852524911624,28.8977424733891
2021-07-12 12:00:00,2021,7,12,NA,12.1449746828712,24.8273180253608
2021-07-13 12:00:00,2021,7,13,NA,9.13140693253526,24.1484553339823
2021-07-14 12:00:00,2021,7,14,NA,10.6165936076116,22.572333376676
2021-07-15 12:00:00,2021,7,15,NA,8.28730978306186,24.345231164943
2021-07-16 12:00:00,2021,7,16,NA,9.50126341108905,24.7350559185682
2021-07-17 12:00:00,2021,7,17,NA,9.35784357825887,25.9557088555175
2021-07-18 12:00:00,2021,7,18,NA,14.298450711631,23.1838674304322
2021-07-19 12:00:00,2021,7,19,NA,11.5740669426955,28.0145545451478
2021-07-20 12:00:00,2021,7,20,NA,10.8118226601114,25.6775098920467
2021-07-21 12:00:00,2021,7,21,NA,10.1031896809374,29.3596471827455
2021-07-22 12:00:00,2021,7,22,NA,13.8824452811895,25.1460024724617
2021-07-23 12:00:00,2021,7,23,NA,15.0224021226369,21.1416512541767
2021-07-24 12:00:00,2021,7,24,NA,10.3352108263873,21.8518060598415
2021-07-25 12:00:00,2021,7,25,NA,10.0147910791551,19.0173105087129
2021-07-26 12:00:00,2021,7,26,NA,8.63291400870051,21.1305247576068
2021-07-27 12:00:00,2021,7,27,NA,7.8662814589832,22.734891252677
2021-07-28 12:00:00,2021,7,28,NA,6.88910325726006,23.8815154817304
2021-07-29 12:00:00,2021,7,29,NA,9.47611093451212,26.455603871142
2021-07-30 12:00:00,2021,7,30,NA,13.9647128384557,25.7606946960084
2021-07-31 12:00:00,2021,7,31,NA,10.5374392043965,20.3293812666001
2021-08-01 12:00:00,2021,8,1,NA,7.89024125590899,20.4370257492608
2021-08-02 12:00:00,2021,8,2,NA,14.2628420274829,19.906820309675
2021-08-03 12:00:00,2021,8,3,NA,14.3545655665383,19.7872378033375
2021-08-04 12:00:00,2021,8,4,NA,16.3240816867847,20.5264303633251
2021-08-05 12:00:00,2021,8,5,NA,13.4965273022004,20.5132164238986
2021-08-06 12:00:00,2021,8,6,NA,12.0158950815442,20.6287844344608
2021-08-07 12:00:00,2021,8,7,NA,9.22843512160784,23.0805599231258
2021-08-08 12:00:00,2021,8,8,NA,9.72927546142239,24.6459385045828
2021-08-09 12:00:00,2021,8,9,NA,14.5518950868033,23.5356340301002
2021-08-10 12:00:00,2021,8,10,NA,15.8070598747767,23.9224242670888
2021-08-11 12:00:00,2021,8,11,NA,14.56754275682,25.3271604083678
2021-08-12 12:00:00,2021,8,12,NA,15.842717271892,32.5865066845986
2021-08-13 12:00:00,2021,8,13,NA,14.7682592744068,27.5823406401135
2021-08-14 12:00:00,2021,8,14,NA,16.196825113453,24.5371278169476
2021-08-15 12:00:00,2021,8,15,NA,18.5489341050111,23.0313865608625
2021-08-16 12:00:00,2021,8,16,NA,16.9770725933766,22.1075902718392
2021-08-17 12:00:00,2021,8,17,NA,14.6122881426453,23.7557979502807
2021-08-18 12:00:00,2021,8,18,NA,9.60270128380121,22.4167826495079
2021-08-19 12:00:00,2021,8,19,NA,9.66266722139513,20.7554288347224
2021-08-20 12:00:00,2021,8,20,NA,15.9700113984784,23.1663634975611
2021-08-21 12:00:00,2021,8,21,NA,15.0590612272919,20.6012924881698
2021-08-22 12:00:00,2021,8,22,NA,13.1148177023201,23.2230720746806
2021-08-23 12:00:00,2021,8,23,NA,17.3542854580302,22.7434347493102
2021-08-24 12:00:00,2021,8,24,NA,19.0151882619755,25.3781634555917
2021-08-25 12:00:00,2021,8,25,NA,16.9356193471225,24.1292348220988
2021-08-26 12:00:00,2021,8,26,NA,15.3216642426867,22.6177613525353
2021-08-27 12:00:00,2021,8,27,NA,10.0380844471903,26.1802655193834
2021-08-28 12:00:00,2021,8,28,NA,10.1652473561745,23.1953522241167
2021-08-29 12:00:00,2021,8,29,NA,10.5817995154127,25.4737557560249
2021-08-30 12:00:00,2021,8,30,NA,12.6528202574274,23.9333992306698
2021-08-31 12:00:00,2021,8,31,NA,15.1375610219139,27.1011716345361
2021-09-01 12:00:00,2021,9,1,NA,14.7309247294978,28.4830816284447
2021-09-02 12:00:00,2021,9,2,NA,14.8991952769208,28.0268936167443
2021-09-03 12:00:00,2021,9,3,NA,15.5882606946877,24.8887964379509
2021-09-04 12:00:00,2021,9,4,NA,18.7158682056686,25.503433670704
2021-09-05 12:00:00,2021,9,5,NA,13.3119507945805,24.6371409782604
2021-09-06 12:00:00,2021,9,6,NA,8.60760334649628,25.4136554166024
2021-09-07 12:00:00,2021,9,7,NA,14.9998319874905,28.9875463265166
2021-09-08 12:00:00,2021,9,8,NA,13.4445269995236,26.5674092124785
2021-09-09 12:00:00,2021,9,9,NA,15.9735912694517,25.8387039524674
2021-09-10 12:00:00,2021,9,10,NA,14.7441611059412,23.1366909398378
2021-09-11 12:00:00,2021,9,11,NA,12.7729165889071,19.3147534447715
2021-09-12 12:00:00,2021,9,12,NA,12.3107477099584,19.5031114854035
2021-09-13 12:00:00,2021,9,13,NA,9.06089126661506,19.6976490880737
2021-09-14 12:00:00,2021,9,14,NA,9.44697896196021,18.823677420162
2021-09-15 12:00:00,2021,9,15,NA,6.46955076651025,21.3012260852844
2021-09-16 12:00:00,2021,9,16,NA,5.86369003889229,21.9866192627699
2021-09-17 12:00:00,2021,9,17,NA,6.29360414351236,21.7142665809052
2021-09-18 12:00:00,2021,9,18,NA,11.5525899464422,25.156693865981
2021-09-19 12:00:00,2021,9,19,NA,9.02288050920132,22.0495355886914
2021-09-20 12:00:00,2021,9,20,NA,9.94521178383014,21.8765070350919
2021-09-21 12:00:00,2021,9,21,NA,11.5020889922469,19.4940129714475
2021-09-22 12:00:00,2021,9,22,NA,13.3295150028129,19.1201539656003
2021-09-23 12:00:00,2021,9,23,NA,9.63214098773298,18.9327044770434
2021-09-24 12:00:00,2021,9,24,NA,8.95692461294566,16.8475395103333
2021-09-25 12:00:00,2021,9,25,NA,5.95726209985055,12.1524607144024
2021-09-26 12:00:00,2021,9,26,NA,3.64217297457649,14.2789307960352
2021-09-27 12:00:00,2021,9,27,NA,1.55118318229984,19.0558501689575
2021-09-28 12:00:00,2021,9,28,NA,1.21575311333322,20.6611260240609
2021-09-29 12:00:00,2021,9,29,NA,-2.38278440937104,24.1509422226329
2021-09-30 12:00:00,2021,9,30,NA,3.47951690032991,22.2317128990339
2021-10-01 12:00:00,2021,10,1,NA,6.92337631189336,33.4571029438973
2021-10-02 12:00:00,2021,10,2,NA,13.2927159145671,31.423513169101
2021-10-03 12:00:00,2021,10,3,NA,11.1962746735202,26.9434796963744
2021-10-04 12:00:00,2021,10,4,NA,14.5331579763845,29.223811243822
2021-10-05 12:00:00,2021,10,5,NA,11.678182163249,25.8585929889837
2021-10-06 12:00:00,2021,10,6,NA,16.0046778331364,20.2444494356149
2021-10-07 12:00:00,2021,10,7,NA,8.85337972032808,14.2661198538378
2021-10-08 12:00:00,2021,10,8,NA,5.64992275943017,15.443329844072
2021-10-09 12:00:00,2021,10,9,NA,4.141260011067,16.9575160494861
2021-10-10 12:00:00,2021,10,10,NA,3.8151631448756,15.7247794829928
2021-10-11 12:00:00,2021,10,11,NA,9.85957629446916,16.3111740137618
2021-10-12 12:00:00,2021,10,12,NA,9.26131428877218,17.8433102178934
2021-10-13 12:00:00,2021,10,13,NA,13.0183696780432,18.3485541586952
2021-10-14 12:00:00,2021,10,14,NA,12.5696948336186,17.0553953649024
2021-10-15 12:00:00,2021,10,15,NA,11.3500530215734,19.1111871997753
2021-10-16 12:00:00,2021,10,16,NA,10.6959082556533,15.0099116307614
2021-10-17 12:00:00,2021,10,17,NA,8.86452335150782,11.0305845914584
2021-10-18 12:00:00,2021,10,18,NA,5.66802438264746,11.0692413577499
2021-10-19 12:00:00,2021,10,19,NA,6.97043777283654,11.4561383041204
2021-10-20 12:00:00,2021,10,20,NA,3.89025057103416,13.5918972096078
2021-10-21 12:00:00,2021,10,21,NA,1.6688721179904,15.727202094434
2021-10-22 12:00:00,2021,10,22,NA,5.42339695867008,15.0907106718471
2021-10-23 12:00:00,2021,10,23,NA,7.1521982920768,16.3043252164737
2021-10-24 12:00:00,2021,10,24,NA,6.7813323024204,16.3058379362675
2021-10-25 12:00:00,2021,10,25,NA,7.09397068567266,17.4921743887998
2021-10-26 12:00:00,2021,10,26,NA,3.58016643537254,15.6255247108766
2021-10-27 12:00:00,2021,10,27,NA,4.95057835353098,12.5134392729167
2021-10-28 12:00:00,2021,10,28,NA,7.31123416859446,12.6847198598424
2021-10-29 12:00:00,2021,10,29,NA,4.27568626774305,17.1992267138996
2021-10-30 12:00:00,2021,10,30,NA,8.23084366313222,17.5615881703223
2021-10-31 12:00:00,2021,10,31,NA,7.11881729561542,17.4807645200977
2021-11-01 12:00:00,2021,11,1,NA,3.74736848878159,17.1179614238074
2021-11-02 12:00:00,2021,11,2,NA,5.77693476904162,17.8222930445457
2021-11-03 12:00:00,2021,11,3,NA,8.75643859266971,14.7703847106495
2021-11-04 12:00:00,2021,11,4,NA,12.8229837984054,16.5628691797408
2021-11-05 12:00:00,2021,11,5,NA,7.03173356883365,12.6153825839901
2021-11-06 12:00:00,2021,11,6,NA,7.78656860133997,14.3941414375968
2021-11-07 12:00:00,2021,11,7,NA,7.63160993463878,16.748241755923
2021-11-08 12:00:00,2021,11,8,NA,5.92385594959233,15.6498280847962
2021-11-09 12:00:00,2021,11,9,NA,9.23407818884486,14.8889030520385
2021-11-10 12:00:00,2021,11,10,NA,12.0297754013331,14.8564618530604
2021-11-11 12:00:00,2021,11,11,NA,6.2760412514331,12.0108409089547
2021-11-12 12:00:00,2021,11,12,NA,5.60222776206433,11.4666782168111
2021-11-13 12:00:00,2021,11,13,NA,4.347026402378,13.6611523494131
2021-11-14 12:00:00,2021,11,14,NA,-2.88561216041542,8.84989333849293
2021-11-15 12:00:00,2021,11,15,NA,-1.85000519521281,7.49700292297105
2021-11-16 12:00:00,2021,11,16,NA,-1.53708862689534,12.48957510918
2021-11-17 12:00:00,2021,11,17,NA,0.162697504263891,10.8548789132194
2021-11-18 12:00:00,2021,11,18,NA,-2.16019345167942,8.11459338638362
2021-11-19 12:00:00,2021,11,19,NA,1.95432330158112,6.64691183057896
2021-11-20 12:00:00,2021,11,20,NA,-2.56508401484735,5.79774217844695
2021-11-21 12:00:00,2021,11,21,NA,-1.73648897170538,7.06096765363162
2021-11-22 12:00:00,2021,11,22,NA,-2.97862660014606,5.05557669558913
2021-11-23 12:00:00,2021,11,23,NA,-0.881957612875197,6.66598576601291
2021-11-24 12:00:00,2021,11,24,NA,-2.30813974056559,6.80849208071863
2021-11-25 12:00:00,2021,11,25,NA,4.6652251059846,7.51990260352712
2021-11-26 12:00:00,2021,11,26,NA,2.47684970170009,10.0906839058751
2021-11-27 12:00:00,2021,11,27,NA,4.2447869794869,11.047215413769
2021-11-28 12:00:00,2021,11,28,NA,4.40588186253129,7.41295840091931
2021-11-29 12:00:00,2021,11,29,NA,2.20499207700797,7.93979173452961
2021-11-30 12:00:00,2021,11,30,NA,0.362384103212558,7.43116496582059
2021-12-01 12:00:00,2021,12,1,NA,0.480247316585298,11.7545852016323
2021-12-02 12:00:00,2021,12,2,NA,0.363267958619499,11.0377383720366
2021-12-03 12:00:00,2021,12,3,NA,2.52041429986083,11.3359254271584
2021-12-04 12:00:00,2021,12,4,NA,3.42778512956898,9.62567151015291
2021-12-05 12:00:00,2021,12,5,NA,6.20379907700658,13.8310834077124
2021-12-06 12:00:00,2021,12,6,NA,2.24408224625142,9.49213523513289
2021-12-07 12:00:00,2021,12,7,NA,6.9181877637577,11.4795627342798
2021-12-08 12:00:00,2021,12,8,NA,9.78727871278313,12.3446205115158
2021-12-09 12:00:00,2021,12,9,NA,8.03526464634662,12.0487590854491
2021-12-10 12:00:00,2021,12,10,NA,8.00446129938217,14.5282864175819
2021-12-11 12:00:00,2021,12,11,NA,3.48743356358479,5.94254420619338
2021-12-12 12:00:00,2021,12,12,NA,1.00827222850567,5.76496939240072
2021-12-13 12:00:00,2021,12,13,NA,-0.573550444309255,4.1798186744591
2021-12-14 12:00:00,2021,12,14,NA,-1.74890727834311,0.290288308419614
2021-12-15 12:00:00,2021,12,15,NA,3.09591875520256,5.47918653791837
2021-12-16 12:00:00,2021,12,16,NA,1.17960628866867,5.07078672029508
2021-12-17 12:00:00,2021,12,17,NA,-0.0616183223150459,4.49975664820703
2021-12-18 12:00:00,2021,12,18,NA,-0.173784914649741,2.86812213873606
2021-12-19 12:00:00,2021,12,19,NA,-2.29313778229186,2.48836312962678
2021-12-20 12:00:00,2021,12,20,NA,0.89808456292627,6.92691926866538
2021-12-21 12:00:00,2021,12,21,NA,1.34099686968272,5.1841877121122
2021-12-22 12:00:00,2021,12,22,NA,1.58639842058574,6.68100176462525
2021-12-23 12:00:00,2021,12,23,NA,3.35188303012603,9.44843000187989
2021-12-24 12:00:00,2021,12,24,NA,3.59133850347429,9.70410077140115
2021-12-25 12:00:00,2021,12,25,NA,3.1767870217423,9.30391379553553
2021-12-26 12:00:00,2021,12,26,NA,3.91669797586085,7.97415623630337
2021-12-27 12:00:00,2021,12,27,NA,3.73770649911528,10.7512496974702
2021-12-28 12:00:00,2021,12,28,NA,6.41945118155,14.0853388516322
2021-12-29 12:00:00,2021,12,29,NA,8.22682290959252,15.3596186218462
2021-12-30 12:00:00,2021,12,30,NA,7.34795698420657,12.437800354968
2021-12-31 12:00:00,2021,12,31,NA,6.98953850978603,13.8990507011007
2022-01-01 12:00:00,2022,1,1,NA,11.7124390577136,12.7938574380577
2022-01-02 12:00:00,2022,1,2,NA,11.1778761430775,12.1500454717155
2022-01-03 12:00:00,2022,1,3,NA,3.67658456534337,5.70384619909811
2022-01-04 12:00:00,2022,1,4,NA,1.05840022872222,3.76915759295859
2022-01-05 12:00:00,2022,1,5,NA,-4.46638918861174,2.61297289983388
2022-01-06 12:00:00,2022,1,6,NA,-4.03726201236736,2.51850995158742
2022-01-07 12:00:00,2022,1,7,NA,-2.21399294377107,5.67425291957967
2022-01-08 12:00:00,2022,1,8,NA,-2.87437359933489,-0.774148000981403
2022-01-09 12:00:00,2022,1,9,NA,-4.65711841919293,-3.69099812367654
2022-01-10 12:00:00,2022,1,10,NA,-6.63852649519095,-3.96779844344525
2022-01-11 12:00:00,2022,1,11,NA,-7.07229756847309,-0.0627567339526629
2022-01-12 12:00:00,2022,1,12,NA,-8.3787484203065,-4.27675716496258
2022-01-13 12:00:00,2022,1,13,NA,-0.295676919061545,2.85380846538538
2022-01-14 12:00:00,2022,1,14,NA,0.235501280952481,3.38198426150554
2022-01-15 12:00:00,2022,1,15,NA,1.82621238085134,5.8411305002555
2022-01-16 12:00:00,2022,1,16,NA,-3.08299823574886,-0.248162057866559
2022-01-17 12:00:00,2022,1,17,NA,-12.2613258766871,-8.45645218242169
2022-01-18 12:00:00,2022,1,18,NA,-13.9877069043248,-6.7013318966417
2022-01-19 12:00:00,2022,1,19,NA,-11.1706510001385,-3.39794320013609
2022-01-20 12:00:00,2022,1,20,NA,-10.9498475743362,-4.34047044040158
2022-01-21 12:00:00,2022,1,21,NA,-9.78573471317874,-3.41109847577758
2022-01-22 12:00:00,2022,1,22,NA,-9.35912694830779,-4.58872625001342
2022-01-23 12:00:00,2022,1,23,NA,-6.92556935176023,-0.672313043482932
2022-01-24 12:00:00,2022,1,24,NA,-1.37969148195972,4.33271697563091
2022-01-25 12:00:00,2022,1,25,NA,-2.97700553641469,2.5202907801649
2022-01-26 12:00:00,2022,1,26,NA,0.457494098332744,5.38173375963693
2022-01-27 12:00:00,2022,1,27,NA,1.50990239107393,4.60277490213085
2022-01-28 12:00:00,2022,1,28,NA,4.21612079290864,7.08927460206453
2022-01-29 12:00:00,2022,1,29,NA,3.72255489236293,5.59385521703944
2022-01-30 12:00:00,2022,1,30,NA,0.813149784041387,5.62094533752056
2022-01-31 12:00:00,2022,1,31,NA,0.766803072485742,5.00874282374066
2022-02-01 12:00:00,2022,2,1,NA,1.93676658409048,7.01839220137096
2022-02-02 12:00:00,2022,2,2,NA,1.0777751421419,6.06850828507093
2022-02-03 12:00:00,2022,2,3,NA,4.53345173797071,8.63208226890874
2022-02-04 12:00:00,2022,2,4,NA,5.16365818810708,8.38306041138631
2022-02-05 12:00:00,2022,2,5,NA,5.20398662113671,6.85906703501047
2022-02-06 12:00:00,2022,2,6,NA,2.87801766591708,7.018823597305
2022-02-07 12:00:00,2022,2,7,NA,-0.704219026296108,3.38916931341664
2022-02-08 12:00:00,2022,2,8,NA,0.497546154035652,5.43540025426096
2022-02-09 12:00:00,2022,2,9,NA,-1.53787648129918,3.39997761892613
2022-02-10 12:00:00,2022,2,10,NA,1.16003687444533,4.67620520552129
2022-02-11 12:00:00,2022,2,11,NA,2.96663237303971,7.49445772959731
2022-02-12 12:00:00,2022,2,12,NA,1.72737694756146,10.277730016859
2022-02-13 12:00:00,2022,2,13,NA,-1.04552693659058,8.07412605955193
2022-02-14 12:00:00,2022,2,14,NA,1.23350776553922,5.16300868207652
2022-02-15 12:00:00,2022,2,15,NA,4.09834618668201,7.35844881084269
2022-02-16 12:00:00,2022,2,16,NA,7.45206602017756,10.1713418428745
2022-02-17 12:00:00,2022,2,17,NA,7.80145980332169,12.3724031935707
2022-02-18 12:00:00,2022,2,18,NA,7.04412921236768,16.3200945557621
2022-02-19 12:00:00,2022,2,19,NA,5.24450868697269,17.508648900096
2022-02-20 12:00:00,2022,2,20,NA,9.78701854866286,16.3311857625187
2022-02-21 12:00:00,2022,2,21,NA,4.35720423110117,8.65866792731951
2022-02-22 12:00:00,2022,2,22,NA,5.26983540126285,9.31972689772105
2022-02-23 12:00:00,2022,2,23,NA,3.42032173981962,7.37270079457465
2022-02-24 12:00:00,2022,2,24,NA,0.452667170023678,6.89784476018177
2022-02-25 12:00:00,2022,2,25,NA,-3.27290714233621,6.84850910428229
2022-02-26 12:00:00,2022,2,26,NA,-0.694457526443918,10.2427042282181
2022-02-27 12:00:00,2022,2,27,NA,-5.30401148584151,4.27224108550395
2022-02-28 12:00:00,2022,2,28,NA,-4.47062346643874,7.15513776975502
2022-03-01 12:00:00,2022,3,1,NA,-0.111928018049459,10.009488228569
2022-03-02 12:00:00,2022,3,2,NA,3.62719659133169,12.1775496606292
2022-03-03 12:00:00,2022,3,3,NA,1.69486688694014,11.8871442075659
2022-03-04 12:00:00,2022,3,4,NA,-1.95562674386141,10.7460315265493
2022-03-05 12:00:00,2022,3,5,NA,-0.575238772017398,9.68595157320531
2022-03-06 12:00:00,2022,3,6,NA,0.0602098505233046,10.4351424263478
2022-03-07 12:00:00,2022,3,7,NA,6.97479013795144,19.8170751037349
2022-03-08 12:00:00,2022,3,8,NA,1.99235818827275,12.3073961057441
2022-03-09 12:00:00,2022,3,9,NA,2.92690560411087,5.29909838584516
2022-03-10 12:00:00,2022,3,10,NA,-1.40972005050026,6.28342030630297
2022-03-11 12:00:00,2022,3,11,NA,-4.59351937899763,12.1313307948387
2022-03-12 12:00:00,2022,3,12,NA,2.6607895723695,14.3918504300052
2022-03-13 12:00:00,2022,3,13,NA,5.55029394475556,12.7009953177309
2022-03-14 12:00:00,2022,3,14,NA,3.95278467998213,12.7669139280703
2022-03-15 12:00:00,2022,3,15,NA,7.66535713402764,15.751808843248
2022-03-16 12:00:00,2022,3,16,NA,10.6819648362988,17.1218742918202
2022-03-17 12:00:00,2022,3,17,NA,7.17721696778049,23.3569173580652
2022-03-18 12:00:00,2022,3,18,NA,8.40160678015461,16.3449163824957
2022-03-19 12:00:00,2022,3,19,NA,1.92733776656657,5.92735805961737
2022-03-20 12:00:00,2022,3,20,NA,-1.65100944442295,5.70432187517283
2022-03-21 12:00:00,2022,3,21,NA,-3.53869304728884,6.46888535991102
2022-03-22 12:00:00,2022,3,22,NA,-5.92138560741884,9.6493416904795
2022-03-23 12:00:00,2022,3,23,NA,5.85191260665787,15.1009367729996
2022-03-24 12:00:00,2022,3,24,NA,9.85446599434754,16.5141702264562
2022-03-25 12:00:00,2022,3,25,NA,5.62214941350275,19.9419119056736
2022-03-26 12:00:00,2022,3,26,NA,8.62010774626489,17.2841749068581
2022-03-27 12:00:00,2022,3,27,NA,7.61493467649266,20.3052448179941
2022-03-28 12:00:00,2022,3,28,NA,9.827005953962,20.6798166775004
2022-03-29 12:00:00,2022,3,29,NA,8.14823563227911,18.5751316350525
2022-03-30 12:00:00,2022,3,30,NA,7.88226753077118,11.8106933326671
2022-03-31 12:00:00,2022,3,31,NA,3.60653394823137,10.8081607102097
2022-04-01 12:00:00,2022,4,1,NA,5.57947202941615,12.6924642284463
2022-04-02 12:00:00,2022,4,2,NA,8.89769590618527,20.2860989197781
2022-04-03 12:00:00,2022,4,3,NA,13.8499623377433,22.3000343134239
2022-04-04 12:00:00,2022,4,4,NA,15.5432589378009,21.1049881040642
2022-04-05 12:00:00,2022,4,5,NA,16.3227483777348,20.3750991388453
2022-04-06 12:00:00,2022,4,6,NA,11.2578749661226,25.0160949639914
2022-04-07 12:00:00,2022,4,7,NA,10.0365856142594,22.2112546650444
2022-04-08 12:00:00,2022,4,8,NA,9.34814702254316,20.5233192734671
2022-04-09 12:00:00,2022,4,9,NA,11.9763083959846,18.7509384574917
2022-04-10 12:00:00,2022,4,10,NA,11.1021393073682,18.3328761655988
2022-04-11 12:00:00,2022,4,11,NA,9.2829363722524,19.8621118561746
2022-04-12 12:00:00,2022,4,12,NA,5.49205598473292,20.2495887407175
2022-04-13 12:00:00,2022,4,13,NA,8.57717561334737,21.7581721478707
2022-04-14 12:00:00,2022,4,14,NA,10.198629150599,19.3612540790385
2022-04-15 12:00:00,2022,4,15,NA,4.65296175587194,21.5057432668954
2022-04-16 12:00:00,2022,4,16,NA,7.87566191789175,25.0180639568035
2022-04-17 12:00:00,2022,4,17,NA,10.6247309114294,26.7674225235969
2022-04-18 12:00:00,2022,4,18,NA,12.6681584803164,23.8742269532883
2022-04-19 12:00:00,2022,4,19,NA,11.0877556155846,27.4769304213857
2022-04-20 12:00:00,2022,4,20,NA,11.0741481528739,19.5410898410332
2022-04-21 12:00:00,2022,4,21,NA,9.60724911915419,20.1864246030764
2022-04-22 12:00:00,2022,4,22,NA,3.81362063866452,16.5198579867868
2022-04-23 12:00:00,2022,4,23,NA,6.18499516058631,15.6842382169843
2022-04-24 12:00:00,2022,4,24,NA,11.1447116614915,18.2664423099433
2022-04-25 12:00:00,2022,4,25,NA,16.5288454509301,23.7595823091607
2022-04-26 12:00:00,2022,4,26,NA,10.4008790185311,23.0790297344032
2022-04-27 12:00:00,2022,4,27,NA,10.7796816219831,20.2789246783811
2022-04-28 12:00:00,2022,4,28,NA,6.31387706935889,19.8577082305638
2022-04-29 12:00:00,2022,4,29,NA,8.04316571027268,18.0771160027529
2022-04-30 12:00:00,2022,4,30,NA,9.80773506861288,15.3316775041152
2022-05-01 12:00:00,2022,5,1,NA,9.82013436920341,22.6931118312578
2022-05-02 12:00:00,2022,5,2,NA,9.08061354626071,13.8057205147331
2022-05-03 12:00:00,2022,5,3,NA,1.64023987123004,19.2613509748547
2022-05-04 12:00:00,2022,5,4,NA,4.09455748834038,14.7466231456436
2022-05-05 12:00:00,2022,5,5,NA,1.23030008462724,17.2640140538136
2022-05-06 12:00:00,2022,5,6,NA,4.39963749023494,19.1585172613969
2022-05-07 12:00:00,2022,5,7,NA,5.62260243168463,17.3836256941273
2022-05-08 12:00:00,2022,5,8,NA,3.49843130534865,20.7386927731204
2022-05-09 12:00:00,2022,5,9,NA,5.54021655487728,18.1961234313926
2022-05-10 12:00:00,2022,5,10,NA,5.02687767516199,19.4604873168415
2022-05-11 12:00:00,2022,5,11,NA,7.89042805455654,18.0373822259088
2022-05-12 12:00:00,2022,5,12,NA,4.57837876268957,22.0221216853981
2022-05-13 12:00:00,2022,5,13,NA,7.8588461387014,23.7205625783346
2022-05-14 12:00:00,2022,5,14,NA,11.8730435717229,17.8934847872679
2022-05-15 12:00:00,2022,5,15,NA,8.28307630588382,20.1364380142858
2022-05-16 12:00:00,2022,5,16,NA,13.0566038786846,26.6904071300559
2022-05-17 12:00:00,2022,5,17,NA,14.0573456058892,22.273725382176
2022-05-18 12:00:00,2022,5,18,NA,13.4977728496646,22.1940343335344
2022-05-19 12:00:00,2022,5,19,NA,14.6290516413779,19.5372265248222
2022-05-20 12:00:00,2022,5,20,NA,12.9987582480049,20.3758274272548
2022-05-21 12:00:00,2022,5,21,NA,11.4467028339985,26.1206561528729
2022-05-22 12:00:00,2022,5,22,NA,9.16601244928322,22.7519710411817
2022-05-23 12:00:00,2022,5,23,NA,8.36697239444792,21.1457635805041
2022-05-24 12:00:00,2022,5,24,NA,9.9257688636777,20.6398039152396
2022-05-25 12:00:00,2022,5,25,NA,8.85042453019119,14.785098167805
2022-05-26 12:00:00,2022,5,26,NA,5.2295669928999,18.1219526986125
2022-05-27 12:00:00,2022,5,27,NA,5.77401929932418,22.3830530757404
2022-05-28 12:00:00,2022,5,28,NA,11.1053659544913,25.7478304798157
2022-05-29 12:00:00,2022,5,29,NA,9.29683265424375,28.4125129707757
2022-05-30 12:00:00,2022,5,30,NA,10.2487918017351,23.555918789563
2022-05-31 12:00:00,2022,5,31,NA,10.1773969064834,23.5858596227219
2022-06-01 12:00:00,2022,6,1,NA,11.2908846935189,27.9326785538443
2022-06-02 12:00:00,2022,6,2,NA,9.40496886730198,24.7677805219204
2022-06-03 12:00:00,2022,6,3,NA,9.47318769433923,27.4928524218556
2022-06-04 12:00:00,2022,6,4,NA,13.9730712519188,30.4721777135239
2022-06-05 12:00:00,2022,6,5,NA,16.4039752900698,30.063680940367
2022-06-06 12:00:00,2022,6,6,NA,13.2892161500829,21.4767312190422
2022-06-07 12:00:00,2022,6,7,NA,17.0783134043675,26.2471580896003
2022-06-08 12:00:00,2022,6,8,NA,14.6782303946847,23.9637483389506
2022-06-09 12:00:00,2022,6,9,NA,13.741304230963,22.9413964519671
2022-06-10 12:00:00,2022,6,10,NA,14.6662151557282,24.1515383190324
2022-06-11 12:00:00,2022,6,11,NA,9.8809628937229,27.3159952660852
2022-06-12 12:00:00,2022,6,12,NA,10.9360242439316,20.2339915276856
2022-06-13 12:00:00,2022,6,13,NA,8.03864270745516,25.2609376578245
2022-06-14 12:00:00,2022,6,14,NA,11.0341885826962,29.631070848036
2022-06-15 12:00:00,2022,6,15,NA,14.9152610952618,27.3104448671237
2022-06-16 12:00:00,2022,6,16,NA,9.77523864405904,25.9746041515998
2022-06-17 12:00:00,2022,6,17,NA,9.49990456746482,27.0188013023082
2022-06-18 12:00:00,2022,6,18,NA,12.8385947842207,25.4940458651812
2022-06-19 12:00:00,2022,6,19,NA,13.6663812656478,26.9087333790695
2022-06-20 12:00:00,2022,6,20,NA,19.2102873502163,26.7079980434936
2022-06-21 12:00:00,2022,6,21,NA,13.5688090789161,22.7950164358584
2022-06-22 12:00:00,2022,6,22,NA,13.2911361475333,24.6494529598756
2022-06-23 12:00:00,2022,6,23,NA,9.63165015805639,23.7609852120664
2022-06-24 12:00:00,2022,6,24,NA,8.11824049272957,19.1079530224917
2022-06-25 12:00:00,2022,6,25,NA,12.9206318843746,20.8527874297639
2022-06-26 12:00:00,2022,6,26,NA,14.1282172827858,22.3897884639165
2022-06-27 12:00:00,2022,6,27,NA,12.5277203928107,20.7511303758921
2022-06-28 12:00:00,2022,6,28,NA,12.5903986165195,23.8973851988019
2022-06-29 12:00:00,2022,6,29,NA,12.7500031776895,30.2856602750146
2022-06-30 12:00:00,2022,6,30,NA,17.5152219044745,24.3733100391302
2022-07-01 12:00:00,2022,7,1,NA,14.2751145076318,20.3744488932865
2022-07-02 12:00:00,2022,7,2,NA,13.8748532086042,23.1010605655465
2022-07-03 12:00:00,2022,7,3,NA,15.5518608880018,22.1325672814108
2022-07-04 12:00:00,2022,7,4,NA,21.1783534433597,25.3570397692295
2022-07-05 12:00:00,2022,7,5,NA,19.7919304609012,23.6915781909246
2022-07-06 12:00:00,2022,7,6,NA,15.6376170965077,24.5434221521916
2022-07-07 12:00:00,2022,7,7,NA,16.4091852919733,27.4672947510796
2022-07-08 12:00:00,2022,7,8,NA,18.9318254933529,25.714703828873
2022-07-09 12:00:00,2022,7,9,NA,17.4083153201625,24.1894582698942
2022-07-10 12:00:00,2022,7,10,NA,11.7789443578556,25.7605064471949
2022-07-11 12:00:00,2022,7,11,NA,14.0317578857219,31.105816546418
2022-07-12 12:00:00,2022,7,12,NA,12.1367566141259,28.0360148376434
2022-07-13 12:00:00,2022,7,13,NA,15.092422586007,29.0739846753463
2022-07-14 12:00:00,2022,7,14,NA,15.0286239628158,29.1150288560985
2022-07-15 12:00:00,2022,7,15,NA,23.2364250661553,28.2553439297908
2022-07-16 12:00:00,2022,7,16,NA,17.3837765597784,28.9003717932326
2022-07-17 12:00:00,2022,7,17,NA,18.4798127893095,29.7871956789909
2022-07-18 12:00:00,2022,7,18,NA,20.0189510327703,25.2826117341258
2022-07-19 12:00:00,2022,7,19,NA,15.8991411174342,25.8131784171554
2022-07-20 12:00:00,2022,7,20,NA,15.7699459313765,28.2918313901001
2022-07-21 12:00:00,2022,7,21,NA,13.7699809703915,23.4901392770983
2022-07-22 12:00:00,2022,7,22,NA,17.691719588797,26.5771363075982
2022-07-23 12:00:00,2022,7,23,NA,18.0142760501151,29.0695801231681
2022-07-24 12:00:00,2022,7,24,NA,19.8935652597964,33.7765308540643
2022-07-25 12:00:00,2022,7,25,NA,18.4646806479782,33.5926951973525
2022-07-26 12:00:00,2022,7,26,NA,22.4668392529588,33.5030055734031
2022-07-27 12:00:00,2022,7,27,NA,18.7454943053618,29.069500456166
2022-07-28 12:00:00,2022,7,28,NA,20.503165582,31.0481323354065
2022-07-29 12:00:00,2022,7,29,NA,24.5004186992938,35.02319121363
2022-07-30 12:00:00,2022,7,30,NA,16.531399103586,29.562422233464
2022-07-31 12:00:00,2022,7,31,NA,17.1829844150893,26.9507164919133
2022-08-01 12:00:00,2022,8,1,NA,20.9498172796691,25.3271216323635
2022-08-02 12:00:00,2022,8,2,NA,17.7222713309742,25.4148692132347
2022-08-03 12:00:00,2022,8,3,NA,13.8711743287649,27.4463765757346
2022-08-04 12:00:00,2022,8,4,NA,10.6870878534767,25.4183529698545
2022-08-05 12:00:00,2022,8,5,NA,13.8275330789379,29.6241617296298
2022-08-06 12:00:00,2022,8,6,NA,15.9197153432771,29.0474136831007
2022-08-07 12:00:00,2022,8,7,NA,13.9549386081398,25.8192400085244
2022-08-08 12:00:00,2022,8,8,NA,18.026855997269,26.2695368181209
2022-08-09 12:00:00,2022,8,9,NA,15.7032252993691,20.3100112490779
2022-08-10 12:00:00,2022,8,10,NA,14.442706887434,20.6629514411879
2022-08-11 12:00:00,2022,8,11,NA,14.4242107122475,24.3750806819205
2022-08-12 12:00:00,2022,8,12,NA,18.0426528184342,26.4197443913637
2022-08-13 12:00:00,2022,8,13,NA,14.7708986679649,21.9433614931465
2022-08-14 12:00:00,2022,8,14,NA,16.1708414378291,20.7847655822752
2022-08-15 12:00:00,2022,8,15,NA,14.970410628804,25.7320481994064
2022-08-16 12:00:00,2022,8,16,NA,13.9298891944145,21.5885020104194
2022-08-17 12:00:00,2022,8,17,NA,15.0589674693599,26.7612255074861
2022-08-18 12:00:00,2022,8,18,NA,18.5820542719658,27.4148996764067
2022-08-19 12:00:00,2022,8,19,NA,21.610655815879,27.6937133973773
2022-08-20 12:00:00,2022,8,20,NA,23.6157745919198,28.9377436371605
2022-08-21 12:00:00,2022,8,21,NA,16.6869992812232,27.4473369990915
2022-08-22 12:00:00,2022,8,22,NA,18.2972902411781,25.3139793628763
2022-08-23 12:00:00,2022,8,23,NA,17.3794364867394,25.6221173075913
2022-08-24 12:00:00,2022,8,24,NA,14.817428242659,23.9718962479125
2022-08-25 12:00:00,2022,8,25,NA,10.3153658738007,21.312525095512
2022-08-26 12:00:00,2022,8,26,NA,10.9971895912603,18.1860036664228
2022-08-27 12:00:00,2022,8,27,NA,4.87694672220206,18.7929424008661
2022-08-28 12:00:00,2022,8,28,NA,10.1156470879973,19.8791282476699
2022-08-29 12:00:00,2022,8,29,NA,11.5628634743656,22.4018866371074
2022-08-30 12:00:00,2022,8,30,NA,5.43328492441039,19.9319931820004
2022-08-31 12:00:00,2022,8,31,NA,2.35022395993281,19.6290256469078
2022-09-01 12:00:00,2022,9,1,NA,3.77835452712695,18.277062784717
2022-09-02 12:00:00,2022,9,2,NA,2.12904910094599,19.761141843763
2022-09-03 12:00:00,2022,9,3,NA,10.1608371279571,16.6640147219313
2022-09-04 12:00:00,2022,9,4,NA,6.87779009458249,22.0293348459972
2022-09-05 12:00:00,2022,9,5,NA,7.28184242456605,22.3412380711751
2022-09-06 12:00:00,2022,9,6,NA,9.94883014835559,23.0358265102461
2022-09-07 12:00:00,2022,9,7,NA,15.1111468358252,18.9236966774687
2022-09-08 12:00:00,2022,9,8,NA,14.8933721115118,20.6509943604228
2022-09-09 12:00:00,2022,9,9,NA,13.9514555263311,19.945555215258
2022-09-10 12:00:00,2022,9,10,NA,15.2489601020338,17.9522202128566
2022-09-11 12:00:00,2022,9,11,NA,16.6772687315945,19.5430418230728
2022-09-12 12:00:00,2022,9,12,NA,15.3173004787651,22.4604304777696
2022-09-13 12:00:00,2022,9,13,NA,13.2248900562136,22.539051478658
2022-09-14 12:00:00,2022,9,14,NA,17.2932141360948,23.0901799294363
2022-09-15 12:00:00,2022,9,15,NA,14.16682695077,22.093873189075
2022-09-16 12:00:00,2022,9,16,NA,12.9332964956119,22.6862488554295
2022-09-17 12:00:00,2022,9,17,NA,13.8472582945038,18.5111405557596
2022-09-18 12:00:00,2022,9,18,NA,17.6201996813247,22.0919118344828
2022-09-19 12:00:00,2022,9,19,NA,11.5816568026522,19.8049846554232
2022-09-20 12:00:00,2022,9,20,NA,11.480834620251,24.0017764010564
2022-09-21 12:00:00,2022,9,21,NA,11.3757086049547,27.4403138363434
2022-09-22 12:00:00,2022,9,22,NA,11.3480685370787,24.8319134086907
2022-09-23 12:00:00,2022,9,23,NA,15.6475640449712,24.6379826786614
2022-09-24 12:00:00,2022,9,24,NA,13.8977802660998,20.717352464907
2022-09-25 12:00:00,2022,9,25,NA,13.9083130168794,20.6495576579028
2022-09-26 12:00:00,2022,9,26,NA,9.9380550374616,19.4044246269487
2022-09-27 12:00:00,2022,9,27,NA,11.8239447031259,20.6631432671259
2022-09-28 12:00:00,2022,9,28,NA,14.6542916477601,19.685051672247
2022-09-29 12:00:00,2022,9,29,NA,12.6853486719571,19.1018515283937
2022-09-30 12:00:00,2022,9,30,NA,8.82278801850529,23.888523901823
2022-10-01 12:00:00,2022,10,1,NA,13.1807772637177,19.4164922393617
2022-10-02 12:00:00,2022,10,2,NA,11.936050542372,18.8287102468934
2022-10-03 12:00:00,2022,10,3,NA,10.8231832826517,20.5471629639794
2022-10-04 12:00:00,2022,10,4,NA,10.6047057884211,22.5143221265383
2022-10-05 12:00:00,2022,10,5,NA,8.67761063935685,16.7690437219544
2022-10-06 12:00:00,2022,10,6,NA,6.2649879615842,17.8952424522706
2022-10-07 12:00:00,2022,10,7,NA,5.70478446976061,22.6879578470994
2022-10-08 12:00:00,2022,10,8,NA,11.0820384556834,21.5182125265712
2022-10-09 12:00:00,2022,10,9,NA,19.94379248213,25.1690499450566
2022-10-10 12:00:00,2022,10,10,NA,13.6144865069998,23.3551271642521
2022-10-11 12:00:00,2022,10,11,NA,14.9059996870404,22.4180751606726
2022-10-12 12:00:00,2022,10,12,NA,11.1777637987851,18.4826624841914
2022-10-13 12:00:00,2022,10,13,NA,9.57005510794834,17.1306160999405
2022-10-14 12:00:00,2022,10,14,NA,12.7808641367861,15.9923344868759
2022-10-15 12:00:00,2022,10,15,NA,10.3181331013571,16.0253178006709
2022-10-16 12:00:00,2022,10,16,NA,7.1642062348135,12.8822217640916
2022-10-17 12:00:00,2022,10,17,NA,4.73495599370265,13.2284893138925
2022-10-18 12:00:00,2022,10,18,NA,5.72182694973389,16.5568207672179
2022-10-19 12:00:00,2022,10,19,NA,9.45068563798783,16.7032873880279
2022-10-20 12:00:00,2022,10,20,NA,10.5256188251056,19.0786040182198
2022-10-21 12:00:00,2022,10,21,NA,12.5119088820587,17.8315772249724
2022-10-22 12:00:00,2022,10,22,NA,15.7121309269318,22.76899110918
2022-10-23 12:00:00,2022,10,23,NA,13.4782984239462,18.7979667668598
2022-10-24 12:00:00,2022,10,24,NA,9.90859682569272,14.9708808587746
2022-10-25 12:00:00,2022,10,25,NA,13.5991389223726,18.8243963852992
2022-10-26 12:00:00,2022,10,26,NA,9.4829936247645,18.1140274772539
2022-10-27 12:00:00,2022,10,27,NA,10.8866004207554,20.9572424558837
2022-10-28 12:00:00,2022,10,28,NA,7.06507803294352,23.3483526624977
2022-10-29 12:00:00,2022,10,29,NA,10.1450652491227,20.2003132800371
2022-10-30 12:00:00,2022,10,30,NA,11.2479726937362,19.2018878229778
2022-10-31 12:00:00,2022,10,31,NA,5.15901350350552,14.6499457382742
2022-11-01 12:00:00,2022,11,1,NA,0.695386529726733,11.3079178484532
2022-11-02 12:00:00,2022,11,2,NA,5.90433393619168,11.3076228187321
2022-11-03 12:00:00,2022,11,3,NA,4.11084612653197,11.9272308175939
2022-11-04 12:00:00,2022,11,4,NA,6.98165325216809,14.5954874563431
2022-11-05 12:00:00,2022,11,5,NA,11.9577803286645,19.4892487501636
2022-11-06 12:00:00,2022,11,6,NA,9.48685754107288,15.2216571985945
2022-11-07 12:00:00,2022,11,7,NA,11.8681257821101,13.9247223379396
2022-11-08 12:00:00,2022,11,8,NA,17.6368951142714,20.4289732495574
2022-11-09 12:00:00,2022,11,9,NA,14.3284083727202,17.1550948244476
2022-11-10 12:00:00,2022,11,10,NA,10.7634667523635,14.5190583487046
2022-11-11 12:00:00,2022,11,11,NA,11.9515522929023,14.2946289512606
2022-11-12 12:00:00,2022,11,12,NA,12.0859227452628,16.0147600611609
2022-11-13 12:00:00,2022,11,13,NA,10.2598056901584,13.077972714676
2022-11-14 12:00:00,2022,11,14,NA,9.15214879838613,15.6722899290703
2022-11-15 12:00:00,2022,11,15,NA,8.22930450888459,15.7438267264885
2022-11-16 12:00:00,2022,11,16,NA,10.8023014099603,15.9883114219902
2022-11-17 12:00:00,2022,11,17,NA,10.2787962214737,17.7947981518723
2022-11-18 12:00:00,2022,11,18,NA,8.70386080443189,14.657627540847
2022-11-19 12:00:00,2022,11,19,NA,8.08965699883448,14.780917254336
2022-11-20 12:00:00,2022,11,20,NA,6.99869066324371,13.6429031504887
2022-11-21 12:00:00,2022,11,21,NA,7.60613621931305,11.3398016649384
2022-11-22 12:00:00,2022,11,22,NA,4.56663512934459,7.45187805274731
2022-11-23 12:00:00,2022,11,23,NA,2.95160363259191,4.9053395222022
2022-11-24 12:00:00,2022,11,24,NA,2.26089249532722,7.38654701986815
2022-11-25 12:00:00,2022,11,25,NA,-0.847980753596838,2.91754566722359
2022-11-26 12:00:00,2022,11,26,NA,1.63505902147474,7.33202429877119
2022-11-27 12:00:00,2022,11,27,NA,-2.04390950705691,9.68847239566426
2022-11-28 12:00:00,2022,11,28,NA,1.3223020407071,8.85377046220624
2022-11-29 12:00:00,2022,11,29,NA,3.39708920302154,11.4250591492929
2022-11-30 12:00:00,2022,11,30,NA,7.30269077726589,10.2650064502215
2022-12-01 12:00:00,2022,12,1,NA,4.75970066922792,10.7226619440642
2022-12-02 12:00:00,2022,12,2,NA,7.86051214346399,10.706902382873
2022-12-03 12:00:00,2022,12,3,NA,5.01106144828259,9.88087661234557
2022-12-04 12:00:00,2022,12,4,NA,4.3830603014772,10.4574616420185
2022-12-05 12:00:00,2022,12,5,NA,6.67327495119149,10.5365281548076
2022-12-06 12:00:00,2022,12,6,NA,10.7047077633437,16.6478005914616
2022-12-07 12:00:00,2022,12,7,NA,9.43759652809306,16.5646052887847
2022-12-08 12:00:00,2022,12,8,NA,5.82136493854808,13.2707864040531
2022-12-09 12:00:00,2022,12,9,NA,4.9106921639503,11.0204699867125
2022-12-10 12:00:00,2022,12,10,NA,1.3147561371314,9.60801523607383
2022-12-11 12:00:00,2022,12,11,NA,2.84995767319695,12.500469173042
2022-12-12 12:00:00,2022,12,12,NA,2.09691811538577,10.6521114647181
2022-12-13 12:00:00,2022,12,13,NA,6.92456912933584,13.0395618542778
2022-12-14 12:00:00,2022,12,14,NA,7.28534022039049,15.1478350345759
2022-12-15 12:00:00,2022,12,15,NA,5.97099809584364,11.9944986747519
2022-12-16 12:00:00,2022,12,16,NA,6.62252758543234,12.7014902421078
2022-12-17 12:00:00,2022,12,17,NA,5.83476290956314,11.4164373941126
2022-12-18 12:00:00,2022,12,18,NA,-0.15963033310484,3.85934670663657
2022-12-19 12:00:00,2022,12,19,NA,-3.11544925096541,2.52106949765215
2022-12-20 12:00:00,2022,12,20,NA,-7.11035763961846,-3.128884182213
2022-12-21 12:00:00,2022,12,21,NA,-5.32845185468338,-0.582251965749102
2022-12-22 12:00:00,2022,12,22,NA,-0.80478990426974,1.22058730770342
2022-12-23 12:00:00,2022,12,23,NA,1.09838570002145,3.12376291199461
2022-12-24 12:00:00,2022,12,24,NA,-2.00188063808329,0.00705158199996658
2022-12-25 12:00:00,2022,12,25,NA,0.307294832852272,2.11756496898494
2022-12-26 12:00:00,2022,12,26,NA,-2.79207603623625,3.49179293902189
2022-12-27 12:00:00,2022,12,27,NA,2.00363515911649,9.06003832100128
2022-12-28 12:00:00,2022,12,28,NA,1.81591493224961,7.59164002468123
2022-12-29 12:00:00,2022,12,29,NA,3.94103909943262,7.94920783753745
2022-12-30 12:00:00,2022,12,30,NA,-1.58733606898301,3.9497247124729
2022-12-31 12:00:00,2022,12,31,NA,2.90085235574791,4.84244017045621
2023-01-01 12:00:00,2023,1,1,NA,6.27822980777344,8.30180835842651
2023-01-02 12:00:00,2023,1,2,NA,2.2471332526628,6.80850822318488
2023-01-03 12:00:00,2023,1,3,NA,1.70684440822662,5.85347488207626
2023-01-04 12:00:00,2023,1,4,NA,3.55460592159198,6.68957778385879
2023-01-05 12:00:00,2023,1,5,NA,4.02077501854995,6.97245559911908
2023-01-06 12:00:00,2023,1,6,NA,3.54083471042205,5.45274081690924
2023-01-07 12:00:00,2023,1,7,NA,2.07263058925423,5.84412601751983
2023-01-08 12:00:00,2023,1,8,NA,1.28737726738319,5.11442845614504
2023-01-09 12:00:00,2023,1,9,NA,2.54028406454475,5.37512024242705
2023-01-10 12:00:00,2023,1,10,NA,3.83433521727253,5.63077191631864
2023-01-11 12:00:00,2023,1,11,NA,2.71298099036401,3.75415943719588
2023-01-12 12:00:00,2023,1,12,NA,4.91200184064095,6.96607936531573
2023-01-13 12:00:00,2023,1,13,NA,3.83290930117403,6.66774547905633
2023-01-14 12:00:00,2023,1,14,NA,10.7001187418552,11.6251047566749
2023-01-15 12:00:00,2023,1,15,NA,6.64719932454459,8.41863157280026
2023-01-16 12:00:00,2023,1,16,NA,3.22339785870096,4.40772558622324
2023-01-17 12:00:00,2023,1,17,NA,2.11886542821936,5.20323848382824
2023-01-18 12:00:00,2023,1,18,NA,0.759784858757771,4.37108503687713
2023-01-19 12:00:00,2023,1,19,NA,0.43724048895322,4.87224658889711
2023-01-20 12:00:00,2023,1,20,NA,-0.596248001605595,4.73008212692201
2023-01-21 12:00:00,2023,1,21,NA,-2.64934415849645,3.017353755105
2023-01-22 12:00:00,2023,1,22,NA,1.92171146492838,9.25364582153559
2023-01-23 12:00:00,2023,1,23,NA,-0.67993267694975,8.58629604100358
2023-01-24 12:00:00,2023,1,24,NA,0.489603554888688,11.2202895701425
2023-01-25 12:00:00,2023,1,25,NA,-1.78130884828345,7.9175312007751
2023-01-26 12:00:00,2023,1,26,NA,-2.95406609462045,7.12936008943765
2023-01-27 12:00:00,2023,1,27,NA,-1.30974178024284,9.20692568502387
2023-01-28 12:00:00,2023,1,28,NA,-0.276351817515624,7.54538391695212
2023-01-29 12:00:00,2023,1,29,NA,3.07964875716448,8.1551033058998
2023-01-30 12:00:00,2023,1,30,NA,2.87774456572754,7.95937018300802
2023-01-31 12:00:00,2023,1,31,NA,6.63558174875212,14.9589814061673
2023-02-01 12:00:00,2023,2,1,NA,2.87041555965591,9.14905684965786
2023-02-02 12:00:00,2023,2,2,NA,4.09495759967758,9.43369422708738
2023-02-03 12:00:00,2023,2,3,NA,6.73848601352628,10.0358854283535
2023-02-04 12:00:00,2023,2,4,NA,5.85196323002383,9.94268237878947
2023-02-05 12:00:00,2023,2,5,NA,0.597339634920925,8.5925896176957
2023-02-06 12:00:00,2023,2,6,NA,-0.134474927180804,8.1319035617044
2023-02-07 12:00:00,2023,2,7,NA,2.34789318438173,6.69700716510942
2023-02-08 12:00:00,2023,2,8,NA,2.72269134800632,11.2334294227544
2023-02-09 12:00:00,2023,2,9,NA,0.950930025381408,10.2268953687758
2023-02-10 12:00:00,2023,2,10,NA,0.291873558734854,5.14105658114645
2023-02-11 12:00:00,2023,2,11,NA,3.63720191651305,5.88242949927506
2023-02-12 12:00:00,2023,2,12,NA,3.36475269392095,6.10096372690696
2023-02-13 12:00:00,2023,2,13,NA,0.768845046730862,4.92106451331628
2023-02-14 12:00:00,2023,2,14,NA,2.62997765148084,6.97909163220854
2023-02-15 12:00:00,2023,2,15,NA,-2.45903103399281,4.45409552647675
2023-02-16 12:00:00,2023,2,16,NA,-3.13401816299651,0.755697721100381
2023-02-17 12:00:00,2023,2,17,NA,-5.25647686785399,-0.39577011849394
2023-02-18 12:00:00,2023,2,18,NA,3.37280499637943,5.79622611590596
2023-02-19 12:00:00,2023,2,19,NA,1.72259874497929,5.67497779973433
2023-02-20 12:00:00,2023,2,20,NA,0.508185981052015,5.70084244820741
2023-02-21 12:00:00,2023,2,21,NA,3.96888677618329,11.5532006345105
2023-02-22 12:00:00,2023,2,22,NA,-3.20123538311427,8.21005421879489
2023-02-23 12:00:00,2023,2,23,NA,-6.79321449480757,6.9190617882757
2023-02-24 12:00:00,2023,2,24,NA,-2.49058530465042,7.29132488593249
2023-02-25 12:00:00,2023,2,25,NA,2.64066005218554,12.2149338088953
2023-02-26 12:00:00,2023,2,26,NA,5.46504483890328,13.4331349059249
2023-02-27 12:00:00,2023,2,27,NA,10.1982055443435,15.8380082091597
2023-02-28 12:00:00,2023,2,28,NA,8.75149853389576,13.2793238904534
2023-03-01 12:00:00,2023,3,1,NA,6.77717626056394,11.6695500933553
2023-03-02 12:00:00,2023,3,2,NA,5.30118247687283,11.1656373930341
2023-03-03 12:00:00,2023,3,3,NA,2.31533446134077,7.43305301029665
2023-03-04 12:00:00,2023,3,4,NA,5.87105942931017,13.1620819574406
2023-03-05 12:00:00,2023,3,5,NA,5.9674035564333,9.13951161015416
2023-03-06 12:00:00,2023,3,6,NA,7.44373221694717,12.6534633114075
2023-03-07 12:00:00,2023,3,7,NA,4.50103916657254,16.7334444781789
2023-03-08 12:00:00,2023,3,8,NA,7.84701767110693,19.4653325269988
2023-03-09 12:00:00,2023,3,9,NA,1.05974282683954,15.2998274123455
2023-03-10 12:00:00,2023,3,10,NA,3.64861981261681,12.2687938577541
2023-03-11 12:00:00,2023,3,11,NA,2.20577170651082,8.20712760540229
2023-03-12 12:00:00,2023,3,12,NA,-2.09263638238027,12.1398838661791
2023-03-13 12:00:00,2023,3,13,NA,-0.917146613111248,10.2181344568469
2023-03-14 12:00:00,2023,3,14,NA,6.3393894885549,15.6979099268882
2023-03-15 12:00:00,2023,3,15,NA,4.0386122295685,10.9407909218176
2023-03-16 12:00:00,2023,3,16,NA,-0.582674857665419,16.6539696404511
2023-03-17 12:00:00,2023,3,17,NA,0.548237217230008,9.1112125653024
2023-03-18 12:00:00,2023,3,18,NA,4.80834342314093,10.5367513643224
2023-03-19 12:00:00,2023,3,19,NA,2.40973253754443,12.6447007345853
2023-03-20 12:00:00,2023,3,20,NA,3.30769662371526,11.7816677693905
2023-03-21 12:00:00,2023,3,21,NA,1.51280568651113,17.0835329844095
2023-03-22 12:00:00,2023,3,22,NA,4.16506767365899,16.6563784735474
2023-03-23 12:00:00,2023,3,23,NA,2.41241286297962,16.6941970964602
2023-03-24 12:00:00,2023,3,24,NA,2.49054295571552,20.8213905453919
2023-03-25 12:00:00,2023,3,25,NA,8.06483098573152,16.8789602338197
2023-03-26 12:00:00,2023,3,26,NA,3.98959045324028,12.6054607611177
2023-03-27 12:00:00,2023,3,27,NA,3.12401870175741,13.5509147045308
2023-03-28 12:00:00,2023,3,28,NA,5.62649087384283,15.5345094480328
2023-03-29 12:00:00,2023,3,29,NA,7.472585362479,18.4307191943639
2023-03-30 12:00:00,2023,3,30,NA,7.64337587000572,14.092938070211
2023-03-31 12:00:00,2023,3,31,NA,10.9865118996611,17.5404904105665
2023-04-01 12:00:00,2023,4,1,NA,7.0530149917732,18.5302448977284
2023-04-02 12:00:00,2023,4,2,NA,5.77183735523888,21.2259831103626
2023-04-03 12:00:00,2023,4,3,NA,1.62855892257555,12.8346273955475
2023-04-04 12:00:00,2023,4,4,NA,3.27454059146628,16.4555371259896
2023-04-05 12:00:00,2023,4,5,NA,1.40475898827308,20.1209747661896
2023-04-06 12:00:00,2023,4,6,NA,5.56976732624003,23.4580859624361
2023-04-07 12:00:00,2023,4,7,NA,5.57371301728368,21.8511434222867
2023-04-08 12:00:00,2023,4,8,NA,3.9089423179907,20.8441526597507
2023-04-09 12:00:00,2023,4,9,NA,2.97032959152762,12.6954595700008
2023-04-10 12:00:00,2023,4,10,NA,6.44770535335658,19.8303914335565
2023-04-11 12:00:00,2023,4,11,NA,4.67859653867209,18.9336802148682
2023-04-12 12:00:00,2023,4,12,NA,6.14675261010526,18.8249033259774
2023-04-13 12:00:00,2023,4,13,NA,6.55193267039606,16.5858829628763
2023-04-14 12:00:00,2023,4,14,NA,9.17541538122886,23.9189698686728
2023-04-15 12:00:00,2023,4,15,NA,12.0015981438054,21.4918279205328
2023-04-16 12:00:00,2023,4,16,NA,8.20346044633673,24.3262992084554
2023-04-17 12:00:00,2023,4,17,NA,7.46461085308918,21.1736318225343
2023-04-18 12:00:00,2023,4,18,NA,3.61662951969828,19.7593211318657
2023-04-19 12:00:00,2023,4,19,NA,9.67162362695339,14.93053415116
2023-04-20 12:00:00,2023,4,20,NA,9.48339931130045,15.7835008053803
2023-04-21 12:00:00,2023,4,21,NA,9.41148826275229,15.0923417055201
2023-04-22 12:00:00,2023,4,22,NA,10.0909720465245,13.9053576345678
2023-04-23 12:00:00,2023,4,23,NA,6.03084975217169,17.4997959057772
2023-04-24 12:00:00,2023,4,24,NA,4.80138202095459,24.3716083216779
2023-04-25 12:00:00,2023,4,25,NA,9.26154610639454,19.7634045658294
2023-04-26 12:00:00,2023,4,26,NA,6.15706682374145,16.2738521467801
2023-04-27 12:00:00,2023,4,27,NA,5.99435714789231,14.3056762881981
2023-04-28 12:00:00,2023,4,28,NA,4.0201005650073,20.9408217070282
2023-04-29 12:00:00,2023,4,29,NA,7.47461717963443,15.9881643207804
2023-04-30 12:00:00,2023,4,30,NA,9.04665076618068,18.3337502056738
2023-05-01 12:00:00,2023,5,1,NA,8.15857178410577,16.6153568682562
2023-05-02 12:00:00,2023,5,2,NA,5.63686077390476,21.1509491627979
2023-05-03 12:00:00,2023,5,3,NA,8.56845424794893,20.243173758768
2023-05-04 12:00:00,2023,5,4,NA,6.22953809708182,23.7441557369459
2023-05-05 12:00:00,2023,5,5,NA,5.32376089614367,22.0433118606752
2023-05-06 12:00:00,2023,5,6,NA,5.11490600926097,23.5214497588627
2023-05-07 12:00:00,2023,5,7,NA,3.64580884262675,22.4855483474902
2023-05-08 12:00:00,2023,5,8,NA,3.64883920805286,21.6959551798557
2023-05-09 12:00:00,2023,5,9,NA,6.29391593515419,18.0914745477725
2023-05-10 12:00:00,2023,5,10,NA,10.2181347348625,13.1509779561619
2023-05-11 12:00:00,2023,5,11,NA,7.78099079314164,16.6778001784685
2023-05-12 12:00:00,2023,5,12,NA,10.4973644166251,17.874433595875
2023-05-13 12:00:00,2023,5,13,NA,10.6919217265836,28.4514735294946
2023-05-14 12:00:00,2023,5,14,NA,12.9972752248762,28.6140632147277
2023-05-15 12:00:00,2023,5,15,NA,12.0952957399808,22.6051869893413
2023-05-16 12:00:00,2023,5,16,NA,12.0353461864442,26.2937265768033
2023-05-17 12:00:00,2023,5,17,NA,9.60868828960065,27.0459096793831
2023-05-18 12:00:00,2023,5,18,NA,12.975235650588,31.0223516223908
2023-05-19 12:00:00,2023,5,19,NA,15.4196877989573,27.1122376337789
2023-05-20 12:00:00,2023,5,20,NA,15.2699607787996,27.0229981551542
2023-05-21 12:00:00,2023,5,21,NA,13.3869886196489,26.1791601600637
2023-05-22 12:00:00,2023,5,22,NA,11.9721862612292,29.636300991831
2023-05-23 12:00:00,2023,5,23,NA,14.4389349430886,30.9437519106728
2023-05-24 12:00:00,2023,5,24,NA,12.8248609209943,31.2852057679138
2023-05-25 12:00:00,2023,5,25,NA,13.1625260402076,30.7585954203421
2023-05-26 12:00:00,2023,5,26,NA,14.8527053003207,29.7036168125685
2023-05-27 12:00:00,2023,5,27,NA,16.8838311505595,29.3840565290653
2023-05-28 12:00:00,2023,5,28,NA,18.542465621612,26.3728407749696
2023-05-29 12:00:00,2023,5,29,NA,18.6503034607071,26.0273726399571
2023-05-30 12:00:00,2023,5,30,NA,19.4850841027296,28.2590159392338
2023-05-31 12:00:00,2023,5,31,NA,15.1265821883655,25.5927187005254
2023-06-01 12:00:00,2023,6,1,NA,12.9314963009922,30.5606316256561
2023-06-02 12:00:00,2023,6,2,NA,10.9330176915031,26.7227214161135
2023-06-03 12:00:00,2023,6,3,NA,13.3572282872371,30.8555289885426
2023-06-04 12:00:00,2023,6,4,NA,17.5395750718501,35.0584718066934
2023-06-05 12:00:00,2023,6,5,NA,18.5438225582676,29.9075664789245
2023-06-06 12:00:00,2023,6,6,NA,17.7678452112793,28.7314828697548
2023-06-07 12:00:00,2023,6,7,NA,10.0633110763121,20.3434860906218
2023-06-08 12:00:00,2023,6,8,NA,7.79513565439029,22.8754420547437
2023-06-09 12:00:00,2023,6,9,NA,11.4132616683132,21.5060002250535
2023-06-10 12:00:00,2023,6,10,NA,10.8703412793496,20.0390882465267
2023-06-11 12:00:00,2023,6,11,NA,11.1594166644549,24.3737146794064
2023-06-12 12:00:00,2023,6,12,NA,13.8981881284862,25.2565049408285
2023-06-13 12:00:00,2023,6,13,NA,11.5793246812148,28.0186669342417
2023-06-14 12:00:00,2023,6,14,NA,16.9779127928413,23.9687784424222
2023-06-15 12:00:00,2023,6,15,NA,10.4212511228509,21.6259184833931
2023-06-16 12:00:00,2023,6,16,NA,8.25355894873581,23.2310874747118
2023-06-17 12:00:00,2023,6,17,NA,15.2852658999061,28.4670958544145
2023-06-18 12:00:00,2023,6,18,NA,11.6395787632273,29.6057534118596
2023-06-19 12:00:00,2023,6,19,NA,14.8550689634032,32.3739656982465
2023-06-20 12:00:00,2023,6,20,NA,17.1821550350383,33.9849250747608
2023-06-21 12:00:00,2023,6,21,NA,19.8184248293151,29.7304265476812
2023-06-22 12:00:00,2023,6,22,NA,15.4665057012271,26.6230365123664
2023-06-23 12:00:00,2023,6,23,NA,12.8730158466253,27.9291409549872
2023-06-24 12:00:00,2023,6,24,NA,14.7645808172224,25.044755831532
2023-06-25 12:00:00,2023,6,25,NA,13.2785597226159,24.7861056517923
2023-06-26 12:00:00,2023,6,26,NA,16.5362115925322,26.9683700305606
2023-06-27 12:00:00,2023,6,27,NA,13.3057815149648,25.546455223181
2023-06-28 12:00:00,2023,6,28,NA,11.14760967892,25.5503175823647
2023-06-29 12:00:00,2023,6,29,NA,9.86321557488962,24.7360189147487
2023-06-30 12:00:00,2023,6,30,NA,8.10329441739001,26.6970944035918
2023-07-01 12:00:00,2023,7,1,NA,11.5424196587938,28.8149123240108
2023-07-02 12:00:00,2023,7,2,NA,11.2851107072592,27.8169336539024
2023-07-03 12:00:00,2023,7,3,NA,17.2009874309702,29.9083862032473
2023-07-04 12:00:00,2023,7,4,NA,13.7686283278284,30.3375616911229
2023-07-05 12:00:00,2023,7,5,NA,14.332257554808,24.5817576078501
2023-07-06 12:00:00,2023,7,6,NA,16.6905338124423,21.4858323157037
2023-07-07 12:00:00,2023,7,7,NA,13.1710368238189,22.5847371473002
2023-07-08 12:00:00,2023,7,8,NA,16.2550654447582,24.3583957829622
2023-07-09 12:00:00,2023,7,9,NA,17.9095317081049,25.5336326425031
2023-07-10 12:00:00,2023,7,10,NA,18.0848625083716,30.1191485752198
2023-07-11 12:00:00,2023,7,11,NA,10.7841421920952,23.0480240150112
2023-07-12 12:00:00,2023,7,12,NA,11.8917208882699,26.908769289717
2023-07-13 12:00:00,2023,7,13,NA,17.3631201477839,21.2494828543945
2023-07-14 12:00:00,2023,7,14,NA,15.7139589041801,22.7447336063271
2023-07-15 12:00:00,2023,7,15,NA,13.952967441354,23.2746241554869
2023-07-16 12:00:00,2023,7,16,NA,14.2944355788819,23.4554088106067
2023-07-17 12:00:00,2023,7,17,NA,16.626110169292,21.3699636592498
2023-07-18 12:00:00,2023,7,18,NA,16.3508560732855,19.8755096477166
2023-07-19 12:00:00,2023,7,19,NA,14.301353533323,18.8002516014932
2023-07-20 12:00:00,2023,7,20,NA,15.0108239534256,19.7546774433834
2023-07-21 12:00:00,2023,7,21,NA,11.2912358403024,23.1553556709688
2023-07-22 12:00:00,2023,7,22,NA,13.2124840357534,23.0595166933751
2023-07-23 12:00:00,2023,7,23,NA,12.7478827333723,24.0114399246446
2023-07-24 12:00:00,2023,7,24,NA,13.4460413558667,25.504666873139
2023-07-25 12:00:00,2023,7,25,NA,12.8420944638136,28.3384668073104
2023-07-26 12:00:00,2023,7,26,NA,13.5842409055613,31.4227746334802
2023-07-27 12:00:00,2023,7,27,NA,14.4439304471203,29.5080681445667
2023-07-28 12:00:00,2023,7,28,NA,15.2012319758149,31.1404547297346
2023-07-29 12:00:00,2023,7,29,NA,15.5919783763525,28.1748967354939
2023-07-30 12:00:00,2023,7,30,NA,20.2131501766533,30.6921822267735
2023-07-31 12:00:00,2023,7,31,NA,15.7752442997905,27.7348270822478
2023-08-01 12:00:00,2023,8,1,NA,13.6094822423074,28.7268241143415
2023-08-02 12:00:00,2023,8,2,NA,14.1090977927366,29.173235490183
2023-08-03 12:00:00,2023,8,3,NA,14.7646614037054,24.585344827697
2023-08-04 12:00:00,2023,8,4,NA,19.3476741899695,27.0062870059743
2023-08-05 12:00:00,2023,8,5,NA,21.4040871961728,22.5378976119481
2023-08-06 12:00:00,2023,8,6,NA,21.0319436487821,30.2823133711155
2023-08-07 12:00:00,2023,8,7,NA,19.6374203603247,31.1419590530224
2023-08-08 12:00:00,2023,8,8,NA,18.7615322342363,26.1717818949912
2023-08-09 12:00:00,2023,8,9,NA,16.1510168503745,27.5270348234337
2023-08-10 12:00:00,2023,8,10,NA,18.1830177477573,20.9587951697907
2023-08-11 12:00:00,2023,8,11,NA,19.0890271762615,23.7029513207076
2023-08-12 12:00:00,2023,8,12,NA,19.9717286301497,26.8823315080904
2023-08-13 12:00:00,2023,8,13,NA,21.5462118752902,32.385235038032
2023-08-14 12:00:00,2023,8,14,NA,18.2986799223403,30.5560978997494
2023-08-15 12:00:00,2023,8,15,NA,17.4089759398951,27.523472787708
2023-08-16 12:00:00,2023,8,16,NA,13.9364253276443,26.7977049699932
2023-08-17 12:00:00,2023,8,17,NA,9.69406844336087,26.3510452777592
2023-08-18 12:00:00,2023,8,18,NA,11.3098712584757,25.0620281574226
2023-08-19 12:00:00,2023,8,19,NA,16.0075614728296,21.5683134920185
2023-08-20 12:00:00,2023,8,20,NA,9.78586143404876,23.3552573121473
2023-08-21 12:00:00,2023,8,21,NA,9.76077823545203,24.111152712893
2023-08-22 12:00:00,2023,8,22,NA,9.74942065345409,25.2226084059618
2023-08-23 12:00:00,2023,8,23,NA,11.1245975334136,24.8767544323605
2023-08-24 12:00:00,2023,8,24,NA,14.7814505176527,26.6357694729136
2023-08-25 12:00:00,2023,8,25,NA,13.9830596719984,27.8990553506624
2023-08-26 12:00:00,2023,8,26,NA,11.846897956769,22.9396595700963
2023-08-27 12:00:00,2023,8,27,NA,8.68352113125405,17.7614898795967
2023-08-28 12:00:00,2023,8,28,NA,5.88067420659617,22.6244636193028
2023-08-29 12:00:00,2023,8,29,NA,10.225324931641,21.9614966737223
2023-08-30 12:00:00,2023,8,30,NA,12.0140384662638,17.8747790694312
2023-08-31 12:00:00,2023,8,31,NA,12.5193142583555,18.8078641370234
2023-09-01 12:00:00,2023,9,1,NA,10.6719798776271,17.8581493139842
2023-09-02 12:00:00,2023,9,2,NA,11.4442509066427,17.9460676722257
2023-09-03 12:00:00,2023,9,3,NA,13.1218884261002,17.5590199026777
2023-09-04 12:00:00,2023,9,4,NA,15.5071143371842,19.4090971908281
2023-09-05 12:00:00,2023,9,5,NA,13.5803216771602,18.9224070351367
2023-09-06 12:00:00,2023,9,6,NA,15.8635683186825,18.3368312114223
2023-09-07 12:00:00,2023,9,7,NA,13.0106219679806,17.8287966833807
2023-09-08 12:00:00,2023,9,8,NA,13.2353668420781,18.5779463599428
2023-09-09 12:00:00,2023,9,9,NA,11.136913232018,17.8389269095348
2023-09-10 12:00:00,2023,9,10,NA,12.4849765212729,16.9221079978505
2023-09-11 12:00:00,2023,9,11,NA,10.5648711625311,19.8654346518415
2023-09-12 12:00:00,2023,9,12,NA,11.5088054614469,21.2644764409473
2023-09-13 12:00:00,2023,9,13,NA,11.9218540767302,18.7094195417656
2023-09-14 12:00:00,2023,9,14,NA,9.47426002033594,19.2700788352794
2023-09-15 12:00:00,2023,9,15,NA,14.6619118612066,21.1650894551808
2023-09-16 12:00:00,2023,9,16,NA,14.1742183226661,24.1978747758197
2023-09-17 12:00:00,2023,9,17,NA,11.3269105117075,27.611192477993
2023-09-18 12:00:00,2023,9,18,NA,13.6780018116518,23.0938351998206
2023-09-19 12:00:00,2023,9,19,NA,10.5371762868062,23.8340826754208
2023-09-20 12:00:00,2023,9,20,NA,11.6352347115421,19.8585625643131
2023-09-21 12:00:00,2023,9,21,NA,12.1927392301857,25.4074269081723
2023-09-22 12:00:00,2023,9,22,NA,3.97910083384504,23.0784807743263
2023-09-23 12:00:00,2023,9,23,NA,9.68436714461202,23.8722921166031
2023-09-24 12:00:00,2023,9,24,NA,13.8459023848371,24.6585666774666
2023-09-25 12:00:00,2023,9,25,NA,11.2103286541986,22.5530077236955
2023-09-26 12:00:00,2023,9,26,NA,14.4710914552209,26.4759249615643
2023-09-27 12:00:00,2023,9,27,NA,9.92648211985355,17.8965252472816
2023-09-28 12:00:00,2023,9,28,NA,9.82679675920704,19.6675037568685
2023-09-29 12:00:00,2023,9,29,NA,14.8765645342029,24.2923979223717
2023-09-30 12:00:00,2023,9,30,NA,16.8896333111596,24.314161229034
2023-10-01 12:00:00,2023,10,1,NA,12.2526855296944,22.9503277500811
2023-10-02 12:00:00,2023,10,2,NA,12.3918652081526,19.6266324962211
2023-10-03 12:00:00,2023,10,3,NA,12.6378354467479,23.1953398479866
2023-10-04 12:00:00,2023,10,4,NA,13.4089479876271,21.2263755215861
2023-10-05 12:00:00,2023,10,5,NA,11.1879480170969,20.836439858783
2023-10-06 12:00:00,2023,10,6,NA,11.1053179235681,19.7336888559836
2023-10-07 12:00:00,2023,10,7,NA,13.4836671559314,20.7885658413377
2023-10-08 12:00:00,2023,10,8,NA,14.4187320920869,19.7384004350005
2023-10-09 12:00:00,2023,10,9,NA,16.4197547990766,21.8324949325863
2023-10-10 12:00:00,2023,10,10,NA,16.4564439718844,26.0445277998412
2023-10-11 12:00:00,2023,10,11,NA,16.0797096208272,25.8203502780795
2023-10-12 12:00:00,2023,10,12,NA,17.8977843762218,28.0131891900349
2023-10-13 12:00:00,2023,10,13,NA,15.055552989065,30.1367154869534
2023-10-14 12:00:00,2023,10,14,NA,13.9468162369318,28.9320275372408
2023-10-15 12:00:00,2023,10,15,NA,13.9289024350747,31.5495313278805
2023-10-16 12:00:00,2023,10,16,NA,11.3268940711398,27.9413728541776
2023-10-17 12:00:00,2023,10,17,NA,17.4395976546393,25.7279473958235
2023-10-18 12:00:00,2023,10,18,NA,15.9672208088704,21.7483124770487
2023-10-19 12:00:00,2023,10,19,NA,13.2694753720463,20.4352094157483
2023-10-20 12:00:00,2023,10,20,NA,10.3333107178658,14.8190112491496
2023-10-21 12:00:00,2023,10,21,NA,4.02190577566587,11.9656622602803
2023-10-22 12:00:00,2023,10,22,NA,5.9108318150448,9.45815642965663
2023-10-23 12:00:00,2023,10,23,NA,4.56210741908304,10.6797598646843
2023-10-24 12:00:00,2023,10,24,NA,4.22732149119593,13.7182537259646
2023-10-25 12:00:00,2023,10,25,NA,8.47373140618592,13.8472170974339
2023-10-26 12:00:00,2023,10,26,NA,4.56177101246799,14.1498548404248
2023-10-27 12:00:00,2023,10,27,NA,2.58239568891984,16.6088373596016
2023-10-28 12:00:00,2023,10,28,NA,5.86880140845347,14.4974830074689
2023-10-29 12:00:00,2023,10,29,NA,11.1018599929374,15.44132967035
2023-10-30 12:00:00,2023,10,30,NA,8.26903596766645,15.7127237097053
2023-10-31 12:00:00,2023,10,31,NA,7.44511515010676,15.6888319298719
2023-11-01 12:00:00,2023,11,1,NA,7.21863872104384,17.968274952705
2023-11-02 12:00:00,2023,11,2,NA,7.3845651690437,17.1779722536855
2023-11-03 12:00:00,2023,11,3,NA,9.63655282485676,12.5592145633515
2023-11-04 12:00:00,2023,11,4,NA,7.44918109447854,10.593338167985
2023-11-05 12:00:00,2023,11,5,NA,5.25641784283287,8.22750668051666
2023-11-06 12:00:00,2023,11,6,NA,1.45795456199927,8.55519914799134
2023-11-07 12:00:00,2023,11,7,NA,4.95877034964197,10.8232208043887
2023-11-08 12:00:00,2023,11,8,NA,5.82371034310931,9.56138519452182
2023-11-09 12:00:00,2023,11,9,NA,4.18389452505778,11.7462610335204
2023-11-10 12:00:00,2023,11,10,NA,4.53909768335463,13.9218846390025
2023-11-11 12:00:00,2023,11,11,NA,9.21756203104178,12.9469105325321
2023-11-12 12:00:00,2023,11,12,NA,7.52419918181015,13.9547073510039
2023-11-13 12:00:00,2023,11,13,NA,5.78791722138866,8.58538396276456
2023-11-14 12:00:00,2023,11,14,NA,6.84083574257661,10.8225854972532
2023-11-15 12:00:00,2023,11,15,NA,9.53967992306267,14.5079812471816
2023-11-16 12:00:00,2023,11,16,NA,6.251309441005,12.1431917145343
2023-11-17 12:00:00,2023,11,17,NA,3.8233027933535,16.4417880369735
2023-11-18 12:00:00,2023,11,18,NA,5.65570919601878,18.7146579584153
2023-11-19 12:00:00,2023,11,19,NA,8.01048534640253,16.233694497691
2023-11-20 12:00:00,2023,11,20,NA,4.95730389911942,11.4991192158277
2023-11-21 12:00:00,2023,11,21,NA,4.62033124709145,11.4189210159565
2023-11-22 12:00:00,2023,11,22,NA,3.47773684502179,10.3612964982466
2023-11-23 12:00:00,2023,11,23,NA,2.44142192004957,7.48431429345158
2023-11-24 12:00:00,2023,11,24,NA,0.697003988894629,10.8329315630539
2023-11-25 12:00:00,2023,11,25,NA,3.35477202398204,10.9171385324447
2023-11-26 12:00:00,2023,11,26,NA,3.11187392410457,10.8346241861591
2023-11-27 12:00:00,2023,11,27,NA,6.80273371101533,12.6555041512492
2023-11-28 12:00:00,2023,11,28,NA,6.68841402366333,16.9453343462094
2023-11-29 12:00:00,2023,11,29,NA,5.33546412329354,11.3494102412733
2023-11-30 12:00:00,2023,11,30,NA,4.84684395642947,12.3133909642018
2023-12-01 12:00:00,2023,12,1,NA,6.74681605221545,14.2708269963664
2023-12-02 12:00:00,2023,12,2,NA,10.1247805559693,15.0135198954228
2023-12-03 12:00:00,2023,12,3,NA,10.0397034313291,15.1285342364396
2023-12-04 12:00:00,2023,12,4,NA,7.90463156024047,11.8861050176459
2023-12-05 12:00:00,2023,12,5,NA,8.40184030197099,12.9103670210344
2023-12-06 12:00:00,2023,12,6,NA,8.68196592266732,14.1711849697772
2023-12-07 12:00:00,2023,12,7,NA,6.53577059873115,12.6252143230364
2023-12-08 12:00:00,2023,12,8,NA,4.85407130460546,14.0249302334
2023-12-09 12:00:00,2023,12,9,NA,7.65092842395475,13.8488148045387
2023-12-10 12:00:00,2023,12,10,NA,7.45841957085697,14.5148227327418
2023-12-11 12:00:00,2023,12,11,NA,5.18658225619779,10.2345256906263
2023-12-12 12:00:00,2023,12,12,NA,2.52140865050972,9.61035126812031
2023-12-13 12:00:00,2023,12,13,NA,5.25523095592217,9.87586422104822
2023-12-14 12:00:00,2023,12,14,NA,5.32584723770555,14.368094631781
2023-12-15 12:00:00,2023,12,15,NA,6.4278014502312,17.0489935117196
2023-12-16 12:00:00,2023,12,16,NA,7.74374935999606,14.2675744781958
2023-12-17 12:00:00,2023,12,17,NA,5.74882194803759,16.370014009526
2023-12-18 12:00:00,2023,12,18,NA,2.3633792211002,9.47474071581672
2023-12-19 12:00:00,2023,12,19,NA,3.2920619019992,8.38890140312977
2023-12-20 12:00:00,2023,12,20,NA,7.82108100717288,9.08463554430835
2023-12-21 12:00:00,2023,12,21,NA,5.43867276765467,8.4781828285293
2023-12-22 12:00:00,2023,12,22,NA,2.40015149731083,7.49475484135035
2023-12-23 12:00:00,2023,12,23,NA,0.489813872103418,5.6582654342938
2023-12-24 12:00:00,2023,12,24,NA,5.57667624616456,9.61981374415755
2023-12-25 12:00:00,2023,12,25,NA,4.82953831705941,7.93025903252215
2023-12-26 12:00:00,2023,12,26,NA,4.01231759221796,9.1011483973284
2023-12-27 12:00:00,2023,12,27,NA,2.24619675526034,7.26348008202061
2023-12-28 12:00:00,2023,12,28,NA,0.20450174798263,4.95787086675098
2023-12-29 12:00:00,2023,12,29,NA,1.69290062246294,8.8094604038606
2023-12-30 12:00:00,2023,12,30,NA,1.29034429396207,6.38661600272687
2023-12-31 12:00:00,2023,12,31,NA,4.13404406370107,7.17886290499686
2024-01-01 12:00:00,2024,1,1,NA,5.84406821521596,10.9326457831544
2024-01-02 12:00:00,2024,1,2,NA,3.76572382530925,8.63123027643154
2024-01-03 12:00:00,2024,1,3,NA,1.33365723100016,5.20917236317062
2024-01-04 12:00:00,2024,1,4,NA,1.52725291443621,5.00892132548651
2024-01-05 12:00:00,2024,1,5,NA,-0.187737238845962,5.01406964594936
2024-01-06 12:00:00,2024,1,6,NA,0.609070029203127,5.19524897262273
2024-01-07 12:00:00,2024,1,7,NA,1.40821499244156,4.84465262180011
2024-01-08 12:00:00,2024,1,8,NA,-0.829957771731922,10.8979723789003
2024-01-09 12:00:00,2024,1,9,NA,2.73621805269544,9.84829804489071
2024-01-10 12:00:00,2024,1,10,NA,5.49425895798962,12.7739161351149
2024-01-11 12:00:00,2024,1,11,NA,5.3972260814414,8.53042461428119
2024-01-12 12:00:00,2024,1,12,NA,4.56502442070818,12.4995824628725
2024-01-13 12:00:00,2024,1,13,NA,5.06124728588802,10.6443866593482
2024-01-14 12:00:00,2024,1,14,NA,6.66065691995757,10.8167906525706
2024-01-15 12:00:00,2024,1,15,NA,4.45707863461359,8.97260439881217
2024-01-16 12:00:00,2024,1,16,NA,4.5762229820099,8.63937215494818
2024-01-17 12:00:00,2024,1,17,NA,2.57390535592559,11.058965173678
2024-01-18 12:00:00,2024,1,18,NA,0.944782574839253,6.74851809697634
2024-01-19 12:00:00,2024,1,19,NA,4.21768297985238,11.297045068298
2024-01-20 12:00:00,2024,1,20,NA,4.60849934831561,13.5181956447126
2024-01-21 12:00:00,2024,1,21,NA,2.80181889952487,14.5603902591882
2024-01-22 12:00:00,2024,1,22,NA,10.0536698948346,12.8993826379628
2024-01-23 12:00:00,2024,1,23,NA,8.05640058741946,12.6425795308391
2024-01-24 12:00:00,2024,1,24,NA,0.304012244722015,9.30250926762772
2024-01-25 12:00:00,2024,1,25,NA,-1.05763928062803,5.47642272638637
2024-01-26 12:00:00,2024,1,26,NA,1.50908681973874,5.92396977751804
2024-01-27 12:00:00,2024,1,27,NA,-0.997564028594396,4.33374869745887
2024-01-28 12:00:00,2024,1,28,NA,0.343212896708326,2.43883289272875
2024-01-29 12:00:00,2024,1,29,NA,-1.82596873439967,1.29966357303929
2024-01-30 12:00:00,2024,1,30,NA,3.99039435206707,6.32645974343179
2024-01-31 12:00:00,2024,1,31,NA,1.27196869136128,6.93866660496273
2024-02-01 12:00:00,2024,2,1,NA,4.01453069265635,10.6350450508112
2024-02-02 12:00:00,2024,2,2,NA,3.06714122665927,13.3294630843815
2024-02-03 12:00:00,2024,2,3,NA,4.09104877175614,10.8521324761165
2024-02-04 12:00:00,2024,2,4,NA,3.59739409836907,16.2597104059504
2024-02-05 12:00:00,2024,2,5,NA,3.76862880555783,15.9940947677462
2024-02-06 12:00:00,2024,2,6,NA,8.76978559527344,15.2281842397929
2024-02-07 12:00:00,2024,2,7,NA,9.20703736866217,12.4671399928229
2024-02-08 12:00:00,2024,2,8,NA,9.53192897167421,13.8810429524019
2024-02-09 12:00:00,2024,2,9,NA,9.22898369229261,17.9631098176811
2024-02-10 12:00:00,2024,2,10,NA,10.1485511391838,20.2699673858023
2024-02-11 12:00:00,2024,2,11,NA,7.78965507328173,18.1739023664413
2024-02-12 12:00:00,2024,2,12,NA,5.4750623824301,16.00528738158
2024-02-13 12:00:00,2024,2,13,NA,5.17503850240292,17.4366209189954
2024-02-14 12:00:00,2024,2,14,NA,4.9099826718675,13.4722069240099
2024-02-15 12:00:00,2024,2,15,NA,6.00953428635052,11.6740979512717
2024-02-16 12:00:00,2024,2,16,NA,-2.51034655139986,8.92581525545573
2024-02-17 12:00:00,2024,2,17,NA,1.60890170486343,12.2127740965054
2024-02-18 12:00:00,2024,2,18,NA,4.13489046091263,11.3390761589402
2024-02-19 12:00:00,2024,2,19,NA,3.47293177880361,13.8803919161459
2024-02-20 12:00:00,2024,2,20,NA,2.37546703121212,11.7599684276352
2024-02-21 12:00:00,2024,2,21,NA,0.375646792510671,5.23514152562133
2024-02-22 12:00:00,2024,2,22,NA,4.50453099197029,8.39424687606718
2024-02-23 12:00:00,2024,2,23,NA,5.72795284445402,9.09592020295749
2024-02-24 12:00:00,2024,2,24,NA,3.22184994448608,8.97406363088805
2024-02-25 12:00:00,2024,2,25,NA,0.34220033484222,4.44845791182698
2024-02-26 12:00:00,2024,2,26,NA,0.0209389777312752,4.42062363931741
2024-02-27 12:00:00,2024,2,27,NA,0.535298526670424,6.19228284499115
2024-02-28 12:00:00,2024,2,28,NA,0.696919104659724,5.22474446121732
2024-02-29 12:00:00,2024,2,29,NA,-1.18299139625439,7.52005447395654
2024-03-01 12:00:00,2024,3,1,NA,-1.09036593099687,7.53548940428658
2024-03-02 12:00:00,2024,3,2,NA,-0.484488204810291,7.57145937626376
2024-03-03 12:00:00,2024,3,3,NA,-2.46676937689443,5.08525329954433
2024-03-04 12:00:00,2024,3,4,NA,-4.34385851499482,5.96929836275287
2024-03-05 12:00:00,2024,3,5,NA,-1.70651871582817,3.49721873911434
2024-03-06 12:00:00,2024,3,6,NA,-1.85243524195694,4.14892065693453
2024-03-07 12:00:00,2024,3,7,NA,2.72155828315446,10.1247104034831
2024-03-08 12:00:00,2024,3,8,NA,2.0403139529496,12.1693945687405
2024-03-09 12:00:00,2024,3,9,NA,6.25410103373974,14.0808616934706
2024-03-10 12:00:00,2024,3,10,NA,5.01383111125171,18.3662009088243
2024-03-11 12:00:00,2024,3,11,NA,8.51053696832866,23.8137200184327
2024-03-12 12:00:00,2024,3,12,NA,7.04485280481878,19.794785898995
2024-03-13 12:00:00,2024,3,13,NA,4.92349017876179,16.0587712487199
2024-03-14 12:00:00,2024,3,14,NA,4.1426528121917,17.6629753676957
2024-03-15 12:00:00,2024,3,15,NA,0.779941012386494,14.7455579882854
2024-03-16 12:00:00,2024,3,16,NA,0.311126136181123,18.697943892365
2024-03-17 12:00:00,2024,3,17,NA,5.71605958968977,14.4415594551037
2024-03-18 12:00:00,2024,3,18,NA,1.88048738933687,14.1700208705867
2024-03-19 12:00:00,2024,3,19,NA,-0.827937253845001,13.6915112165325
2024-03-20 12:00:00,2024,3,20,NA,0.414948803132221,16.0570972988919
2024-03-21 12:00:00,2024,3,21,NA,-0.828674135757123,14.718362076234
2024-03-22 12:00:00,2024,3,22,NA,0.505147021245917,14.7376672698053
2024-03-23 12:00:00,2024,3,23,NA,1.90339710314398,17.8883066864553
2024-03-24 12:00:00,2024,3,24,NA,6.28841090202944,10.8591309398999
2024-03-25 12:00:00,2024,3,25,NA,6.930724640159,12.9938324384486
2024-03-26 12:00:00,2024,3,26,NA,9.16743886529511,12.339546919016
2024-03-27 12:00:00,2024,3,27,NA,5.81361167654709,7.87103809554635
2024-03-28 12:00:00,2024,3,28,NA,4.9622002436821,8.51925459767376
2024-03-29 12:00:00,2024,3,29,NA,5.37814421873949,12.7334755383353
2024-03-30 12:00:00,2024,3,30,NA,2.50707776830595,8.59147274010065
2024-03-31 12:00:00,2024,3,31,NA,3.85865770823753,9.04415610456689
2024-04-01 12:00:00,2024,4,1,NA,1.35322624476952,7.81113460798137
2024-04-02 12:00:00,2024,4,2,NA,-1.16821104500826,14.4025162528901
2024-04-03 12:00:00,2024,4,3,NA,2.5160174419013,16.8107032380645
2024-04-04 12:00:00,2024,4,4,NA,5.89040824351139,14.3955906007429
2024-04-05 12:00:00,2024,4,5,NA,-0.0421594046661404,20.2780585368524
2024-04-06 12:00:00,2024,4,6,NA,-1.42910555017426,19.5018576308696
2024-04-07 12:00:00,2024,4,7,NA,-1.51698724201746,19.0747015049996
2024-04-08 12:00:00,2024,4,8,NA,4.12536556800065,23.006459490392
2024-04-09 12:00:00,2024,4,9,NA,6.763085170049,26.853239681484
2024-04-10 12:00:00,2024,4,10,NA,7.42281639598077,17.7785778701769
2024-04-11 12:00:00,2024,4,11,NA,7.17125287272123,15.5511176827391
2024-04-12 12:00:00,2024,4,12,NA,6.84300959242898,25.8547290047672
2024-04-13 12:00:00,2024,4,13,NA,13.0685945023629,26.2754997572757
2024-04-14 12:00:00,2024,4,14,NA,10.4167146544271,25.698305145857
2024-04-15 12:00:00,2024,4,15,NA,8.52473530984947,19.8422394461922
2024-04-16 12:00:00,2024,4,16,NA,6.41959380904734,18.4320194862853
2024-04-17 12:00:00,2024,4,17,NA,5.14706818230709,12.0185386500226
2024-04-18 12:00:00,2024,4,18,NA,3.40965628190602,13.1347862603792
2024-04-19 12:00:00,2024,4,19,NA,-0.0903189461272813,16.9178281888647
2024-04-20 12:00:00,2024,4,20,NA,-0.429780522462861,14.3277522335217
2024-04-21 12:00:00,2024,4,21,NA,2.45079847854048,11.7378979180336
2024-04-22 12:00:00,2024,4,22,NA,1.62343964018296,16.3809723961675
2024-04-23 12:00:00,2024,4,23,NA,11.4471005150281,14.2817424780611
2024-04-24 12:00:00,2024,4,24,NA,6.66283514250275,7.71790452000582
2024-04-25 12:00:00,2024,4,25,NA,3.63901631556958,12.0288201846999
2024-04-26 12:00:00,2024,4,26,NA,3.1479738890156,12.6661949488137
2024-04-27 12:00:00,2024,4,27,NA,4.49978802053764,15.9342849453207
2024-04-28 12:00:00,2024,4,28,NA,1.61665687105241,10.0361176403089
2024-04-29 12:00:00,2024,4,29,NA,3.06854494322634,11.5119570465563
2024-04-30 12:00:00,2024,4,30,NA,5.95868655582961,13.3638978158545
2024-05-01 12:00:00,2024,5,1,NA,6.163924078926,14.6308657670854
2024-05-02 12:00:00,2024,5,2,NA,4.55812793680484,17.4311053988592
2024-05-03 12:00:00,2024,5,3,NA,2.51787817394688,18.3472905203391
2024-05-04 12:00:00,2024,5,4,NA,12.6545496390292,20.4853514801745
2024-05-05 12:00:00,2024,5,5,NA,9.57540180013713,20.7797956147665
2024-05-06 12:00:00,2024,5,6,NA,10.9276650473319,19.8634264520758
2024-05-07 12:00:00,2024,5,7,NA,10.3442414175521,19.4302379278258
2024-05-08 12:00:00,2024,5,8,NA,8.83586908283072,18.4279289707613
2024-05-09 12:00:00,2024,5,9,NA,7.90132242483651,16.7767674425447
2024-05-10 12:00:00,2024,5,10,NA,3.05241138300693,15.9447970887195
2024-05-11 12:00:00,2024,5,11,NA,4.48359378454492,17.1494250576227
2024-05-12 12:00:00,2024,5,12,NA,7.26108826104732,8.2295665612224
2024-05-13 12:00:00,2024,5,13,NA,5.54416078167134,11.4275449812004
2024-05-14 12:00:00,2024,5,14,NA,5.12147775968926,13.9969227773975
2024-05-15 12:00:00,2024,5,15,NA,6.64066584648858,18.4382244591069
2024-05-16 12:00:00,2024,5,16,NA,7.76883468828543,16.6442797059936
2024-05-17 12:00:00,2024,5,17,NA,12.4533501422838,23.7565406470796
2024-05-18 12:00:00,2024,5,18,NA,7.43630995356712,24.6765714213389
2024-05-19 12:00:00,2024,5,19,NA,8.88544067647648,28.0572156870646
2024-05-20 12:00:00,2024,5,20,NA,13.4607111476507,23.1614875174677
2024-05-21 12:00:00,2024,5,21,NA,13.4620978516434,25.0961254941727
2024-05-22 12:00:00,2024,5,22,NA,16.5626416651225,21.4360338522579
2024-05-23 12:00:00,2024,5,23,NA,13.629843595122,19.0858424252529
2024-05-24 12:00:00,2024,5,24,NA,10.3330767086129,21.9963612039405
2024-05-25 12:00:00,2024,5,25,NA,10.6153331918071,28.4562415662367
2024-05-26 12:00:00,2024,5,26,NA,7.5254118147723,28.0315655180727
2024-05-27 12:00:00,2024,5,27,NA,14.2284548941478,23.9605068494867
2024-05-28 12:00:00,2024,5,28,NA,17.591906132034,23.4627175913964
2024-05-29 12:00:00,2024,5,29,NA,15.6011245629713,20.155986722588
2024-05-30 12:00:00,2024,5,30,NA,14.2939791353848,19.8235828359234
2024-05-31 12:00:00,2024,5,31,NA,10.7972130684168,18.6280149095621
2024-06-01 12:00:00,2024,6,1,NA,10.3719735907142,22.1250109670688
2024-06-02 12:00:00,2024,6,2,NA,13.3078807977955,25.3972497616844
2024-06-03 12:00:00,2024,6,3,NA,16.0133307574336,26.6134752596118
2024-06-04 12:00:00,2024,6,4,NA,13.4092766197508,30.4916364404871
2024-06-05 12:00:00,2024,6,5,NA,14.4195972928426,30.4236657188932
2024-06-06 12:00:00,2024,6,6,NA,13.9269457983439,25.2852672786167
2024-06-07 12:00:00,2024,6,7,NA,14.735557364486,21.9471371194889
2024-06-08 12:00:00,2024,6,8,NA,14.626105474557,21.2796569608277
2024-06-09 12:00:00,2024,6,9,NA,10.790178979824,20.0881462635781
2024-06-10 12:00:00,2024,6,10,NA,10.049704793842,27.1399441832271
2024-06-11 12:00:00,2024,6,11,NA,11.1565079587166,23.5516443524696
2024-06-12 12:00:00,2024,6,12,NA,11.1540323289771,22.4827704881391
2024-06-13 12:00:00,2024,6,13,NA,12.4926690219463,20.7003478724337
2024-06-14 12:00:00,2024,6,14,NA,16.1083909320597,23.3342412516798
2024-06-15 12:00:00,2024,6,15,NA,20.1044873888044,24.2358604268654
2024-06-16 12:00:00,2024,6,16,NA,17.7926538767546,25.0197899654516
2024-06-17 12:00:00,2024,6,17,NA,14.6310059443449,27.2864570253053
2024-06-18 12:00:00,2024,6,18,NA,16.6932956333922,28.7975684827681
2024-06-19 12:00:00,2024,6,19,NA,16.4592703160682,27.668609576803
2024-06-20 12:00:00,2024,6,20,NA,14.1315949787935,26.3722686870097
2024-06-21 12:00:00,2024,6,21,NA,18.8803789531641,21.9378713291576
2024-06-22 12:00:00,2024,6,22,NA,17.7390058176989,26.6327989915163
2024-06-23 12:00:00,2024,6,23,NA,16.9786967391038,27.3084535077155
2024-06-24 12:00:00,2024,6,24,NA,19.700575868958,25.8573203762034
2024-06-25 12:00:00,2024,6,25,NA,15.3506391975133,22.5827620811689
2024-06-26 12:00:00,2024,6,26,NA,14.4991833214371,26.9561803974331
2024-06-27 12:00:00,2024,6,27,NA,16.3125449507283,32.7577839930748
2024-06-28 12:00:00,2024,6,28,NA,16.0088494562019,25.7857411367979
2024-06-29 12:00:00,2024,6,29,NA,17.9455736537656,30.2256501292343
2024-06-30 12:00:00,2024,6,30,NA,18.4206819154929,32.8788801714489
2024-07-01 12:00:00,2024,7,1,NA,19.6098683059369,32.0837896080328
2024-07-02 12:00:00,2024,7,2,NA,23.1745786918925,34.9258668422687
2024-07-03 12:00:00,2024,7,3,NA,22.7101963831886,32.5105855306954
2024-07-04 12:00:00,2024,7,4,NA,20.9326057431107,30.5395771543085
2024-07-05 12:00:00,2024,7,5,NA,15.3806376960776,29.7292136903186
2024-07-06 12:00:00,2024,7,6,NA,12.0961048178904,29.0755977545203
2024-07-07 12:00:00,2024,7,7,NA,19.4207691613371,32.4407954122845
2024-07-08 12:00:00,2024,7,8,NA,18.8788337919471,33.9429714893935
2024-07-09 12:00:00,2024,7,9,NA,18.8836360239924,31.9076092555522
2024-07-10 12:00:00,2024,7,10,NA,17.6143437619408,31.4082094098939
2024-07-11 12:00:00,2024,7,11,NA,16.8666773999807,26.3930951803071
2024-07-12 12:00:00,2024,7,12,NA,17.7407201661398,30.7607464170873
2024-07-13 12:00:00,2024,7,13,NA,14.401207805535,29.5901904280952
2024-07-14 12:00:00,2024,7,14,NA,15.7901150948764,28.9372372752404
2024-07-15 12:00:00,2024,7,15,NA,15.9431228811212,30.2608379304325
2024-07-16 12:00:00,2024,7,16,NA,19.7638255060916,28.4302980479016
2024-07-17 12:00:00,2024,7,17,NA,20.6997008942796,29.5851176130808
2024-07-18 12:00:00,2024,7,18,NA,22.4617410964741,27.3347650717456
2024-07-19 12:00:00,2024,7,19,NA,18.0492998845063,25.5656280542227
2024-07-20 12:00:00,2024,7,20,NA,16.1549348404199,28.2135603576922
2024-07-21 12:00:00,2024,7,21,NA,19.2394329566503,33.0332986046034
2024-07-22 12:00:00,2024,7,22,NA,15.7636843932831,28.9108065736472
2024-07-23 12:00:00,2024,7,23,NA,13.1121821945465,23.7244006271337
2024-07-24 12:00:00,2024,7,24,NA,13.1424002290709,22.0278169478721
2024-07-25 12:00:00,2024,7,25,NA,10.2317450463796,22.7785295397314
2024-07-26 12:00:00,2024,7,26,NA,11.737569268556,23.2320706578218
2024-07-27 12:00:00,2024,7,27,NA,14.3206114449036,25.4050316144533
2024-07-28 12:00:00,2024,7,28,NA,18.432380430402,31.5168792832155
2024-07-29 12:00:00,2024,7,29,NA,21.5692561095402,33.1203954804566
2024-07-30 12:00:00,2024,7,30,NA,22.8501914734684,29.8809661756153
2024-07-31 12:00:00,2024,7,31,NA,18.7478620519204,32.4000739846257
2024-08-01 12:00:00,2024,8,1,NA,21.1041563204432,32.1885764899929
2024-08-02 12:00:00,2024,8,2,NA,18.4962289401236,29.7597861313959
2024-08-03 12:00:00,2024,8,3,NA,21.9645056610326,29.71326023861
2024-08-04 12:00:00,2024,8,4,NA,22.2689012155706,31.4707840226775
2024-08-05 12:00:00,2024,8,5,NA,17.5904336543682,26.6395668258301
2024-08-06 12:00:00,2024,8,6,NA,19.3450028247355,23.8335146907793
2024-08-07 12:00:00,2024,8,7,NA,19.3091845049448,26.2933973700106
2024-08-08 12:00:00,2024,8,8,NA,17.6148715252328,22.1204326988173
2024-08-09 12:00:00,2024,8,9,NA,15.2574385354485,24.2411774787453
2024-08-10 12:00:00,2024,8,10,NA,12.1271376567841,23.4077166300265
2024-08-11 12:00:00,2024,8,11,NA,15.2657757038877,23.5564249365025
2024-08-12 12:00:00,2024,8,12,NA,17.7030723907138,25.5760668724584
2024-08-13 12:00:00,2024,8,13,NA,15.7123435283341,24.0526462318287
2024-08-14 12:00:00,2024,8,14,NA,12.8320724370777,22.5294185000632
2024-08-15 12:00:00,2024,8,15,NA,14.186028875465,16.9414095279057
2024-08-16 12:00:00,2024,8,16,NA,9.64243931333082,18.0195308862603
2024-08-17 12:00:00,2024,8,17,NA,7.3840123086219,20.4439757358814
2024-08-18 12:00:00,2024,8,18,NA,13.1900478942567,22.1982594601376
2024-08-19 12:00:00,2024,8,19,NA,12.490602446639,22.6904270885202
2024-08-20 12:00:00,2024,8,20,NA,15.2879906535915,21.5646285954314
2024-08-21 12:00:00,2024,8,21,NA,18.5217100954609,25.876496422506
2024-08-22 12:00:00,2024,8,22,NA,18.1106211132317,26.2232495082339
2024-08-23 12:00:00,2024,8,23,NA,13.5874450021671,27.0588466429105
2024-08-24 12:00:00,2024,8,24,NA,15.6792191233139,24.8367907195357
2024-08-25 12:00:00,2024,8,25,NA,13.1809001679314,24.8797839667659
2024-08-26 12:00:00,2024,8,26,NA,12.0686060941549,21.9736068210467
2024-08-27 12:00:00,2024,8,27,NA,11.7611796738826,18.9508049397909
2024-08-28 12:00:00,2024,8,28,NA,7.96832465011055,18.7279423016583
2024-08-29 12:00:00,2024,8,29,NA,10.9773305006406,17.6182965017261
2024-08-30 12:00:00,2024,8,30,NA,11.4651862618209,20.6515683813183
2024-08-31 12:00:00,2024,8,31,NA,13.4647412772143,20.6609415835566
2024-09-01 12:00:00,2024,9,1,NA,13.4787107643517,21.1373235803566
2024-09-02 12:00:00,2024,9,2,NA,15.0906256730853,22.3188997510997
2024-09-03 12:00:00,2024,9,3,NA,12.870025354707,25.3042513351722
2024-09-04 12:00:00,2024,9,4,NA,15.1969619690804,22.9262564469811
2024-09-05 12:00:00,2024,9,5,NA,12.4870301065023,24.9596136233721
2024-09-06 12:00:00,2024,9,6,NA,11.1416912909337,21.6666162133057
2024-09-07 12:00:00,2024,9,7,NA,12.6931119020868,19.9370441060674
2024-09-08 12:00:00,2024,9,8,NA,10.2439876896452,20.2283680162584
2024-09-09 12:00:00,2024,9,9,NA,13.8243726709776,20.7569990540182
2024-09-10 12:00:00,2024,9,10,NA,8.91850228727825,23.2297083896167
2024-09-11 12:00:00,2024,9,11,NA,11.8878412581841,26.0928823790378
2024-09-12 12:00:00,2024,9,12,NA,14.3945008962314,24.984298687242
2024-09-13 12:00:00,2024,9,13,NA,10.0293398152372,27.2198676790847
2024-09-14 12:00:00,2024,9,14,NA,17.6439901171504,26.2426684664892
2024-09-15 12:00:00,2024,9,15,NA,17.3302551989801,20.9256796848651
2024-09-16 12:00:00,2024,9,16,NA,13.8703283251606,21.951953269994
2024-09-17 12:00:00,2024,9,17,NA,14.58167336505,19.1582366145418
2024-09-18 12:00:00,2024,9,18,NA,10.5943326423387,20.4484850439151
2024-09-19 12:00:00,2024,9,19,NA,10.1275137416496,16.4753854030329
2024-09-20 12:00:00,2024,9,20,NA,9.88256044444239,17.4258995707459
2024-09-21 12:00:00,2024,9,21,NA,11.7796051607384,17.563534965005
2024-09-22 12:00:00,2024,9,22,NA,9.43359518080154,23.8628010265501
2024-09-23 12:00:00,2024,9,23,NA,8.87863783470681,25.4009517685631
2024-09-24 12:00:00,2024,9,24,NA,11.6585603490245,23.6650870653454
2024-09-25 12:00:00,2024,9,25,NA,13.8611191600304,19.6187414089415
2024-09-26 12:00:00,2024,9,26,NA,9.41193768972029,17.7620783770726
2024-09-27 12:00:00,2024,9,27,NA,7.56605366918814,17.3008804492725
2024-09-28 12:00:00,2024,9,28,NA,8.33317060987835,20.3308810471993
2024-09-29 12:00:00,2024,9,29,NA,10.1281028227531,17.66155934636
2024-09-30 12:00:00,2024,9,30,NA,13.0490820489505,20.8594814679378
2024-10-01 12:00:00,2024,10,1,NA,10.7182721363705,20.1846417258577
2024-10-02 12:00:00,2024,10,2,NA,8.24003978953252,17.9748665696169
2024-10-03 12:00:00,2024,10,3,NA,8.52731781427789,17.6203911794808
2024-10-04 12:00:00,2024,10,4,NA,6.39905659159537,20.2138140598136
2024-10-05 12:00:00,2024,10,5,NA,12.5673307639122,21.660404129115
2024-10-06 12:00:00,2024,10,6,NA,8.71188537656292,20.2366004016974
2024-10-07 12:00:00,2024,10,7,NA,11.3351613122308,23.1930692579769
2024-10-08 12:00:00,2024,10,8,NA,13.5818098229523,26.3351516840417
2024-10-09 12:00:00,2024,10,9,NA,13.6322832279806,20.1815326436438
2024-10-10 12:00:00,2024,10,10,NA,12.5211994728299,19.001869310314
2024-10-11 12:00:00,2024,10,11,NA,14.6097455526043,17.8673902549442
2024-10-12 12:00:00,2024,10,12,NA,11.5995445127552,19.1313157474276
2024-10-13 12:00:00,2024,10,13,NA,6.98964431075015,17.4226878309207
2024-10-14 12:00:00,2024,10,14,NA,9.9142916820633,20.2220973879404
2024-10-15 12:00:00,2024,10,15,NA,5.56810610005955,19.4141315786874
2024-10-16 12:00:00,2024,10,16,NA,7.43345968508284,25.5028372805795
2024-10-17 12:00:00,2024,10,17,NA,10.7184104487421,23.5346664871612
2024-10-18 12:00:00,2024,10,18,NA,10.9710245202172,24.7557869601909
2024-10-19 12:00:00,2024,10,19,NA,15.3625437504647,25.7955872706352
2024-10-20 12:00:00,2024,10,20,NA,12.2038915942441,21.9680739541931
2024-10-21 12:00:00,2024,10,21,NA,9.09290037597317,17.0882985198647
2024-10-22 12:00:00,2024,10,22,NA,7.53601340795787,15.2162136090073
2024-10-23 12:00:00,2024,10,23,NA,9.88814987685393,17.053883920556
2024-10-24 12:00:00,2024,10,24,NA,8.76950552282619,14.1822456563359
2024-10-25 12:00:00,2024,10,25,NA,10.0429498297731,19.7835904870254
2024-10-26 12:00:00,2024,10,26,NA,13.2995689255439,22.5489911192376
2024-10-27 12:00:00,2024,10,27,NA,11.8250064695524,21.8802545004668
2024-10-28 12:00:00,2024,10,28,NA,13.2078185324071,20.3735525761091
2024-10-29 12:00:00,2024,10,29,NA,15.7390343869133,21.0686847596014
2024-10-30 12:00:00,2024,10,30,NA,10.0046799918436,18.3884769702934
2024-10-31 12:00:00,2024,10,31,NA,8.86571034933058,14.2556977516397
2024-11-01 12:00:00,2024,11,1,NA,7.10952507712471,10.2834298532164
2024-11-02 12:00:00,2024,11,2,NA,9.25854373362765,13.6118251524173
2024-11-03 12:00:00,2024,11,3,NA,5.61862445080823,13.2324586549833
2024-11-04 12:00:00,2024,11,4,NA,7.74696110868488,9.68764874829078
2024-11-05 12:00:00,2024,11,5,NA,9.02645612950032,12.9369372295209
2024-11-06 12:00:00,2024,11,6,NA,9.03705120842892,11.8687092131426
2024-11-07 12:00:00,2024,11,7,NA,10.0944739991978,13.8486824834293
2024-11-08 12:00:00,2024,11,8,NA,6.69773299583309,10.4360751213515
2024-11-09 12:00:00,2024,11,9,NA,11.2613003192213,13.1046452339817
2024-11-10 12:00:00,2024,11,10,NA,10.6432143589241,11.7941514632446
2024-11-11 12:00:00,2024,11,11,NA,8.31185035012547,9.25952417551778
2024-11-12 12:00:00,2024,11,12,NA,6.45656832095155,9.31794242797796
2024-11-13 12:00:00,2024,11,13,NA,1.06009361779864,7.86252205208072
2024-11-14 12:00:00,2024,11,14,NA,4.20649941449914,10.7890519021622
2024-11-15 12:00:00,2024,11,15,NA,3.58893994179388,14.527438049218
2024-11-16 12:00:00,2024,11,16,NA,8.62268116035901,13.3646932565249
2024-11-17 12:00:00,2024,11,17,NA,5.79978477501363,10.9857947870435
2024-11-18 12:00:00,2024,11,18,NA,3.01386296317618,9.53289022379967
2024-11-19 12:00:00,2024,11,19,NA,2.78049172457015,11.2007609353243
2024-11-20 12:00:00,2024,11,20,NA,4.8441014716059,12.3681124157569
2024-11-21 12:00:00,2024,11,21,NA,6.35376111758509,11.0061267325176
2024-11-22 12:00:00,2024,11,22,NA,4.52478067113094,9.94398602935152
2024-11-23 12:00:00,2024,11,23,NA,4.59024399734147,11.1426612115135
2024-11-24 12:00:00,2024,11,24,NA,6.44735590180241,11.9195446788399
2024-11-25 12:00:00,2024,11,25,NA,2.007322264667,8.98407600924253
2024-11-26 12:00:00,2024,11,26,NA,6.23644310162973,13.0706369299752
2024-11-27 12:00:00,2024,11,27,NA,9.16692157995367,12.8892310518212
2024-11-28 12:00:00,2024,11,28,NA,6.81542778564261,8.77227356118423
2024-11-29 12:00:00,2024,11,29,NA,7.67657060480543,13.423863783522
2024-11-30 12:00:00,2024,11,30,NA,4.93372142411624,10.6795876367658
2024-12-01 12:00:00,2024,12,1,NA,4.20985654709646,9.42121421834306
2024-12-02 12:00:00,2024,12,2,NA,3.47903460525661,8.154294732526
2024-12-03 12:00:00,2024,12,3,NA,3.05221048075393,12.20286434867
2024-12-04 12:00:00,2024,12,4,NA,3.23267050062682,10.5018208627409
2024-12-05 12:00:00,2024,12,5,NA,2.53109290364255,9.45881898809467
2024-12-06 12:00:00,2024,12,6,NA,2.4009118775864,9.19643113557171
2024-12-07 12:00:00,2024,12,7,NA,0.560424532867217,9.9754165548088
2024-12-08 12:00:00,2024,12,8,NA,4.40501430623529,9.49384511134574
2024-12-09 12:00:00,2024,12,9,NA,3.25880216531721,7.26697090342204
2024-12-10 12:00:00,2024,12,10,NA,-1.13106363133255,4.3978345066896
2024-12-11 12:00:00,2024,12,11,NA,-0.640226635452933,4.4180565639506
2024-12-12 12:00:00,2024,12,12,NA,1.27528225167066,5.0996438174149
2024-12-13 12:00:00,2024,12,13,NA,-1.47080186538894,2.38902826148382
2024-12-14 12:00:00,2024,12,14,NA,1.2525624300011,2.51611696713658
2024-12-15 12:00:00,2024,12,15,NA,3.30834993469307,7.08581075189942
2024-12-16 12:00:00,2024,12,16,NA,7.40412761374783,11.855786797431
2024-12-17 12:00:00,2024,12,17,NA,8.56017906393346,16.2566489692427
2024-12-18 12:00:00,2024,12,18,NA,8.1165583757627,16.2663427827013
2024-12-19 12:00:00,2024,12,19,NA,5.39734092896833,13.5055664271573
2024-12-20 12:00:00,2024,12,20,NA,4.29028316458593,11.4068429459836
2024-12-21 12:00:00,2024,12,21,NA,3.46909813786868,7.32892826474145
2024-12-22 12:00:00,2024,12,22,NA,-0.939643658888025,4.09984332314854
2024-12-23 12:00:00,2024,12,23,NA,2.78538679410044,6.82852429209342
2024-12-24 12:00:00,2024,12,24,NA,-1.81094345286293,3.12902773124317
2024-12-25 12:00:00,2024,12,25,NA,0.0281059017276397,5.11794927248911
2024-12-26 12:00:00,2024,12,26,NA,0.209207164016149,4.17131495187669
2024-12-27 12:00:00,2024,12,27,NA,0.172673270781784,4.87083502618322
2024-12-28 12:00:00,2024,12,28,NA,0.41379320941674,2.81727051610815
2024-12-29 12:00:00,2024,12,29,NA,-1.65574092671462,1.40042524604729
2024-12-30 12:00:00,2024,12,30,NA,1.22772248204996,6.26720946408653
2024-12-31 12:00:00,2024,12,31,NA,4.53721889696672,7.67216897704636
2025-01-01 12:00:00,2025,1,1,NA,8.35491689272672,14.0769910195365
2025-01-02 12:00:00,2025,1,2,NA,8.18545140834074,12.5495469329918
2025-01-03 12:00:00,2025,1,3,NA,2.46121668436736,6.07251686248672
2025-01-04 12:00:00,2025,1,4,NA,-0.391752766577367,4.68269228135437
2025-01-05 12:00:00,2025,1,5,NA,-1.37564823631443,6.26139814339417
2025-01-06 12:00:00,2025,1,6,NA,-0.725685201479498,8.56118658720379
2025-01-07 12:00:00,2025,1,7,NA,6.44239836095606,14.2151061609585
2025-01-08 12:00:00,2025,1,8,NA,9.90835232470446,16.1986255752687
2025-01-09 12:00:00,2025,1,9,NA,7.44247414899439,12.318592165408
2025-01-10 12:00:00,2025,1,10,NA,4.42141910830887,9.76015573571867
2025-01-11 12:00:00,2025,1,11,NA,0.986728328047906,11.3848503710286
2025-01-12 12:00:00,2025,1,12,NA,-0.99835195290974,8.49608023604626
2025-01-13 12:00:00,2025,1,13,NA,3.15422285827862,11.2736402383761
2025-01-14 12:00:00,2025,1,14,NA,3.9404852758671,10.694378450927
2025-01-15 12:00:00,2025,1,15,NA,5.93000602183347,10.733120640199
2025-01-16 12:00:00,2025,1,16,NA,6.59829530109737,11.184474244517
2025-01-17 12:00:00,2025,1,17,NA,9.88401818731235,16.8902426659331
2025-01-18 12:00:00,2025,1,18,NA,4.59584465139311,12.4478191952469
2025-01-19 12:00:00,2025,1,19,NA,7.28372435105935,12.7611125090854
2025-01-20 12:00:00,2025,1,20,NA,2.71537881381954,5.86486419826647
2025-01-21 12:00:00,2025,1,21,NA,5.14712719787387,6.11324749339026
2025-01-22 12:00:00,2025,1,22,NA,7.66678168477775,9.69404331853249
2025-01-23 12:00:00,2025,1,23,NA,5.6278929098178,10.7033474585531
2025-01-24 12:00:00,2025,1,24,NA,3.28927664584352,10.4190302644785
2025-01-25 12:00:00,2025,1,25,NA,2.46023950436711,4.41927333017545
2025-01-26 12:00:00,2025,1,26,NA,3.20745762973106,9.24486459646466
2025-01-27 12:00:00,2025,1,27,NA,4.29527752241482,10.5033757681163
2025-01-28 12:00:00,2025,1,28,NA,5.67636959827135,12.755731686717
2025-01-29 12:00:00,2025,1,29,NA,2.11259598400977,7.52081244245364
2025-01-30 12:00:00,2025,1,30,NA,5.16001818243926,11.8580994697626
2025-01-31 12:00:00,2025,1,31,NA,6.07886143749088,11.8242262981649
2025-02-01 12:00:00,2025,2,1,NA,10.0424303510644,18.0776336459526
2025-02-02 12:00:00,2025,2,2,NA,9.24964399556579,12.8680935153921
2025-02-03 12:00:00,2025,2,3,NA,6.58546232477527,8.82877344253386
2025-02-04 12:00:00,2025,2,4,NA,5.02616112494926,6.22334302169945
2025-02-05 12:00:00,2025,2,5,NA,2.49086488392189,5.53060732816047
2025-02-06 12:00:00,2025,2,6,NA,3.22727497990342,6.47393957172769
2025-02-07 12:00:00,2025,2,7,NA,0.879699770332543,10.155665113727
2025-02-08 12:00:00,2025,2,8,NA,-1.42751095576084,7.23394874635132
2025-02-09 12:00:00,2025,2,9,NA,2.23332555667881,12.1634548851786
2025-02-10 12:00:00,2025,2,10,NA,4.54324678133353,13.4568400126133
2025-02-11 12:00:00,2025,2,11,NA,8.19989925918276,18.7117501944829
2025-02-12 12:00:00,2025,2,12,NA,11.5753126214111,17.4694159382081
2025-02-13 12:00:00,2025,2,13,NA,12.0056746144121,17.9132204735714
2025-02-14 12:00:00,2025,2,14,NA,11.6762318402632,18.0463037790936
2025-02-15 12:00:00,2025,2,15,NA,12.9024474659438,18.0280130436992
2025-02-16 12:00:00,2025,2,16,NA,9.54643336753066,12.7022498069036
2025-02-17 12:00:00,2025,2,17,NA,6.64430263487332,10.6941941313315
2025-02-18 12:00:00,2025,2,18,NA,3.54871914938402,5.97551736931877
2025-02-19 12:00:00,2025,2,19,NA,2.65791010614281,5.08470832607756
2025-02-20 12:00:00,2025,2,20,NA,-2.87914491778198,1.34089286305824
2025-02-21 12:00:00,2025,2,21,NA,3.40753459712814,10.9918484554554
2025-02-22 12:00:00,2025,2,22,NA,3.74008633764071,13.0876370968981
2025-02-23 12:00:00,2025,2,23,NA,-0.406831757158203,7.17748210116903
2025-02-24 12:00:00,2025,2,24,NA,3.8134546229601,8.7572638787608
2025-02-25 12:00:00,2025,2,25,NA,4.55408504931909,10.6759826244465
2025-02-26 12:00:00,2025,2,26,NA,5.21861936832661,8.58658672683008
2025-02-27 12:00:00,2025,2,27,NA,5.59775480817786,11.3499684945798
2025-02-28 12:00:00,2025,2,28,NA,2.42825911669208,9.26456135552486
2025-03-01 12:00:00,2025,3,1,NA,-0.720024139845933,11.7684967371752
2025-03-02 12:00:00,2025,3,2,NA,2.63582121608034,12.0564305067792
2025-03-03 12:00:00,2025,3,3,NA,4.79246269960532,8.94035349205397
2025-03-04 12:00:00,2025,3,4,NA,4.92234749508938,10.08323033898
2025-03-05 12:00:00,2025,3,5,NA,6.55542428762768,13.6940083571889
2025-03-06 12:00:00,2025,3,6,NA,5.81517356481896,14.3391478090411
2025-03-07 12:00:00,2025,3,7,NA,0.397396039035285,15.6103490370717
2025-03-08 12:00:00,2025,3,8,NA,-1.23680270980869,10.2404271961465
2025-03-09 12:00:00,2025,3,9,NA,5.38168210277828,13.4929826395622
2025-03-10 12:00:00,2025,3,10,NA,5.93277017880085,11.0812076074227
2025-03-11 12:00:00,2025,3,11,NA,2.49110433377564,12.6833816544014
2025-03-12 12:00:00,2025,3,12,NA,4.6989592172862,11.1252627147918
2025-03-13 12:00:00,2025,3,13,NA,4.31920252280241,7.30935612997116
2025-03-14 12:00:00,2025,3,14,NA,3.02370044033652,8.18458328422712
2025-03-15 12:00:00,2025,3,15,NA,-0.547209250995001,11.8834751199908
2025-03-16 12:00:00,2025,3,16,NA,-0.495462805003185,15.3550844869478
2025-03-17 12:00:00,2025,3,17,NA,-0.975908689283551,16.260735808833
2025-03-18 12:00:00,2025,3,18,NA,5.80450321998556,16.6946275662164
2025-03-19 12:00:00,2025,3,19,NA,6.5283193106759,16.7159405790637
2025-03-20 12:00:00,2025,3,20,NA,4.02197977062703,12.747479636041
2025-03-21 12:00:00,2025,3,21,NA,-4.97754643293357,9.09888290513125
2025-03-22 12:00:00,2025,3,22,NA,6.51978106381726,12.9776894270291
2025-03-23 12:00:00,2025,3,23,NA,3.68074402289414,14.8516835527073
2025-03-24 12:00:00,2025,3,24,NA,4.08523498641289,15.5058427434869
2025-03-25 12:00:00,2025,3,25,NA,4.78888241267967,15.5952500412186
2025-03-26 12:00:00,2025,3,26,NA,7.35651893725014,19.0875797948859
2025-03-27 12:00:00,2025,3,27,NA,10.220949127468,19.5729103809773
2025-03-28 12:00:00,2025,3,28,NA,9.42068543662467,18.9300730357831
2025-03-29 12:00:00,2025,3,29,NA,8.26105401886909,21.617840270525
2025-03-30 12:00:00,2025,3,30,NA,8.1622840939998,25.5862360793978
2025-03-31 12:00:00,2025,3,31,NA,9.05722157983568,23.4091288707485
2025-04-01 12:00:00,2025,4,1,NA,6.61241674859495,15.1363909928171
2025-04-02 12:00:00,2025,4,2,NA,6.40511412207156,14.0569270424676
2025-04-03 12:00:00,2025,4,3,NA,0.116140247944006,17.023958867763
2025-04-04 12:00:00,2025,4,4,NA,3.57806629008048,14.4120475171889
2025-04-05 12:00:00,2025,4,5,NA,4.23769096128546,12.742873318517
2025-04-06 12:00:00,2025,4,6,NA,-0.324916598563049,6.6375294709831
2025-04-07 12:00:00,2025,4,7,NA,-2.78003962254424,6.71920343385376
2025-04-08 12:00:00,2025,4,8,NA,2.24889870069876,3.26352807262356
2025-04-09 12:00:00,2025,4,9,NA,-1.26410236892238,7.04438838589485
2025-04-10 12:00:00,2025,4,10,NA,-2.15879482621296,11.2921799401472
2025-04-11 12:00:00,2025,4,11,NA,1.75601448093475,10.2611968381663
2025-04-12 12:00:00,2025,4,12,NA,1.33450434807678,12.1632099963329
2025-04-13 12:00:00,2025,4,13,NA,1.83377153934767,11.9505568623864
2025-04-14 12:00:00,2025,4,14,NA,3.28787199097988,12.574971430473
2025-04-15 12:00:00,2025,4,15,NA,2.2557479235686,15.9647688930137
2025-04-16 12:00:00,2025,4,16,NA,1.31616688243879,19.904770814901
2025-04-17 12:00:00,2025,4,17,NA,10.705883750246,30.796038261681
2025-04-18 12:00:00,2025,4,18,NA,8.76116231052728,24.4390216449806
2025-04-19 12:00:00,2025,4,19,NA,9.00900034801728,14.1933260937522
2025-04-20 12:00:00,2025,4,20,NA,5.07319868290539,11.1544022993666
2025-04-21 12:00:00,2025,4,21,NA,5.58850463503575,11.7924653232743
2025-04-22 12:00:00,2025,4,22,NA,3.32797482131209,13.1507031694691
2025-04-23 12:00:00,2025,4,23,NA,4.15455959750162,14.5848713432216
2025-04-24 12:00:00,2025,4,24,NA,-1.38112871958072,16.9939178307838
2025-04-25 12:00:00,2025,4,25,NA,3.22494808878969,15.9274451685583
2025-04-26 12:00:00,2025,4,26,NA,4.53893411949481,14.6557194425335
2025-04-27 12:00:00,2025,4,27,NA,5.92515719350381,13.3168189797324
2025-04-28 12:00:00,2025,4,28,NA,8.53770131339826,16.985871377718
2025-04-29 12:00:00,2025,4,29,NA,8.62433292814409,14.7055365446053
2025-04-30 12:00:00,2025,4,30,NA,9.81750925799184,17.9827229063747
2025-05-01 12:00:00,2025,5,1,NA,10.4389443094713,22.2988558669085
2025-05-02 12:00:00,2025,5,2,NA,15.2283471180705,27.5703733669904
2025-05-03 12:00:00,2025,5,3,NA,12.4122501328053,23.1031348327965
2025-05-04 12:00:00,2025,5,4,NA,12.3703448321628,24.4597137960517
2025-05-05 12:00:00,2025,5,5,NA,12.2741989621774,19.0867093726219
2025-05-06 12:00:00,2025,5,6,NA,12.7178135950347,22.4185899648517
2025-05-07 12:00:00,2025,5,7,NA,8.71289111485572,26.2335683851048
2025-05-08 12:00:00,2025,5,8,NA,11.576502564568,23.6902766398515
2025-05-09 12:00:00,2025,5,9,NA,15.7354629987193,22.5196755825398
2025-05-10 12:00:00,2025,5,10,NA,16.4248148099154,24.6411945862022
2025-05-11 12:00:00,2025,5,11,NA,10.7896952826516,26.5859118610122
2025-05-12 12:00:00,2025,5,12,NA,8.19790950680073,23.0129752979813
2025-05-13 12:00:00,2025,5,13,NA,8.79857500206776,14.6393889150212
2025-05-14 12:00:00,2025,5,14,NA,8.58060217150421,14.5099166088743
2025-05-15 12:00:00,2025,5,15,NA,11.6609555022103,19.4747583078223
2025-05-16 12:00:00,2025,5,16,NA,12.0095535608287,18.6418489882198
2025-05-17 12:00:00,2025,5,17,NA,9.08400842929133,20.8815670419097
2025-05-18 12:00:00,2025,5,18,NA,8.17120668042724,28.0368369652879
2025-05-19 12:00:00,2025,5,19,NA,9.96086327219587,27.6249780027977
2025-05-20 12:00:00,2025,5,20,NA,9.23707631861604,28.3458973856326
2025-05-21 12:00:00,2025,5,21,NA,6.15125653831714,16.8478913276871
2025-05-22 12:00:00,2025,5,22,NA,11.5417857871403,20.4322262616424
2025-05-23 12:00:00,2025,5,23,NA,13.1589337362044,22.4415480772915
2025-05-24 12:00:00,2025,5,24,NA,11.2171786993633,21.8802825697289
2025-05-25 12:00:00,2025,5,25,NA,11.7243940201724,25.3971869963171
2025-05-26 12:00:00,2025,5,26,NA,11.5975696018132,28.3694823664946
2025-05-27 12:00:00,2025,5,27,NA,11.2810711448923,28.8017484151413
2025-05-28 12:00:00,2025,5,28,NA,13.6670266199814,30.5173632655715
2025-05-29 12:00:00,2025,5,29,NA,14.7576815216872,24.4480823111815
2025-05-30 12:00:00,2025,5,30,NA,13.5351738770216,34.6345139916156
2025-05-31 12:00:00,2025,5,31,NA,12.975814650266,34.0455381899855
2025-06-01 12:00:00,2025,6,1,NA,16.1123971479334,34.1595131197362
2025-06-02 12:00:00,2025,6,2,NA,20.9915343044222,32.7803190328477
2025-06-03 12:00:00,2025,6,3,NA,21.0244038216,29.2859750027306
2025-06-04 12:00:00,2025,6,4,NA,18.9278727875189,26.1580853163894
2025-06-05 12:00:00,2025,6,5,NA,13.7336426652089,19.1794775508908
2025-06-06 12:00:00,2025,6,6,NA,11.1517254145672,25.1604951872942
2025-06-07 12:00:00,2025,6,7,NA,13.7602600020942,30.2920829487374
2025-06-08 12:00:00,2025,6,8,NA,14.2357629430502,32.1038905320883
2025-06-09 12:00:00,2025,6,9,NA,15.1887774288543,30.4541742886672
2025-06-10 12:00:00,2025,6,10,NA,14.7204781503916,25.1530368618682
2025-06-11 12:00:00,2025,6,11,NA,14.1143570518128,28.0834896127142
2025-06-12 12:00:00,2025,6,12,NA,10.511472388324,26.9842421654374
2025-06-13 12:00:00,2025,6,13,NA,11.4730397295499,23.2243278799262
2025-06-14 12:00:00,2025,6,14,NA,19.789184219635,22.8780919373012
2025-06-15 12:00:00,2025,6,15,NA,18.8658673651505,24.9282379408435
2025-06-16 12:00:00,2025,6,16,NA,16.2328982636386,25.5298038837886
2025-06-17 12:00:00,2025,6,17,NA,16.0182397337199,25.5436376525038
2025-06-18 12:00:00,2025,6,18,NA,14.9508394677677,28.0785760748834
2025-06-19 12:00:00,2025,6,19,NA,15.8574537378989,33.1299464031159
2025-06-20 12:00:00,2025,6,20,NA,18.1589008983949,28.5658618130531
2025-06-21 12:00:00,2025,6,21,NA,21.5762680393631,30.8554021799485
2025-06-22 12:00:00,2025,6,22,NA,20.6745155683801,34.8447987016985
2025-06-23 12:00:00,2025,6,23,NA,16.7919201684267,24.9327038252581
2025-06-24 12:00:00,2025,6,24,NA,18.7984085392206,26.0254195590163
2025-06-25 12:00:00,2025,6,25,NA,16.135822862257,26.4428496717262
2025-06-26 12:00:00,2025,6,26,NA,14.8512700763481,27.5067211573086
2025-06-27 12:00:00,2025,6,27,NA,21.3399349122776,29.5274499812369
2025-06-28 12:00:00,2025,6,28,NA,17.2296770656472,30.4314585448118
2025-06-29 12:00:00,2025,6,29,NA,19.5355541327042,28.7781059828913
2025-06-30 12:00:00,2025,6,30,NA,22.0035351505664,31.3015024343204
2025-07-01 12:00:00,2025,7,1,NA,17.1881147276086,26.4458130029394
2025-07-02 12:00:00,2025,7,2,NA,16.1908014403854,26.2815803522327
2025-07-03 12:00:00,2025,7,3,NA,17.446031951571,28.4205582135291
2025-07-04 12:00:00,2025,7,4,NA,15.9814504198312,26.5042229341674
2025-07-05 12:00:00,2025,7,5,NA,13.127440108924,21.9377706136225
2025-07-06 12:00:00,2025,7,6,NA,13.5531191137285,22.7140923454533
2025-07-07 12:00:00,2025,7,7,NA,11.9321484167576,24.4297591656639
2025-07-08 12:00:00,2025,7,8,NA,16.1212128531723,28.4989225268638
2025-07-09 12:00:00,2025,7,9,NA,18.5354567640898,30.5940822813621
2025-07-10 12:00:00,2025,7,10,NA,27.3826809376736,30.3803987758244
2025-07-11 12:00:00,2025,7,11,NA,23.3764905188728,33.5307430198292
2025-07-12 12:00:00,2025,7,12,NA,21.3245944063826,36.3422495517435
2025-07-13 12:00:00,2025,7,13,NA,17.0130391492157,34.0870978099118
2025-07-14 12:00:00,2025,7,14,NA,18.4882919334926,33.2266024021923
2025-07-15 12:00:00,2025,7,15,NA,13.4098030144765,30.7885453745462
2025-07-16 12:00:00,2025,7,16,NA,12.5766770980343,30.8843023114681
2025-07-17 12:00:00,2025,7,17,NA,16.7962789729872,31.8298552197075
2025-07-18 12:00:00,2025,7,18,NA,15.4626408402912,27.4969269071394
2025-07-19 12:00:00,2025,7,19,NA,11.9373553583878,26.114440468362
2025-07-20 12:00:00,2025,7,20,NA,9.66248339519547,21.627991431261
2025-07-21 12:00:00,2025,7,21,NA,6.0087695047526,23.3819429795002
2025-07-22 12:00:00,2025,7,22,NA,6.41472097851095,24.2416873966116
2025-07-23 12:00:00,2025,7,23,NA,12.0024904281951,26.1879476935312
2025-07-24 12:00:00,2025,7,24,NA,11.9774744509759,30.924960006035
2025-07-25 12:00:00,2025,7,25,NA,15.0786585230851,29.1992309347836
2025-07-26 12:00:00,2025,7,26,NA,15.5628452822945,27.0976567490711
2025-07-27 12:00:00,2025,7,27,NA,15.9546095173264,24.7291630210619
2025-07-28 12:00:00,2025,7,28,NA,10.1932834035621,24.8791157467053
2025-07-29 12:00:00,2025,7,29,NA,16.2476140937591,27.7421154830249
2025-07-30 12:00:00,2025,7,30,NA,15.1957361465877,25.4333365719943
2025-07-31 12:00:00,2025,7,31,NA,14.6426899633098,24.5504157491799
2025-08-01 12:00:00,2025,8,1,NA,11.2925998815823,27.1727959193112
2025-08-02 12:00:00,2025,8,2,NA,9.52655159014641,27.6223485270847
2025-08-03 12:00:00,2025,8,3,NA,12.2410275100264,30.0861159374497
2025-08-04 12:00:00,2025,8,4,NA,8.93971063249719,26.7243938914788
2025-08-05 12:00:00,2025,8,5,NA,11.5726606834222,27.2928010361439
2025-08-06 12:00:00,2025,8,6,NA,15.614294197581,29.0407248789668
2025-08-07 12:00:00,2025,8,7,NA,14.7225460841704,30.3949787150489
2025-08-08 12:00:00,2025,8,8,NA,15.0503350637308,25.8177332494009
2025-08-09 12:00:00,2025,8,9,NA,14.7719476971619,26.7381414771416
2025-08-10 12:00:00,2025,8,10,NA,14.5070823451062,30.6813914523394
2025-08-11 12:00:00,2025,8,11,NA,15.1235798345847,24.168478215872
2025-08-12 12:00:00,2025,8,12,NA,14.2779978397688,26.8397433083971
2025-08-13 12:00:00,2025,8,13,NA,17.9170382440733,31.4438127694176
2025-08-14 12:00:00,2025,8,14,NA,15.9734053479912,30.681940737341
2025-08-15 12:00:00,2025,8,15,NA,18.0038782045406,31.7560351034875
2025-08-16 12:00:00,2025,8,16,NA,15.2807049552594,30.4540361418719
2025-08-17 12:00:00,2025,8,17,NA,16.435819696166,32.2143391557586
2025-08-18 12:00:00,2025,8,18,NA,18.01261749399,29.8813862539402
2025-08-19 12:00:00,2025,8,19,NA,15.8258436907243,30.4240519157796
2025-08-20 12:00:00,2025,8,20,NA,22.4405243767428,25.9421678859028
2025-08-21 12:00:00,2025,8,21,NA,17.8323355060332,24.816548371099
2025-08-22 12:00:00,2025,8,22,NA,18.9936783033081,27.9622381216453
2025-08-23 12:00:00,2025,8,23,NA,15.1204235143085,29.7027114695412
2025-08-24 12:00:00,2025,8,24,NA,16.3995163968106,27.7685423948132
2025-08-25 12:00:00,2025,8,25,NA,18.0749951149123,32.0763528567224
2025-08-26 12:00:00,2025,8,26,NA,17.9999525061359,31.8520773076538
2025-08-27 12:00:00,2025,8,27,NA,18.393599716659,29.6741786899014
2025-08-28 12:00:00,2025,8,28,NA,14.8123333111789,27.7468839629341
2025-08-29 12:00:00,2025,8,29,NA,17.500903504514,26.5681734866161
2025-08-30 12:00:00,2025,8,30,NA,14.9073991220803,29.4924431551759
2025-08-31 12:00:00,2025,8,31,NA,15.1826122792664,30.9792409299583
2025-09-01 12:00:00,2025,9,1,NA,17.8224079135382,21.8698707739918
2025-09-02 12:00:00,2025,9,2,NA,15.4130413572413,20.0269655016874
2025-09-03 12:00:00,2025,9,3,NA,13.9055447150687,21.4488838413722
2025-09-04 12:00:00,2025,9,4,NA,10.5197941639599,22.5246276703033
2025-09-05 12:00:00,2025,9,5,NA,9.40981342946876,20.5819333172251
2025-09-06 12:00:00,2025,9,6,NA,12.3254288190257,17.3315346608918
2025-09-07 12:00:00,2025,9,7,NA,9.25671321623338,18.3660038782712
2025-09-08 12:00:00,2025,9,8,NA,12.9726081996406,20.9426513270687
2025-09-09 12:00:00,2025,9,9,NA,12.8406432676039,25.3696525768205
2025-09-10 12:00:00,2025,9,10,NA,13.0328733715918,21.2098743334469
2025-09-11 12:00:00,2025,9,11,NA,12.6293232678845,15.3707486214311
2025-09-12 12:00:00,2025,9,12,NA,9.28395064678738,17.5438449435115
2025-09-13 12:00:00,2025,9,13,NA,12.1268743179199,17.132980159786
2025-09-14 12:00:00,2025,9,14,NA,12.6366891952968,18.6307888842237
2025-09-15 12:00:00,2025,9,15,NA,14.9500196521721,20.6113958946248
2025-09-16 12:00:00,2025,9,16,NA,14.8402954165523,22.3501083717955
2025-09-17 12:00:00,2025,9,17,NA,13.9126349976029,16.5992291419872
2025-09-18 12:00:00,2025,9,18,NA,13.8368616491597,17.8655870738107
2025-09-19 12:00:00,2025,9,19,NA,14.9169662230695,17.1617511433566
2025-09-20 12:00:00,2025,9,20,NA,15.1876950028119,17.7510580204319
2025-09-21 12:00:00,2025,9,21,NA,12.133835720342,13.9991153490513
2025-09-22 12:00:00,2025,9,22,NA,8.92688629414702,12.7437445878457
2025-09-23 12:00:00,2025,9,23,NA,8.22188933715864,14.0817475243526
2025-09-24 12:00:00,2025,9,24,NA,8.61801569743367,16.9019393182908
2025-09-25 12:00:00,2025,9,25,NA,6.48031940152497,21.569364533002
2025-09-26 12:00:00,2025,9,26,NA,13.542225744374,19.4020839315679
2025-09-27 12:00:00,2025,9,27,NA,12.1264032944002,24.3987331656598
2025-09-28 12:00:00,2025,9,28,NA,8.96605310578169,22.993507964295
2025-09-29 12:00:00,2025,9,29,NA,10.1447322407191,20.9727755172961
2025-09-30 12:00:00,2025,9,30,NA,16.3264038545346,22.4186280125979
2025-10-01 12:00:00,2025,10,1,NA,14.3050028610683,28.2890887906743
2025-10-02 12:00:00,2025,10,2,NA,15.1291427738489,24.4297062631594
2025-10-03 12:00:00,2025,10,3,NA,16.6967001521245,23.5572108340921
2025-10-04 12:00:00,2025,10,4,NA,15.6835163594844,21.0543903583802
2025-10-05 12:00:00,2025,10,5,NA,14.4898995572871,19.9026396907969
2025-10-06 12:00:00,2025,10,6,NA,13.3193024142519,19.8216394905361
2025-10-07 12:00:00,2025,10,7,NA,10.5852709361669,17.4258539587353
2025-10-08 12:00:00,2025,10,8,NA,12.6271033888403,17.8959753913974
2025-10-09 12:00:00,2025,10,9,NA,12.3655951746931,20.9185803678073
2025-10-10 12:00:00,2025,10,10,NA,14.6146415694686,27.578048373459
2025-10-11 12:00:00,2025,10,11,NA,14.64872975459,27.6625442497643
2025-10-12 12:00:00,2025,10,12,NA,9.92164668447836,23.7364041526966
2025-10-13 12:00:00,2025,10,13,NA,10.4756257930646,27.3635120211031
2025-10-14 12:00:00,2025,10,14,NA,9.80894498631677,26.0922377170836
2025-10-15 12:00:00,2025,10,15,NA,14.8731082805027,24.8016927980721
2025-10-16 12:00:00,2025,10,16,NA,16.1346262355009,20.6302637055031
2025-10-17 12:00:00,2025,10,17,NA,13.9418792879387,20.2237659612258
2025-10-18 12:00:00,2025,10,18,NA,9.43267213216132,13.7256211369861
2025-10-19 12:00:00,2025,10,19,NA,7.65106445614741,12.6121487375635
2025-10-20 12:00:00,2025,10,20,NA,8.36359799520695,16.9978848665905
2025-10-21 12:00:00,2025,10,21,NA,8.45861974319716,19.5144519629592
2025-10-22 12:00:00,2025,10,22,NA,7.06223982362234,16.8382117193949
2025-10-23 12:00:00,2025,10,23,NA,5.60255745992962,17.445709017984
2025-10-24 12:00:00,2025,10,24,NA,6.42698812290736,20.4534297935892
2025-10-25 12:00:00,2025,10,25,NA,6.3363149066338,20.4013537902348
2025-10-26 12:00:00,2025,10,26,NA,7.53565147142269,21.7542573760841
2025-10-27 12:00:00,2025,10,27,NA,8.34628327291693,15.7899710149558
2025-10-28 12:00:00,2025,10,28,NA,9.35704658370142,14.1942796767706
2025-10-29 12:00:00,2025,10,29,NA,7.98300010934354,11.1858901942503
2025-10-30 12:00:00,2025,10,30,NA,3.51566542584957,8.87424190087798
2025-10-31 12:00:00,2025,10,31,NA,0.75529221291132,8.19897995495018
2025-11-01 12:00:00,2025,11,1,NA,-0.0457190293596916,7.51907511779712
2025-11-02 12:00:00,2025,11,2,NA,2.16246156184573,9.46736024725205
2025-11-03 12:00:00,2025,11,3,NA,3.75927559619916,10.2802063260147
2025-11-04 12:00:00,2025,11,4,NA,2.05016421378318,6.70464105262369
2025-11-05 12:00:00,2025,11,5,NA,0.298813704898692,7.83028212639783
2025-11-06 12:00:00,2025,11,6,NA,4.14532484833852,11.0288845015633
2025-11-07 12:00:00,2025,11,7,NA,6.64064095817008,13.5542087267031
2025-11-08 12:00:00,2025,11,8,NA,7.22117528968275,17.522502129197
2025-11-09 12:00:00,2025,11,9,NA,7.86912942920064,16.6239372623376
2025-11-10 12:00:00,2025,11,10,NA,7.31010371218884,14.1086934810539
2025-11-11 12:00:00,2025,11,11,NA,9.01070852541994,15.5316392552355
2025-11-12 12:00:00,2025,11,12,NA,6.38270428949295,19.001189533113
2025-11-13 12:00:00,2025,11,13,NA,5.6617549484232,11.5493832986441
2025-11-14 12:00:00,2025,11,14,NA,4.30395681899195,10.6911877452275
2025-11-15 12:00:00,2025,11,15,NA,2.66720835118623,8.72723366653866
2025-11-16 12:00:00,2025,11,16,NA,8.99072569513897,13.8330372825137
2025-11-17 12:00:00,2025,11,17,NA,8.33592107596242,11.3757440046011
2025-11-18 12:00:00,2025,11,18,NA,7.82816967899894,11.5929657636684
2025-11-19 12:00:00,2025,11,19,NA,7.34943956597607,9.23054601768901
2025-11-20 12:00:00,2025,11,20,NA,1.18567140453343,3.90277867480908
2025-11-21 12:00:00,2025,11,21,NA,-1.75682540149297,2.17864150150423
2025-11-22 12:00:00,2025,11,22,NA,-0.0448272645513059,4.90475951231303
2025-11-23 12:00:00,2025,11,23,NA,3.31811962994601,7.04746813143633
2025-11-24 12:00:00,2025,11,24,NA,-0.839537388706035,3.09592951429117
2025-11-25 12:00:00,2025,11,25,NA,6.18268841480951,8.0672459952859
2025-11-26 12:00:00,2025,11,26,NA,1.3544473850109,5.10086590606623
2025-11-27 12:00:00,2025,11,27,NA,1.31500466452329,3.75282354934471
2025-11-28 12:00:00,2025,11,28,NA,2.6561071632036,5.71775117005069
2025-11-29 12:00:00,2025,11,29,NA,3.74729585413472,6.75725461244103
2025-11-30 12:00:00,2025,11,30,NA,3.15554929320306,7.89766315739556
2025-12-01 12:00:00,2025,12,1,NA,-1.01431916396875,1.95093268735218
2025-12-02 12:00:00,2025,12,2,NA,-10.9963833823187,-8.19891664094276
2025-12-03 12:00:00,2025,12,3,NA,-2.0889563188036,0.570077665564874
2025-12-04 12:00:00,2025,12,4,NA,-2.13380717127469,3.97251925547235
2025-12-05 12:00:00,2025,12,5,NA,3.42694495034783,12.1635613026837
2025-12-06 12:00:00,2025,12,6,NA,-0.316493180338897,4.8018321351797
2025-12-07 12:00:00,2025,12,7,NA,2.82735857153411,7.77577888937698
2025-12-08 12:00:00,2025,12,8,NA,1.54288392879435,5.39968169488224
2025-12-09 12:00:00,2025,12,9,NA,-0.537100271489157,4.99179786653299
2025-12-10 12:00:00,2025,12,10,NA,-2.43076980139249,3.44097366405681
2025-12-11 12:00:00,2025,12,11,NA,1.27710081855735,5.30195522122299
2025-12-12 12:00:00,2025,12,12,NA,0.118204605938226,2.12900003313488
2025-12-13 12:00:00,2025,12,13,NA,0.313575391323967,0.872271774166173
2025-12-14 12:00:00,2025,12,14,NA,-1.68349299327865,1.21200317987057
2025-12-15 12:00:00,2025,12,15,NA,-3.97675840956714,0.246242586662233
2025-12-16 12:00:00,2025,12,16,NA,-2.17835619598135,2.57501292278701
2025-12-17 12:00:00,2025,12,17,NA,2.46629525266367,3.48611451653535
2025-12-18 12:00:00,2025,12,18,NA,-1.4397215187865,2.63666063777408
2025-12-19 12:00:00,2025,12,19,NA,2.53461236325051,10.6758300611346
2025-12-20 12:00:00,2025,12,20,NA,5.52131645038161,10.4441475624235
2025-12-21 12:00:00,2025,12,21,NA,2.38198248838956,9.85110825314177
2025-12-22 12:00:00,2025,12,22,NA,4.19641516005925,7.1193424097141
2025-12-23 12:00:00,2025,12,23,NA,5.48022818266486,6.88592020196348
2025-12-24 12:00:00,2025,12,24,NA,4.23732792090031,9.07953075995348
2025-12-25 12:00:00,2025,12,25,NA,5.14141141117283,12.8828177452659
2025-12-26 12:00:00,2025,12,26,NA,2.17539455738224,7.85396457853832
2025-12-27 12:00:00,2025,12,27,NA,-1.57083352383921,3.45527521440326
2025-12-28 12:00:00,2025,12,28,NA,-0.841921008509677,5.92957788220538
2025-12-29 12:00:00,2025,12,29,NA,-3.43737616474883,3.93146086007467
2025-12-30 12:00:00,2025,12,30,NA,3.2497658239774,9.4078790143508
2025-12-31 12:00:00,2025,12,31,NA,4.69869767053489,10.2803721550844
2026-01-01 12:00:00,2026,1,1,NA,6.83334405347595,12.9155821667927
2026-01-02 12:00:00,2026,1,2,NA,11.4354170977469,16.5112193221909
2026-01-03 12:00:00,2026,1,3,NA,8.01469754083841,16.5528532543082
2026-01-04 12:00:00,2026,1,4,NA,9.14640686474194,15.3812052595205
2026-01-05 12:00:00,2026,1,5,NA,6.44194650290918,13.6456034974068
2026-01-06 12:00:00,2026,1,6,NA,6.31818918187483,11.8835212673885
2026-01-07 12:00:00,2026,1,7,NA,3.8821519268332,14.5819011025789
2026-01-08 12:00:00,2026,1,8,NA,5.50740592804386,11.2424788904211
2026-01-09 12:00:00,2026,1,9,NA,7.36663689305378,17.0441650414473
2026-01-10 12:00:00,2026,1,10,NA,8.25188608927249,15.4275510880622
2026-01-11 12:00:00,2026,1,11,NA,4.54637549861888,14.8962640886379
2026-01-12 12:00:00,2026,1,12,NA,9.35878453440266,12.445628824519
2026-01-13 12:00:00,2026,1,13,NA,6.64774614012403,12.7218403552684
2026-01-14 12:00:00,2026,1,14,NA,1.50483170820598,11.118933232754
2026-01-15 12:00:00,2026,1,15,NA,1.00997189653806,7.22114327309208
2026-01-16 12:00:00,2026,1,16,NA,2.41301790680693,7.14708712209069
2026-01-17 12:00:00,2026,1,17,NA,3.53725576663901,11.3127016302103
2026-01-18 12:00:00,2026,1,18,NA,2.03430812566632,9.34722084894809
2026-01-19 12:00:00,2026,1,19,NA,0.697477698572104,9.18253751632448
2026-01-20 12:00:00,2026,1,20,NA,2.17588480697731,10.1031128266059
2026-01-21 12:00:00,2026,1,21,NA,1.63792963125689,6.22410857467649
2026-01-22 12:00:00,2026,1,22,NA,1.68512256991287,6.70279749840639
2026-01-23 12:00:00,2026,1,23,NA,1.42617594456172,5.3992624544622
2026-01-24 12:00:00,2026,1,24,NA,-2.73557134693822,5.01669868637425
2026-01-25 12:00:00,2026,1,25,NA,-0.949933059579654,4.48830765560734
2026-01-26 12:00:00,2026,1,26,NA,5.80387144047085,9.83222117285102
2026-01-27 12:00:00,2026,1,27,NA,7.98001606296122,13.0616416802417
2026-01-28 12:00:00,2026,1,28,NA,7.94621368336089,17.8306569313079
2026-01-29 12:00:00,2026,1,29,NA,9.02431360294468,16.2976580321404
2026-01-30 12:00:00,2026,1,30,NA,8.1030869022208,14.6318348582373
2026-01-31 12:00:00,2026,1,31,NA,3.82033650498614,14.7746416898101
2026-02-01 12:00:00,2026,2,1,NA,4.41674585570483,15.1288986284316
2026-02-02 12:00:00,2026,2,2,NA,0.120671328944406,10.150070583212
2026-02-03 12:00:00,2026,2,3,NA,0.893528896098327,8.06063682935485
2026-02-04 12:00:00,2026,2,4,NA,1.19646395955456,6.06938522852698
2026-02-05 12:00:00,2026,2,5,NA,4.42826827574612,7.50168984335676
2026-02-06 12:00:00,2026,2,6,NA,6.9611823815374,8.24750319312794
2026-02-07 12:00:00,2026,2,7,NA,7.72604746758451,8.54157102676296
2026-02-08 12:00:00,2026,2,8,NA,7.78346055788889,11.0701354991902
2026-02-09 12:00:00,2026,2,9,NA,-3.32370646162924,8.52479052158627
2026-02-10 12:00:00,2026,2,10,NA,2.48798803692389,14.7134539991123
2026-02-11 12:00:00,2026,2,11,NA,6.26691444634398,15.6144652056014
2026-02-12 12:00:00,2026,2,12,NA,13.5333695224253,15.8941270883257
2026-02-13 12:00:00,2026,2,13,NA,13.4763236956295,19.9972985098833
2026-02-14 12:00:00,2026,2,14,NA,10.1199646265007,15.7597672913169
2026-02-15 12:00:00,2026,2,15,NA,8.18142982258012,14.9446340529734
2026-02-16 12:00:00,2026,2,16,NA,10.2657778052121,12.6963506716094
2026-02-17 12:00:00,2026,2,17,NA,7.87004614982354,13.9496649294906
2026-02-18 12:00:00,2026,2,18,NA,8.22858364371216,13.0574959788883
2026-02-19 12:00:00,2026,2,19,NA,6.65333918509372,11.5128339182044
2026-02-20 12:00:00,2026,2,20,NA,11.1381403201025,16.7779429849187
2026-02-21 12:00:00,2026,2,21,NA,6.38722774113935,18.1724266819834
2026-02-22 12:00:00,2026,2,22,NA,5.75383733331921,17.9681232614408
2026-02-23 12:00:00,2026,2,23,NA,6.54220739584636,15.1359951825926
2026-02-24 12:00:00,2026,2,24,NA,9.36858363315942,14.3939546560322
2026-02-25 12:00:00,2026,2,25,NA,7.25499348536042,13.7133921298799
2026-02-26 12:00:00,2026,2,26,NA,7.38283622671064,11.4237378280493
2026-02-27 12:00:00,2026,2,27,NA,7.03929054249717,11.8937161054554
2026-02-28 12:00:00,2026,2,28,NA,5.4190176626839,7.89128631296167
2026-03-01 12:00:00,2026,3,1,NA,5.4969232544934,7.11693153136337
2026-03-02 12:00:00,2026,3,2,NA,10.8196323513373,12.5037154401651
2026-03-03 12:00:00,2026,3,3,NA,10.4510827203725,16.0584884441368
2026-03-04 12:00:00,2026,3,4,NA,6.86244934484556,21.0949695934049
2026-03-05 12:00:00,2026,3,5,NA,6.63088958649207,16.9428795345023
2026-03-06 12:00:00,2026,3,6,NA,4.48560310820689,18.807745491208
2026-03-07 12:00:00,2026,3,7,NA,2.55549413792427,22.7188842330418
2026-03-08 12:00:00,2026,3,8,NA,1.47822427935607,21.898290062643
2026-03-09 12:00:00,2026,3,9,NA,5.35416438959359,16.3949548815097
2026-03-10 12:00:00,2026,3,10,NA,7.92361539276737,15.2146379208978
2026-03-11 12:00:00,2026,3,11,NA,4.00006780448232,7.63339714628237
2026-03-12 12:00:00,2026,3,12,NA,2.3691994563144,7.50731539036976
2026-03-13 12:00:00,2026,3,13,NA,7.07461755843264,10.1834553116664
2026-03-14 12:00:00,2026,3,14,NA,6.28320777202945,8.16884553628099
2026-03-15 12:00:00,2026,3,15,NA,4.9043025021336,11.6999707527731
2026-03-16 12:00:00,2026,3,16,NA,7.71556459149059,11.020628880792
2026-03-17 12:00:00,2026,3,17,NA,2.18059732212068,8.79416968623346
2026-03-18 12:00:00,2026,3,18,NA,0.797310699611955,13.8401091133153
2026-03-19 12:00:00,2026,3,19,NA,5.56636696952718,14.0462622643083
2026-03-20 12:00:00,2026,3,20,NA,2.15706316286855,17.4602462129726
2026-03-21 12:00:00,2026,3,21,NA,8.18695616634041,14.4340638649869
2026-03-22 12:00:00,2026,3,22,NA,7.27438479625414,19.1282043547345
2026-03-23 12:00:00,2026,3,23,NA,6.09805660472812,18.4631218594546
2026-03-24 12:00:00,2026,3,24,NA,6.98363001655887,19.3262558636032
2026-03-25 12:00:00,2026,3,25,NA,8.78115517449086,14.9368871303488
2026-03-26 12:00:00,2026,3,26,NA,8.96913030274949,12.0631425648759
2026-03-27 12:00:00,2026,3,27,NA,3.30376234280166,15.6111276214883
2026-03-28 12:00:00,2026,3,28,NA,6.22140376813363,13.7751998231406
2026-03-29 12:00:00,2026,3,29,NA,-1.73511604249178,12.3279936685184
2026-03-30 12:00:00,2026,3,30,NA,0.923112682601123,15.2511242834128
2026-03-31 12:00:00,2026,3,31,NA,5.3148108386286,15.3223892458285
2026-04-01 12:00:00,2026,4,1,NA,9.95712836807721,18.4811026122994
2026-04-02 12:00:00,2026,4,2,NA,6.14297058051322,16.542044303787
2026-04-03 12:00:00,2026,4,3,NA,4.47462584874628,14.981229051119
2026-04-04 12:00:00,2026,4,4,NA,4.41232579467511,14.1374557731483
2026-04-05 12:00:00,2026,4,5,NA,5.63928291223749,15.7560682352762
2026-04-06 12:00:00,2026,4,6,NA,9.82321790399964,19.4478643918634
2026-04-07 12:00:00,2026,4,7,NA,11.0778004392396,17.1437333418668
2026-04-08 12:00:00,2026,4,8,NA,6.60684324493231,21.2830309292549
2026-04-09 12:00:00,2026,4,9,NA,11.2896069319782,24.9528224348189
2026-04-10 12:00:00,2026,4,10,NA,13.523512494136,19.8275353993096
2026-04-11 12:00:00,2026,4,11,NA,11.8825532136635,20.3877355708951
2026-04-12 12:00:00,2026,4,12,NA,12.8325256393286,20.9977392877115
2026-04-13 12:00:00,2026,4,13,NA,7.63772318170219,16.0877951573828
2026-04-14 12:00:00,2026,4,14,NA,7.59289397912847,13.6681489901108
2026-04-15 12:00:00,2026,4,15,NA,4.83062018150569,10.4188205460673
2026-04-16 12:00:00,2026,4,16,NA,7.46733648250516,13.3618498485043
2026-04-17 12:00:00,2026,4,17,NA,6.39880816027901,13.3612542298252
2026-04-18 12:00:00,2026,4,18,NA,5.38921941824479,15.4064379243731
2026-04-19 12:00:00,2026,4,19,NA,11.0547448350489,20.7798748135221
2026-04-20 12:00:00,2026,4,20,NA,6.39485354249015,26.0069554311142
2026-04-21 12:00:00,2026,4,21,NA,7.96624275905752,19.5047378050089
2026-04-22 12:00:00,2026,4,22,NA,2.24912672155906,19.257273856551
2026-04-23 12:00:00,2026,4,23,NA,-0.103968679953203,16.8779967173739
2026-04-24 12:00:00,2026,4,24,NA,2.11159052756416,17.8420685673672
2026-04-25 12:00:00,2026,4,25,NA,1.78286921393295,20.7143616958992
2026-04-26 12:00:00,2026,4,26,NA,6.35646285118454,22.7456376569857
2026-04-27 12:00:00,2026,4,27,NA,3.89983462499166,24.4564782093677
2026-04-28 12:00:00,2026,4,28,NA,7.68661264151893,19.2251076874703
2026-04-29 12:00:00,2026,4,29,NA,4.60681423299955,20.5019537689005
2026-04-30 12:00:00,2026,4,30,NA,10.7407393493689,18.545635192546
2026-05-01 12:00:00,2026,5,1,NA,8.23465123464224,16.4762275305685
2026-05-02 12:00:00,2026,5,2,NA,11.3435770928399,19.6520678476571
2026-05-03 12:00:00,2026,5,3,NA,7.16448379469116,21.6948793198346
2026-05-04 12:00:00,2026,5,4,NA,9.79458094808502,20.3044721974455
2026-05-05 12:00:00,2026,5,5,NA,11.1808216515867,25.4590416987711
2026-05-06 12:00:00,2026,5,6,NA,8.95091349858831,16.7817153397336
2026-05-07 12:00:00,2026,5,7,NA,2.5876642993175,17.4111864986955
2026-05-08 12:00:00,2026,5,8,NA,5.40331402775826,15.2825543992686
2026-05-09 12:00:00,2026,5,9,NA,7.83057992077129,17.1434680260379
2026-05-10 12:00:00,2026,5,10,NA,7.04692793371637,19.5471533122222
2026-05-11 12:00:00,2026,5,11,NA,16.8766990119499,21.0972086802442
2026-05-12 12:00:00,2026,5,12,NA,12.036280905333,22.9143505568862
2026-05-13 12:00:00,2026,5,13,NA,9.43829602764046,21.111390901031
2026-05-14 12:00:00,2026,5,14,NA,9.4181964904336,19.7719577133654
2026-05-15 12:00:00,2026,5,15,NA,9.17049571261231,16.0811231978737
2026-05-16 12:00:00,2026,5,16,NA,14.1035777919038,21.1911770803418
2026-05-17 12:00:00,2026,5,17,NA,14.8542474761399,21.752703336272
2026-05-18 12:00:00,2026,5,18,NA,14.7509050823711,18.713382099979
2026-05-19 12:00:00,2026,5,19,NA,11.7372522047166,15.7002823233125
2026-05-20 12:00:00,2026,5,20,NA,10.3378285160618,16.2626687440823
2026-05-21 12:00:00,2026,5,21,NA,9.45628859538071,22.2350797814369
2026-05-22 12:00:00,2026,5,22,NA,9.16447254448091,19.8698064262546
2026-05-23 12:00:00,2026,5,23,NA,3.2850936457895,19.0520347723947
2026-05-24 12:00:00,2026,5,24,NA,4.38223697099012,19.1362896385126
2026-05-25 12:00:00,2026,5,25,NA,5.03084266331194,17.9005359218446
2026-05-26 12:00:00,2026,5,26,NA,1.05354777793028,24.3524960031185
2026-05-27 12:00:00,2026,5,27,NA,11.7885557318649,30.2489005787844
2026-05-28 12:00:00,2026,5,28,NA,18.718712259556,26.2364584134704
2026-05-29 12:00:00,2026,5,29,NA,13.9532249302183,23.9357556522313
2026-05-30 12:00:00,2026,5,30,NA,14.2953553134018,23.0708992644369
2026-05-31 12:00:00,2026,5,31,NA,12.3548560026189,26.7864791526739
2026-06-01 12:00:00,2026,6,1,NA,14.2947833715917,19.9619526617357
2026-06-02 12:00:00,2026,6,2,NA,9.5469550351405,22.3257462211967
2026-06-03 12:00:00,2026,6,3,NA,9.26064895855737,20.6157102690503
2026-06-04 12:00:00,2026,6,4,NA,11.3965052910811,22.6685443794766
2026-06-05 12:00:00,2026,6,5,NA,9.85043480817525,19.0191817753523
2026-06-06 12:00:00,2026,6,6,NA,9.00720637391328,15.2060792416338
2026-06-07 12:00:00,2026,6,7,NA,13.3462692762483,21.5726902498096
2026-06-08 12:00:00,2026,6,8,NA,10.9712374484491,27.262155948352
2026-06-09 12:00:00,2026,6,9,NA,6.98166997646824,26.3527228742937
2026-06-10 12:00:00,2026,6,10,NA,6.61518085386427,25.208980840066
2026-06-11 12:00:00,2026,6,11,NA,10.6887177021365,23.890499181301
2026-06-12 12:00:00,2026,6,12,NA,9.45667120544922,20.7287102938448
2026-06-13 12:00:00,2026,6,13,NA,8.45855625728411,20.171968647898
2026-06-14 12:00:00,2026,6,14,NA,8.07323496242603,17.6721834442444
2026-06-15 12:00:00,2026,6,15,NA,8.66895771620463,23.0995282246777
2026-06-16 12:00:00,2026,6,16,NA,12.3859312291119,20.6496477726718
2026-06-17 12:00:00,2026,6,17,NA,9.58907318324653,21.9842095769995
2026-06-18 12:00:00,2026,6,18,NA,13.5498432194394,19.9786009100323
2026-06-19 12:00:00,2026,6,19,NA,13.2651542164376,20.4972771000931
2026-06-20 12:00:00,2026,6,20,NA,16.3994191675474,23.5578021387143
2026-06-21 12:00:00,2026,6,21,NA,16.6586499412372,23.8845002608572
2026-06-22 12:00:00,2026,6,22,NA,18.3395954855713,24.7658594235237
2026-06-23 12:00:00,2026,6,23,NA,17.8049547755886,23.8673253512816
2026-06-24 12:00:00,2026,6,24,NA,15.1747892773725,24.4539234179578
2026-06-25 12:00:00,2026,6,25,NA,15.2451843480293,26.6089282686862
2026-06-26 12:00:00,2026,6,26,NA,15.2104512690006,28.4399906973056
2026-06-27 12:00:00,2026,6,27,NA,19.4074310955866,25.5965488469871
2026-06-28 12:00:00,2026,6,28,NA,14.6511009098661,28.0399318141829
2026-06-29 12:00:00,2026,6,29,NA,10.2790354653398,23.7938837514728
2026-06-30 12:00:00,2026,6,30,NA,16.0915331022081,22.197908708259
2026-07-01 12:00:00,2026,7,1,NA,14.6739277731182,22.8614428420775
2026-07-02 12:00:00,2026,7,2,NA,12.2085102355205,23.1195280057306
2026-07-03 12:00:00,2026,7,3,NA,11.1982060409105,22.4617632321828
2026-07-04 12:00:00,2026,7,4,NA,16.286770652954,24.7999462075479
2026-07-05 12:00:00,2026,7,5,NA,18.0440602909831,27.4949401284618
2026-07-06 12:00:00,2026,7,6,NA,14.7040068486554,23.7013399363365
2026-07-07 12:00:00,2026,7,7,NA,12.8971350689938,22.5041064801915
2026-07-08 12:00:00,2026,7,8,NA,15.3505281768721,21.4029715049806
2026-07-09 12:00:00,2026,7,9,NA,19.4823292080661,21.379576362255
2026-07-10 12:00:00,2026,7,10,NA,17.7040975814218,22.5771215566933
2026-07-11 12:00:00,2026,7,11,NA,12.4392082527986,22.0330734701824
2026-07-12 12:00:00,2026,7,12,NA,9.63365720884308,24.8674497163223
2026-07-13 12:00:00,2026,7,13,NA,10.6890828598495,24.7998697839311
2026-07-14 12:00:00,2026,7,14,NA,10.6563262169365,29.4733253913805
2026-07-15 12:00:00,2026,7,15,NA,15.792008272082,28.4743516145715
2026-07-16 12:00:00,2026,7,16,NA,14.6951172858582,30.518096054797
2026-07-17 12:00:00,2026,7,17,NA,15.2913148536911,23.0561280173335
2026-07-18 12:00:00,2026,7,18,NA,16.883830364743,26.7308630223647
2026-07-19 12:00:00,2026,7,19,NA,17.4889239945796,26.4862570822607
2026-07-20 12:00:00,2026,7,20,NA,10.6855849629197,27.6242673720561
2026-07-21 12:00:00,2026,7,21,NA,10.6885711295184,25.0371471237594
2026-07-22 12:00:00,2026,7,22,NA,18.3800649628755,24.8796374546153
2026-07-23 12:00:00,2026,7,23,NA,18.8179007509535,29.36286750436
2026-07-24 12:00:00,2026,7,24,NA,17.8725489802739,30.3701597291802
2026-07-25 12:00:00,2026,7,25,NA,19.9492233050727,27.836746708478
2026-07-26 12:00:00,2026,7,26,NA,20.7059849239632,31.500125396869
2026-07-27 12:00:00,2026,7,27,NA,19.8257665791297,29.4327379903274
2026-07-28 12:00:00,2026,7,28,NA,24.0109006003247,26.0202498953257
2026-07-29 12:00:00,2026,7,29,NA,23.9266384445321,27.7529329017325
2026-07-30 12:00:00,2026,7,30,NA,19.676670697862,26.8754167534871
2026-07-31 12:00:00,2026,7,31,NA,16.6483206660712,25.0438434760813
2026-08-01 12:00:00,2026,8,1,NA,16.1195303061545,23.1881601559267
2026-08-02 12:00:00,2026,8,2,NA,14.4588717130935,24.3757702745396
2026-08-03 12:00:00,2026,8,3,NA,15.6371214868199,24.9199718351079
2026-08-04 12:00:00,2026,8,4,NA,10.1202133212454,24.9068794534835
2026-08-05 12:00:00,2026,8,5,NA,13.2346600947594,27.0388292507615
2026-08-06 12:00:00,2026,8,6,NA,12.8342427512061,27.7530216728852
2026-08-07 12:00:00,2026,8,7,NA,14.3973373986288,25.6779163718712
2026-08-08 12:00:00,2026,8,8,NA,14.7000915557776,28.171493196521
2026-08-09 12:00:00,2026,8,9,NA,7.83070821476229,27.5576632585987
2026-08-10 12:00:00,2026,8,10,NA,10.0330128563495,23.5276134203449
2026-08-11 12:00:00,2026,8,11,NA,7.13871467442779,25.1044200913854
2026-08-12 12:00:00,2026,8,12,NA,13.1298722194564,27.0602925560804
2026-08-13 12:00:00,2026,8,13,NA,13.3021154989159,31.6981240698753
2026-08-14 12:00:00,2026,8,14,NA,14.6728225478823,35.0568486956503
2026-08-15 12:00:00,2026,8,15,NA,15.8428442781429,33.8085496951005
2026-08-16 12:00:00,2026,8,16,NA,19.3026608777201,35.1406387681543
2026-08-17 12:00:00,2026,8,17,NA,20.2844348683454,33.9823369449978
2026-08-18 12:00:00,2026,8,18,NA,18.7257103768016,31.3336358495803
2026-08-19 12:00:00,2026,8,19,NA,21.1920285218233,30.1605883401605
2026-08-20 12:00:00,2026,8,20,NA,19.6118929440702,33.059704004559
2026-08-21 12:00:00,2026,8,21,NA,16.8360930416105,31.5897691804367
2026-08-22 12:00:00,2026,8,22,NA,15.7558486991994,23.147989601931
2026-08-23 12:00:00,2026,8,23,NA,11.2751423879556,22.7205400191012
2026-08-24 12:00:00,2026,8,24,NA,11.8966879567558,21.2095220174224
2026-08-25 12:00:00,2026,8,25,NA,8.66800216126409,23.1667104188541
2026-08-26 12:00:00,2026,8,26,NA,9.88290019973287,22.8573809280277
2026-08-27 12:00:00,2026,8,27,NA,11.751257467647,20.9057254729006
2026-08-28 12:00:00,2026,8,28,NA,11.3688699976747,18.8065344228516
2026-08-29 12:00:00,2026,8,29,NA,10.0888436784797,21.2250781937844
2026-08-30 12:00:00,2026,8,30,NA,7.60823496834437,20.5174433104421
2026-08-31 12:00:00,2026,8,31,NA,6.31219743326152,19.1262787989682
2026-09-01 12:00:00,2026,9,1,NA,6.08241764927915,17.5072882158513
2026-09-02 12:00:00,2026,9,2,NA,11.4212282222705,17.9230449878535
2026-09-03 12:00:00,2026,9,3,NA,9.11485107209569,19.458162183241
2026-09-04 12:00:00,2026,9,4,NA,11.6830394783333,15.2374837849016
2026-09-05 12:00:00,2026,9,5,NA,11.4441780856396,16.7697451892967
2026-09-06 12:00:00,2026,9,6,NA,13.1801288104061,18.8415050528588
2026-09-07 12:00:00,2026,9,7,NA,13.1052355984484,19.8928010634838
2026-09-08 12:00:00,2026,9,8,NA,10.684433247109,23.1406183533606
2026-09-09 12:00:00,2026,9,9,NA,12.3962928085134,19.6235732449196
2026-09-10 12:00:00,2026,9,10,NA,17.9712231683614,25.1635869438066
2026-09-11 12:00:00,2026,9,11,NA,15.0630684679888,29.0905233265021
2026-09-12 12:00:00,2026,9,12,NA,12.5632760756062,30.7602176201462
2026-09-13 12:00:00,2026,9,13,NA,9.89604656231597,25.195676169677
2026-09-14 12:00:00,2026,9,14,NA,16.7183136019055,25.8569881244294
2026-09-15 12:00:00,2026,9,15,NA,14.325212651298,24.0883455134869
2026-09-16 12:00:00,2026,9,16,NA,18.4225403447411,25.2101058097765
2026-09-17 12:00:00,2026,9,17,NA,15.7924545378786,25.8462895746982
2026-09-18 12:00:00,2026,9,18,NA,15.9758543206952,24.8395327033154
2026-09-19 12:00:00,2026,9,19,NA,12.000452962611,21.3890981047124
2026-09-20 12:00:00,2026,9,20,NA,9.86122569638426,22.1872458562845
2026-09-21 12:00:00,2026,9,21,NA,8.89273630385266,26.1478447060762
2026-09-22 12:00:00,2026,9,22,NA,11.4120636706197,29.891159871514
2026-09-23 12:00:00,2026,9,23,NA,13.6136412774656,27.6384254061958
2026-09-24 12:00:00,2026,9,24,NA,17.3396036125963,22.9880782608594
2026-09-25 12:00:00,2026,9,25,NA,18.9417561269986,27.8054345096189
2026-09-26 12:00:00,2026,9,26,NA,23.2188625362979,29.8723033335632
2026-09-27 12:00:00,2026,9,27,NA,20.7204004650436,28.2805236594689
2026-09-28 12:00:00,2026,9,28,NA,16.2052840004968,29.3281662134516
2026-09-29 12:00:00,2026,9,29,NA,19.6683322652084,32.8361353120035
2026-09-30 12:00:00,2026,9,30,NA,22.4353668602598,29.8649179946844
2026-10-01 12:00:00,2026,10,1,NA,20.6303196020385,31.460995104428
2026-10-02 12:00:00,2026,10,2,NA,21.0570684006396,30.8202012628285
2026-10-03 12:00:00,2026,10,3,NA,21.1821293852126,26.522072743226
2026-10-04 12:00:00,2026,10,4,NA,16.1430173796466,35.368020621713
2026-10-05 12:00:00,2026,10,5,NA,17.5087232133248,33.7713202516102
2026-10-06 12:00:00,2026,10,6,NA,20.6510917517473,30.3917324089996
2026-10-07 12:00:00,2026,10,7,NA,19.1151777130026,29.9718972318393
2026-10-08 12:00:00,2026,10,8,NA,15.7264200860554,24.289005745688
2026-10-09 12:00:00,2026,10,9,NA,14.9841281380964,21.3762545323281
2026-10-10 12:00:00,2026,10,10,NA,13.3846557024631,18.7973958359729
2026-10-11 12:00:00,2026,10,11,NA,8.96874744348128,20.2901100584608
2026-10-12 12:00:00,2026,10,12,NA,6.29981681928235,17.7988123956927
2026-10-13 12:00:00,2026,10,13,NA,9.52714364732402,17.7146528041071
2026-10-14 12:00:00,2026,10,14,NA,10.7913375834836,21.5990360518011
2026-10-15 12:00:00,2026,10,15,NA,7.76028982790173,17.8155378588161
2026-10-16 12:00:00,2026,10,16,NA,6.12062151487749,15.3700437085712
2026-10-17 12:00:00,2026,10,17,NA,6.68072381050846,17.6545561183796
2026-10-18 12:00:00,2026,10,18,NA,7.0535293224169,16.7941699796692
2026-10-19 12:00:00,2026,10,19,NA,0.844112757324811,15.7234470640687
2026-10-20 12:00:00,2026,10,20,NA,-1.290359938807,17.3626036040023
2026-10-21 12:00:00,2026,10,21,NA,1.10498086093616,19.893408244913
2026-10-22 12:00:00,2026,10,22,NA,6.63043284329409,20.9794184881211
2026-10-23 12:00:00,2026,10,23,NA,10.2959629697127,20.8270925684419
2026-10-24 12:00:00,2026,10,24,NA,9.78545196142669,21.5599838971435
2026-10-25 12:00:00,2026,10,25,NA,9.91758860165853,21.6969978644647
2026-10-26 12:00:00,2026,10,26,NA,6.93454076472385,15.1879413720695
2026-10-27 12:00:00,2026,10,27,NA,1.83155551390065,11.787447541723
2026-10-28 12:00:00,2026,10,28,NA,1.67919390672037,3.55025827115103
2026-10-29 12:00:00,2026,10,29,NA,-0.738463152554411,4.63502253869358
2026-10-30 12:00:00,2026,10,30,NA,0.219556218271466,6.76880563393466
2026-10-31 12:00:00,2026,10,31,NA,0.181939605705775,6.42329070958019
2026-11-01 12:00:00,2026,11,1,NA,-1.51383187652117,7.25086402775874
2026-11-02 12:00:00,2026,11,2,NA,-3.42542045426791,6.25410398664418
2026-11-03 12:00:00,2026,11,3,NA,-0.985418294769098,-0.349806757458729
2026-11-04 12:00:00,2026,11,4,NA,-1.80168680963576,0.0897771689961416
2026-11-05 12:00:00,2026,11,5,NA,-0.524138566638717,1.97236428589229
2026-11-06 12:00:00,2026,11,6,NA,2.58255827732036,6.31780575500792
2026-11-07 12:00:00,2026,11,7,NA,2.46109853509797,7.5867530596389
2026-11-08 12:00:00,2026,11,8,NA,6.78763489645081,11.0442239813983
2026-11-09 12:00:00,2026,11,9,NA,6.94078998513761,8.82318404787847
2026-11-10 12:00:00,2026,11,10,NA,5.88091293186006,9.24691278355364
2026-11-11 12:00:00,2026,11,11,NA,4.98556678806007,11.5848744320604
2026-11-12 12:00:00,2026,11,12,NA,6.56038720950661,10.4517310611356
2026-11-13 12:00:00,2026,11,13,NA,4.28956333457211,11.1731229877969
2026-11-14 12:00:00,2026,11,14,NA,8.30393968872228,12.0397314949829
2026-11-15 12:00:00,2026,11,15,NA,9.68047286273056,13.4181477141431
2026-11-16 12:00:00,2026,11,16,NA,7.48647337632202,11.2333242742049
2026-11-17 12:00:00,2026,11,17,NA,3.6894020185115,11.3838542565711
2026-11-18 12:00:00,2026,11,18,NA,0.408038643485389,9.73187333493816
2026-11-19 12:00:00,2026,11,19,NA,1.51914524318873,6.17362208202923
2026-11-20 12:00:00,2026,11,20,NA,0.0154063039380219,7.98855789373312
2026-11-21 12:00:00,2026,11,21,NA,-1.44154508055466,11.8487997926761
2026-11-22 12:00:00,2026,11,22,NA,0.578623875747087,5.23310071458759
2026-11-23 12:00:00,2026,11,23,NA,0.234073495809025,8.69069445061676
2026-11-24 12:00:00,2026,11,24,NA,2.85741271554202,8.1973940846236
2026-11-25 12:00:00,2026,11,25,NA,2.09734384043006,5.87901181400944
2026-11-26 12:00:00,2026,11,26,NA,1.04812943921069,7.00189617562583
2026-11-27 12:00:00,2026,11,27,NA,2.49732561887447,9.94090550350725
2026-11-28 12:00:00,2026,11,28,NA,5.66592060128217,9.5198292942678
2026-11-29 12:00:00,2026,11,29,NA,-1.77283370439566,1.19825513328812
2026-11-30 12:00:00,2026,11,30,NA,-0.081660138526841,8.30378359678865
2026-12-01 12:00:00,2026,12,1,NA,0.0411303337110889,8.4310128454213
2026-12-02 12:00:00,2026,12,2,NA,-3.35096266723401,4.46542202382795
2026-12-03 12:00:00,2026,12,3,NA,-5.26056517191786,1.70661315939217
2026-12-04 12:00:00,2026,12,4,NA,-2.93213343009121,2.98552717410666
2026-12-05 12:00:00,2026,12,5,NA,-2.60898581331342,8.58990377495939
2026-12-06 12:00:00,2026,12,6,NA,-5.35276725547953,4.71950603165504
2026-12-07 12:00:00,2026,12,7,NA,-1.77261386616569,3.34571144935291
2026-12-08 12:00:00,2026,12,8,NA,-3.12380210124223,1.88189238565715
2026-12-09 12:00:00,2026,12,9,NA,-5.01191931524308,4.17424715108763
2026-12-10 12:00:00,2026,12,10,NA,-1.6812518182658,9.51763777000702
2026-12-11 12:00:00,2026,12,11,NA,-1.21991245705199,2.85319724754614
2026-12-12 12:00:00,2026,12,12,NA,0.710414003967167,4.70414561498013
2026-12-13 12:00:00,2026,12,13,NA,-0.669764369890653,3.19006575698211
2026-12-14 12:00:00,2026,12,14,NA,2.15862278912922,7.25254366659772
2026-12-15 12:00:00,2026,12,15,NA,-3.98829810704292,5.26894969942635
2026-12-16 12:00:00,2026,12,16,NA,-6.83449601093323,0.286530381542989
2026-12-17 12:00:00,2026,12,17,NA,-2.15017878321547,-0.124801571242318
2026-12-18 12:00:00,2026,12,18,NA,-1.94398453289092,2.08086986977472
2026-12-19 12:00:00,2026,12,19,NA,-3.21200499007188,0.612356575672356
2026-12-20 12:00:00,2026,12,20,NA,-3.6207512562869,1.82058814742531
2026-12-21 12:00:00,2026,12,21,NA,-0.671646649163642,6.18104947063286
2026-12-22 12:00:00,2026,12,22,NA,-1.66615365503754,5.45040612636012
2026-12-23 12:00:00,2026,12,23,NA,-1.56133069559028,1.34881144022149
2026-12-24 12:00:00,2026,12,24,NA,-12.126498188757,-8.56068771525105
2026-12-25 12:00:00,2026,12,25,NA,-12.5410344553538,-7.44476274658898
2026-12-26 12:00:00,2026,12,26,NA,-16.5425487202683,-8.4013310223842
2026-12-27 12:00:00,2026,12,27,NA,-8.96506105250106,-3.16480791424144
2026-12-28 12:00:00,2026,12,28,NA,-11.2142327452339,1.22623842614847
2026-12-29 12:00:00,2026,12,29,NA,-15.1966152640307,-6.03940809176354
2026-12-30 12:00:00,2026,12,30,NA,-4.49751632432624,-0.777332280549335
2026-12-31 12:00:00,2026,12,31,NA,-5.41865435056799,1.74747713016779
2027-01-01 12:00:00,2027,1,1,NA,-7.25164016448464,1.86303182293315
2027-01-02 12:00:00,2027,1,2,NA,-4.99137270750261,4.26587509896666
2027-01-03 12:00:00,2027,1,3,NA,0.64827298134804,5.33090373672061
2027-01-04 12:00:00,2027,1,4,NA,-4.62425270461189,2.17197298233893
2027-01-05 12:00:00,2027,1,5,NA,1.43025149929967,7.86920553744094
2027-01-06 12:00:00,2027,1,6,NA,-4.78871499714301,10.2657518842391
2027-01-07 12:00:00,2027,1,7,NA,5.22871937026339,13.1985899386188
2027-01-08 12:00:00,2027,1,8,NA,4.79155302935066,10.6251044971307
2027-01-09 12:00:00,2027,1,9,NA,4.65188996025415,9.39361574582325
2027-01-10 12:00:00,2027,1,10,NA,3.70783678563748,7.87546915783869
2027-01-11 12:00:00,2027,1,11,NA,6.63278075373226,9.71715380934114
2027-01-12 12:00:00,2027,1,12,NA,4.86799525276881,10.5804037103594
2027-01-13 12:00:00,2027,1,13,NA,4.18472299230928,9.93166878548573
2027-01-14 12:00:00,2027,1,14,NA,4.52480901431134,13.523306037217
2027-01-15 12:00:00,2027,1,15,NA,5.52793262847557,15.2267726775341
2027-01-16 12:00:00,2027,1,16,NA,7.4037037892777,11.9898827326973
2027-01-17 12:00:00,2027,1,17,NA,5.22888280614987,16.6227664632684
2027-01-18 12:00:00,2027,1,18,NA,7.56284796466197,14.6358655899385
2027-01-19 12:00:00,2027,1,19,NA,7.01444978055711,11.5001423843769
2027-01-20 12:00:00,2027,1,20,NA,3.40080373777501,8.61084766119282
2027-01-21 12:00:00,2027,1,21,NA,-3.50240790011544,6.63263571313007
2027-01-22 12:00:00,2027,1,22,NA,2.49554790903058,8.83424725126853
2027-01-23 12:00:00,2027,1,23,NA,-2.90322582351295,7.90227081004947
2027-01-24 12:00:00,2027,1,24,NA,1.33476203111718,9.3237483975902
2027-01-25 12:00:00,2027,1,25,NA,5.00174447202848,10.0323543287665
2027-01-26 12:00:00,2027,1,26,NA,7.53827409863121,9.32898659007637
2027-01-27 12:00:00,2027,1,27,NA,4.91016485390928,11.2004381044735
2027-01-28 12:00:00,2027,1,28,NA,4.99746505825468,7.22331156243921
2027-01-29 12:00:00,2027,1,29,NA,3.39845464199599,7.57760549819752
2027-01-30 12:00:00,2027,1,30,NA,2.66262972200927,6.90456947326419
2027-01-31 12:00:00,2027,1,31,NA,0.362878058953718,2.39013969270845
2027-02-01 12:00:00,2027,2,1,NA,3.61853878182731,5.66259683840164
2027-02-02 12:00:00,2027,2,2,NA,-1.36583647604106,2.35521386286607
2027-02-03 12:00:00,2027,2,3,NA,-1.56080611662896,2.37819755404956
2027-02-04 12:00:00,2027,2,4,NA,-2.74228133160938,3.71384618088633
2027-02-05 12:00:00,2027,2,5,NA,-7.04833659691881,-1.03933571242484
2027-02-06 12:00:00,2027,2,6,NA,-1.89284817340203,4.37449797819079
2027-02-07 12:00:00,2027,2,7,NA,-0.455818094754806,2.11802637412475
2027-02-08 12:00:00,2027,2,8,NA,-4.64802340672325,4.62794193667118
2027-02-09 12:00:00,2027,2,9,NA,-3.18164963969474,3.57943406466559
2027-02-10 12:00:00,2027,2,10,NA,-2.41252651777723,7.25723804333849
2027-02-11 12:00:00,2027,2,11,NA,-1.94883047716549,2.91066425594517
2027-02-12 12:00:00,2027,2,12,NA,-4.86019810095747,4.71407565575232
2027-02-13 12:00:00,2027,2,13,NA,-1.9890267719556,7.56547046465736
2027-02-14 12:00:00,2027,2,14,NA,7.4621408300448,10.7529079758685
2027-02-15 12:00:00,2027,2,15,NA,3.10622367640741,8.77980124323038
2027-02-16 12:00:00,2027,2,16,NA,3.00419458666985,15.2461645826467
2027-02-17 12:00:00,2027,2,17,NA,8.51460504631664,16.6545903323216
2027-02-18 12:00:00,2027,2,18,NA,9.39439578319632,14.0581983327081
2027-02-19 12:00:00,2027,2,19,NA,6.8662915607584,15.2228487082488
2027-02-20 12:00:00,2027,2,20,NA,5.71931974313185,11.009247801064
2027-02-21 12:00:00,2027,2,21,NA,5.87811234973469,15.4230945728316
2027-02-22 12:00:00,2027,2,22,NA,7.9731323226238,17.5819942320322
2027-02-23 12:00:00,2027,2,23,NA,4.51697382208152,14.3045452158996
2027-02-24 12:00:00,2027,2,24,NA,3.77090992077989,14.5581262070557
2027-02-25 12:00:00,2027,2,25,NA,8.61450212091931,19.8378528235447
2027-02-26 12:00:00,2027,2,26,NA,10.4883229096376,15.3478176427483
2027-02-27 12:00:00,2027,2,27,NA,2.05492683449179,12.6127174559586
2027-02-28 12:00:00,2027,2,28,NA,6.02590928022112,10.9837738658618
2027-03-01 12:00:00,2027,3,1,NA,4.59051043499252,12.1748242933198
2027-03-02 12:00:00,2027,3,2,NA,3.94696960438345,7.21690734417732
2027-03-03 12:00:00,2027,3,3,NA,3.18945239547413,10.7432484504811
2027-03-04 12:00:00,2027,3,4,NA,7.29629453490574,15.7761898296869
2027-03-05 12:00:00,2027,3,5,NA,8.50002587151051,17.8531067899537
2027-03-06 12:00:00,2027,3,6,NA,7.16722662975533,15.1817067538705
2027-03-07 12:00:00,2027,3,7,NA,-3.61414190173242,13.9513596662371
2027-03-08 12:00:00,2027,3,8,NA,-2.17319157684756,16.4722851303931
2027-03-09 12:00:00,2027,3,9,NA,1.01010186438412,14.975718840283
2027-03-10 12:00:00,2027,3,10,NA,5.14905614519961,13.268472508328
2027-03-11 12:00:00,2027,3,11,NA,5.52276484271446,13.7376444391328
2027-03-12 12:00:00,2027,3,12,NA,4.73404479121754,11.9486305187001
2027-03-13 12:00:00,2027,3,13,NA,5.03182917205782,11.3579315133851
2027-03-14 12:00:00,2027,3,14,NA,2.50600031047154,8.47210760916414
2027-03-15 12:00:00,2027,3,15,NA,1.57298629945125,11.0823738986097
2027-03-16 12:00:00,2027,3,16,NA,2.76867684697296,10.5523679273784
2027-03-17 12:00:00,2027,3,17,NA,7.4054843755297,14.8625260802361
2027-03-18 12:00:00,2027,3,18,NA,4.7806599789366,16.2012677360106
2027-03-19 12:00:00,2027,3,19,NA,6.97193278196929,13.5680470899616
2027-03-20 12:00:00,2027,3,20,NA,2.27532015285919,13.3187380174258
2027-03-21 12:00:00,2027,3,21,NA,7.61592496921918,17.5406463328836
2027-03-22 12:00:00,2027,3,22,NA,11.931211218986,18.5559075282011
2027-03-23 12:00:00,2027,3,23,NA,14.6423091387721,23.9399325166965
2027-03-24 12:00:00,2027,3,24,NA,15.520284266589,19.6056319418507
2027-03-25 12:00:00,2027,3,25,NA,10.3454686329708,16.531879748038
2027-03-26 12:00:00,2027,3,26,NA,11.3702322442424,15.2066844990827
2027-03-27 12:00:00,2027,3,27,NA,10.7265817980748,16.9087378249053
2027-03-28 12:00:00,2027,3,28,NA,10.9194952494035,23.1736370176402
2027-03-29 12:00:00,2027,3,29,NA,10.3139231129793,19.2806337797513
2027-03-30 12:00:00,2027,3,30,NA,11.6337319033767,24.6765303170801
2027-03-31 12:00:00,2027,3,31,NA,8.87417149312135,23.4861675572147
2027-04-01 12:00:00,2027,4,1,NA,12.7718485136356,17.9327313575262
2027-04-02 12:00:00,2027,4,2,NA,9.25324040817834,17.0510107201926
2027-04-03 12:00:00,2027,4,3,NA,2.78538184413828,11.997932153471
2027-04-04 12:00:00,2027,4,4,NA,0.642803031859174,14.9494263047981
2027-04-05 12:00:00,2027,4,5,NA,4.76814429477038,16.9008541965381
2027-04-06 12:00:00,2027,4,6,NA,4.03100200576568,13.1688155637122
2027-04-07 12:00:00,2027,4,7,NA,-1.53628208565243,11.1287083655764
2027-04-08 12:00:00,2027,4,8,NA,-7.14428268612827,11.2193160160935
2027-04-09 12:00:00,2027,4,9,NA,0.213508146971308,11.4195766199433
2027-04-10 12:00:00,2027,4,10,NA,-2.94765361061007,12.4906338616654
2027-04-11 12:00:00,2027,4,11,NA,-1.09665722207559,7.29314664705473
2027-04-12 12:00:00,2027,4,12,NA,-0.0690060497035008,8.38106592597716
2027-04-13 12:00:00,2027,4,13,NA,-4.09686526330712,10.3344634383319
2027-04-14 12:00:00,2027,4,14,NA,-1.54013089723087,13.1065867618137
2027-04-15 12:00:00,2027,4,15,NA,4.88322292883483,11.6578529903419
2027-04-16 12:00:00,2027,4,16,NA,3.8336147171608,16.1413570216825
2027-04-17 12:00:00,2027,4,17,NA,5.24808324335864,24.3941829749239
2027-04-18 12:00:00,2027,4,18,NA,5.51674839411608,23.6704788712389
2027-04-19 12:00:00,2027,4,19,NA,10.434715283186,21.0138907671082
2027-04-20 12:00:00,2027,4,20,NA,9.29461848869729,23.7604790252511
2027-04-21 12:00:00,2027,4,21,NA,9.52387027842242,17.9037350884403
2027-04-22 12:00:00,2027,4,22,NA,9.11244442196088,15.2464831887119
2027-04-23 12:00:00,2027,4,23,NA,5.82857055821643,16.3899828048576
2027-04-24 12:00:00,2027,4,24,NA,6.37116574806514,14.4056308400434
2027-04-25 12:00:00,2027,4,25,NA,4.80510328457768,12.0358401428083
2027-04-26 12:00:00,2027,4,26,NA,3.69896722917311,15.4164787101564
2027-04-27 12:00:00,2027,4,27,NA,1.60389971393477,17.6777542168553
2027-04-28 12:00:00,2027,4,28,NA,7.90994462680103,13.0073704565967
2027-04-29 12:00:00,2027,4,29,NA,3.8798600722304,14.4590355561526
2027-04-30 12:00:00,2027,4,30,NA,6.45454419794885,16.5713295209875
2027-05-01 12:00:00,2027,5,1,NA,3.6195649410759,21.38912862366
2027-05-02 12:00:00,2027,5,2,NA,3.61479151135456,21.2445644063289
2027-05-03 12:00:00,2027,5,3,NA,2.27421226866013,23.1522262175772
2027-05-04 12:00:00,2027,5,4,NA,16.5280220210224,33.2291954298187
2027-05-05 12:00:00,2027,5,5,NA,18.8113799838537,31.2544164148795
2027-05-06 12:00:00,2027,5,6,NA,15.5345122424176,32.0681429572347
2027-05-07 12:00:00,2027,5,7,NA,15.2538991898898,31.9050377128635
2027-05-08 12:00:00,2027,5,8,NA,14.3393077605505,30.9811016208759
2027-05-09 12:00:00,2027,5,9,NA,12.4785483392267,29.9964885650649
2027-05-10 12:00:00,2027,5,10,NA,22.7139039937907,28.6466169695327
2027-05-11 12:00:00,2027,5,11,NA,16.6906370182402,28.8044110935237
2027-05-12 12:00:00,2027,5,12,NA,11.2054848024977,18.1268562243167
2027-05-13 12:00:00,2027,5,13,NA,13.8352831406399,21.2123523198899
2027-05-14 12:00:00,2027,5,14,NA,14.3968854343865,25.0878151354225
2027-05-15 12:00:00,2027,5,15,NA,10.5853004208075,26.4688223325982
2027-05-16 12:00:00,2027,5,16,NA,9.30530597213471,25.8101229397189
2027-05-17 12:00:00,2027,5,17,NA,13.8947306371857,27.4577895547468
2027-05-18 12:00:00,2027,5,18,NA,12.1600130426594,28.7446201595248
2027-05-19 12:00:00,2027,5,19,NA,14.5571307798692,21.5987305609353
2027-05-20 12:00:00,2027,5,20,NA,17.7611015050676,21.8245083310608
2027-05-21 12:00:00,2027,5,21,NA,12.9748036133541,23.4796278314319
2027-05-22 12:00:00,2027,5,22,NA,16.3523367560447,23.3939365371108
2027-05-23 12:00:00,2027,5,23,NA,17.881716914268,22.7590575667645
2027-05-24 12:00:00,2027,5,24,NA,14.4888126198304,32.039894222039
2027-05-25 12:00:00,2027,5,25,NA,16.851295543916,31.3515104591363
2027-05-26 12:00:00,2027,5,26,NA,16.1771973979032,32.7402242874934
2027-05-27 12:00:00,2027,5,27,NA,19.2622766217029,27.6095993433193
2027-05-28 12:00:00,2027,5,28,NA,14.3997445250066,30.189448249617
2027-05-29 12:00:00,2027,5,29,NA,15.0777983757092,30.615519612888
2027-05-30 12:00:00,2027,5,30,NA,12.6000879504094,26.1842483785058
2027-05-31 12:00:00,2027,5,31,NA,14.7829450002995,24.6557225423876
2027-06-01 12:00:00,2027,6,1,NA,10.5876431714108,29.8305972227461
2027-06-02 12:00:00,2027,6,2,NA,13.1583399907169,28.9083221730739
2027-06-03 12:00:00,2027,6,3,NA,16.1380543871479,29.1464070078396
2027-06-04 12:00:00,2027,6,4,NA,14.3459364466283,27.8803174802509
2027-06-05 12:00:00,2027,6,5,NA,15.7070268866615,25.0039325068115
2027-06-06 12:00:00,2027,6,6,NA,20.1223395002436,26.3130008068424
2027-06-07 12:00:00,2027,6,7,NA,15.8419408483703,23.4464566018892
2027-06-08 12:00:00,2027,6,8,NA,14.5558456878267,28.9864161962997
2027-06-09 12:00:00,2027,6,9,NA,16.9499064244869,28.2657698024206
2027-06-10 12:00:00,2027,6,10,NA,17.0269950781391,34.7166381909121
2027-06-11 12:00:00,2027,6,11,NA,22.8516127181056,36.0242053435767
2027-06-12 12:00:00,2027,6,12,NA,19.0512190759137,28.2200637611465
2027-06-13 12:00:00,2027,6,13,NA,16.6012096050801,31.4740129449392
2027-06-14 12:00:00,2027,6,14,NA,20.3069981186004,24.4289047588427
2027-06-15 12:00:00,2027,6,15,NA,14.6386605818515,28.0274914861683
2027-06-16 12:00:00,2027,6,16,NA,16.5842774968534,29.2397285778139
2027-06-17 12:00:00,2027,6,17,NA,14.2821606252153,28.2909303979423
2027-06-18 12:00:00,2027,6,18,NA,14.4019369578465,29.0903031543427
2027-06-19 12:00:00,2027,6,19,NA,15.8599611728667,27.0605318858385
2027-06-20 12:00:00,2027,6,20,NA,18.9379797250806,26.1707120110863
2027-06-21 12:00:00,2027,6,21,NA,23.0645784725618,28.5186839214443
2027-06-22 12:00:00,2027,6,22,NA,18.2633096762168,25.2620043863708
2027-06-23 12:00:00,2027,6,23,NA,18.2804487659843,24.5768494536237
2027-06-24 12:00:00,2027,6,24,NA,15.5888737093139,23.8527353787312
2027-06-25 12:00:00,2027,6,25,NA,10.6139126669349,21.9689739774279
2027-06-26 12:00:00,2027,6,26,NA,9.3216376340863,25.8207440956914
2027-06-27 12:00:00,2027,6,27,NA,11.650278409041,25.9966359081091
2027-06-28 12:00:00,2027,6,28,NA,14.0596367290188,24.3722870795599
2027-06-29 12:00:00,2027,6,29,NA,16.1768816460412,22.263025040622
2027-06-30 12:00:00,2027,6,30,NA,14.530784027598,22.7572050011592
2027-07-01 12:00:00,2027,7,1,NA,13.1334282375269,18.8773383809549
2027-07-02 12:00:00,2027,7,2,NA,15.7455418480272,20.9971707597726
2027-07-03 12:00:00,2027,7,3,NA,12.387137780602,25.2508308152837
2027-07-04 12:00:00,2027,7,4,NA,16.5508207053418,25.0639962599358
2027-07-05 12:00:00,2027,7,5,NA,17.7099932468287,24.307536765614
2027-07-06 12:00:00,2027,7,6,NA,18.7273502057857,23.226248273956
2027-07-07 12:00:00,2027,7,7,NA,14.346690926187,20.5617315543559
2027-07-08 12:00:00,2027,7,8,NA,21.8527968674017,25.9053633133415
2027-07-09 12:00:00,2027,7,9,NA,18.5677376715605,23.3058287737829
2027-07-10 12:00:00,2027,7,10,NA,17.2108678114517,19.1081149656406
2027-07-11 12:00:00,2027,7,11,NA,11.4728341602431,18.4215881258748
2027-07-12 12:00:00,2027,7,12,NA,7.92001765289032,22.9531101017254
2027-07-13 12:00:00,2027,7,13,NA,16.6581425877545,21.6671606137823
2027-07-14 12:00:00,2027,7,14,NA,12.6761935911541,23.47033406406
2027-07-15 12:00:00,2027,7,15,NA,12.3283505660863,23.4515795636324
2027-07-16 12:00:00,2027,7,16,NA,15.7639552161242,23.4571839626653
2027-07-17 12:00:00,2027,7,17,NA,8.79276538885479,28.4700306787237
2027-07-18 12:00:00,2027,7,18,NA,11.7690950933318,28.3022769089983
2027-07-19 12:00:00,2027,7,19,NA,17.9213280193689,26.4345035739629
2027-07-20 12:00:00,2027,7,20,NA,22.472283391396,28.556335496799
2027-07-21 12:00:00,2027,7,21,NA,19.2244711448259,32.6639102515323
2027-07-22 12:00:00,2027,7,22,NA,21.8459165723376,31.8930581070799
2027-07-23 12:00:00,2027,7,23,NA,14.2169050379173,29.5592228325448
2027-07-24 12:00:00,2027,7,24,NA,12.3249933188214,23.9328536202079
2027-07-25 12:00:00,2027,7,25,NA,10.0208282008731,25.0539206497082
2027-07-26 12:00:00,2027,7,26,NA,11.1833357828651,23.8907345551421
2027-07-27 12:00:00,2027,7,27,NA,10.2214516251717,26.5637988846379
2027-07-28 12:00:00,2027,7,28,NA,10.7144491303861,22.7730746476585
2027-07-29 12:00:00,2027,7,29,NA,11.6931918156483,22.2159643299846
2027-07-30 12:00:00,2027,7,30,NA,10.0913247752294,22.3558934557053
2027-07-31 12:00:00,2027,7,31,NA,10.3009735805683,23.1575024058293
2027-08-01 12:00:00,2027,8,1,NA,14.7316517282092,26.9962204086852
2027-08-02 12:00:00,2027,8,2,NA,17.3705537107098,22.0849574918355
2027-08-03 12:00:00,2027,8,3,NA,14.0112784830198,24.9781201993976
2027-08-04 12:00:00,2027,8,4,NA,15.6643203274967,24.4540833720461
2027-08-05 12:00:00,2027,8,5,NA,18.2282073994976,28.1248941062109
2027-08-06 12:00:00,2027,8,6,NA,17.9843560173896,26.361447590319
2027-08-07 12:00:00,2027,8,7,NA,16.7776582620318,17.6855122531647
2027-08-08 12:00:00,2027,8,8,NA,16.147427586878,18.9028082393187
2027-08-09 12:00:00,2027,8,9,NA,16.8157735806917,23.9959691038296
2027-08-10 12:00:00,2027,8,10,NA,19.0895586402689,25.3924557768816
2027-08-11 12:00:00,2027,8,11,NA,16.0480312746532,26.8251498717228
2027-08-12 12:00:00,2027,8,12,NA,17.1493193980733,25.0350264128424
2027-08-13 12:00:00,2027,8,13,NA,14.1533142767114,23.2360321399843
2027-08-14 12:00:00,2027,8,14,NA,11.8220825833301,26.7140388239423
2027-08-15 12:00:00,2027,8,15,NA,11.1751106179699,27.0713508113427
2027-08-16 12:00:00,2027,8,16,NA,11.2016671195557,25.9334338062516
2027-08-17 12:00:00,2027,8,17,NA,13.58461965453,25.3207913966113
2027-08-18 12:00:00,2027,8,18,NA,15.1668358829893,24.4172056053227
2027-08-19 12:00:00,2027,8,19,NA,16.0738068592271,18.8325659627975
2027-08-20 12:00:00,2027,8,20,NA,13.2243315140241,20.882944330029
2027-08-21 12:00:00,2027,8,21,NA,9.18437742982927,22.8534583070525
2027-08-22 12:00:00,2027,8,22,NA,8.81265878930945,24.6454617633039
2027-08-23 12:00:00,2027,8,23,NA,13.8241639032736,26.1405478100912
2027-08-24 12:00:00,2027,8,24,NA,15.8939369356998,27.1745159089422
2027-08-25 12:00:00,2027,8,25,NA,12.8978626713686,20.9820699602872
2027-08-26 12:00:00,2027,8,26,NA,9.5783905136538,21.1476763832614
2027-08-27 12:00:00,2027,8,27,NA,9.26793592709143,21.4821708658977
2027-08-28 12:00:00,2027,8,28,NA,7.85562433653213,20.1520297756316
2027-08-29 12:00:00,2027,8,29,NA,10.5928407797669,20.4978415066588
2027-08-30 12:00:00,2027,8,30,NA,12.4731309390115,21.4641564893839
2027-08-31 12:00:00,2027,8,31,NA,13.2088239224751,25.7046100099277
2027-09-01 12:00:00,2027,9,1,NA,13.3463860879184,20.5746601659328
2027-09-02 12:00:00,2027,9,2,NA,6.8679242914563,19.1137903974164
2027-09-03 12:00:00,2027,9,3,NA,10.0181264217697,19.7667374062463
2027-09-04 12:00:00,2027,9,4,NA,9.21097138499129,22.5382381054847
2027-09-05 12:00:00,2027,9,5,NA,10.3441471058452,23.7807082712067
2027-09-06 12:00:00,2027,9,6,NA,14.5957753284844,24.3589081906734
2027-09-07 12:00:00,2027,9,7,NA,17.2615171136052,23.0191393625162
2027-09-08 12:00:00,2027,9,8,NA,16.1219703118404,21.905900116107
2027-09-09 12:00:00,2027,9,9,NA,17.8794734816866,19.8214708725035
2027-09-10 12:00:00,2027,9,10,NA,16.0545360819645,19.6826693716104
2027-09-11 12:00:00,2027,9,11,NA,14.0633754908117,18.5973403524384
2027-09-12 12:00:00,2027,9,12,NA,13.0855389180583,18.8955699125942
2027-09-13 12:00:00,2027,9,13,NA,12.8781293909745,22.1786928802849
2027-09-14 12:00:00,2027,9,14,NA,9.34846764419153,19.1116005063805
2027-09-15 12:00:00,2027,9,15,NA,7.95616189018946,18.4272208812563
2027-09-16 12:00:00,2027,9,16,NA,6.65613342684317,19.9834001473366
2027-09-17 12:00:00,2027,9,17,NA,8.40118919040009,20.0783814214919
2027-09-18 12:00:00,2027,9,18,NA,6.92140495641446,22.8407746758252
2027-09-19 12:00:00,2027,9,19,NA,14.3149102889918,28.4900483784784
2027-09-20 12:00:00,2027,9,20,NA,14.397967090648,27.424622170138
2027-09-21 12:00:00,2027,9,21,NA,16.4055338085501,20.9820970580419
2027-09-22 12:00:00,2027,9,22,NA,14.4990905501233,23.9149239382921
2027-09-23 12:00:00,2027,9,23,NA,12.8259587299261,26.1228651185407
2027-09-24 12:00:00,2027,9,24,NA,14.434970202128,22.6011262221187
2027-09-25 12:00:00,2027,9,25,NA,15.0637162766271,28.011997030618
2027-09-26 12:00:00,2027,9,26,NA,15.6153053391289,26.7874252268853
2027-09-27 12:00:00,2027,9,27,NA,11.7301861074544,15.7130781649726
2027-09-28 12:00:00,2027,9,28,NA,9.90945879152794,14.4102292690477
2027-09-29 12:00:00,2027,9,29,NA,9.68949138919224,16.1095755698945
2027-09-30 12:00:00,2027,9,30,NA,11.360644026941,18.593293309604
2027-10-01 12:00:00,2027,10,1,NA,9.00229077938223,16.8929056767699
2027-10-02 12:00:00,2027,10,2,NA,15.9347254310534,18.1795103513405
2027-10-03 12:00:00,2027,10,3,NA,15.3027253301432,19.612918897408
2027-10-04 12:00:00,2027,10,4,NA,13.951156648017,21.4632321216493
2027-10-05 12:00:00,2027,10,5,NA,18.3069400391818,26.4423555355999
2027-10-06 12:00:00,2027,10,6,NA,19.9753811227769,23.3860110164554
2027-10-07 12:00:00,2027,10,7,NA,17.765668144729,24.0070192486034
2027-10-08 12:00:00,2027,10,8,NA,15.814003295365,23.3038712818041
2027-10-09 12:00:00,2027,10,9,NA,13.4508313784284,18.770635889435
2027-10-10 12:00:00,2027,10,10,NA,11.0784500683523,13.2356469360227
2027-10-11 12:00:00,2027,10,11,NA,13.4439508884846,16.8608346549768
2027-10-12 12:00:00,2027,10,12,NA,11.0667446964821,13.2054940777237
2027-10-13 12:00:00,2027,10,13,NA,10.9303232128029,18.3828956778495
2027-10-14 12:00:00,2027,10,14,NA,10.3894652968105,21.2435290983005
2027-10-15 12:00:00,2027,10,15,NA,11.6384342296597,16.8037419172445
2027-10-16 12:00:00,2027,10,16,NA,10.2184966269893,14.3739110548795
2027-10-17 12:00:00,2027,10,17,NA,10.5219573746136,14.9802105577063
2027-10-18 12:00:00,2027,10,18,NA,7.10076340028215,15.6537485933964
2027-10-19 12:00:00,2027,10,19,NA,13.7890336443594,19.2017737778692
2027-10-20 12:00:00,2027,10,20,NA,10.1645128742964,24.1505752306096
2027-10-21 12:00:00,2027,10,21,NA,8.70643787513996,24.0292899658601
2027-10-22 12:00:00,2027,10,22,NA,8.85624020140998,17.4334573090517
2027-10-23 12:00:00,2027,10,23,NA,7.46641503719706,16.0950966362124
2027-10-24 12:00:00,2027,10,24,NA,8.79326234185164,19.4057936605782
2027-10-25 12:00:00,2027,10,25,NA,12.1204445173693,17.4603878753827
2027-10-26 12:00:00,2027,10,26,NA,11.0532438679012,20.846650952543
2027-10-27 12:00:00,2027,10,27,NA,12.2155672572672,18.1889842812724
2027-10-28 12:00:00,2027,10,28,NA,8.62270131994822,16.6221367891913
2027-10-29 12:00:00,2027,10,29,NA,2.80449026911364,12.4532081883894
2027-10-30 12:00:00,2027,10,30,NA,6.28621776601237,14.6700147444622
2027-10-31 12:00:00,2027,10,31,NA,7.67081602990944,15.2384168460046
2027-11-01 12:00:00,2027,11,1,NA,11.7078170291087,17.7553840016298
2027-11-02 12:00:00,2027,11,2,NA,9.72940728528353,20.5861268041202
2027-11-03 12:00:00,2027,11,3,NA,12.4218254692689,18.2730916114033
2027-11-04 12:00:00,2027,11,4,NA,12.4392071967228,15.2709986912997
2027-11-05 12:00:00,2027,11,5,NA,11.0905844644868,12.5684719582553
2027-11-06 12:00:00,2027,11,6,NA,9.53930358644694,17.0538258040508
2027-11-07 12:00:00,2027,11,7,NA,10.6449762934737,13.4592600873302
2027-11-08 12:00:00,2027,11,8,NA,10.7460456677751,13.1838645525965
2027-11-09 12:00:00,2027,11,9,NA,6.65165312524279,11.3979763772678
2027-11-10 12:00:00,2027,11,10,NA,8.4655190270596,14.4482175601559
2027-11-11 12:00:00,2027,11,11,NA,11.3854104254299,15.1197302410808
2027-11-12 12:00:00,2027,11,12,NA,6.41034510395572,10.139693605446
2027-11-13 12:00:00,2027,11,13,NA,5.06740508979727,8.03849392748106
2027-11-14 12:00:00,2027,11,14,NA,5.42506765123106,9.20673562481045
2027-11-15 12:00:00,2027,11,15,NA,4.9907415172631,10.6020412842438
2027-11-16 12:00:00,2027,11,16,NA,8.28534066945909,14.9766009249606
2027-11-17 12:00:00,2027,11,17,NA,8.94045480538071,11.7585912302573
2027-11-18 12:00:00,2027,11,18,NA,6.37440701710546,13.8179869017382
2027-11-19 12:00:00,2027,11,19,NA,5.08692052884492,15.343840851391
2027-11-20 12:00:00,2027,11,20,NA,3.66168882847575,10.5454647554197
2027-11-21 12:00:00,2027,11,21,NA,5.28166909934696,12.1652287525718
2027-11-22 12:00:00,2027,11,22,NA,8.12887104508314,11.4377770289887
2027-11-23 12:00:00,2027,11,23,NA,5.16454409652523,9.50037164151274
2027-11-24 12:00:00,2027,11,24,NA,4.12370516198277,6.66460454725732
2027-11-25 12:00:00,2027,11,25,NA,2.46640546972935,6.2007252853803
2027-11-26 12:00:00,2027,11,26,NA,-1.9053369452101,5.81957500318405
2027-11-27 12:00:00,2027,11,27,NA,-2.87810570182039,8.16713747237965
2027-11-28 12:00:00,2027,11,28,NA,1.43945868464188,5.63905923608553
2027-11-29 12:00:00,2027,11,29,NA,-2.06350546265919,6.37263816956575
2027-11-30 12:00:00,2027,11,30,NA,0.316641295768362,7.84150425600279
2027-12-01 12:00:00,2027,12,1,NA,3.99604495776394,6.84243519717299
2027-12-02 12:00:00,2027,12,2,NA,-0.248723107751494,7.36431917113233
2027-12-03 12:00:00,2027,12,3,NA,1.40655331409093,5.77064883874199
2027-12-04 12:00:00,2027,12,4,NA,1.92990139124165,3.95347994189472
2027-12-05 12:00:00,2027,12,5,NA,4.73425071846606,7.78423622775305
2027-12-06 12:00:00,2027,12,6,NA,4.12632623797958,6.16546975454107
2027-12-07 12:00:00,2027,12,7,NA,3.79810869920614,7.29181146037132
2027-12-08 12:00:00,2027,12,8,NA,0.606897357552089,2.2476046620924
2027-12-09 12:00:00,2027,12,9,NA,-1.06214815764898,1.97736190322565
2027-12-10 12:00:00,2027,12,10,NA,1.65321379910816,4.70982898647454
2027-12-11 12:00:00,2027,12,11,NA,-3.08146809469102,1.75656498275809
2027-12-12 12:00:00,2027,12,12,NA,4.26363964389133,8.84556912493304
2027-12-13 12:00:00,2027,12,13,NA,6.29034872426316,9.33516756555895
2027-12-14 12:00:00,2027,12,14,NA,6.63200885258847,9.47890236518653
2027-12-15 12:00:00,2027,12,15,NA,2.57616133255662,7.35766224447527
2027-12-16 12:00:00,2027,12,16,NA,2.59152422858927,5.96466087354465
2027-12-17 12:00:00,2027,12,17,NA,3.55964788502526,11.3917224384587
2027-12-18 12:00:00,2027,12,18,NA,8.73561889411396,13.4686591886792
2027-12-19 12:00:00,2027,12,19,NA,9.1336099310582,14.0820302489011
2027-12-20 12:00:00,2027,12,20,NA,6.14752107517825,12.1336260027948
2027-12-21 12:00:00,2027,12,21,NA,5.85838735269322,10.8068076705361
2027-12-22 12:00:00,2027,12,22,NA,-0.516439666386166,3.7861933396311
2027-12-23 12:00:00,2027,12,23,NA,-3.15596535897864,2.86753521992962
2027-12-24 12:00:00,2027,12,24,NA,0.535193085123621,5.62503645588509
2027-12-25 12:00:00,2027,12,25,NA,5.09598600110813,6.0681553297461
2027-12-26 12:00:00,2027,12,26,NA,5.01565318791117,7.46204093646705
2027-12-27 12:00:00,2027,12,27,NA,0.672684939545547,2.71152052120434
2027-12-28 12:00:00,2027,12,28,NA,-2.94365350497887,1.94106436102591
2027-12-29 12:00:00,2027,12,29,NA,-6.18652564020241,3.37141748213237
2027-12-30 12:00:00,2027,12,30,NA,-6.14223905944282,0.650763887827055
2027-12-31 12:00:00,2027,12,31,NA,-4.33579176973311,0.753139150448902
2028-01-01 12:00:00,2028,1,1,NA,-2.88833085334557,2.70003560054509
2028-01-02 12:00:00,2028,1,2,NA,-3.39053109113354,2.03582990936347
2028-01-03 12:00:00,2028,1,3,NA,3.21443395868443,6.36391934313136
2028-01-04 12:00:00,2028,1,4,NA,-0.984145964247788,5.45480807389349
2028-01-05 12:00:00,2028,1,5,NA,-2.02777689370673,9.10875037039229
2028-01-06 12:00:00,2028,1,6,NA,0.378928948118347,8.09299701588842
2028-01-07 12:00:00,2028,1,7,NA,2.96661607561421,12.8842910467087
2028-01-08 12:00:00,2028,1,8,NA,4.33657215446348,12.8216319722159
2028-01-09 12:00:00,2028,1,9,NA,3.48485040882299,11.2371204421355
2028-01-10 12:00:00,2028,1,10,NA,7.59739939869414,10.7378776177776
2028-01-11 12:00:00,2028,1,11,NA,3.2519371001047,6.36159914616458
2028-01-12 12:00:00,2028,1,12,NA,0.0794954667735586,7.15885755521917
2028-01-13 12:00:00,2028,1,13,NA,4.6163058148099,11.3268042779917
2028-01-14 12:00:00,2028,1,14,NA,8.26523874975615,12.6863066429216
2028-01-15 12:00:00,2028,1,15,NA,6.69411028006063,13.228172287075
2028-01-16 12:00:00,2028,1,16,NA,1.91765829834944,5.46943822617478
2028-01-17 12:00:00,2028,1,17,NA,0.203603363459543,4.22289755711074
2028-01-18 12:00:00,2028,1,18,NA,3.37498935957864,6.50996122184546
2028-01-19 12:00:00,2028,1,19,NA,1.5862919183542,7.76188962315848
2028-01-20 12:00:00,2028,1,20,NA,6.8683046875024,11.8454681242934
2028-01-21 12:00:00,2028,1,21,NA,6.44348983030835,14.4786931251966
2028-01-22 12:00:00,2028,1,22,NA,7.71263190143801,13.150872616625
2028-01-23 12:00:00,2028,1,23,NA,4.92368791891287,9.50986686233247
2028-01-24 12:00:00,2028,1,24,NA,2.91905704541471,9.92528152403544
2028-01-25 12:00:00,2028,1,25,NA,-1.23827315707718,7.64197065636611
2028-01-26 12:00:00,2028,1,26,NA,2.2025747613997,8.50981711074387
2028-01-27 12:00:00,2028,1,27,NA,5.87606503032548,12.0844752313163
2028-01-28 12:00:00,2028,1,28,NA,7.83981633631236,10.8927237554969
2028-01-29 12:00:00,2028,1,29,NA,9.58396601084409,11.4888193819089
2028-01-30 12:00:00,2028,1,30,NA,7.22010492131829,9.93086228555466
2028-01-31 12:00:00,2028,1,31,NA,8.12978686360415,10.899666707278
2028-02-01 12:00:00,2028,2,1,NA,8.60973624635565,14.102632581802
2028-02-02 12:00:00,2028,2,2,NA,8.12540123921534,11.933510528501
2028-02-03 12:00:00,2028,2,3,NA,5.19157396747024,6.83538938759184
2028-02-04 12:00:00,2028,2,4,NA,4.19376610481266,5.68881390594842
2028-02-05 12:00:00,2028,2,5,NA,0.431138483110775,7.9971645739677
2028-02-06 12:00:00,2028,2,6,NA,4.83920065032838,8.86364914173089
2028-02-07 12:00:00,2028,2,7,NA,3.03758844088576,6.40555579938924
2028-02-08 12:00:00,2028,2,8,NA,1.80933617587583,4.25459729035321
2028-02-09 12:00:00,2028,2,9,NA,-3.01551583659043,-0.596265687571674
2028-02-10 12:00:00,2028,2,10,NA,-1.21148651393308,1.66479392437603
2028-02-11 12:00:00,2028,2,11,NA,-2.20855434240403,5.07167933732404
2028-02-12 12:00:00,2028,2,12,NA,-1.99247297486919,8.56531764659762
2028-02-13 12:00:00,2028,2,13,NA,0.545505700705627,3.11935016958518
2028-02-14 12:00:00,2028,2,14,NA,4.16382382608472,7.41048841790898
2028-02-15 12:00:00,2028,2,15,NA,1.29262846540654,2.48981036215673
2028-02-16 12:00:00,2028,2,16,NA,-0.135825746126592,2.28920588689659
2028-02-17 12:00:00,2028,2,17,NA,4.13890735880366,7.43630677363083
2028-02-18 12:00:00,2028,2,18,NA,2.10191969289453,8.18153847256156
2028-02-19 12:00:00,2028,2,19,NA,2.72506886368785,7.88574649302734
2028-02-20 12:00:00,2028,2,20,NA,9.21765597129598,14.0465683064721
2028-02-21 12:00:00,2028,2,21,NA,8.05909779716592,10.8123812252499
2028-02-22 12:00:00,2028,2,22,NA,5.49858330435254,8.12994669754379
2028-02-23 12:00:00,2028,2,23,NA,3.10814031385667,6.35480490568094
2028-02-24 12:00:00,2028,2,24,NA,6.06785113070143,10.5045646134624
2028-02-25 12:00:00,2028,2,25,NA,9.31980207928297,11.9288703165974
2028-02-26 12:00:00,2028,2,26,NA,9.55515622612061,17.2664548906741
2028-02-27 12:00:00,2028,2,27,NA,9.96984399646279,14.6261525311555
2028-02-28 12:00:00,2028,2,28,NA,11.0964049935922,16.3825563072603
2028-02-29 12:00:00,2028,2,29,NA,11.4878904479039,15.6401099144893
2028-03-01 12:00:00,2028,3,1,NA,8.43431403535478,12.5101100277338
2028-03-02 12:00:00,2028,3,2,NA,10.8682175488379,13.3134786633153
2028-03-03 12:00:00,2028,3,3,NA,9.15236487589074,15.1184721745833
2028-03-04 12:00:00,2028,3,4,NA,7.19316017156345,10.3730092012234
2028-03-05 12:00:00,2028,3,5,NA,-1.13800994258766,11.6838116406667
2028-03-06 12:00:00,2028,3,6,NA,2.88970900715543,12.122819274224
2028-03-07 12:00:00,2028,3,7,NA,-4.05668297965146,14.5950179963109
2028-03-08 12:00:00,2028,3,8,NA,2.46470876761251,11.8019907323437
2028-03-09 12:00:00,2028,3,9,NA,5.24211108200934,14.4797892500075
2028-03-10 12:00:00,2028,3,10,NA,9.42591526944598,19.7936703387974
2028-03-11 12:00:00,2028,3,11,NA,6.56605416289558,21.0613967681104
2028-03-12 12:00:00,2028,3,12,NA,9.66987177703959,18.285742084917
2028-03-13 12:00:00,2028,3,13,NA,5.46234116449433,19.1706786386702
2028-03-14 12:00:00,2028,3,14,NA,9.24762869183087,18.7570162909893
2028-03-15 12:00:00,2028,3,15,NA,10.2701049605597,17.1722836528087
2028-03-16 12:00:00,2028,3,16,NA,9.08846277965997,14.6303440414851
2028-03-17 12:00:00,2028,3,17,NA,9.27444111197239,17.2873590547371
2028-03-18 12:00:00,2028,3,18,NA,6.78599413800015,11.9468769818908
2028-03-19 12:00:00,2028,3,19,NA,8.64822218958953,14.2027373345353
2028-03-20 12:00:00,2028,3,20,NA,5.1532940015188,13.8787938669328
2028-03-21 12:00:00,2028,3,21,NA,3.35482150341828,14.6851478796001
2028-03-22 12:00:00,2028,3,22,NA,3.71724838011944,12.8815658706893
2028-03-23 12:00:00,2028,3,23,NA,4.26449104250088,15.7417209484561
2028-03-24 12:00:00,2028,3,24,NA,1.78228650690154,20.7482964130471
2028-03-25 12:00:00,2028,3,25,NA,7.0135520720306,26.3514617076696
2028-03-26 12:00:00,2028,3,26,NA,13.6296583003773,21.0867000050838
2028-03-27 12:00:00,2028,3,27,NA,9.94691866321796,23.343254143988
2028-03-28 12:00:00,2028,3,28,NA,11.7475490509669,15.8328967262285
2028-03-29 12:00:00,2028,3,29,NA,10.608534402128,17.1625129130334
2028-03-30 12:00:00,2028,3,30,NA,10.6437913110726,18.1430871770478
2028-03-31 12:00:00,2028,3,31,NA,9.82881287115831,16.1383657663759
2028-04-01 12:00:00,2028,4,1,NA,6.48064152671998,11.6661399230493
2028-04-02 12:00:00,2028,4,2,NA,9.63808167824831,14.2088017161188
2028-04-03 12:00:00,2028,4,3,NA,6.66510708236444,13.9296472766505
2028-04-04 12:00:00,2028,4,4,NA,5.27250030273427,16.7414464563397
2028-04-05 12:00:00,2028,4,5,NA,4.20102824065683,21.1556959962613
2028-04-06 12:00:00,2028,4,6,NA,7.61055282930072,22.2572704883453
2028-04-07 12:00:00,2028,4,7,NA,3.82117413775598,14.3952511766111
2028-04-08 12:00:00,2028,4,8,NA,2.42707519864566,15.8783815258834
2028-04-09 12:00:00,2028,4,9,NA,5.68612536112738,12.6307877563078
2028-04-10 12:00:00,2028,4,10,NA,11.7453571955983,15.5531521550042
2028-04-11 12:00:00,2028,4,11,NA,10.8592744203455,11.8739037922703
2028-04-12 12:00:00,2028,4,12,NA,8.71439151797992,11.8822570987276
2028-04-13 12:00:00,2028,4,13,NA,7.9490463087346,12.0441477319491
2028-04-14 12:00:00,2028,4,14,NA,4.81767316827197,12.2185273208681
2028-04-15 12:00:00,2028,4,15,NA,3.0804710539356,12.581627092986
2028-04-16 12:00:00,2028,4,16,NA,3.31845952082206,16.862290682027
2028-04-17 12:00:00,2028,4,17,NA,0.855272355465482,15.3015894774117
2028-04-18 12:00:00,2028,4,18,NA,0.774579911368144,14.5420795859169
2028-04-19 12:00:00,2028,4,19,NA,1.22727564757599,15.8739933066206
2028-04-20 12:00:00,2028,4,20,NA,4.75827341602063,14.2575164724186
2028-04-21 12:00:00,2028,4,21,NA,0.0498174996161387,14.3514137338407
2028-04-22 12:00:00,2028,4,22,NA,2.13607385774579,18.949660916637
2028-04-23 12:00:00,2028,4,23,NA,6.22270035046252,21.5558036932367
2028-04-24 12:00:00,2028,4,24,NA,7.26320741154321,20.370786160851
2028-04-25 12:00:00,2028,4,25,NA,11.5932597406093,26.6222283543863
2028-04-26 12:00:00,2028,4,26,NA,10.4700587149725,21.3627358452061
2028-04-27 12:00:00,2028,4,27,NA,5.9792672804757,18.3654971316535
2028-04-28 12:00:00,2028,4,28,NA,2.8332691780658,22.6322656775717
2028-04-29 12:00:00,2028,4,29,NA,3.61103165803733,21.1257978848134
2028-04-30 12:00:00,2028,4,30,NA,4.38020658768036,15.9106687125286
2028-05-01 12:00:00,2028,5,1,NA,-0.198617235514361,16.4682732839753
2028-05-02 12:00:00,2028,5,2,NA,3.2384267404254,23.0009405020233
2028-05-03 12:00:00,2028,5,3,NA,7.16266769049355,17.4617232790712
2028-05-04 12:00:00,2028,5,4,NA,4.65134682599216,20.2065980552568
2028-05-05 12:00:00,2028,5,5,NA,3.81401180346842,21.2553969463682
2028-05-06 12:00:00,2028,5,6,NA,2.89664076679164,18.7553339437308
2028-05-07 12:00:00,2028,5,7,NA,6.71581148080645,19.1588479118323
2028-05-08 12:00:00,2028,5,8,NA,4.0934690697874,22.3555726895351
2028-05-09 12:00:00,2028,5,9,NA,6.93110420217134,21.4624615712614
2028-05-10 12:00:00,2028,5,10,NA,6.23515295242952,19.1275386581421
2028-05-11 12:00:00,2028,5,11,NA,11.7245051045676,26.3224307449031
2028-05-12 12:00:00,2028,5,12,NA,17.6430967991889,28.334026500225
2028-05-13 12:00:00,2028,5,13,NA,18.5463084884183,28.2367092779125
2028-05-14 12:00:00,2028,5,14,NA,20.4219042894939,26.3012264991336
2028-05-15 12:00:00,2028,5,15,NA,17.9217752578021,31.5077338497005
2028-05-16 12:00:00,2028,5,16,NA,16.6452819057246,27.2991531042596
2028-05-17 12:00:00,2028,5,17,NA,10.6172136804282,26.2244856304611
2028-05-18 12:00:00,2028,5,18,NA,12.9202499676723,22.9292598443842
2028-05-19 12:00:00,2028,5,19,NA,8.98302582485856,21.9859486196194
2028-05-20 12:00:00,2028,5,20,NA,14.3969456703521,25.175795185591
2028-05-21 12:00:00,2028,5,21,NA,18.5267908471673,24.3960343765666
2028-05-22 12:00:00,2028,5,22,NA,17.7983113290472,25.0766363219065
2028-05-23 12:00:00,2028,5,23,NA,13.6427607469846,28.1429756622049
2028-05-24 12:00:00,2028,5,24,NA,15.0589385898682,27.9513242955808
2028-05-25 12:00:00,2028,5,25,NA,13.7935142739978,23.5255662293367
2028-05-26 12:00:00,2028,5,26,NA,12.2623176482824,21.1664271760706
2028-05-27 12:00:00,2028,5,27,NA,11.5802665827581,23.21339763521
2028-05-28 12:00:00,2028,5,28,NA,13.6427685804675,28.1741259495576
2028-05-29 12:00:00,2028,5,29,NA,9.18525330435266,24.8337818420488
2028-05-30 12:00:00,2028,5,30,NA,9.91272188659826,21.4065174612068
2028-05-31 12:00:00,2028,5,31,NA,12.0524798174166,21.7532561872336
2028-06-01 12:00:00,2028,6,1,NA,10.1311095380006,24.7269340017076
2028-06-02 12:00:00,2028,6,2,NA,10.3673971109122,25.1909193102902
2028-06-03 12:00:00,2028,6,3,NA,12.8530734435353,18.0188619048327
2028-06-04 12:00:00,2028,6,4,NA,7.29266625255425,18.6206327697752
2028-06-05 12:00:00,2028,6,5,NA,7.47005812110883,21.6240503235173
2028-06-06 12:00:00,2028,6,6,NA,8.90719230811585,25.8860865924241
2028-06-07 12:00:00,2028,6,7,NA,13.266966966641,28.7462412950208
2028-06-08 12:00:00,2028,6,8,NA,20.2655560731929,33.549029488924
2028-06-09 12:00:00,2028,6,9,NA,15.1315072223357,31.5378776039193
2028-06-10 12:00:00,2028,6,10,NA,17.9447250678071,26.1711460413683
2028-06-11 12:00:00,2028,6,11,NA,16.5487474960051,21.5896799553718
2028-06-12 12:00:00,2028,6,12,NA,9.80435230361305,21.9891093874355
2028-06-13 12:00:00,2028,6,13,NA,11.9881055458717,30.5283369791688
2028-06-14 12:00:00,2028,6,14,NA,16.2838312055915,35.9153366566961
2028-06-15 12:00:00,2028,6,15,NA,15.4304154129053,27.7517243594279
2028-06-16 12:00:00,2028,6,16,NA,16.0860660703184,28.4718822535146
2028-06-17 12:00:00,2028,6,17,NA,13.2562965208053,30.0090395048668
2028-06-18 12:00:00,2028,6,18,NA,10.5437097418811,24.2675553690072
2028-06-19 12:00:00,2028,6,19,NA,10.7832620744973,30.1761190053947
2028-06-20 12:00:00,2028,6,20,NA,8.69503146628366,27.2352628995808
2028-06-21 12:00:00,2028,6,21,NA,9.36166401162268,25.6650430264369
2028-06-22 12:00:00,2028,6,22,NA,7.32435888185807,21.8152546128559
2028-06-23 12:00:00,2028,6,23,NA,7.18409926015769,23.6234415131846
2028-06-24 12:00:00,2028,6,24,NA,14.1741061815992,21.3869890195422
2028-06-25 12:00:00,2028,6,25,NA,12.3301670114477,20.4352161313038
2028-06-26 12:00:00,2028,6,26,NA,15.2639568255473,22.4810308950253
2028-06-27 12:00:00,2028,6,27,NA,15.8068989084573,25.9561952170808
2028-06-28 12:00:00,2028,6,28,NA,15.8516215605402,26.0251635548482
2028-06-29 12:00:00,2028,6,29,NA,6.22450315245707,23.11758553659
2028-06-30 12:00:00,2028,6,30,NA,7.54626271433431,23.3849970075452
2028-07-01 12:00:00,2028,7,1,NA,6.53260167114225,25.1051793771551
2028-07-02 12:00:00,2028,7,2,NA,6.99339308978501,24.683036202558
2028-07-03 12:00:00,2028,7,3,NA,12.0901121475873,22.06137258456
2028-07-04 12:00:00,2028,7,4,NA,15.9766958820032,29.3894882340374
2028-07-05 12:00:00,2028,7,5,NA,18.6690711481086,33.7021635969436
2028-07-06 12:00:00,2028,7,6,NA,18.457839871788,30.4233479078535
2028-07-07 12:00:00,2028,7,7,NA,22.1855579680381,31.9775000302417
2028-07-08 12:00:00,2028,7,8,NA,18.6358885666958,33.2592978877118
2028-07-09 12:00:00,2028,7,9,NA,19.1340154597397,30.9287066589848
2028-07-10 12:00:00,2028,7,10,NA,16.2517798635236,29.1523151367202
2028-07-11 12:00:00,2028,7,11,NA,19.5288380376999,35.2016371933084
2028-07-12 12:00:00,2028,7,12,NA,18.9579531565254,30.6725818511329
2028-07-13 12:00:00,2028,7,13,NA,18.335296262865,33.3683887117
2028-07-14 12:00:00,2028,7,14,NA,22.3416581574738,28.9465811437089
2028-07-15 12:00:00,2028,7,15,NA,13.0095849417156,22.6034501590994
2028-07-16 12:00:00,2028,7,16,NA,10.9497343595536,22.50087373047
2028-07-17 12:00:00,2028,7,17,NA,10.6597880123204,24.0152006200669
2028-07-18 12:00:00,2028,7,18,NA,10.9083639263076,25.4086452152325
2028-07-19 12:00:00,2028,7,19,NA,16.0767085330645,27.4263173017312
2028-07-20 12:00:00,2028,7,20,NA,19.151285732411,29.4752918832151
2028-07-21 12:00:00,2028,7,21,NA,17.2317565451089,31.3523289568073
2028-07-22 12:00:00,2028,7,22,NA,13.908993331292,29.8723746457406
2028-07-23 12:00:00,2028,7,23,NA,18.0337247669379,33.9828090549264
2028-07-24 12:00:00,2028,7,24,NA,17.0138294656933,29.5114402145996
2028-07-25 12:00:00,2028,7,25,NA,11.514030971702,26.531686117063
2028-07-26 12:00:00,2028,7,26,NA,10.6146317617799,25.5936521020782
2028-07-27 12:00:00,2028,7,27,NA,10.6919440887988,28.1371598473107
2028-07-28 12:00:00,2028,7,28,NA,16.3132319820291,25.0377665399393
2028-07-29 12:00:00,2028,7,29,NA,13.0299910140799,21.9154077328811
2028-07-30 12:00:00,2028,7,30,NA,14.0732339134832,22.6065418531521
2028-07-31 12:00:00,2028,7,31,NA,13.4416289225701,26.2054558604802
2028-08-01 12:00:00,2028,8,1,NA,18.1176822210354,21.7351216591451
2028-08-02 12:00:00,2028,8,2,NA,16.3067432183982,20.1031514156493
2028-08-03 12:00:00,2028,8,3,NA,18.6462444019742,22.0553907441514
2028-08-04 12:00:00,2028,8,4,NA,14.6869628090955,22.5726698238647
2028-08-05 12:00:00,2028,8,5,NA,14.747158217935,24.6539143571226
2028-08-06 12:00:00,2028,8,6,NA,14.2100887493053,25.0979517636074
2028-08-07 12:00:00,2028,8,7,NA,15.9500826168399,25.8550833437317
2028-08-08 12:00:00,2028,8,8,NA,15.5390626552472,25.8460866022871
2028-08-09 12:00:00,2028,8,9,NA,13.5545909087982,26.848581032915
2028-08-10 12:00:00,2028,8,10,NA,16.1563440384935,31.9859177091272
2028-08-11 12:00:00,2028,8,11,NA,17.3389599923332,29.7529544470764
2028-08-12 12:00:00,2028,8,12,NA,18.7897884374015,26.7862944059886
2028-08-13 12:00:00,2028,8,13,NA,17.8696641307865,32.7616203713987
2028-08-14 12:00:00,2028,8,14,NA,16.2477264317097,31.1320137421533
2028-08-15 12:00:00,2028,8,15,NA,16.539958725475,24.6829603842361
2028-08-16 12:00:00,2028,8,16,NA,13.9057507701161,24.9821211642919
2028-08-17 12:00:00,2028,8,17,NA,16.1464752737741,24.216425013133
2028-08-18 12:00:00,2028,8,18,NA,18.7871468844681,30.8125625977536
2028-08-19 12:00:00,2028,8,19,NA,16.461808163236,31.9055834633725
2028-08-20 12:00:00,2028,8,20,NA,20.7558830681782,24.4456710116044
2028-08-21 12:00:00,2028,8,21,NA,16.307696916989,27.1467200797308
2028-08-22 12:00:00,2028,8,22,NA,20.5406164377707,27.0371745783738
2028-08-23 12:00:00,2028,8,23,NA,17.309617914538,30.7618156655145
2028-08-24 12:00:00,2028,8,24,NA,15.8106113469152,30.3093196045052
2028-08-25 12:00:00,2028,8,25,NA,15.7328148743883,29.812075239073
2028-08-26 12:00:00,2028,8,26,NA,16.7667529779067,29.8944513177302
2028-08-27 12:00:00,2028,8,27,NA,17.0208185356222,30.4772510176261
2028-08-28 12:00:00,2028,8,28,NA,15.3183993388544,31.6899853990877
2028-08-29 12:00:00,2028,8,29,NA,15.7488389264249,23.8614673214272
2028-08-30 12:00:00,2028,8,30,NA,13.9851196563549,23.8033899653919
2028-08-31 12:00:00,2028,8,31,NA,12.8685825150183,20.9514746332029
2028-09-01 12:00:00,2028,9,1,NA,10.0432838701895,19.9294556470069
2028-09-02 12:00:00,2028,9,2,NA,14.0132598661455,19.2012484774537
2028-09-03 12:00:00,2028,9,3,NA,11.5173957736237,22.2150379940104
2028-09-04 12:00:00,2028,9,4,NA,8.67723704555415,23.0333630133189
2028-09-05 12:00:00,2028,9,5,NA,11.3782160938393,22.5503359815957
2028-09-06 12:00:00,2028,9,6,NA,9.98393923105595,18.7551858715108
2028-09-07 12:00:00,2028,9,7,NA,10.3242055385469,16.9462529307538
2028-09-08 12:00:00,2028,9,8,NA,11.4266129975645,19.3671930433109
2028-09-09 12:00:00,2028,9,9,NA,7.2436944305703,24.4342222944178
2028-09-10 12:00:00,2028,9,10,NA,17.5348076208627,22.0230872325604
2028-09-11 12:00:00,2028,9,11,NA,9.97150787762842,23.9927082367221
2028-09-12 12:00:00,2028,9,12,NA,7.89630083253841,23.9143699468102
2028-09-13 12:00:00,2028,9,13,NA,9.11283248862741,22.327520166614
2028-09-14 12:00:00,2028,9,14,NA,11.5632032433223,21.4509224102542
2028-09-15 12:00:00,2028,9,15,NA,12.8653236806158,16.627559939315
2028-09-16 12:00:00,2028,9,16,NA,14.0547075052094,16.9756739161677
2028-09-17 12:00:00,2028,9,17,NA,11.0452222024736,16.9906029631002
2028-09-18 12:00:00,2028,9,18,NA,7.49275656021373,15.8852863941103
2028-09-19 12:00:00,2028,9,19,NA,7.95545372307028,17.2560172123807
2028-09-20 12:00:00,2028,9,20,NA,3.33950836707454,18.4910531184893
2028-09-21 12:00:00,2028,9,21,NA,6.2609744631616,17.1743929918528
2028-09-22 12:00:00,2028,9,22,NA,6.4844932158544,19.6522962626495
2028-09-23 12:00:00,2028,9,23,NA,8.53052255530827,18.5305137234674
2028-09-24 12:00:00,2028,9,24,NA,4.62426921902107,19.4669902662514
2028-09-25 12:00:00,2028,9,25,NA,6.22481058128725,20.3999486707738
2028-09-26 12:00:00,2028,9,26,NA,7.80715699386902,22.8962021253461
2028-09-27 12:00:00,2028,9,27,NA,7.72783081650475,19.7579591288679
2028-09-28 12:00:00,2028,9,28,NA,7.76177200176233,19.7666055081057
2028-09-29 12:00:00,2028,9,29,NA,10.2200285085752,18.6125583424718
2028-09-30 12:00:00,2028,9,30,NA,6.25496130360365,19.6915224689652
2028-10-01 12:00:00,2028,10,1,NA,14.8336760642527,19.6518507796528
2028-10-02 12:00:00,2028,10,2,NA,10.3102984816647,15.58833831906
2028-10-03 12:00:00,2028,10,3,NA,10.7456387669729,19.1294357454228
2028-10-04 12:00:00,2028,10,4,NA,12.1000506264273,18.3317291273378
2028-10-05 12:00:00,2028,10,5,NA,13.760317686275,21.3279185023701
2028-10-06 12:00:00,2028,10,6,NA,15.4686517164798,18.6715418013865
2028-10-07 12:00:00,2028,10,7,NA,12.5739811086865,18.6775544146515
2028-10-08 12:00:00,2028,10,8,NA,16.3879422040443,21.7907402662615
2028-10-09 12:00:00,2028,10,9,NA,14.7029757975298,18.4421008857953
2028-10-10 12:00:00,2028,10,10,NA,14.8307696223373,16.9879664900076
2028-10-11 12:00:00,2028,10,11,NA,14.7459042422977,18.4850293305632
2028-10-12 12:00:00,2028,10,12,NA,12.3341879024368,23.1520911352349
2028-10-13 12:00:00,2028,10,13,NA,13.0562205551566,19.6054699708198
2028-10-14 12:00:00,2028,10,14,NA,8.17185302447603,16.8005346234914
2028-10-15 12:00:00,2028,10,15,NA,7.87549715612115,17.463580984078
2028-10-16 12:00:00,2028,10,16,NA,7.6289211717962,18.4856406906329
2028-10-17 12:00:00,2028,10,17,NA,9.19921923450701,16.5041179199133
2028-10-18 12:00:00,2028,10,18,NA,7.63515502854213,20.8013063445377
2028-10-19 12:00:00,2028,10,19,NA,7.91566315762919,16.6640316613841
2028-10-20 12:00:00,2028,10,20,NA,10.1891877532183,17.7818615419853
2028-10-21 12:00:00,2028,10,21,NA,7.82548587804271,14.882346060291
2028-10-22 12:00:00,2028,10,22,NA,2.62580771591317,14.5726393913986
2028-10-23 12:00:00,2028,10,23,NA,9.20092586078443,14.5551974759543
2028-10-24 12:00:00,2028,10,24,NA,9.48915071420135,22.3054067526204
2028-10-25 12:00:00,2028,10,25,NA,10.8559746525965,17.4052240682597
2028-10-26 12:00:00,2028,10,26,NA,11.1408603525309,17.3822114564054
2028-10-27 12:00:00,2028,10,27,NA,10.791946197691,20.8625882328194
2028-10-28 12:00:00,2028,10,28,NA,8.63532137571284,18.6905694066272
2028-10-29 12:00:00,2028,10,29,NA,6.64998384428875,15.3076359412478
2028-10-30 12:00:00,2028,10,30,NA,8.44138730717674,12.9270878384606
2028-10-31 12:00:00,2028,10,31,NA,2.42442689822139,11.4172909583048
2028-11-01 12:00:00,2028,11,1,NA,-0.511909950884428,16.7517613878447
2028-11-02 12:00:00,2028,11,2,NA,-0.147881613946392,13.6981438646815
2028-11-03 12:00:00,2028,11,3,NA,2.07770880281406,7.2031096249396
2028-11-04 12:00:00,2028,11,4,NA,3.39913992233715,6.19660666371306
2028-11-05 12:00:00,2028,11,5,NA,0.80310588309945,8.64487221856919
2028-11-06 12:00:00,2028,11,6,NA,3.9012317599777,16.5555350754029
2028-11-07 12:00:00,2028,11,7,NA,3.10287562259138,12.5058519895883
2028-11-08 12:00:00,2028,11,8,NA,5.90727670696581,11.518022025236
2028-11-09 12:00:00,2028,11,9,NA,7.33100911235867,11.9015234254918
2028-11-10 12:00:00,2028,11,10,NA,4.61426712722214,11.6877004927306
2028-11-11 12:00:00,2028,11,11,NA,5.30857468376532,13.7520250835865
2028-11-12 12:00:00,2028,11,12,NA,7.74165400386035,12.440294932634
2028-11-13 12:00:00,2028,11,13,NA,5.64024345649695,9.6539371499313
2028-11-14 12:00:00,2028,11,14,NA,3.29535687585199,13.5847593308679
2028-11-15 12:00:00,2028,11,15,NA,2.57939208826234,11.9613349532895
2028-11-16 12:00:00,2028,11,16,NA,0.862749801863172,10.6566051939944
2028-11-17 12:00:00,2028,11,17,NA,-0.520742815082779,10.8517813007706
2028-11-18 12:00:00,2028,11,18,NA,4.3046980353672,11.8626472642181
2028-11-19 12:00:00,2028,11,19,NA,-0.755106712718488,10.0796184391737
2028-11-20 12:00:00,2028,11,20,NA,4.95225626355694,10.6870546089971
2028-11-21 12:00:00,2028,11,21,NA,4.16211600697511,13.3967849595141
2028-11-22 12:00:00,2028,11,22,NA,4.66756906155886,9.34282918882825
2028-11-23 12:00:00,2028,11,23,NA,4.35124776804847,10.1450915561301
2028-11-24 12:00:00,2028,11,24,NA,3.77060435839007,6.60387468497511
2028-11-25 12:00:00,2028,11,25,NA,4.95099858008447,8.67707576327729
2028-11-26 12:00:00,2028,11,26,NA,2.57191952764638,6.3095943790589
2028-11-27 12:00:00,2028,11,27,NA,-0.0940370190871676,10.5563077502089
2028-11-28 12:00:00,2028,11,28,NA,-5.10405465076506,1.94232292088707
2028-11-29 12:00:00,2028,11,29,NA,-1.8564960490563,4.79439683165202
2028-11-30 12:00:00,2028,11,30,NA,-11.3283454949134,-7.57283084532138
2028-12-01 12:00:00,2028,12,1,NA,-6.87984037129067,-4.08237362991476
2028-12-02 12:00:00,2028,12,2,NA,-6.97892456201933,-4.15073912096486
2028-12-03 12:00:00,2028,12,3,NA,-1.47244246026213,3.6294338994417
2028-12-04 12:00:00,2028,12,4,NA,-1.74742765786058,6.8073916958304
2028-12-05 12:00:00,2028,12,5,NA,2.74802355703054,11.3032169063629
2028-12-06 12:00:00,2028,12,6,NA,0.772036115304394,12.9849062786033
2028-12-07 12:00:00,2028,12,7,NA,0.535315206866199,9.09050855619854
2028-12-08 12:00:00,2028,12,8,NA,3.38137659662386,10.3856911056434
2028-12-09 12:00:00,2028,12,9,NA,5.75568751330391,9.67730870366952
2028-12-10 12:00:00,2028,12,10,NA,6.32842288953133,12.0561913744099
2028-12-11 12:00:00,2028,12,11,NA,5.0498001567541,12.6770844874599
2028-12-12 12:00:00,2028,12,12,NA,4.73830653290683,14.9312872735365
2028-12-13 12:00:00,2028,12,13,NA,10.0997262441948,15.1885570493052
2028-12-14 12:00:00,2028,12,14,NA,7.92454897457049,15.0461797430593
2028-12-15 12:00:00,2028,12,15,NA,12.8483652813395,16.8087356616034
2028-12-16 12:00:00,2028,12,16,NA,10.4547699866975,14.4796243893631
2028-12-17 12:00:00,2028,12,17,NA,6.27402143700696,11.4282668616481
2028-12-18 12:00:00,2028,12,18,NA,7.20230480256869,13.422547166884
2028-12-19 12:00:00,2028,12,19,NA,8.25323265171979,13.2490892558081
2028-12-20 12:00:00,2028,12,20,NA,6.92093338230558,8.95904873353949
2028-12-21 12:00:00,2028,12,21,NA,6.84600541698877,11.7307232829935
2028-12-22 12:00:00,2028,12,22,NA,1.6669821631208,7.7853340965116
2028-12-23 12:00:00,2028,12,23,NA,0.352268161732602,5.93394264628206
2028-12-24 12:00:00,2028,12,24,NA,1.52577131827753,5.30323213548388
2028-12-25 12:00:00,2028,12,25,NA,1.69309702457964,5.41328106835655
2028-12-26 12:00:00,2028,12,26,NA,1.48223193257548,7.49951982321548
2028-12-27 12:00:00,2028,12,27,NA,4.45212324090357,7.49694208219936
2028-12-28 12:00:00,2028,12,28,NA,4.28738851127471,6.860615151951
2028-12-29 12:00:00,2028,12,29,NA,1.18678533440121,3.61308332381224
2028-12-30 12:00:00,2028,12,30,NA,3.40327130859737,8.93216944661951
2028-12-31 12:00:00,2028,12,31,NA,3.21867859064322,11.3759811203095
2029-01-01 12:00:00,2029,1,1,NA,2.84361810546821,8.69747634269853
2029-01-02 12:00:00,2029,1,2,NA,7.49821755245455,15.8124212783987
2029-01-03 12:00:00,2029,1,3,NA,8.44524462880356,14.6533428745051
2029-01-04 12:00:00,2029,1,4,NA,5.04312594614132,10.4513424045852
2029-01-05 12:00:00,2029,1,5,NA,2.00376311377157,6.77416381206594
2029-01-06 12:00:00,2029,1,6,NA,4.50293016601855,8.95359127510733
2029-01-07 12:00:00,2029,1,7,NA,4.73032041917267,9.0382866515808
2029-01-08 12:00:00,2029,1,8,NA,3.60997735169314,9.63446295787891
2029-01-09 12:00:00,2029,1,9,NA,1.26276912166708,7.55771710952304
2029-01-10 12:00:00,2029,1,10,NA,1.76050293611044,6.66318918148523
2029-01-11 12:00:00,2029,1,11,NA,1.35795716119157,5.94413610461117
2029-01-12 12:00:00,2029,1,12,NA,4.90657001535853,8.04324555563579
2029-01-13 12:00:00,2029,1,13,NA,-0.642572631921372,9.30155182654489
2029-01-14 12:00:00,2029,1,14,NA,0.862035162481057,7.16384180598303
2029-01-15 12:00:00,2029,1,15,NA,-1.8830087635965,2.56765234549228
2029-01-16 12:00:00,2029,1,16,NA,-1.87639494142606,5.37130363227186
2029-01-17 12:00:00,2029,1,17,NA,-0.770060516431853,1.27459621975481
2029-01-18 12:00:00,2029,1,18,NA,-5.63402102335777,-2.5471767332414
2029-01-19 12:00:00,2029,1,19,NA,1.81023504797517,5.83858478035534
2029-01-20 12:00:00,2029,1,20,NA,-0.460791254124254,4.66187749253977
2029-01-21 12:00:00,2029,1,21,NA,-0.247518681780408,3.99442106947451
2029-01-22 12:00:00,2029,1,22,NA,-4.15446700538435,5.5443730436742
2029-01-23 12:00:00,2029,1,23,NA,-2.10555555846869,8.64822135923494
2029-01-24 12:00:00,2029,1,24,NA,-3.36685366160148,4.9890959424508
2029-01-25 12:00:00,2029,1,25,NA,1.93379091258401,6.61642166795659
2029-01-26 12:00:00,2029,1,26,NA,-3.26920002348745,5.61104378995585
2029-01-27 12:00:00,2029,1,27,NA,-0.450278027715669,3.65171322762825
2029-01-28 12:00:00,2029,1,28,NA,0.0571244278899607,11.193651691989
2029-01-29 12:00:00,2029,1,29,NA,-3.91213522770524,6.44492724648139
2029-01-30 12:00:00,2029,1,30,NA,3.12866525243378,7.19181442537206
2029-01-31 12:00:00,2029,1,31,NA,-4.2064467103445,-0.0342654060003951
2029-02-01 12:00:00,2029,2,1,NA,-2.06861163026199,4.22166162030229
2029-02-02 12:00:00,2029,2,2,NA,1.01940580225272,7.17420328370256
2029-02-03 12:00:00,2029,2,3,NA,4.27465023556335,10.2532863693523
2029-02-04 12:00:00,2029,2,4,NA,7.57008209725817,15.6916470698039
2029-02-05 12:00:00,2029,2,5,NA,7.75547739539458,15.0502092624546
2029-02-06 12:00:00,2029,2,6,NA,7.62868394347226,12.7348548940457
2029-02-07 12:00:00,2029,2,7,NA,7.62929682894698,14.0854243414427
2029-02-08 12:00:00,2029,2,8,NA,2.32348461361019,11.8293041690518
2029-02-09 12:00:00,2029,2,9,NA,1.35619133725836,11.4065034332127
2029-02-10 12:00:00,2029,2,10,NA,3.70579198715508,10.6189185476246
2029-02-11 12:00:00,2029,2,11,NA,4.16795097568841,9.85381414413754
2029-02-12 12:00:00,2029,2,12,NA,5.63322147137444,8.06001969130919
2029-02-13 12:00:00,2029,2,13,NA,1.38310023842656,8.73803305909216
2029-02-14 12:00:00,2029,2,14,NA,-1.56696795206964,7.95466957499411
2029-02-15 12:00:00,2029,2,15,NA,3.37970295180987,10.6260017120927
2029-02-16 12:00:00,2029,2,16,NA,5.74681940696933,11.8264381866364
2029-02-17 12:00:00,2029,2,17,NA,6.1698585896793,10.3210285348841
2029-02-18 12:00:00,2029,2,18,NA,3.18784272383682,10.6895872874287
2029-02-19 12:00:00,2029,2,19,NA,6.31628113438557,13.5838056345883
2029-02-20 12:00:00,2029,2,20,NA,2.89047876998835,5.60975459268526
2029-02-21 12:00:00,2029,2,21,NA,-2.14164996272112,7.41284727389184
2029-02-22 12:00:00,2029,2,22,NA,1.00806345568545,9.55841652498297
2029-02-23 12:00:00,2029,2,23,NA,5.56821308861964,8.78614809063927
2029-02-24 12:00:00,2029,2,24,NA,5.48269201133127,11.9724253600982
2029-02-25 12:00:00,2029,2,25,NA,4.33265956883588,12.5990380577211
2029-02-26 12:00:00,2029,2,26,NA,0.596781227112192,8.33872271155008
2029-02-27 12:00:00,2029,2,27,NA,2.29325051755511,12.9459082979933
2029-02-28 12:00:00,2029,2,28,NA,-1.94093577719607,10.890334188099
2029-03-01 12:00:00,2029,3,1,NA,8.35593906260518,14.1928503335032
2029-03-02 12:00:00,2029,3,2,NA,7.99420852704132,12.1559067712387
2029-03-03 12:00:00,2029,3,3,NA,7.98133985805468,15.0156777915922
2029-03-04 12:00:00,2029,3,4,NA,2.83494277169934,15.6772277374828
2029-03-05 12:00:00,2029,3,5,NA,4.80428600597711,23.2407564625858
2029-03-06 12:00:00,2029,3,6,NA,6.71546605427518,18.7706534163393
2029-03-07 12:00:00,2029,3,7,NA,6.57912101184055,23.0215555681661
2029-03-08 12:00:00,2029,3,8,NA,8.24521750771423,19.3441313967896
2029-03-09 12:00:00,2029,3,9,NA,8.63262361539872,16.6455415581635
2029-03-10 12:00:00,2029,3,10,NA,9.53092397376761,13.8745095613601
2029-03-11 12:00:00,2029,3,11,NA,6.02761329903787,14.5248435718856
2029-03-12 12:00:00,2029,3,12,NA,3.02593609022537,13.2609042872662
2029-03-13 12:00:00,2029,3,13,NA,4.66957925999996,6.62678955649462
2029-03-14 12:00:00,2029,3,14,NA,10.1508482047006,16.7644205688134
2029-03-15 12:00:00,2029,3,15,NA,7.68881101086108,14.7917280941022
2029-03-16 12:00:00,2029,3,16,NA,5.37771407432185,19.5626784435537
2029-03-17 12:00:00,2029,3,17,NA,7.73094448157897,12.9164428779083
2029-03-18 12:00:00,2029,3,18,NA,4.17501813102603,13.0107491021172
2029-03-19 12:00:00,2029,3,19,NA,2.36859298197698,9.66730613301245
2029-03-20 12:00:00,2029,3,20,NA,2.86824176627418,11.3481370610553
2029-03-21 12:00:00,2029,3,21,NA,1.31781237247851,11.5715668210041
2029-03-22 12:00:00,2029,3,22,NA,5.07396923427965,11.0753251331711
2029-03-23 12:00:00,2029,3,23,NA,1.48803674120818,10.1039070490856
2029-03-24 12:00:00,2029,3,24,NA,2.4639823656269,8.86282270760487
2029-03-25 12:00:00,2029,3,25,NA,1.22794907753741,12.0807598010758
2029-03-26 12:00:00,2029,3,26,NA,-1.20599190445581,12.9751967870919
2029-03-27 12:00:00,2029,3,27,NA,1.84674393601627,13.7570233234142
2029-03-28 12:00:00,2029,3,28,NA,9.51364523693877,16.4841614871192
2029-03-29 12:00:00,2029,3,29,NA,11.5693998600394,21.9742449564121
2029-03-30 12:00:00,2029,3,30,NA,9.00542444163946,24.5582891128692
2029-03-31 12:00:00,2029,3,31,NA,13.9648249908728,20.5783973549856
2029-04-01 12:00:00,2029,4,1,NA,7.85395949888851,20.4190181966542
2029-04-02 12:00:00,2029,4,2,NA,8.15634129121035,19.617987446533
2029-04-03 12:00:00,2029,4,3,NA,4.83059591489094,21.7382713542969
2029-04-04 12:00:00,2029,4,4,NA,5.04046014974256,22.47643405584
2029-04-05 12:00:00,2029,4,5,NA,4.03237679913234,23.6026030998557
2029-04-06 12:00:00,2029,4,6,NA,3.53045134731829,22.8432308066948
2029-04-07 12:00:00,2029,4,7,NA,2.12877152665752,18.202626029578
2029-04-08 12:00:00,2029,4,8,NA,3.58483141771232,19.0231188899878
2029-04-09 12:00:00,2029,4,9,NA,5.60742567605187,20.8220793942674
2029-04-10 12:00:00,2029,4,10,NA,6.08091718312927,19.1908701096201
2029-04-11 12:00:00,2029,4,11,NA,6.20870931881038,15.9937740390496
2029-04-12 12:00:00,2029,4,12,NA,8.31133818506236,17.7968918254907
2029-04-13 12:00:00,2029,4,13,NA,3.90976437876097,20.2651224317504
2029-04-14 12:00:00,2029,4,14,NA,7.28952649713441,18.7584726507399
2029-04-15 12:00:00,2029,4,15,NA,8.37534550773209,17.8343312429223
2029-04-16 12:00:00,2029,4,16,NA,7.42062766759936,15.8004924776172
2029-04-17 12:00:00,2029,4,17,NA,4.83673147286208,21.5673807030237
2029-04-18 12:00:00,2029,4,18,NA,12.2469540447135,23.7658589412784
2029-04-19 12:00:00,2029,4,19,NA,9.82722902843823,20.2745098743785
2029-04-20 12:00:00,2029,4,20,NA,9.2560396131862,28.1496122303035
2029-04-21 12:00:00,2029,4,21,NA,8.40160750805697,20.7878373592347
2029-04-22 12:00:00,2029,4,22,NA,9.95891407633476,16.0929528430858
2029-04-23 12:00:00,2029,4,23,NA,13.879857794038,19.3268140781621
2029-04-24 12:00:00,2029,4,24,NA,7.2269882266583,16.4331124442982
2029-04-25 12:00:00,2029,4,25,NA,8.81019236755973,19.2405041132797
2029-04-26 12:00:00,2029,4,26,NA,3.79194055729609,20.690800004802
2029-04-27 12:00:00,2029,4,27,NA,9.77915883538116,21.2703783948619
2029-04-28 12:00:00,2029,4,28,NA,9.69839910726245,23.0810851874623
2029-04-29 12:00:00,2029,4,29,NA,15.0971482096103,24.8222781880835
2029-04-30 12:00:00,2029,4,30,NA,11.7033594415415,26.4937443842014
2029-05-01 12:00:00,2029,5,1,NA,13.4785592045183,23.6799851189417
2029-05-02 12:00:00,2029,5,2,NA,16.7267426896694,28.1612396144525
2029-05-03 12:00:00,2029,5,3,NA,17.6224849178203,25.4532867589656
2029-05-04 12:00:00,2029,5,4,NA,13.9222590248159,26.8162563903257
2029-05-05 12:00:00,2029,5,5,NA,12.9644437299836,21.7753463471519
2029-05-06 12:00:00,2029,5,6,NA,12.5648091588099,20.365379945296
2029-05-07 12:00:00,2029,5,7,NA,10.7454871461957,21.6604065100758
2029-05-08 12:00:00,2029,5,8,NA,6.85257733629875,23.6484637792182
2029-05-09 12:00:00,2029,5,9,NA,3.6644598981389,26.0245595492237
2029-05-10 12:00:00,2029,5,10,NA,6.40013773326064,18.9955874466957
2029-05-11 12:00:00,2029,5,11,NA,1.4934359200236,18.3001103422045
2029-05-12 12:00:00,2029,5,12,NA,5.85721518641975,15.5453080670859
2029-05-13 12:00:00,2029,5,13,NA,8.57188512097637,13.8853505078474
2029-05-14 12:00:00,2029,5,14,NA,8.24179583090202,14.0826097438555
2029-05-15 12:00:00,2029,5,15,NA,10.1101185344693,15.9272061146611
2029-05-16 12:00:00,2029,5,16,NA,10.4619182059933,14.4037376682285
2029-05-17 12:00:00,2029,5,17,NA,7.87133674211621,14.7927081639352
2029-05-18 12:00:00,2029,5,18,NA,9.39485760867036,16.2395195292951
2029-05-19 12:00:00,2029,5,19,NA,9.28221509036167,15.2258277459075
2029-05-20 12:00:00,2029,5,20,NA,9.16840525810716,17.9511251993218
2029-05-21 12:00:00,2029,5,21,NA,12.6253126027345,16.5181247326195
2029-05-22 12:00:00,2029,5,22,NA,9.68034482127899,15.0833501832593
2029-05-23 12:00:00,2029,5,23,NA,8.33955942404241,16.2598908857095
2029-05-24 12:00:00,2029,5,24,NA,6.54830874203964,15.3310286832543
2029-05-25 12:00:00,2029,5,25,NA,3.20885608279873,21.624553382935
2029-05-26 12:00:00,2029,5,26,NA,8.81767191632311,24.5676540986801
2029-05-27 12:00:00,2029,5,27,NA,4.19550188893021,25.0735158378473
2029-05-28 12:00:00,2029,5,28,NA,9.34648162665208,23.9023983798888
2029-05-29 12:00:00,2029,5,29,NA,9.63298438120397,31.8492704990885
2029-05-30 12:00:00,2029,5,30,NA,12.2778607379021,27.1511980229888
2029-05-31 12:00:00,2029,5,31,NA,9.76908506323952,23.5433813267079
2029-06-01 12:00:00,2029,6,1,NA,13.557680773989,24.2486104750251
2029-06-02 12:00:00,2029,6,2,NA,12.1708462236299,29.6915234938789
2029-06-03 12:00:00,2029,6,3,NA,13.8193630616252,27.0617151750469
2029-06-04 12:00:00,2029,6,4,NA,17.9265423183442,25.1523926379642
2029-06-05 12:00:00,2029,6,5,NA,20.2860851284567,24.3523787186286
2029-06-06 12:00:00,2029,6,6,NA,19.9348760332259,24.0011696233979
2029-06-07 12:00:00,2029,6,7,NA,13.5373156014667,21.6329199480792
2029-06-08 12:00:00,2029,6,8,NA,11.2902557039186,20.5882229876726
2029-06-09 12:00:00,2029,6,9,NA,11.1222996498717,20.3090098797754
2029-06-10 12:00:00,2029,6,10,NA,5.63746167856847,22.0889112022132
2029-06-11 12:00:00,2029,6,11,NA,10.0023789269841,20.9315619209626
2029-06-12 12:00:00,2029,6,12,NA,6.49601897041469,25.8670718682401
2029-06-13 12:00:00,2029,6,13,NA,12.3865983737704,20.6507266313871
2029-06-14 12:00:00,2029,6,14,NA,13.0459551600008,23.3167583468265
2029-06-15 12:00:00,2029,6,15,NA,14.1737613775197,25.7128049406709
2029-06-16 12:00:00,2029,6,16,NA,13.6778081324881,30.2058491209403
2029-06-17 12:00:00,2029,6,17,NA,18.9755757278381,26.580091481357
2029-06-18 12:00:00,2029,6,18,NA,20.1694488806738,29.7683973624922
2029-06-19 12:00:00,2029,6,19,NA,18.7767442132047,29.1837051278629
2029-06-20 12:00:00,2029,6,20,NA,16.9162302043658,26.0849771715428
2029-06-21 12:00:00,2029,6,21,NA,11.7771739485803,20.9937853917574
2029-06-22 12:00:00,2029,6,22,NA,10.9612139702992,25.1314971036176
2029-06-23 12:00:00,2029,6,23,NA,14.2393209342789,23.1331855714497
2029-06-24 12:00:00,2029,6,24,NA,14.433566358654,21.6594166782741
2029-06-25 12:00:00,2029,6,25,NA,18.5081499832432,29.7666967594889
2029-06-26 12:00:00,2029,6,26,NA,18.6066594036526,29.8786984920482
2029-06-27 12:00:00,2029,6,27,NA,19.7733892451068,26.3850729815521
2029-06-28 12:00:00,2029,6,28,NA,13.3688017290679,29.7751721106515
2029-06-29 12:00:00,2029,6,29,NA,11.6459623878358,29.4969121304206
2029-06-30 12:00:00,2029,6,30,NA,12.8111077264904,28.288503746569
2029-07-01 12:00:00,2029,7,1,NA,13.5901261147392,28.7524052840181
2029-07-02 12:00:00,2029,7,2,NA,13.836036020899,29.4418126596642
2029-07-03 12:00:00,2029,7,3,NA,13.2820281397023,33.9240169739667
2029-07-04 12:00:00,2029,7,4,NA,11.1730774040501,28.5462508787977
2029-07-05 12:00:00,2029,7,5,NA,13.455995445958,29.5987368859921
2029-07-06 12:00:00,2029,7,6,NA,17.8098475741118,25.008593629737
2029-07-07 12:00:00,2029,7,7,NA,13.0048152367666,29.4068854246404
2029-07-08 12:00:00,2029,7,8,NA,12.1599844821943,30.9584052718986
2029-07-09 12:00:00,2029,7,9,NA,12.8247068613052,32.8363016545398
2029-07-10 12:00:00,2029,7,10,NA,13.5691703967819,33.9941174203024
2029-07-11 12:00:00,2029,7,11,NA,12.6095757664747,33.9662372765088
2029-07-12 12:00:00,2029,7,12,NA,11.4837490751787,29.579546012117
2029-07-13 12:00:00,2029,7,13,NA,17.1925511993096,24.8166521337079
2029-07-14 12:00:00,2029,7,14,NA,13.546551786135,27.4295173804029
2029-07-15 12:00:00,2029,7,15,NA,16.6631508669288,28.7217763842011
2029-07-16 12:00:00,2029,7,16,NA,17.2590764523512,34.9923791237399
2029-07-17 12:00:00,2029,7,17,NA,19.8581068799091,30.9813358774552
2029-07-18 12:00:00,2029,7,18,NA,21.1595999657404,34.336269587932
2029-07-19 12:00:00,2029,7,19,NA,22.7417613085274,33.8261814780771
2029-07-20 12:00:00,2029,7,20,NA,23.6696970594565,31.4062716641461
2029-07-21 12:00:00,2029,7,21,NA,19.9959950529813,28.5293029926501
2029-07-22 12:00:00,2029,7,22,NA,20.0551243543108,28.5884322939797
2029-07-23 12:00:00,2029,7,23,NA,16.8254192424943,25.8279386720522
2029-07-24 12:00:00,2029,7,24,NA,16.6153538935287,27.5513100035823
2029-07-25 12:00:00,2029,7,25,NA,18.2605538897774,30.0417909679484
2029-07-26 12:00:00,2029,7,26,NA,17.9793833219169,28.5021558362532
2029-07-27 12:00:00,2029,7,27,NA,12.500338011044,24.6373864220679
2029-07-28 12:00:00,2029,7,28,NA,11.7822112385934,25.9602960086865
2029-07-29 12:00:00,2029,7,29,NA,13.2487184567991,26.3958406371632
2029-07-30 12:00:00,2029,7,30,NA,14.9355008232087,27.4605700452179
2029-07-31 12:00:00,2029,7,31,NA,22.2782019996905,30.2384142483358
2029-08-01 12:00:00,2029,8,1,NA,16.295825189454,33.4349178780452
2029-08-02 12:00:00,2029,8,2,NA,19.218487505381,30.9935445931894
2029-08-03 12:00:00,2029,8,3,NA,20.5963144930173,29.6790323562902
2029-08-04 12:00:00,2029,8,4,NA,21.7671022084845,29.8797306034868
2029-08-05 12:00:00,2029,8,5,NA,16.0543655851205,27.7905373272019
2029-08-06 12:00:00,2029,8,6,NA,17.8901860728719,26.5335347596437
2029-08-07 12:00:00,2029,8,7,NA,14.7870337038218,26.9137459626709
2029-08-08 12:00:00,2029,8,8,NA,13.5697022959759,29.7440114032091
2029-08-09 12:00:00,2029,8,9,NA,14.4170800936407,28.5373229801118
2029-08-10 12:00:00,2029,8,10,NA,15.6444314555213,29.2138273336198
2029-08-11 12:00:00,2029,8,11,NA,13.652016283504,31.4195080309194
2029-08-12 12:00:00,2029,8,12,NA,18.1375237337496,32.8692904204456
2029-08-13 12:00:00,2029,8,13,NA,20.5551816614529,31.2418853124641
2029-08-14 12:00:00,2029,8,14,NA,17.6094501539068,30.7371484937304
2029-08-15 12:00:00,2029,8,15,NA,18.2461172338582,29.9221820386748
2029-08-16 12:00:00,2029,8,16,NA,16.7467740441309,29.4970100166695
2029-08-17 12:00:00,2029,8,17,NA,13.5052189715484,26.9998195355438
2029-08-18 12:00:00,2029,8,18,NA,17.2316119398409,24.4204260150034
2029-08-19 12:00:00,2029,8,19,NA,15.3954816813518,28.9852416166574
2029-08-20 12:00:00,2029,8,20,NA,17.9608435148821,31.4157496666882
2029-08-21 12:00:00,2029,8,21,NA,16.559533915848,26.4218946415796
2029-08-22 12:00:00,2029,8,22,NA,15.7715015249033,25.5897718339403
2029-08-23 12:00:00,2029,8,23,NA,17.6096421270507,25.2682549430556
2029-08-24 12:00:00,2029,8,24,NA,16.1463656613854,20.1931061437801
2029-08-25 12:00:00,2029,8,25,NA,13.8940465479722,22.9431797194341
2029-08-26 12:00:00,2029,8,26,NA,14.1609996303936,18.2827005493402
2029-08-27 12:00:00,2029,8,27,NA,15.065577651009,19.0407042379708
2029-08-28 12:00:00,2029,8,28,NA,16.0034196391538,18.7263617656487
2029-08-29 12:00:00,2029,8,29,NA,7.55449029273356,22.1367782479663
2029-08-30 12:00:00,2029,8,30,NA,9.85714941206124,24.5889160987572
2029-08-31 12:00:00,2029,8,31,NA,13.2213106135067,26.0825902558556
2029-09-01 12:00:00,2029,9,1,NA,13.2982824290231,25.33337265586
2029-09-02 12:00:00,2029,9,2,NA,14.193810145661,21.5485964727061
2029-09-03 12:00:00,2029,9,3,NA,15.2536752106898,18.8790494835918
2029-09-04 12:00:00,2029,9,4,NA,13.8482111837048,17.4235013365353
2029-09-05 12:00:00,2029,9,5,NA,13.2608303555778,20.9124329572991
2029-09-06 12:00:00,2029,9,6,NA,11.5989176572312,26.7891204846324
2029-09-07 12:00:00,2029,9,7,NA,15.0305981038319,18.3989524913376
2029-09-08 12:00:00,2029,9,8,NA,14.8851208976133,21.0494043809738
2029-09-09 12:00:00,2029,9,9,NA,9.32257412564823,22.4095704875388
2029-09-10 12:00:00,2029,9,10,NA,16.041145741801,22.0150107285911
2029-09-11 12:00:00,2029,9,11,NA,11.1340156590885,22.4592058427684
2029-09-12 12:00:00,2029,9,12,NA,11.9772328254973,19.9178128712436
2029-09-13 12:00:00,2029,9,13,NA,12.7592591685931,18.9525907854531
2029-09-14 12:00:00,2029,9,14,NA,12.1937669083379,21.6096002965067
2029-09-15 12:00:00,2029,9,15,NA,13.1304491924487,15.9962222839269
2029-09-16 12:00:00,2029,9,16,NA,9.39769428776221,18.8640638772494
2029-09-17 12:00:00,2029,9,17,NA,8.91502257566288,23.0862839931173
2029-09-18 12:00:00,2029,9,18,NA,12.1273682600127,21.5432016481815
2029-09-19 12:00:00,2029,9,19,NA,10.4193143857312,19.3154541000437
2029-09-20 12:00:00,2029,9,20,NA,14.1704862107262,16.7338492283462
2029-09-21 12:00:00,2029,9,21,NA,12.4243307196754,15.1275908304983
2029-09-22 12:00:00,2029,9,22,NA,12.5365964265445,15.4121442430556
2029-09-23 12:00:00,2029,9,23,NA,8.61326037266421,17.0423299639726
2029-09-24 12:00:00,2029,9,24,NA,3.8949576796356,18.9945450826881
2029-09-25 12:00:00,2029,9,25,NA,6.37767723245631,21.443413115774
2029-09-26 12:00:00,2029,9,26,NA,12.0446184935095,18.7458114374932
2029-09-27 12:00:00,2029,9,27,NA,14.6250272693735,13.9176660045464
2029-09-28 12:00:00,2029,9,28,NA,11.1570179566167,16.0321818908965
2029-09-29 12:00:00,2029,9,29,NA,9.74540051347286,17.3631153560759
2029-09-30 12:00:00,2029,9,30,NA,9.264562030852,24.1072830780823
2029-10-01 12:00:00,2029,10,1,NA,10.7515138493595,25.9030586007743
2029-10-02 12:00:00,2029,10,2,NA,11.4166630199832,22.4669137662792
2029-10-03 12:00:00,2029,10,3,NA,12.2498736737693,19.8283169547984
2029-10-04 12:00:00,2029,10,4,NA,13.3067703235517,20.9869705246011
2029-10-05 12:00:00,2029,10,5,NA,12.0068797288173,19.849531844858
2029-10-06 12:00:00,2029,10,6,NA,9.63211713588073,20.7369236940596
2029-10-07 12:00:00,2029,10,7,NA,9.22079053297058,18.8395958530466
2029-10-08 12:00:00,2029,10,8,NA,11.2625209496584,20.4019261010071
2029-10-09 12:00:00,2029,10,9,NA,13.254224161064,20.580379336273
2029-10-10 12:00:00,2029,10,10,NA,10.8626239212046,23.009231625737
2029-10-11 12:00:00,2029,10,11,NA,4.41353499419524,23.4721160685158
2029-10-12 12:00:00,2029,10,12,NA,6.87597187602879,25.5289354188381
2029-10-13 12:00:00,2029,10,13,NA,15.0527933581364,22.6203941742315
2029-10-14 12:00:00,2029,10,14,NA,11.492326186534,24.4615787884391
2029-10-15 12:00:00,2029,10,15,NA,18.7154784789339,22.0001383011702
2029-10-16 12:00:00,2029,10,16,NA,15.7875584415291,25.2457385172598
2029-10-17 12:00:00,2029,10,17,NA,13.518344161634,19.7485775079356
2029-10-18 12:00:00,2029,10,18,NA,7.73714114086504,21.3742928756882
2029-10-19 12:00:00,2029,10,19,NA,10.4255918134909,17.9760564360445
2029-10-20 12:00:00,2029,10,20,NA,8.18308246951588,15.672950455955
2029-10-21 12:00:00,2029,10,21,NA,4.99885153196767,12.5518381089933
2029-10-22 12:00:00,2029,10,22,NA,5.46555437650765,12.7181561265477
2029-10-23 12:00:00,2029,10,23,NA,2.77868719347441,14.3523742984262
2029-10-24 12:00:00,2029,10,24,NA,8.78577712954628,14.1872850387699
2029-10-25 12:00:00,2029,10,25,NA,6.22804904143997,14.0261658523678
2029-10-26 12:00:00,2029,10,26,NA,7.25883942503279,15.9164915219919
2029-10-27 12:00:00,2029,10,27,NA,7.14210919933226,15.9068051036122
2029-10-28 12:00:00,2029,10,28,NA,5.95855956793333,16.7662580362509
2029-10-29 12:00:00,2029,10,29,NA,8.5620703827721,17.8114925764658
2029-10-30 12:00:00,2029,10,30,NA,5.54259624947062,19.5453905451928
2029-10-31 12:00:00,2029,10,31,NA,1.81728536310958,15.1738284249984
2029-11-01 12:00:00,2029,11,1,NA,2.63743642176179,14.343703042677
2029-11-02 12:00:00,2029,11,2,NA,4.20528882362532,18.2304598421854
2029-11-03 12:00:00,2029,11,3,NA,8.00187463524922,9.461279388535
2029-11-04 12:00:00,2029,11,4,NA,8.82696961108502,10.8148262598331
2029-11-05 12:00:00,2029,11,5,NA,6.97912646750561,10.8780797601402
2029-11-06 12:00:00,2029,11,6,NA,4.39528209187636,12.191505800364
2029-11-07 12:00:00,2029,11,7,NA,3.79207934057822,14.0630270290578
2029-11-08 12:00:00,2029,11,8,NA,6.07840404800961,12.6308212621817
2029-11-09 12:00:00,2029,11,9,NA,3.98495360364263,9.7666287206591
2029-11-10 12:00:00,2029,11,10,NA,3.08333578374895,8.66698479890539
2029-11-11 12:00:00,2029,11,11,NA,3.01647964339951,5.82168467302281
2029-11-12 12:00:00,2029,11,12,NA,2.65889695819996,6.6110350732647
2029-11-13 12:00:00,2029,11,13,NA,0.889630224632131,7.01005959154342
2029-11-14 12:00:00,2029,11,14,NA,5.38812625905285,8.65750563968183
2029-11-15 12:00:00,2029,11,15,NA,1.34979171941445,9.1021736894092
2029-11-16 12:00:00,2029,11,16,NA,0.643247987757427,10.8223687040079
2029-11-17 12:00:00,2029,11,17,NA,7.57387374875428,12.5658596711728
2029-11-18 12:00:00,2029,11,18,NA,7.15136086096141,12.2767616830869
2029-11-19 12:00:00,2029,11,19,NA,7.73384246054365,11.8695904573837
2029-11-20 12:00:00,2029,11,20,NA,8.92989459973721,16.6945898351308
2029-11-21 12:00:00,2029,11,21,NA,6.73837813974436,12.6028285944911
2029-11-22 12:00:00,2029,11,22,NA,9.37969120953964,13.1886945998421
2029-11-23 12:00:00,2029,11,23,NA,10.3245023749289,14.0468118467964
2029-11-24 12:00:00,2029,11,24,NA,13.3501760290675,14.290992204745
2029-11-25 12:00:00,2029,11,25,NA,13.5497826997037,14.4758718754706
2029-11-26 12:00:00,2029,11,26,NA,8.36342127552145,11.4032442041601
2029-11-27 12:00:00,2029,11,27,NA,6.49650748581115,11.5393998592132
2029-11-28 12:00:00,2029,11,28,NA,8.30206688016946,10.7398857649909
2029-11-29 12:00:00,2029,11,29,NA,5.85370024985709,8.66235355370403
2029-11-30 12:00:00,2029,11,30,NA,4.06272841799329,6.8601951593692
2029-12-01 12:00:00,2029,12,1,NA,3.28134787127076,7.00487771018949
2029-12-02 12:00:00,2029,12,2,NA,1.70637231203256,5.44671094835517
2029-12-03 12:00:00,2029,12,3,NA,4.35765943714146,7.61819135519418
2029-12-04 12:00:00,2029,12,4,NA,3.24891309453544,6.34963380999818
2029-12-05 12:00:00,2029,12,5,NA,2.26600332878694,7.10820616784011
2029-12-06 12:00:00,2029,12,6,NA,3.51506202610373,13.5873353132383
2029-12-07 12:00:00,2029,12,7,NA,9.74782642687082,13.3136369003768
2029-12-08 12:00:00,2029,12,8,NA,5.768683303706,8.36550526403649
2029-12-09 12:00:00,2029,12,9,NA,11.4003859710551,14.4452048123509
2029-12-10 12:00:00,2029,12,10,NA,9.0282013388464,14.9458619430443
2029-12-11 12:00:00,2029,12,11,NA,8.00649459284909,11.0389895664181
2029-12-12 12:00:00,2029,12,12,NA,3.32360555896053,10.2454702193835
2029-12-13 12:00:00,2029,12,13,NA,0.907085282737548,10.524011734224
2029-12-14 12:00:00,2029,12,14,NA,0.499234709877545,7.51667775656263
2029-12-15 12:00:00,2029,12,15,NA,-0.141314052162265,3.66364439331363
2029-12-16 12:00:00,2029,12,16,NA,-1.5946830968348,4.51164332991224
2029-12-17 12:00:00,2029,12,17,NA,-5.4611105901906,3.66114158364917
2029-12-18 12:00:00,2029,12,18,NA,-0.203282653134578,4.88976559674038
2029-12-19 12:00:00,2029,12,19,NA,-0.258196208888399,5.51752888354322
2029-12-20 12:00:00,2029,12,20,NA,-1.76937164890853,2.16539432180517
2029-12-21 12:00:00,2029,12,21,NA,1.2892762590033,8.12759813338058
2029-12-22 12:00:00,2029,12,22,NA,0.784987498532273,7.09188456737198
2029-12-23 12:00:00,2029,12,23,NA,0.79998402857784,7.88892664618843
2029-12-24 12:00:00,2029,12,24,NA,2.72295046583593,6.17089502614907
2029-12-25 12:00:00,2029,12,25,NA,4.97571442942082,7.54894107009712
2029-12-26 12:00:00,2029,12,26,NA,1.26233240798866,3.07260254412134
2029-12-27 12:00:00,2029,12,27,NA,0.00505870617654569,4.07088442189806
2029-12-28 12:00:00,2029,12,28,NA,4.81640653400625,9.70494203402681
2029-12-29 12:00:00,2029,12,29,NA,5.8271630979279,14.4425412628642
2029-12-30 12:00:00,2029,12,30,NA,3.70472234956228,12.8755812783568
2029-12-31 12:00:00,2029,12,31,NA,9.55216686701801,14.6508345011012
2030-01-01 12:00:00,2030,1,1,NA,8.0657696345301,10.512157383086
2030-01-02 12:00:00,2030,1,2,NA,6.58961226488736,10.4061793480891
2030-01-03 12:00:00,2030,1,3,NA,7.98643684580064,10.0315022048604
2030-01-04 12:00:00,2030,1,4,NA,4.95963424257796,11.1680444435688
2030-01-05 12:00:00,2030,1,5,NA,4.3242851703137,10.6029264603156
2030-01-06 12:00:00,2030,1,6,NA,4.22761018481299,15.920584719914
2030-01-07 12:00:00,2030,1,7,NA,2.89929691350513,7.50683826498179
2030-01-08 12:00:00,2030,1,8,NA,-1.27292008320469,7.72514717498554
2030-01-09 12:00:00,2030,1,9,NA,4.34492557630496,13.6321776849385
2030-01-10 12:00:00,2030,1,10,NA,3.39457607575962,9.7266558030982
2030-01-11 12:00:00,2030,1,11,NA,3.01925869784032,4.93864511600789
2030-01-12 12:00:00,2030,1,12,NA,-2.78580261762832,0.316322620309637
2030-01-13 12:00:00,2030,1,13,NA,-3.39980788853021,0.21149228958915
2030-01-14 12:00:00,2030,1,14,NA,-5.72378139332677,-0.649336345395026
2030-01-15 12:00:00,2030,1,15,NA,-2.42509668468149,0.736912591694071
2030-01-16 12:00:00,2030,1,16,NA,-0.727061923790705,3.14845320837976
2030-01-17 12:00:00,2030,1,17,NA,-2.02199608802142,5.87711132358839
2030-01-18 12:00:00,2030,1,18,NA,4.9421563234157,9.5283352668353
2030-01-19 12:00:00,2030,1,19,NA,0.133331039989892,5.84573949758052
2030-01-20 12:00:00,2030,1,20,NA,0.806758766212404,5.25741987530118
2030-01-21 12:00:00,2030,1,21,NA,-1.17228718146959,6.40774361520473
2030-01-22 12:00:00,2030,1,22,NA,-3.14439958233752,7.11142391281901
2030-01-23 12:00:00,2030,1,23,NA,-1.84857910546096,6.18662418942726
2030-01-24 12:00:00,2030,1,24,NA,4.47446359137034,9.80079371989795
2030-01-25 12:00:00,2030,1,25,NA,1.34271972289163,5.95608945706858
2030-01-26 12:00:00,2030,1,26,NA,3.18938552351022,10.9416555568227
2030-01-27 12:00:00,2030,1,27,NA,1.37236718051364,6.40297703725171
2030-01-28 12:00:00,2030,1,28,NA,-1.89243632665562,3.91129919548147
2030-01-29 12:00:00,2030,1,29,NA,-4.55006259531127,0.820198579000747
2030-01-30 12:00:00,2030,1,30,NA,-10.470322986325,-8.43568047427493
2030-01-31 12:00:00,2030,1,31,NA,-5.3530022849276,-4.42801627010786
2030-02-01 12:00:00,2030,2,1,NA,-5.42866906935078,-0.0973563432975109
2030-02-02 12:00:00,2030,2,2,NA,-8.7613545883611,1.15632038273344
2030-02-03 12:00:00,2030,2,3,NA,2.43128807779578,5.84557263621794
2030-02-04 12:00:00,2030,2,4,NA,3.03420606987895,7.17501200126686
2030-02-05 12:00:00,2030,2,5,NA,3.16912114783795,12.848185544665
2030-02-06 12:00:00,2030,2,6,NA,2.48823001835775,8.39197809590428
2030-02-07 12:00:00,2030,2,7,NA,0.90651364942224,8.2550125573951
2030-02-08 12:00:00,2030,2,8,NA,-1.11330551730845,10.4359363568618
2030-02-09 12:00:00,2030,2,9,NA,0.711907928529261,7.95820668881204
2030-02-10 12:00:00,2030,2,10,NA,3.85642248163203,13.1323878250265
2030-02-11 12:00:00,2030,2,11,NA,3.23377854189062,11.20161481448
2030-02-12 12:00:00,2030,2,12,NA,4.95708202286867,9.10053130478045
2030-02-13 12:00:00,2030,2,13,NA,5.60898411671126,8.04083117068929
2030-02-14 12:00:00,2030,2,14,NA,8.40472889555761,10.0367037975277
2030-02-15 12:00:00,2030,2,15,NA,1.90905926448531,10.9132861949003
2030-02-16 12:00:00,2030,2,16,NA,-3.5433228307726,8.02739033687718
2030-02-17 12:00:00,2030,2,17,NA,1.82864524073324,13.2399348426424
2030-02-18 12:00:00,2030,2,18,NA,1.53728254143689,14.4501805826185
2030-02-19 12:00:00,2030,2,19,NA,2.67364960817459,17.5175628423542
2030-02-20 12:00:00,2030,2,20,NA,8.73375849424586,15.7782719677409
2030-02-21 12:00:00,2030,2,21,NA,10.5570965628424,15.4396600189905
2030-02-22 12:00:00,2030,2,22,NA,6.78989180207036,11.7307946414713
2030-02-23 12:00:00,2030,2,23,NA,5.89550916264339,11.2212398362455
2030-02-24 12:00:00,2030,2,24,NA,5.97972637641239,8.40306326352424
2030-02-25 12:00:00,2030,2,25,NA,5.22160923097471,11.7425840452284
2030-02-26 12:00:00,2030,2,26,NA,3.33350469126744,10.8352492548593
2030-02-27 12:00:00,2030,2,27,NA,1.00309146815211,8.0292034585092
2030-02-28 12:00:00,2030,2,28,NA,0.539539884848199,6.60129572867954
2030-03-01 12:00:00,2030,3,1,NA,4.30852411586468,8.54156017628809
2030-03-02 12:00:00,2030,3,2,NA,2.77456116684618,11.157726941743
2030-03-03 12:00:00,2030,3,3,NA,-1.99322107075573,7.76860000911613
2030-03-04 12:00:00,2030,3,4,NA,-4.61006015845931,6.0762822308256
2030-03-05 12:00:00,2030,3,5,NA,-1.30824741644417,6.00988637573929
2030-03-06 12:00:00,2030,3,6,NA,3.63188913713807,10.0897975003499
2030-03-07 12:00:00,2030,3,7,NA,-0.404263875339288,15.2378846204204
2030-03-08 12:00:00,2030,3,8,NA,5.33850516401544,18.0726293890794
2030-03-09 12:00:00,2030,3,9,NA,8.58360387449035,18.9109976317927
2030-03-10 12:00:00,2030,3,10,NA,9.14260319813248,18.2628347679044
2030-03-11 12:00:00,2030,3,11,NA,4.04624506674356,18.1379458801447
2030-03-12 12:00:00,2030,3,12,NA,-0.178335767432806,20.000489678437
2030-03-13 12:00:00,2030,3,13,NA,3.05681369993683,11.6008440135926
2030-03-14 12:00:00,2030,3,14,NA,5.14436554406396,12.4235695326445
2030-03-15 12:00:00,2030,3,15,NA,8.10624700488493,13.8739115386665
2030-03-16 12:00:00,2030,3,16,NA,6.64655769079617,16.8948663189615
2030-03-17 12:00:00,2030,3,17,NA,3.45175645359225,16.4594978446856
2030-03-18 12:00:00,2030,3,18,NA,6.38884216121011,15.2792214014322
2030-03-19 12:00:00,2030,3,19,NA,6.90592937787627,14.9405311720965
2030-03-20 12:00:00,2030,3,20,NA,10.9214340644949,12.9328967699479
2030-03-21 12:00:00,2030,3,21,NA,7.28951004261658,9.81928497579789
2030-03-22 12:00:00,2030,3,22,NA,7.50519436475138,12.0836164985912
2030-03-23 12:00:00,2030,3,23,NA,5.14443847927966,11.0638781167438
2030-03-24 12:00:00,2030,3,24,NA,-0.908160748940433,14.6257767178829
2030-03-25 12:00:00,2030,3,25,NA,0.141834683486188,18.7873113907268
2030-03-26 12:00:00,2030,3,26,NA,0.605724047714075,18.0172408958631
2030-03-27 12:00:00,2030,3,27,NA,7.69437923076963,14.0039321259872
2030-03-28 12:00:00,2030,3,28,NA,5.37666645731519,11.8818605741821
2030-03-29 12:00:00,2030,3,29,NA,8.59366960970191,13.7791680060313
2030-03-30 12:00:00,2030,3,30,NA,5.98375617876578,16.8365669023041
2030-03-31 12:00:00,2030,3,31,NA,5.06313969146022,11.9042842050967
2030-04-01 12:00:00,2030,4,1,NA,5.31050737853614,12.2290980454609
2030-04-02 12:00:00,2030,4,2,NA,-2.84552190790919,11.1209720761095
2030-04-03 12:00:00,2030,4,3,NA,0.48907525234694,11.9580214059524
2030-04-04 12:00:00,2030,4,4,NA,-1.89669252437602,11.6471386368289
2030-04-05 12:00:00,2030,4,5,NA,-1.00925310155742,14.2940482788177
2030-04-06 12:00:00,2030,4,6,NA,2.88280775128928,16.0531730674481
2030-04-07 12:00:00,2030,4,7,NA,2.96371840107253,15.6699557491949
2030-04-08 12:00:00,2030,4,8,NA,6.22501198224536,16.2185598563417
2030-04-09 12:00:00,2030,4,9,NA,9.02086211951586,12.8286570789218
2030-04-10 12:00:00,2030,4,10,NA,5.49122139405528,10.7820793554933
2030-04-11 12:00:00,2030,4,11,NA,5.34741106562626,12.7556711993012
2030-04-12 12:00:00,2030,4,12,NA,9.79983716158968,15.8810407780509
2030-04-13 12:00:00,2030,4,13,NA,5.98695680622743,14.848393035392
2030-04-14 12:00:00,2030,4,14,NA,2.64101177543894,14.2699868199259
2030-04-15 12:00:00,2030,4,15,NA,-0.495233711532462,13.7994520846308
2030-04-16 12:00:00,2030,4,16,NA,5.92852587530735,12.0714021508802
2030-04-17 12:00:00,2030,4,17,NA,0.858696259286983,12.4703366688183
2030-04-18 12:00:00,2030,4,18,NA,7.19839771693448,12.4801116310194
2030-04-19 12:00:00,2030,4,19,NA,3.25268942724421,17.8644418587033
2030-04-20 12:00:00,2030,4,20,NA,1.89889655621444,18.8535643118189
2030-04-21 12:00:00,2030,4,21,NA,7.22960665198837,20.4106031865117
2030-04-22 12:00:00,2030,4,22,NA,9.33565729026702,15.3948054788714
2030-04-23 12:00:00,2030,4,23,NA,6.52163260552156,15.8422207953179
2030-04-24 12:00:00,2030,4,24,NA,9.67235554921469,20.2649904633436
2030-04-25 12:00:00,2030,4,25,NA,11.2830082271778,19.6965599540852
2030-04-26 12:00:00,2030,4,26,NA,5.52988004581126,16.1090555297335
2030-04-27 12:00:00,2030,4,27,NA,7.56637686873489,18.7415491196588
2030-04-28 12:00:00,2030,4,28,NA,2.9754999775371,19.814561597973
2030-04-29 12:00:00,2030,4,29,NA,4.6167874018548,20.273342620134
2030-04-30 12:00:00,2030,4,30,NA,6.98786170096118,23.4367223008396
2030-05-01 12:00:00,2030,5,1,NA,8.75804535465426,25.1376390861188
2030-05-02 12:00:00,2030,5,2,NA,15.4555560930709,24.742655532564
2030-05-03 12:00:00,2030,5,3,NA,15.8830984718676,24.6940010890359
2030-05-04 12:00:00,2030,5,4,NA,15.9030089083571,25.1741855820801
2030-05-05 12:00:00,2030,5,5,NA,13.0339599149311,21.8095038659661
2030-05-06 12:00:00,2030,5,6,NA,14.3173593407629,30.0350143655789
2030-05-07 12:00:00,2030,5,7,NA,15.3863023262456,27.1393397026002
2030-05-08 12:00:00,2030,5,8,NA,11.8006890461785,28.5202400107101
2030-05-09 12:00:00,2030,5,9,NA,9.84636249661849,27.8934784684213
2030-05-10 12:00:00,2030,5,10,NA,12.1860854657367,29.7067627359858
2030-05-11 12:00:00,2030,5,11,NA,12.408550496786,23.3234698606662
2030-05-12 12:00:00,2030,5,12,NA,12.5595051150316,30.4757079508611
2030-05-13 12:00:00,2030,5,13,NA,15.8055008340388,25.5062772038558
2030-05-14 12:00:00,2030,5,14,NA,14.3462403656053,27.1930557380777
2030-05-15 12:00:00,2030,5,15,NA,18.0979469900223,25.1498987873685
2030-05-16 12:00:00,2030,5,16,NA,15.3874638325527,27.0661727546181
2030-05-17 12:00:00,2030,5,17,NA,11.7045620681081,27.2116987411516
2030-05-18 12:00:00,2030,5,18,NA,10.5591149308696,21.6595691641887
2030-05-19 12:00:00,2030,5,19,NA,13.2603723285659,20.6374415078158
2030-05-20 12:00:00,2030,5,20,NA,18.5901001871858,20.645174775252
2030-05-21 12:00:00,2030,5,21,NA,16.4671663039343,23.3885377257533
2030-05-22 12:00:00,2030,5,22,NA,9.29239512544544,21.7354315564713
2030-05-23 12:00:00,2030,5,23,NA,6.59706638069164,19.2081470313475
2030-05-24 12:00:00,2030,5,24,NA,4.44058901929661,20.6813913433594
2030-05-25 12:00:00,2030,5,25,NA,10.1117216049602,21.9092802175785
2030-05-26 12:00:00,2030,5,26,NA,10.1736547145662,19.028021359424
2030-05-27 12:00:00,2030,5,27,NA,10.8645287884704,17.7955753790795
2030-05-28 12:00:00,2030,5,28,NA,13.7460829031905,20.7876826842566
2030-05-29 12:00:00,2030,5,29,NA,15.8979999479595,25.712230806758
2030-05-30 12:00:00,2030,5,30,NA,21.4934493403886,25.5568561663818
2030-05-31 12:00:00,2030,5,31,NA,18.4786931640784,22.1000011653163
2030-06-01 12:00:00,2030,6,1,NA,18.5380766300211,27.6240731402948
2030-06-02 12:00:00,2030,6,2,NA,16.9990432213267,24.0866425097647
2030-06-03 12:00:00,2030,6,3,NA,14.2348908365858,21.4661441028095
2030-06-04 12:00:00,2030,6,4,NA,14.0717540287104,21.2537942557619
2030-06-05 12:00:00,2030,6,5,NA,14.6564100816994,18.7783167219417
2030-06-06 12:00:00,2030,6,6,NA,13.1200155008011,20.3471515894981
2030-06-07 12:00:00,2030,6,7,NA,11.8543679100424,17.9969196030209
2030-06-08 12:00:00,2030,6,8,NA,6.39684852368488,23.2079860266333
2030-06-09 12:00:00,2030,6,9,NA,11.7670748958413,24.1622586677033
2030-06-10 12:00:00,2030,6,10,NA,13.2804236735448,21.5149488878932
2030-06-11 12:00:00,2030,6,11,NA,11.8588859320069,18.0014376249854
2030-06-12 12:00:00,2030,6,12,NA,14.922311191993,18.2444960793079
2030-06-13 12:00:00,2030,6,13,NA,12.7400162724443,19.9702699762998
2030-06-14 12:00:00,2030,6,14,NA,11.228262352661,17.6570200432539
2030-06-15 12:00:00,2030,6,15,NA,7.38293777773969,21.154557347367
2030-06-16 12:00:00,2030,6,16,NA,8.99109484376741,20.3494116561097
2030-06-17 12:00:00,2030,6,17,NA,11.7576274769569,21.2830253957408
2030-06-18 12:00:00,2030,6,18,NA,10.8024713988549,21.1094982083241
2030-06-19 12:00:00,2030,6,19,NA,11.1253584679946,26.0885516774844
2030-06-20 12:00:00,2030,6,20,NA,11.8690849654056,27.337954222676
2030-06-21 12:00:00,2030,6,21,NA,13.4440770186155,32.0383479411289
2030-06-22 12:00:00,2030,6,22,NA,13.7589083498641,31.2572090511695
2030-06-23 12:00:00,2030,6,23,NA,19.9620327654184,30.2587105658428
2030-06-24 12:00:00,2030,6,24,NA,12.5797818972597,31.4289590486184
2030-06-25 12:00:00,2030,6,25,NA,15.8348613314704,28.2272187547109
2030-06-26 12:00:00,2030,6,26,NA,23.0174132289725,25.0536040725346
2030-06-27 12:00:00,2030,6,27,NA,21.8249815354279,25.6064671395016
2030-06-28 12:00:00,2030,6,28,NA,19.6939244303586,24.7656203798447
2030-06-29 12:00:00,2030,6,29,NA,22.5534337304676,30.7641438121182
2030-06-30 12:00:00,2030,6,30,NA,18.5152234651356,32.4630147449153
2030-07-01 12:00:00,2030,7,1,NA,15.9590407982565,29.7080076022005
2030-07-02 12:00:00,2030,7,2,NA,17.4784622476588,28.6878015083937
2030-07-03 12:00:00,2030,7,3,NA,14.9500809782566,28.1198816333987
2030-07-04 12:00:00,2030,7,4,NA,16.4277931628307,30.6058779329237
2030-07-05 12:00:00,2030,7,5,NA,18.5290048215906,24.3048127674894
2030-07-06 12:00:00,2030,7,6,NA,17.28448859817,25.6800114081801
2030-07-07 12:00:00,2030,7,7,NA,14.2268173171806,22.4808085915908
2030-07-08 12:00:00,2030,7,8,NA,12.9768837815888,29.5545681930042
2030-07-09 12:00:00,2030,7,9,NA,10.3301760718979,31.686837581932
2030-07-10 12:00:00,2030,7,10,NA,16.3090683450918,25.9599093108085
2030-07-11 12:00:00,2030,7,11,NA,16.6530979968305,24.6184224031867
2030-07-12 12:00:00,2030,7,12,NA,13.4616640636925,23.9238167484793
2030-07-13 12:00:00,2030,7,13,NA,11.7538653036515,23.8909137146753
2030-07-14 12:00:00,2030,7,14,NA,15.8386327872513,24.3518083418453
2030-07-15 12:00:00,2030,7,15,NA,17.0033966913818,26.0059161209396
2030-07-16 12:00:00,2030,7,16,NA,19.248728451265,23.9868195534874
2030-07-17 12:00:00,2030,7,17,NA,17.3908767935696,24.0610359784127
2030-07-18 12:00:00,2030,7,18,NA,14.5434969673837,28.8920729616247
2030-07-19 12:00:00,2030,7,19,NA,17.0575197709711,30.2094300904284
2030-07-20 12:00:00,2030,7,20,NA,17.7757695105875,30.1264412681878
2030-07-21 12:00:00,2030,7,21,NA,16.390983952666,31.4080323541131
2030-07-22 12:00:00,2030,7,22,NA,17.423391713649,26.2337222183475
2030-07-23 12:00:00,2030,7,23,NA,11.9241534675045,25.4588306727659
2030-07-24 12:00:00,2030,7,24,NA,11.5520383838384,24.5720646347858
2030-07-25 12:00:00,2030,7,25,NA,11.1488852422622,26.923324273287
2030-07-26 12:00:00,2030,7,26,NA,9.92109759419532,29.1239703174105
2030-07-27 12:00:00,2030,7,27,NA,11.9567509119332,23.9910369787814
2030-07-28 12:00:00,2030,7,28,NA,10.9901332261851,23.4288704181651
2030-07-29 12:00:00,2030,7,29,NA,13.7908604630496,21.1936498419636
2030-07-30 12:00:00,2030,7,30,NA,12.9537045979897,22.793180558056
2030-07-31 12:00:00,2030,7,31,NA,11.1100379649026,23.607648713809
2030-08-01 12:00:00,2030,8,1,NA,16.6249437397086,22.7089958451116
2030-08-02 12:00:00,2030,8,2,NA,19.2142000718887,24.5580147640695
2030-08-03 12:00:00,2030,8,3,NA,20.1128806755142,24.6184418490987
2030-08-04 12:00:00,2030,8,4,NA,15.5583786882959,26.9274046862984
2030-08-05 12:00:00,2030,8,5,NA,18.9263688223231,27.975501993785
2030-08-06 12:00:00,2030,8,6,NA,17.4154016060402,28.5516361213449
2030-08-07 12:00:00,2030,8,7,NA,15.9619368812834,30.3211003559482
2030-08-08 12:00:00,2030,8,8,NA,13.1885188210978,26.123069472853
2030-08-09 12:00:00,2030,8,9,NA,15.143749561148,23.3985074699464
2030-08-10 12:00:00,2030,8,10,NA,14.8069213046526,25.0561690904374
2030-08-11 12:00:00,2030,8,11,NA,10.9082614800289,23.0032577991127
2030-08-12 12:00:00,2030,8,12,NA,11.8607204198877,22.0289897429484
2030-08-13 12:00:00,2030,8,13,NA,17.0876531461355,22.5913382177567
2030-08-14 12:00:00,2030,8,14,NA,16.7531083955887,26.9213159316702
2030-08-15 12:00:00,2030,8,15,NA,15.2022540917175,25.1072548186094
2030-08-16 12:00:00,2030,8,16,NA,19.0261472320122,23.6400713764583
2030-08-17 12:00:00,2030,8,17,NA,18.205308404529,22.7044952522357
2030-08-18 12:00:00,2030,8,18,NA,14.8284126205415,20.9194675676096
2030-08-19 12:00:00,2030,8,19,NA,13.1763467598026,20.5976156698496
2030-08-20 12:00:00,2030,8,20,NA,15.0055615669063,23.2603194757047
2030-08-21 12:00:00,2030,8,21,NA,14.7578888337532,26.5056463126574
2030-08-22 12:00:00,2030,8,22,NA,13.7247765977251,23.629777324617
2030-08-23 12:00:00,2030,8,23,NA,14.203455192432,20.8877313624617
2030-08-24 12:00:00,2030,8,24,NA,11.5102815309397,20.0193943526685
2030-08-25 12:00:00,2030,8,25,NA,9.40352745823022,19.2907550383943
2030-08-26 12:00:00,2030,8,26,NA,12.2822356425284,22.1684074193457
2030-08-27 12:00:00,2030,8,27,NA,12.5989932259509,21.6057011964409
2030-08-28 12:00:00,2030,8,28,NA,12.4494876220411,29.3049716477395
2030-08-29 12:00:00,2030,8,29,NA,18.3750823305946,29.3926794675528
2030-08-30 12:00:00,2030,8,30,NA,17.9306493027071,27.918403227014
2030-08-31 12:00:00,2030,8,31,NA,16.9134839790027,22.4455105597838
2030-09-01 12:00:00,2030,9,1,NA,12.7040458228643,16.4309464906653
2030-09-02 12:00:00,2030,9,2,NA,12.6234027487815,20.7062948669661
2030-09-03 12:00:00,2030,9,3,NA,8.2496623709525,23.3153982542702
2030-09-04 12:00:00,2030,9,4,NA,7.09255647655404,20.6955020689242
2030-09-05 12:00:00,2030,9,5,NA,11.8114014129942,19.2359293308687
2030-09-06 12:00:00,2030,9,6,NA,10.9436259931575,20.7067588553464
2030-09-07 12:00:00,2030,9,7,NA,11.8785252149737,20.3729673354535
2030-09-08 12:00:00,2030,9,8,NA,13.149431010229,17.1998727849525
2030-09-09 12:00:00,2030,9,9,NA,9.88877306436459,21.2314521338615
2030-09-10 12:00:00,2030,9,10,NA,12.0971461503103,18.8847116153457
2030-09-11 12:00:00,2030,9,11,NA,9.5184530259807,21.0856415876602
2030-09-12 12:00:00,2030,9,12,NA,10.6935828648942,19.0510651331674
2030-09-13 12:00:00,2030,9,13,NA,11.8239597593011,17.6078895635677
2030-09-14 12:00:00,2030,9,14,NA,9.16260935323817,17.593445759012
2030-09-15 12:00:00,2030,9,15,NA,7.22163309804096,19.847098344833
2030-09-16 12:00:00,2030,9,16,NA,6.87545413649366,20.0724796378409
2030-09-17 12:00:00,2030,9,17,NA,11.179448792374,18.6039767102484
2030-09-18 12:00:00,2030,9,18,NA,10.9283747113201,21.4288790182733
2030-09-19 12:00:00,2030,9,19,NA,10.3006452623252,16.3928694203886
2030-09-20 12:00:00,2030,9,20,NA,7.12849742622176,17.5183174566724
2030-09-21 12:00:00,2030,9,21,NA,7.47962855732918,16.5942316633685
2030-09-22 12:00:00,2030,9,22,NA,10.5270458942524,15.2085963387526
2030-09-23 12:00:00,2030,9,23,NA,9.37845612464236,19.1742749395858
2030-09-24 12:00:00,2030,9,24,NA,8.07067066884254,21.7493482110501
2030-09-25 12:00:00,2030,9,25,NA,10.6101612312389,19.4493597952389
2030-09-26 12:00:00,2030,9,26,NA,11.0320175614429,21.9454360901341
2030-09-27 12:00:00,2030,9,27,NA,9.79422572044297,21.8901944032344
2030-09-28 12:00:00,2030,9,28,NA,5.29619504067263,24.7415679514003
2030-09-29 12:00:00,2030,9,29,NA,6.55864209445925,19.0444256128028
2030-09-30 12:00:00,2030,9,30,NA,6.22621593069468,20.2532113366613
2030-10-01 12:00:00,2030,10,1,NA,10.5860391994558,16.6782633575191
2030-10-02 12:00:00,2030,10,2,NA,10.1099315185921,22.1371770530702
2030-10-03 12:00:00,2030,10,3,NA,11.2343482505132,22.1745511513183
2030-10-04 12:00:00,2030,10,4,NA,10.8630486286433,14.5239197709102
2030-10-05 12:00:00,2030,10,5,NA,11.4041275347067,18.2780377344582
2030-10-06 12:00:00,2030,10,6,NA,8.01825322557231,17.7466734369526
2030-10-07 12:00:00,2030,10,7,NA,10.6494426408371,16.8907937447115
2030-10-08 12:00:00,2030,10,8,NA,8.62913373032799,15.8490606375184
2030-10-09 12:00:00,2030,10,9,NA,6.19340273685755,13.9661266104605
2030-10-10 12:00:00,2030,10,10,NA,8.20318256992649,13.0404156629957
2030-10-11 12:00:00,2030,10,11,NA,7.62079391139566,14.9363089774019
2030-10-12 12:00:00,2030,10,12,NA,6.93870443937877,14.1044384830808
2030-10-13 12:00:00,2030,10,13,NA,5.61843434632645,12.130001027674
2030-10-14 12:00:00,2030,10,14,NA,4.08230994268408,12.731942838388
2030-10-15 12:00:00,2030,10,15,NA,4.38918936495211,15.1968878332697
2030-10-16 12:00:00,2030,10,16,NA,4.16463397486603,11.4172357249061
2030-10-17 12:00:00,2030,10,17,NA,2.34410717524588,10.8833349557668
2030-10-18 12:00:00,2030,10,18,NA,1.42739247652347,10.5795194009204
2030-10-19 12:00:00,2030,10,19,NA,4.63631358560336,7.83346510540859
2030-10-20 12:00:00,2030,10,20,NA,2.54851238669788,7.86818072961151
2030-10-21 12:00:00,2030,10,21,NA,2.11770822739494,10.8824041316748
2030-10-22 12:00:00,2030,10,22,NA,1.91811207425731,14.6872437488598
2030-10-23 12:00:00,2030,10,23,NA,3.84319819113861,13.3677038249857
2030-10-24 12:00:00,2030,10,24,NA,3.27584925745,12.9256492439889
2030-10-25 12:00:00,2030,10,25,NA,1.15204966975662,17.3505581249938
2030-10-26 12:00:00,2030,10,26,NA,5.85335244510702,15.4414362730638
2030-10-27 12:00:00,2030,10,27,NA,8.49130494392398,16.9905561820811
2030-10-28 12:00:00,2030,10,28,NA,7.76528435869377,19.1583702982979
2030-10-29 12:00:00,2030,10,29,NA,4.86251962315588,13.520171720115
2030-10-30 12:00:00,2030,10,30,NA,3.9753329916798,13.7513048874523
2030-10-31 12:00:00,2030,10,31,NA,6.58889794934048,12.9683185696045
2030-11-01 12:00:00,2030,11,1,NA,9.60154292995342,16.3916414169294
2030-11-02 12:00:00,2030,11,2,NA,6.78508047223978,13.841940654488
2030-11-03 12:00:00,2030,11,3,NA,9.63410311377145,14.0895724317403
2030-11-04 12:00:00,2030,11,4,NA,10.4124151188794,13.2442066134563
2030-11-05 12:00:00,2030,11,5,NA,11.3922717067321,12.7756609773711
2030-11-06 12:00:00,2030,11,6,NA,2.61696856257818,6.51592185521272
2030-11-07 12:00:00,2030,11,7,NA,4.7335898070993,9.58751081733289
2030-11-08 12:00:00,2030,11,8,NA,4.46735529318555,13.5676954470247
2030-11-09 12:00:00,2030,11,9,NA,7.06244962599897,12.6646721464763
2030-11-10 12:00:00,2030,11,10,NA,5.68931993899196,13.602588917001
2030-11-11 12:00:00,2030,11,11,NA,6.10791737958091,12.0602896929747
2030-11-12 12:00:00,2030,11,12,NA,10.4316086519588,11.3724248276363
2030-11-13 12:00:00,2030,11,13,NA,5.58162704922419,9.58854498221648
2030-11-14 12:00:00,2030,11,14,NA,8.03446378050825,13.7414491507602
2030-11-15 12:00:00,2030,11,15,NA,4.48815712525621,15.729401514345
2030-11-16 12:00:00,2030,11,16,NA,5.30886399820141,16.213795233106
2030-11-17 12:00:00,2030,11,17,NA,5.27858829388448,18.4653347291527
2030-11-18 12:00:00,2030,11,18,NA,7.2203058014567,17.4582998484484
2030-11-19 12:00:00,2030,11,19,NA,7.33998648287229,14.1385762517373
2030-11-20 12:00:00,2030,11,20,NA,6.0817753814225,11.9162808856217
2030-11-21 12:00:00,2030,11,21,NA,8.09673211527347,14.7409446025184
2030-11-22 12:00:00,2030,11,22,NA,8.01646528550092,10.7270074557964
2030-11-23 12:00:00,2030,11,23,NA,5.85884565464296,7.81201788618072
2030-11-24 12:00:00,2030,11,24,NA,4.04523782450159,7.31753326045649
2030-11-25 12:00:00,2030,11,25,NA,2.63505344497675,7.82106345700664
2030-11-26 12:00:00,2030,11,26,NA,0.573447535993767,7.67069212198583
2030-11-27 12:00:00,2030,11,27,NA,-0.484379318174231,9.23500212366985
2030-11-28 12:00:00,2030,11,28,NA,0.11661077327069,6.70182310280326
2030-11-29 12:00:00,2030,11,29,NA,-3.78349012910902,5.59845273591819
2030-11-30 12:00:00,2030,11,30,NA,-10.0833975858763,0.194878601349513
2030-12-01 12:00:00,2030,12,1,NA,-6.69007576361015,3.48904495264032
2030-12-02 12:00:00,2030,12,2,NA,-2.01461988282339,6.78283674251361
2030-12-03 12:00:00,2030,12,3,NA,3.76922353708844,9.91696838089188
2030-12-04 12:00:00,2030,12,4,NA,2.74426705004841,6.81702254278056
2030-12-05 12:00:00,2030,12,5,NA,5.64556482495841,9.36574886873532
2030-12-06 12:00:00,2030,12,6,NA,10.7500292344312,12.0556940768109
2030-12-07 12:00:00,2030,12,7,NA,8.04956470606674,9.94921253361193
2030-12-08 12:00:00,2030,12,8,NA,6.35141734552416,12.0458995951853
2030-12-09 12:00:00,2030,12,9,NA,5.58656328186931,6.60460673349383
2030-12-10 12:00:00,2030,12,10,NA,-4.36289754972834,-2.35210212253169
2030-12-11 12:00:00,2030,12,11,NA,-2.85930075233513,1.4126622666189
2030-12-12 12:00:00,2030,12,12,NA,-5.41329378666508,3.76289838282185
2030-12-13 12:00:00,2030,12,13,NA,0.600881877497569,5.6995495115808
2030-12-14 12:00:00,2030,12,14,NA,-0.0600407291210048,5.8627374555945
2030-12-15 12:00:00,2030,12,15,NA,-0.997388201164222,8.17347072763028
2030-12-16 12:00:00,2030,12,16,NA,0.282188824587362,11.7327856680855
2030-12-17 12:00:00,2030,12,17,NA,6.15997212920007,12.6837972473998
2030-12-18 12:00:00,2030,12,18,NA,3.41687232184762,8.49618647260906
2030-12-19 12:00:00,2030,12,19,NA,4.2030058919338,12.0685434796043
2030-12-20 12:00:00,2030,12,20,NA,2.50799717706544,10.4770682712876
2030-12-21 12:00:00,2030,12,21,NA,-1.7388256083782,7.43203332041631
2030-12-22 12:00:00,2030,12,22,NA,-1.98769501339228,4.08670632714908
2030-12-23 12:00:00,2030,12,23,NA,4.99999173143022,8.24310602737202
2030-12-24 12:00:00,2030,12,24,NA,-0.512031611553547,8.92874477727232
2030-12-25 12:00:00,2030,12,25,NA,2.27333477354719,10.8285281228795
2030-12-26 12:00:00,2030,12,26,NA,0.45508391035582,13.2883708598586
2030-12-27 12:00:00,2030,12,27,NA,-0.798035059691585,11.4333069262192
2030-12-28 12:00:00,2030,12,28,NA,2.77354032999207,10.9240215130261
2030-12-29 12:00:00,2030,12,29,NA,4.03346085007725,11.9005661571729
2030-12-30 12:00:00,2030,12,30,NA,6.38211261946616,10.3839810287391
2030-12-31 12:00:00,2030,12,31,NA,-11.5155781032755,0.231059802016042
2031-01-01 12:00:00,2031,1,1,NA,-2.07527930812181,1.47856508807718
2031-01-02 12:00:00,2031,1,2,NA,0.838124051288716,4.64308249676461
2031-01-03 12:00:00,2031,1,3,NA,-1.96234546676256,4.47660857137872
2031-01-04 12:00:00,2031,1,4,NA,-1.95057082577811,3.49792249250301
2031-01-05 12:00:00,2031,1,5,NA,-5.97131819560807,2.05749701993795
2031-01-06 12:00:00,2031,1,6,NA,-3.79321551815942,9.72560654639335
2031-01-07 12:00:00,2031,1,7,NA,2.65195049802038,11.8169460906466
2031-01-08 12:00:00,2031,1,8,NA,9.47387597017627,17.4651446127196
2031-01-09 12:00:00,2031,1,9,NA,6.20871265621487,12.6120939398373
2031-01-10 12:00:00,2031,1,10,NA,4.42657997861674,11.7129549862999
2031-01-11 12:00:00,2031,1,11,NA,2.89909928183011,9.97846137027572
2031-01-12 12:00:00,2031,1,12,NA,3.17988295548677,9.33468043693661
2031-01-13 12:00:00,2031,1,13,NA,0.835803687842824,11.0028105469238
2031-01-14 12:00:00,2031,1,14,NA,-0.720000266122023,15.3148261875725
2031-01-15 12:00:00,2031,1,15,NA,1.00065661220519,10.6130820413203
2031-01-16 12:00:00,2031,1,16,NA,-2.77137346801505,6.22712355489065
2031-01-17 12:00:00,2031,1,17,NA,4.39628074685275,10.1086892044434
2031-01-18 12:00:00,2031,1,18,NA,-1.85588043669379,3.36856846888716
2031-01-19 12:00:00,2031,1,19,NA,4.40243199129746,8.05552815037425
2031-01-20 12:00:00,2031,1,20,NA,1.2147965633034,4.31384662599053
2031-01-21 12:00:00,2031,1,21,NA,4.10520763089396,9.83034176316161
2031-01-22 12:00:00,2031,1,22,NA,8.68688228489313,10.5728056487338
2031-01-23 12:00:00,2031,1,23,NA,6.67551096979236,12.8533779361039
2031-01-24 12:00:00,2031,1,24,NA,2.04560295586215,9.58181542337377
2031-01-25 12:00:00,2031,1,25,NA,4.54376657032802,11.7914651440259
2031-01-26 12:00:00,2031,1,26,NA,5.02735632916497,9.51304893298475
2031-01-27 12:00:00,2031,1,27,NA,2.26972103912847,11.1933712307793
2031-01-28 12:00:00,2031,1,28,NA,0.38045635548945,4.81973435702884
2031-01-29 12:00:00,2031,1,29,NA,1.5960714484432,5.7670571248683
2031-01-30 12:00:00,2031,1,30,NA,-2.14700285454288,5.73810891613494
2031-01-31 12:00:00,2031,1,31,NA,1.68836420464949,7.66854021918528
2031-02-01 12:00:00,2031,2,1,NA,1.74600291133476,6.6883985327406
2031-02-02 12:00:00,2031,2,2,NA,5.3837580674464,13.6532671674321
2031-02-03 12:00:00,2031,2,3,NA,6.5294366945667,14.3139499525021
2031-02-04 12:00:00,2031,2,4,NA,8.22620490410499,14.9872886084653
2031-02-05 12:00:00,2031,2,5,NA,3.81412087486677,16.0395868370552
2031-02-06 12:00:00,2031,2,6,NA,3.5241298642931,10.2852135686534
2031-02-07 12:00:00,2031,2,7,NA,3.56938854277564,8.85439885233177
2031-02-08 12:00:00,2031,2,8,NA,4.46054642682384,7.75794584165101
2031-02-09 12:00:00,2031,2,9,NA,-1.63927953912787,9.35647916080985
2031-02-10 12:00:00,2031,2,10,NA,2.10594509406317,13.5172346959723
2031-02-11 12:00:00,2031,2,11,NA,2.9179923873601,14.7031913282041
2031-02-12 12:00:00,2031,2,12,NA,7.51943550534152,17.849688568157
2031-02-13 12:00:00,2031,2,13,NA,6.54598498991889,13.7169118195204
2031-02-14 12:00:00,2031,2,14,NA,5.28697241697463,14.6666114208055
2031-02-15 12:00:00,2031,2,15,NA,5.28106458690942,17.5426470035019
2031-02-16 12:00:00,2031,2,16,NA,10.263261219198,19.6429002230289
2031-02-17 12:00:00,2031,2,17,NA,9.83755194141656,20.2450120787588
2031-02-18 12:00:00,2031,2,18,NA,8.99815446578531,17.9117476970651
2031-02-19 12:00:00,2031,2,19,NA,12.113536467844,17.054439307245
2031-02-20 12:00:00,2031,2,20,NA,10.882709231172,14.1734763769956
2031-02-21 12:00:00,2031,2,21,NA,8.9188151762354,14.5923927430584
2031-02-22 12:00:00,2031,2,22,NA,7.17558584853879,14.4606294738223
2031-02-23 12:00:00,2031,2,23,NA,10.4512246818052,17.1456292232742
2031-02-24 12:00:00,2031,2,24,NA,10.5331885614914,15.9523756889006
2031-02-25 12:00:00,2031,2,25,NA,15.6413902696544,16.5958679062144
2031-02-26 12:00:00,2031,2,26,NA,12.2255793870097,14.0253832847724
2031-02-27 12:00:00,2031,2,27,NA,6.25166593922018,11.1954751950209
2031-02-28 12:00:00,2031,2,28,NA,9.45673605482878,14.7231607177058
2031-03-01 12:00:00,2031,3,1,NA,8.7787641557974,15.5419683861907
2031-03-02 12:00:00,2031,3,2,NA,9.09523311086224,21.3206990730506
2031-03-03 12:00:00,2031,3,3,NA,7.28529083317219,20.9936283073481
2031-03-04 12:00:00,2031,3,4,NA,12.1477136338675,18.9433818845069
2031-03-05 12:00:00,2031,3,5,NA,9.43756501873242,13.7306568881596
2031-03-06 12:00:00,2031,3,6,NA,5.7428043858744,11.9156201151372
2031-03-07 12:00:00,2031,3,7,NA,5.11743643735955,9.38459694189777
2031-03-08 12:00:00,2031,3,8,NA,1.16816437119031,9.69213861541247
2031-03-09 12:00:00,2031,3,9,NA,4.26624833577103,6.6407312407203
2031-03-10 12:00:00,2031,3,10,NA,2.94022176985522,8.14963333473397
2031-03-11 12:00:00,2031,3,11,NA,2.30405976609929,5.93738910789935
2031-03-12 12:00:00,2031,3,12,NA,3.04475428197531,6.67808362377536
2031-03-13 12:00:00,2031,3,13,NA,6.04896977751586,11.1637111292785
2031-03-14 12:00:00,2031,3,14,NA,5.39462786345534,10.087338889443
2031-03-15 12:00:00,2031,3,15,NA,2.66859519492592,11.7888267646978
2031-03-16 12:00:00,2031,3,16,NA,3.23596148327055,12.0074625664509
2031-03-17 12:00:00,2031,3,17,NA,3.29386542890971,7.25089615566872
2031-03-18 12:00:00,2031,3,18,NA,3.69068066764087,15.9802141488907
2031-03-19 12:00:00,2031,3,19,NA,4.87585927150911,11.734533344195
2031-03-20 12:00:00,2031,3,20,NA,4.3443910032636,11.1248226899538
2031-03-21 12:00:00,2031,3,21,NA,0.940463279748142,7.79525512474719
2031-03-22 12:00:00,2031,3,22,NA,-1.7768002897688,9.65779425498662
2031-03-23 12:00:00,2031,3,23,NA,-2.78087269813119,4.73585423664935
2031-03-24 12:00:00,2031,3,24,NA,2.37981023535056,6.75756422053618
2031-03-25 12:00:00,2031,3,25,NA,0.362694064764642,7.2648727570137
2031-03-26 12:00:00,2031,3,26,NA,2.48296845214203,5.57436092602949
2031-03-27 12:00:00,2031,3,27,NA,3.58974249742416,5.47538026167571
2031-03-28 12:00:00,2031,3,28,NA,3.29005265147655,5.67946342472219
2031-03-29 12:00:00,2031,3,29,NA,1.15197318391889,6.61511284646514
2031-03-30 12:00:00,2031,3,30,NA,3.7389771312364,13.5007982111083
2031-03-31 12:00:00,2031,3,31,NA,-0.877846411119862,13.7518042724132
2031-04-01 12:00:00,2031,4,1,NA,6.8271199100071,10.9463058688155
2031-04-02 12:00:00,2031,4,2,NA,7.91385095371637,14.5274233178291
2031-04-03 12:00:00,2031,4,3,NA,8.3049958135558,14.1995091795549
2031-04-04 12:00:00,2031,4,4,NA,6.44612230914156,12.1387309729559
2031-04-05 12:00:00,2031,4,5,NA,5.90479997744494,11.7548320326377
2031-04-06 12:00:00,2031,4,6,NA,0.450246116627264,16.9541555689066
2031-04-07 12:00:00,2031,4,7,NA,5.81789589324638,25.8420947485641
2031-04-08 12:00:00,2031,4,8,NA,7.58890475398007,27.9808721416678
2031-04-09 12:00:00,2031,4,9,NA,8.82215318393584,28.3761292572087
2031-04-10 12:00:00,2031,4,10,NA,10.6783699145812,23.785948663889
2031-04-11 12:00:00,2031,4,11,NA,11.5473099686992,17.6064581573036
2031-04-12 12:00:00,2031,4,12,NA,12.2553155333431,17.3491337633041
2031-04-13 12:00:00,2031,4,13,NA,9.98806468776701,17.5680133943425
2031-04-14 12:00:00,2031,4,14,NA,4.82931476331098,14.2193192934576
2031-04-15 12:00:00,2031,4,15,NA,7.87185647374962,17.9886417967883
2031-04-16 12:00:00,2031,4,16,NA,7.9046535049057,18.4838289888279
2031-04-17 12:00:00,2031,4,17,NA,7.04574961627978,15.5126913044391
2031-04-18 12:00:00,2031,4,18,NA,9.18284071403804,13.8239189012209
2031-04-19 12:00:00,2031,4,19,NA,7.51585868421154,11.7511931186215
2031-04-20 12:00:00,2031,4,20,NA,5.81262761414741,10.0347823714509
2031-04-21 12:00:00,2031,4,21,NA,3.71034659760342,12.6928989780242
2031-04-22 12:00:00,2031,4,22,NA,6.34491177175485,15.8460678108053
2031-04-23 12:00:00,2031,4,23,NA,8.65477829794811,12.4625732573541
2031-04-24 12:00:00,2031,4,24,NA,1.70515335270839,13.4226648336917
2031-04-25 12:00:00,2031,4,25,NA,3.81725325904547,18.6442833707571
2031-04-26 12:00:00,2031,4,26,NA,2.42938563800057,19.2865939203015
2031-04-27 12:00:00,2031,4,27,NA,6.23847977665549,15.6547183176937
2031-04-28 12:00:00,2031,4,28,NA,2.83282797060149,16.7647653809537
2031-04-29 12:00:00,2031,4,29,NA,2.00687485611449,17.9601895502753
2031-04-30 12:00:00,2031,4,30,NA,4.98325336326801,20.3435222645328
2031-05-01 12:00:00,2031,5,1,NA,5.30906425046638,22.2028729662404
2031-05-02 12:00:00,2031,5,2,NA,6.88964937085043,24.1848974849522
2031-05-03 12:00:00,2031,5,3,NA,10.3586311917067,19.9506910796373
2031-05-04 12:00:00,2031,5,4,NA,7.6985756059007,18.5766452574539
2031-05-05 12:00:00,2031,5,5,NA,13.4640733036936,20.3625291638257
2031-05-06 12:00:00,2031,5,6,NA,11.9822205374467,19.3592897166967
2031-05-07 12:00:00,2031,5,7,NA,9.64954964961427,21.3130275786488
2031-05-08 12:00:00,2031,5,8,NA,8.81186798033137,21.5906591663876
2031-05-09 12:00:00,2031,5,9,NA,9.3092092027593,18.9012690906899
2031-05-10 12:00:00,2031,5,10,NA,8.21393562808879,20.4441680150535
2031-05-11 12:00:00,2031,5,11,NA,7.1334295623484,20.025815268061
2031-05-12 12:00:00,2031,5,12,NA,5.27980381967834,19.8111611887684
2031-05-13 12:00:00,2031,5,13,NA,8.49250141993394,20.2455387962885
2031-05-14 12:00:00,2031,5,14,NA,7.00846936593713,24.62906765579
2031-05-15 12:00:00,2031,5,15,NA,4.61962339122949,17.2307040418853
2031-05-16 12:00:00,2031,5,16,NA,9.79451826284675,14.6679104499821
2031-05-17 12:00:00,2031,5,17,NA,11.0236570592924,16.8456262681516
2031-05-18 12:00:00,2031,5,18,NA,15.6783889017578,26.8494718114291
2031-05-19 12:00:00,2031,5,19,NA,13.2911332806629,20.1345193694757
2031-05-20 12:00:00,2031,5,20,NA,4.50052523396944,21.0053422015537
2031-05-21 12:00:00,2031,5,21,NA,0.695284994513562,28.5956186545664
2031-05-22 12:00:00,2031,5,22,NA,2.4711309560672,32.3126087238492
2031-05-23 12:00:00,2031,5,23,NA,11.741911131289,24.8440995321973
2031-05-24 12:00:00,2031,5,24,NA,18.4361760641028,26.3565075257699
2031-05-25 12:00:00,2031,5,25,NA,18.8326121411375,33.4750766664619
2031-05-26 12:00:00,2031,5,26,NA,19.9408449966601,32.5519256473159
2031-05-27 12:00:00,2031,5,27,NA,21.8627258970561,33.579379802729
2031-05-28 12:00:00,2031,5,28,NA,19.5738789560762,30.2497823132708
2031-05-29 12:00:00,2031,5,29,NA,12.9555246567759,23.646454357812
2031-05-30 12:00:00,2031,5,30,NA,15.479437378083,17.4402868483337
2031-05-31 12:00:00,2031,5,31,NA,12.7153685003938,20.5461703415391
2031-06-01 12:00:00,2031,6,1,NA,12.2367610282003,15.1544810203208
2031-06-02 12:00:00,2031,6,2,NA,6.94453437907543,18.1436609321285
2031-06-03 12:00:00,2031,6,3,NA,8.53858170205696,21.1398567413545
2031-06-04 12:00:00,2031,6,4,NA,7.66899737588231,22.815848314497
2031-06-05 12:00:00,2031,6,5,NA,9.36142989880113,19.7939886102777
2031-06-06 12:00:00,2031,6,6,NA,9.97303062762933,23.3752258206362
2031-06-07 12:00:00,2031,6,7,NA,14.5478924860079,22.8121784192781
2031-06-08 12:00:00,2031,6,8,NA,14.5635348837278,23.8382114916211
2031-06-09 12:00:00,2031,6,9,NA,10.7879712179252,21.0949980273944
2031-06-10 12:00:00,2031,6,10,NA,6.07694102072743,24.6171724540246
2031-06-11 12:00:00,2031,6,11,NA,8.98666717380737,21.30797612033
2031-06-12 12:00:00,2031,6,12,NA,11.2160716850672,20.4326831282443
2031-06-13 12:00:00,2031,6,13,NA,10.489086629079,16.8468577053836
2031-06-14 12:00:00,2031,6,14,NA,8.16385624938565,17.3906197004004
2031-06-15 12:00:00,2031,6,15,NA,8.00155333899308,19.5090992681695
2031-06-16 12:00:00,2031,6,16,NA,8.8083141930842,26.0306091434535
2031-06-17 12:00:00,2031,6,17,NA,6.02731055578676,25.6553883408282
2031-06-18 12:00:00,2031,6,18,NA,6.63956400375647,26.0106169015819
2031-06-19 12:00:00,2031,6,19,NA,13.7947214623364,28.1410789614045
2031-06-20 12:00:00,2031,6,20,NA,11.6402966290612,29.6064712776935
2031-06-21 12:00:00,2031,6,21,NA,12.030679022811,28.4700212758379
2031-06-22 12:00:00,2031,6,22,NA,14.7512663980452,28.0920139872861
2031-06-23 12:00:00,2031,6,23,NA,13.0661571098456,28.5645587509629
2031-06-24 12:00:00,2031,6,24,NA,13.0126711745413,30.5491857253426
2031-06-25 12:00:00,2031,6,25,NA,17.9121826122754,30.2492664118799
2031-06-26 12:00:00,2031,6,26,NA,17.1929172342336,29.8483683151941
2031-06-27 12:00:00,2031,6,27,NA,17.1841666127324,25.2904863211978
2031-06-28 12:00:00,2031,6,28,NA,15.6774009647797,27.918074672996
2031-06-29 12:00:00,2031,6,29,NA,13.5413862932504,24.9051302139073
2031-06-30 12:00:00,2031,6,30,NA,17.1690399963518,24.6870467520305
2031-07-01 12:00:00,2031,7,1,NA,15.6197251057365,22.8444676326993
2031-07-02 12:00:00,2031,7,2,NA,14.3864468360253,23.5551938032023
2031-07-03 12:00:00,2031,7,3,NA,10.1370861787223,26.1105796846539
2031-07-04 12:00:00,2031,7,4,NA,9.46917956641685,28.416665121476
2031-07-05 12:00:00,2031,7,5,NA,9.17688835305711,28.3946050644056
2031-07-06 12:00:00,2031,7,6,NA,10.7446433254125,26.417442481021
2031-07-07 12:00:00,2031,7,7,NA,8.78699598072676,29.1068331752228
2031-07-08 12:00:00,2031,7,8,NA,10.2553959873464,26.0298350183712
2031-07-09 12:00:00,2031,7,9,NA,11.8948812356027,25.8764433249421
2031-07-10 12:00:00,2031,7,10,NA,12.331096504516,27.5200791270762
2031-07-11 12:00:00,2031,7,11,NA,12.2995526204243,28.2266194984813
2031-07-12 12:00:00,2031,7,12,NA,15.912799502979,26.8873341854531
2031-07-13 12:00:00,2031,7,13,NA,19.6102895830985,29.5815500200711
2031-07-14 12:00:00,2031,7,14,NA,17.6875095894169,34.8835988798348
2031-07-15 12:00:00,2031,7,15,NA,16.9209691018939,28.5288294032804
2031-07-16 12:00:00,2031,7,16,NA,19.6485996340458,28.373134191956
2031-07-17 12:00:00,2031,7,17,NA,19.4703354008766,31.4185574931644
2031-07-18 12:00:00,2031,7,18,NA,14.755878065458,26.8929264764819
2031-07-19 12:00:00,2031,7,19,NA,10.3386356166743,28.9684072708071
2031-07-20 12:00:00,2031,7,20,NA,16.4433856419615,32.4067669564101
2031-07-21 12:00:00,2031,7,21,NA,17.2113707262044,28.7279659596586
2031-07-22 12:00:00,2031,7,22,NA,16.8793159866177,29.3529362217566
2031-07-23 12:00:00,2031,7,23,NA,17.6507022947648,25.5973846608122
2031-07-24 12:00:00,2031,7,24,NA,19.571339731968,27.2042834756793
2031-07-25 12:00:00,2031,7,25,NA,16.6970557615316,24.3728028958788
2031-07-26 12:00:00,2031,7,26,NA,13.8091174618391,23.4160888730368
2031-07-27 12:00:00,2031,7,27,NA,9.67869500501979,21.6847791137906
2031-07-28 12:00:00,2031,7,28,NA,12.6705104925843,23.2154772459908
2031-07-29 12:00:00,2031,7,29,NA,10.9690949122928,21.5892047592317
2031-07-30 12:00:00,2031,7,30,NA,12.4753051479459,21.101953147079
2031-07-31 12:00:00,2031,7,31,NA,13.4569547376623,27.5677416617439
2031-08-01 12:00:00,2031,8,1,NA,13.0414820300088,28.9407402535263
2031-08-02 12:00:00,2031,8,2,NA,15.0235781749452,34.179422539878
2031-08-03 12:00:00,2031,8,3,NA,13.1806685464694,30.9702862105576
2031-08-04 12:00:00,2031,8,4,NA,14.2444155188003,27.1789661705555
2031-08-05 12:00:00,2031,8,5,NA,16.0511408137113,31.7340818903283
2031-08-06 12:00:00,2031,8,6,NA,16.192131476548,30.1827102089554
2031-08-07 12:00:00,2031,8,7,NA,14.7551054621278,29.11912024577
2031-08-08 12:00:00,2031,8,8,NA,16.4101690485332,27.7861870215924
2031-08-09 12:00:00,2031,8,9,NA,17.8262149186206,26.1521818516491
2031-08-10 12:00:00,2031,8,10,NA,19.9114792656112,28.0544809243723
2031-08-11 12:00:00,2031,8,11,NA,15.7360427809271,31.5326714316191
2031-08-12 12:00:00,2031,8,12,NA,20.6644665049059,26.9482857894741
2031-08-13 12:00:00,2031,8,13,NA,19.0944820641887,26.5321464893656
2031-08-14 12:00:00,2031,8,14,NA,16.6387247807811,29.2149217899101
2031-08-15 12:00:00,2031,8,15,NA,15.6228133021623,25.5089850789796
2031-08-16 12:00:00,2031,8,16,NA,18.8654856055659,29.2105724438709
2031-08-17 12:00:00,2031,8,17,NA,18.9724163038383,24.5331683230271
2031-08-18 12:00:00,2031,8,18,NA,15.0943955665638,24.1435287380256
2031-08-19 12:00:00,2031,8,19,NA,14.9751105116823,25.3227519457931
2031-08-20 12:00:00,2031,8,20,NA,15.6412459786797,23.896003887478
2031-08-21 12:00:00,2031,8,21,NA,16.3127696747989,27.080167860469
2031-08-22 12:00:00,2031,8,22,NA,15.183455282048,23.574704641735
2031-08-23 12:00:00,2031,8,23,NA,12.040833251909,21.0193077538678
2031-08-24 12:00:00,2031,8,24,NA,11.4654877591084,20.560117693071
2031-08-25 12:00:00,2031,8,25,NA,7.9041300944911,19.6403018365724
2031-08-26 12:00:00,2031,8,26,NA,5.19373170732544,20.8661643382039
2031-08-27 12:00:00,2031,8,27,NA,9.70769342639701,25.3185494041735
2031-08-28 12:00:00,2031,8,28,NA,9.85175829520679,26.8265838941687
2031-08-29 12:00:00,2031,8,29,NA,12.0073031878841,18.4161129487823
2031-08-30 12:00:00,2031,8,30,NA,9.79262911031121,17.8755212284958
2031-08-31 12:00:00,2031,8,31,NA,7.33295107299809,21.8639968824268
2031-09-01 12:00:00,2031,9,1,NA,10.6907377167918,19.7734555800647
2031-09-02 12:00:00,2031,9,2,NA,14.0228006047928,18.636724749239
2031-09-03 12:00:00,2031,9,3,NA,12.9827491824237,21.6595333792925
2031-09-04 12:00:00,2031,9,4,NA,13.0616172263606,20.5569829770638
2031-09-05 12:00:00,2031,9,5,NA,13.6155442573651,22.6511372980645
2031-09-06 12:00:00,2031,9,6,NA,11.7083370825021,18.1545324270219
2031-09-07 12:00:00,2031,9,7,NA,9.37845596524294,20.7702509219781
2031-09-08 12:00:00,2031,9,8,NA,6.87825167035511,18.2209307398521
2031-09-09 12:00:00,2031,9,9,NA,12.8867828493961,19.3032857058327
2031-09-10 12:00:00,2031,9,10,NA,16.6134713567814,23.2553708167454
2031-09-11 12:00:00,2031,9,11,NA,16.9825253317436,25.0301627863318
2031-09-12 12:00:00,2031,9,12,NA,19.9492533619984,26.7368188270339
2031-09-13 12:00:00,2031,9,13,NA,18.2186819158789,26.8954661127477
2031-09-14 12:00:00,2031,9,14,NA,22.2031499379514,30.0106795891115
2031-09-15 12:00:00,2031,9,15,NA,16.7431721081397,31.1946984629041
2031-09-16 12:00:00,2031,9,16,NA,17.9822814672853,23.5425401692943
2031-09-17 12:00:00,2031,9,17,NA,15.8732709252356,20.9347116610015
2031-09-18 12:00:00,2031,9,18,NA,13.3522774420384,21.968027002248
2031-09-19 12:00:00,2031,9,19,NA,12.4168173023402,29.2228693724464
2031-09-20 12:00:00,2031,9,20,NA,13.4775421427446,24.1751843631313
2031-09-21 12:00:00,2031,9,21,NA,15.3922351222495,20.6178093235293
2031-09-22 12:00:00,2031,9,22,NA,11.9143184750517,21.6491452551361
2031-09-23 12:00:00,2031,9,23,NA,11.2854305942499,23.2983152215637
2031-09-24 12:00:00,2031,9,24,NA,9.38740504504589,23.0631759861106
2031-09-25 12:00:00,2031,9,25,NA,10.7287243962941,26.720674385758
2031-09-26 12:00:00,2031,9,26,NA,12.3150367860066,24.31987029235
2031-09-27 12:00:00,2031,9,27,NA,13.4624060520924,20.6055360510969
2031-09-28 12:00:00,2031,9,28,NA,13.3565744306133,21.7641240833597
2031-09-29 12:00:00,2031,9,29,NA,15.7156769361919,21.3770531786446
2031-09-30 12:00:00,2031,9,30,NA,14.2132223114448,17.3843957333617
2031-10-01 12:00:00,2031,10,1,NA,12.7422403903633,16.6534567851639
2031-10-02 12:00:00,2031,10,2,NA,10.7465238873135,15.2804887489402
2031-10-03 12:00:00,2031,10,3,NA,14.1611541159343,20.2788065615356
2031-10-04 12:00:00,2031,10,4,NA,9.77275529802304,20.5804537663406
2031-10-05 12:00:00,2031,10,5,NA,7.28588841114183,16.957244410896
2031-10-06 12:00:00,2031,10,6,NA,1.76321293112763,17.8832945410814
2031-10-07 12:00:00,2031,10,7,NA,2.08876174984906,18.2088433598028
2031-10-08 12:00:00,2031,10,8,NA,7.68133203043355,14.1836691067177
2031-10-09 12:00:00,2031,10,9,NA,5.01457358155078,15.8712931003874
2031-10-10 12:00:00,2031,10,10,NA,11.0382727381793,16.3876554075793
2031-10-11 12:00:00,2031,10,11,NA,8.10313636103942,9.146655665773
2031-10-12 12:00:00,2031,10,12,NA,7.14551531522125,9.97779744237774
2031-10-13 12:00:00,2031,10,13,NA,8.38759758681284,9.43111689154642
2031-10-14 12:00:00,2031,10,14,NA,7.42023411913623,11.7735155379259
2031-10-15 12:00:00,2031,10,15,NA,5.05736742039939,14.8507745050412
2031-10-16 12:00:00,2031,10,16,NA,3.13101332373428,15.3433912047616
2031-10-17 12:00:00,2031,10,17,NA,3.38127503484721,15.5278827393795
2031-10-18 12:00:00,2031,10,18,NA,4.5487100894407,19.7149065768949
2031-10-19 12:00:00,2031,10,19,NA,5.5067506972575,18.4825966654785
2031-10-20 12:00:00,2031,10,20,NA,5.59940340404003,20.2894095093595
2031-10-21 12:00:00,2031,10,21,NA,10.3497645422253,19.599186735919
2031-10-22 12:00:00,2031,10,22,NA,9.17772936921584,18.9017090505435
2031-10-23 12:00:00,2031,10,23,NA,14.3184985725956,22.2410893807198
2031-10-24 12:00:00,2031,10,24,NA,12.2177260814664,23.025424549784
2031-10-25 12:00:00,2031,10,25,NA,12.0543063958211,22.1095544267355
2031-10-26 12:00:00,2031,10,26,NA,13.0750025480248,24.8082527642048
2031-10-27 12:00:00,2031,10,27,NA,12.433210581266,22.1616307926463
2031-10-28 12:00:00,2031,10,28,NA,10.5834766995729,18.6485116543091
2031-10-29 12:00:00,2031,10,29,NA,10.1908511693371,16.4152752673643
2031-10-30 12:00:00,2031,10,30,NA,5.8575575091533,18.8190343173405
2031-10-31 12:00:00,2031,10,31,NA,8.76072506282452,20.5974819666654
2031-11-01 12:00:00,2031,11,1,NA,8.21685954452825,19.7008364489456
2031-11-02 12:00:00,2031,11,2,NA,6.0530528331198,20.0706390304997
2031-11-03 12:00:00,2031,11,3,NA,12.0613880698923,18.5881803012188
2031-11-04 12:00:00,2031,11,4,NA,5.8410246884116,16.3241409505015
2031-11-05 12:00:00,2031,11,5,NA,10.703077220112,16.5675276748587
2031-11-06 12:00:00,2031,11,6,NA,8.00134181186212,13.7510956547551
2031-11-07 12:00:00,2031,11,7,NA,10.591891003599,17.5430782917757
2031-11-08 12:00:00,2031,11,8,NA,5.20053630029959,12.9494411938293
2031-11-09 12:00:00,2031,11,9,NA,5.15432489347573,8.01569900050214
2031-11-10 12:00:00,2031,11,10,NA,6.39875677987899,13.92276772403
2031-11-11 12:00:00,2031,11,11,NA,5.84803384817675,11.8054092307491
2031-11-12 12:00:00,2031,11,12,NA,5.69669724526473,8.55807135229115
2031-11-13 12:00:00,2031,11,13,NA,2.68391575148307,5.54528985850949
2031-11-14 12:00:00,2031,11,14,NA,2.90032900543205,6.8310453908325
2031-11-15 12:00:00,2031,11,15,NA,-0.251926313967136,6.39228617327781
2031-11-16 12:00:00,2031,11,16,NA,0.108088175396599,5.98154366595089
2031-11-17 12:00:00,2031,11,17,NA,4.17434361886437,8.12648173392911
2031-11-18 12:00:00,2031,11,18,NA,6.18234186796335,9.01413336254017
2031-11-19 12:00:00,2031,11,19,NA,4.75429001443294,10.0942713835145
2031-11-20 12:00:00,2031,11,20,NA,7.69295542260421,13.4388216352538
2031-11-21 12:00:00,2031,11,21,NA,7.19994769851684,15.6565686533246
2031-11-22 12:00:00,2031,11,22,NA,2.64416162389186,11.1007825786996
2031-11-23 12:00:00,2031,11,23,NA,4.93533460094385,6.92319124969191
2031-11-24 12:00:00,2031,11,24,NA,5.01438326772308,12.6282174718981
2031-11-25 12:00:00,2031,11,25,NA,4.61753713186177,13.1955392599453
2031-11-26 12:00:00,2031,11,26,NA,1.65402138342383,9.23665977061353
2031-11-27 12:00:00,2031,11,27,NA,2.60759946104744,9.78448329883886
2031-11-28 12:00:00,2031,11,28,NA,2.18075965436601,9.06431930759083
2031-11-29 12:00:00,2031,11,29,NA,4.48455392566015,8.62030192250024
2031-11-30 12:00:00,2031,11,30,NA,3.38886597900121,10.9033881966051
2031-12-01 12:00:00,2031,12,1,NA,2.06897036035521,9.52883263028246
2031-12-02 12:00:00,2031,12,2,NA,-1.18587165020296,5.91137293578911
2031-12-03 12:00:00,2031,12,3,NA,3.47583738505403,8.57450501913726
2031-12-04 12:00:00,2031,12,4,NA,4.21221497993375,9.31088261401698
2031-12-05 12:00:00,2031,12,5,NA,2.17734268108546,4.07699050863065
2031-12-06 12:00:00,2031,12,6,NA,1.46757986046074,11.0845063119472
2031-12-07 12:00:00,2031,12,7,NA,2.39497046158114,10.7740428727726
2031-12-08 12:00:00,2031,12,8,NA,6.80341137520692,15.6189225025045
2031-12-09 12:00:00,2031,12,9,NA,7.34583871927885,12.9159719919663
2031-12-10 12:00:00,2031,12,10,NA,5.75612892142339,13.0041819103049
2031-12-11 12:00:00,2031,12,11,NA,6.76171437934646,9.8966644594261
2031-12-12 12:00:00,2031,12,12,NA,3.80521845843869,8.89651738696289
2031-12-13 12:00:00,2031,12,13,NA,3.19155279593373,11.3371644079968
2031-12-14 12:00:00,2031,12,14,NA,-0.580600573414238,6.50834204419635
2031-12-15 12:00:00,2031,12,15,NA,-1.66960269630029,4.13065044195934
2031-12-16 12:00:00,2031,12,16,NA,-1.68030017814577,6.42792532004321
2031-12-17 12:00:00,2031,12,17,NA,1.37336781353523,7.11411317501183
2031-12-18 12:00:00,2031,12,18,NA,-0.429950619314083,10.7808589199968
2031-12-19 12:00:00,2031,12,19,NA,2.6275208585726,12.5653376014129
2031-12-20 12:00:00,2031,12,20,NA,3.8122371180026,10.946168264554
2031-12-21 12:00:00,2031,12,21,NA,-4.59551860290312,-0.497421147797701
2031-12-22 12:00:00,2031,12,22,NA,-1.40547222634261,1.62993053394692
2031-12-23 12:00:00,2031,12,23,NA,-1.15617367259083,3.54198808281061
2031-12-24 12:00:00,2031,12,24,NA,-2.31862886456308,2.7712145061984
2031-12-25 12:00:00,2031,12,25,NA,-2.6376809577632,4.48948125023084
2031-12-26 12:00:00,2031,12,26,NA,-5.2362620415812,2.39312884118507
2031-12-27 12:00:00,2031,12,27,NA,-5.21147388259584,2.0313495464181
2031-12-28 12:00:00,2031,12,28,NA,-2.64749669068286,2.45117094340037
2031-12-29 12:00:00,2031,12,29,NA,-1.83610593267791,6.37590460832461
2031-12-30 12:00:00,2031,12,30,NA,2.39059477502277,10.5403791819614
2031-12-31 12:00:00,2031,12,31,NA,4.50412269464783,7.60484341011057
2032-01-01 12:00:00,2032,1,1,NA,7.19529737233137,9.2197710603096
2032-01-02 12:00:00,2032,1,2,NA,3.17330281449726,9.19221060839989
2032-01-03 12:00:00,2032,1,3,NA,2.33035668086626,9.08424985592614
2032-01-04 12:00:00,2032,1,4,NA,2.30645879469319,8.83847690016357
2032-01-05 12:00:00,2032,1,5,NA,1.28956730378773,7.17409426050273
2032-01-06 12:00:00,2032,1,6,NA,1.23910055969308,3.46494706387761
2032-01-07 12:00:00,2032,1,7,NA,0.29541406457954,3.44489944902647
2032-01-08 12:00:00,2032,1,8,NA,-5.29723800579849,-1.24956270942766
2032-01-09 12:00:00,2032,1,9,NA,-3.35680383089916,3.4705593891234
2032-01-10 12:00:00,2032,1,10,NA,-4.87265249089505,2.33100450360256
2032-01-11 12:00:00,2032,1,11,NA,-8.03511028728754,-0.955748198841929
2032-01-12 12:00:00,2032,1,12,NA,-4.15771736883939,6.5420318069063
2032-01-13 12:00:00,2032,1,13,NA,5.09850803769452,9.2934414024335
2032-01-14 12:00:00,2032,1,14,NA,3.71654542941821,6.05261082078293
2032-01-15 12:00:00,2032,1,15,NA,0.300660602595227,3.35712140707295
2032-01-16 12:00:00,2032,1,16,NA,-2.16782026166369,0.944081790749243
2032-01-17 12:00:00,2032,1,17,NA,0.690603388226982,5.63299900963282
2032-01-18 12:00:00,2032,1,18,NA,0.977892642113361,7.30997236945193
2032-01-19 12:00:00,2032,1,19,NA,1.03239211271796,6.52528844816427
2032-01-20 12:00:00,2032,1,20,NA,-2.77050089038121,8.68265502430807
2032-01-21 12:00:00,2032,1,21,NA,-2.2536093712276,8.47707664402622
2032-01-22 12:00:00,2032,1,22,NA,1.23290055966156,6.04797102949783
2032-01-23 12:00:00,2032,1,23,NA,0.471332776478718,5.36450440689123
2032-01-24 12:00:00,2032,1,24,NA,1.70943459426928,10.1944944120217
2032-01-25 12:00:00,2032,1,25,NA,4.42495062093777,10.7996967098125
2032-01-26 12:00:00,2032,1,26,NA,4.00691864860963,6.72650880461433
2032-01-27 12:00:00,2032,1,27,NA,1.57739886260851,4.97382195220802
2032-01-28 12:00:00,2032,1,28,NA,-3.44587961954222,2.76882104821044
2032-01-29 12:00:00,2032,1,29,NA,-6.84129758135998,-0.166619139614325
2032-01-30 12:00:00,2032,1,30,NA,-8.15719293267725,-2.95172676746628
2032-01-31 12:00:00,2032,1,31,NA,-17.9087108008212,-1.87388434712671
2032-02-01 12:00:00,2032,2,1,NA,-15.1917615588943,-3.45683983250284
2032-02-02 12:00:00,2032,2,2,NA,-9.25296182475955,0.0342902838739834
2032-02-03 12:00:00,2032,2,3,NA,-3.43510595521943,4.35471878459095
2032-02-04 12:00:00,2032,2,4,NA,-1.52328546592956,3.6391604815096
2032-02-05 12:00:00,2032,2,5,NA,0.711274646173167,7.62440120664273
2032-02-06 12:00:00,2032,2,6,NA,0.675941320817156,8.26025517914439
2032-02-07 12:00:00,2032,2,7,NA,4.20621914380548,10.7503863576614
2032-02-08 12:00:00,2032,2,8,NA,3.89979074849668,9.85146947516493
2032-02-09 12:00:00,2032,2,9,NA,3.77153216828167,9.17687030312036
2032-02-10 12:00:00,2032,2,10,NA,3.73246263312301,11.2240237503214
2032-02-11 12:00:00,2032,2,11,NA,2.51085139191478,14.9175991635653
2032-02-12 12:00:00,2032,2,12,NA,5.1946854367663,16.6059750386755
2032-02-13 12:00:00,2032,2,13,NA,4.40732104681397,14.0161829562224
2032-02-14 12:00:00,2032,2,14,NA,9.02716950112083,19.5623399973959
2032-02-15 12:00:00,2032,2,15,NA,10.2168496306976,19.3149549810152
2032-02-16 12:00:00,2032,2,16,NA,10.3343023507577,19.6818531100151
2032-02-17 12:00:00,2032,2,17,NA,8.80314081488727,20.373853982537
2032-02-18 12:00:00,2032,2,18,NA,12.1216033560264,17.4528323189625
2032-02-19 12:00:00,2032,2,19,NA,8.71303076217629,19.4777721685038
2032-02-20 12:00:00,2032,2,20,NA,11.0011167687982,14.0320370896264
2032-02-21 12:00:00,2032,2,21,NA,9.71801400317429,12.3489855989083
2032-02-22 12:00:00,2032,2,22,NA,9.64992554945535,12.8965901412796
2032-02-23 12:00:00,2032,2,23,NA,10.8618180714049,14.3435229127748
2032-02-24 12:00:00,2032,2,24,NA,9.86144468152487,16.3621723995401
2032-02-25 12:00:00,2032,2,25,NA,5.69897791764772,9.65135697240275
2032-02-26 12:00:00,2032,2,26,NA,8.01153672774233,11.3239579467261
2032-02-27 12:00:00,2032,2,27,NA,8.3407899898516,14.0266531583007
2032-02-28 12:00:00,2032,2,28,NA,4.74993444438883,16.3206476120386
2032-02-29 12:00:00,2032,2,29,NA,2.32912976876656,10.8129733347521
2032-03-01 12:00:00,2032,3,1,NA,9.40429442309955,17.4712810907611
2032-03-02 12:00:00,2032,3,2,NA,10.8828698828712,16.0046833275838
2032-03-03 12:00:00,2032,3,3,NA,5.74401026703812,12.5988021120372
2032-03-04 12:00:00,2032,3,4,NA,4.86705805869099,14.3764456578495
2032-03-05 12:00:00,2032,3,5,NA,4.85521814068869,20.1584011907927
2032-03-06 12:00:00,2032,3,6,NA,4.71017583726436,11.4906075239545
2032-03-07 12:00:00,2032,3,7,NA,6.54026106525869,11.732475231549
2032-03-08 12:00:00,2032,3,8,NA,4.85616738135641,11.165720276574
2032-03-09 12:00:00,2032,3,9,NA,5.60519084673878,18.6643279742877
2032-03-10 12:00:00,2032,3,10,NA,4.09830552097133,11.4536368405671
2032-03-11 12:00:00,2032,3,11,NA,8.77971860676536,13.0468791113036
2032-03-12 12:00:00,2032,3,12,NA,9.09656339560041,15.1809583673951
2032-03-13 12:00:00,2032,3,13,NA,4.19713232845475,14.2893936025034
2032-03-14 12:00:00,2032,3,14,NA,6.95816599327834,10.0725818525172
2032-03-15 12:00:00,2032,3,15,NA,6.33883590187835,9.43284816400473
2032-03-16 12:00:00,2032,3,16,NA,7.19763939804898,12.3585222419396
2032-03-17 12:00:00,2032,3,17,NA,5.72992467858452,16.4162670678694
2032-03-18 12:00:00,2032,3,18,NA,7.42771408564474,15.7384216732465
2032-03-19 12:00:00,2032,3,19,NA,6.39129182822239,13.1869600788618
2032-03-20 12:00:00,2032,3,20,NA,3.87115969548556,8.19915436521506
2032-03-21 12:00:00,2032,3,21,NA,2.32557808716481,16.0339155613407
2032-03-22 12:00:00,2032,3,22,NA,7.84401954221371,11.7660549014502
2032-03-23 12:00:00,2032,3,23,NA,9.51468873912337,13.7818492436616
2032-03-24 12:00:00,2032,3,24,NA,11.2107668883202,14.0903796919581
2032-03-25 12:00:00,2032,3,25,NA,7.65475435071179,13.126744574793
2032-03-26 12:00:00,2032,3,26,NA,4.85036113018199,15.5367035194669
2032-03-27 12:00:00,2032,3,27,NA,7.47793263243309,15.1253828189701
2032-03-28 12:00:00,2032,3,28,NA,2.73526038284359,15.425570524345
2032-03-29 12:00:00,2032,3,29,NA,7.94482844114426,16.0787500215802
2032-03-30 12:00:00,2032,3,30,NA,5.60531287139951,19.9333244722112
2032-03-31 12:00:00,2032,3,31,NA,8.05418001030652,18.2210358716564
2032-04-01 12:00:00,2032,4,1,NA,8.57833292805492,13.6954434662424
2032-04-02 12:00:00,2032,4,2,NA,6.30050858052436,12.540646422893
2032-04-03 12:00:00,2032,4,3,NA,6.70634736747653,14.8068337000464
2032-04-04 12:00:00,2032,4,4,NA,4.39034678857463,14.6540220792258
2032-04-05 12:00:00,2032,4,5,NA,6.867995552331,16.1297433321211
2032-04-06 12:00:00,2032,4,6,NA,11.1971275001609,20.9222574786341
2032-04-07 12:00:00,2032,4,7,NA,10.0962373882021,20.4352562040664
2032-04-08 12:00:00,2032,4,8,NA,5.38659159564371,15.7369577624193
2032-04-09 12:00:00,2032,4,9,NA,7.27744490273397,17.5052643275038
2032-04-10 12:00:00,2032,4,10,NA,5.1061287031562,14.607082589384
2032-04-11 12:00:00,2032,4,11,NA,2.83048237099442,7.02115735619295
2032-04-12 12:00:00,2032,4,12,NA,3.21141694839671,8.47032747260329
2032-04-13 12:00:00,2032,4,13,NA,2.93497907391819,11.7964153030828
2032-04-14 12:00:00,2032,4,14,NA,2.02061873082457,10.4706907065052
2032-04-15 12:00:00,2032,4,15,NA,-0.414986364940725,11.7592178259253
2032-04-16 12:00:00,2032,4,16,NA,1.5552322935912,10.8423317330843
2032-04-17 12:00:00,2032,4,17,NA,1.34936612036464,12.8183122739701
2032-04-18 12:00:00,2032,4,18,NA,-2.50103055228075,14.86959833717
2032-04-19 12:00:00,2032,4,19,NA,7.37803900767349,15.5432526560564
2032-04-20 12:00:00,2032,4,20,NA,5.1745336017228,20.4367170061442
2032-04-21 12:00:00,2032,4,21,NA,7.9159261960876,19.1604033970884
2032-04-22 12:00:00,2032,4,22,NA,5.80745949880835,11.030326790106
2032-04-23 12:00:00,2032,4,23,NA,6.2914550310725,12.3853282663841
2032-04-24 12:00:00,2032,4,24,NA,8.35785364625897,12.1722392343022
2032-04-25 12:00:00,2032,4,25,NA,7.42268176415835,14.0899536981822
2032-04-26 12:00:00,2032,4,26,NA,4.99640245609055,14.4956455124886
2032-04-27 12:00:00,2032,4,27,NA,1.69401594525771,14.0631199233914
2032-04-28 12:00:00,2032,4,28,NA,0.354458900247101,13.7236291140044
2032-04-29 12:00:00,2032,4,29,NA,4.65911655368651,13.120270181969
2032-04-30 12:00:00,2032,4,30,NA,-0.920858475521884,16.2929837592514
2032-05-01 12:00:00,2032,5,1,NA,3.97535272844317,13.4765087674936
2032-05-02 12:00:00,2032,5,2,NA,8.67222804341772,19.0225942101933
2032-05-03 12:00:00,2032,5,3,NA,4.45094322878152,22.0715415186344
2032-05-04 12:00:00,2032,5,4,NA,8.71249590811512,19.6100659236324
2032-05-05 12:00:00,2032,5,5,NA,7.05655926251014,24.6076408647186
2032-05-06 12:00:00,2032,5,6,NA,9.97470139256318,27.7321853946246
2032-05-07 12:00:00,2032,5,7,NA,11.6114583297945,25.1956187578909
2032-05-08 12:00:00,2032,5,8,NA,9.50649149620009,26.1155252726163
2032-05-09 12:00:00,2032,5,9,NA,7.37171285304147,26.8357563589504
2032-05-10 12:00:00,2032,5,10,NA,12.0028425340637,25.7771387975321
2032-05-11 12:00:00,2032,5,11,NA,19.4101653464309,28.8719176324564
2032-05-12 12:00:00,2032,5,12,NA,14.1015584279422,29.6392796651209
2032-05-13 12:00:00,2032,5,13,NA,12.9692635570846,21.7085496909691
2032-05-14 12:00:00,2032,5,14,NA,14.0147242196915,24.8067704726443
2032-05-15 12:00:00,2032,5,15,NA,18.6967026309222,26.6170340925893
2032-05-16 12:00:00,2032,5,16,NA,17.0350019525353,26.9186268787529
2032-05-17 12:00:00,2032,5,17,NA,15.0234572574809,27.8611451603425
2032-05-18 12:00:00,2032,5,18,NA,14.1626666719815,22.9729524459277
2032-05-19 12:00:00,2032,5,19,NA,7.11007333336508,24.5699082836569
2032-05-20 12:00:00,2032,5,20,NA,10.0576132571414,18.8685158743097
2032-05-21 12:00:00,2032,5,21,NA,8.37954382298284,17.1188299568673
2032-05-22 12:00:00,2032,5,22,NA,6.15544476582132,16.0346851373317
2032-05-23 12:00:00,2032,5,23,NA,7.2401076082717,16.1290087694364
2032-05-24 12:00:00,2032,5,24,NA,7.74227009854634,18.9466639131757
2032-05-25 12:00:00,2032,5,25,NA,9.98511146883889,21.2654082693623
2032-05-26 12:00:00,2032,5,26,NA,6.53876868892956,21.8944916727777
2032-05-27 12:00:00,2032,5,27,NA,5.43176130175882,23.8474586018951
2032-05-28 12:00:00,2032,5,28,NA,14.0810438608028,25.8718503738365
2032-05-29 12:00:00,2032,5,29,NA,13.2166624031776,21.4330421794644
2032-05-30 12:00:00,2032,5,30,NA,18.400240010159,21.3165331457432
2032-05-31 12:00:00,2032,5,31,NA,17.1810078444387,24.2433475948856
2032-06-01 12:00:00,2032,6,1,NA,13.3610334318737,19.2110496310291
2032-06-02 12:00:00,2032,6,2,NA,9.0743548486939,18.9266294969795
2032-06-03 12:00:00,2032,6,3,NA,13.8129621942805,23.3383601130643
2032-06-04 12:00:00,2032,6,4,NA,16.8709228627776,23.2286939390822
2032-06-05 12:00:00,2032,6,5,NA,18.4753173896282,25.6882002275712
2032-06-06 12:00:00,2032,6,6,NA,17.5822922077799,28.8810430812126
2032-06-07 12:00:00,2032,6,7,NA,16.8266356943933,21.979018754785
2032-06-08 12:00:00,2032,6,8,NA,17.2137290103983,22.2854249598844
2032-06-09 12:00:00,2032,6,9,NA,14.4906912999121,20.9484413395104
2032-06-10 12:00:00,2032,6,10,NA,12.7273645496455,23.4612905441929
2032-06-11 12:00:00,2032,6,11,NA,13.1821033136374,24.3826740266091
2032-06-12 12:00:00,2032,6,12,NA,10.9304580244617,21.9655469288555
2032-06-13 12:00:00,2032,6,13,NA,16.7314734106715,23.9520460339296
2032-06-14 12:00:00,2032,6,14,NA,18.1107125902009,27.2092205919874
2032-06-15 12:00:00,2032,6,15,NA,17.6984016551681,25.1397699168373
2032-06-16 12:00:00,2032,6,16,NA,17.714957217758,23.9136234382613
2032-06-17 12:00:00,2032,6,17,NA,19.0437079651082,26.2708440538052
2032-06-18 12:00:00,2032,6,18,NA,19.6971543387125,24.86294280001
2032-06-19 12:00:00,2032,6,19,NA,20.4423582815212,28.6687792550824
2032-06-20 12:00:00,2032,6,20,NA,19.3510626412838,28.5177967501422
2032-06-21 12:00:00,2032,6,21,NA,15.8072963364254,24.4421496544026
2032-06-22 12:00:00,2032,6,22,NA,15.6184301512859,22.3280094900333
2032-06-23 12:00:00,2032,6,23,NA,17.5215304281529,26.6903751133857
2032-06-24 12:00:00,2032,6,24,NA,16.4210890660658,26.2400211713026
2032-06-25 12:00:00,2032,6,25,NA,13.8473820593427,25.5396786243423
2032-06-26 12:00:00,2032,6,26,NA,12.6626751159698,25.0245275668058
2032-06-27 12:00:00,2032,6,27,NA,8.86158143769633,23.8106498859633
2032-06-28 12:00:00,2032,6,28,NA,12.3864770646791,20.6507629979492
2032-06-29 12:00:00,2032,6,29,NA,7.99892642070118,22.6352040435901
2032-06-30 12:00:00,2032,6,30,NA,10.1571698885463,23.1668366503336
2032-07-01 12:00:00,2032,7,1,NA,16.3453644300444,25.3818532406122
2032-07-02 12:00:00,2032,7,2,NA,19.5377771476988,27.4704348261951
2032-07-03 12:00:00,2032,7,3,NA,17.6399013501051,27.7722499720013
2032-07-04 12:00:00,2032,7,4,NA,16.3663662193969,25.3188912229246
2032-07-05 12:00:00,2032,7,5,NA,16.2638026717289,28.7614134206352
2032-07-06 12:00:00,2032,7,6,NA,12.5590890045021,25.0566997534084
2032-07-07 12:00:00,2032,7,7,NA,14.2966852990116,25.2249837707498
2032-07-08 12:00:00,2032,7,8,NA,11.2824681368451,25.9919556658823
2032-07-09 12:00:00,2032,7,9,NA,17.0399422523204,23.6448652385555
2032-07-10 12:00:00,2032,7,10,NA,14.4633709729858,27.5008428466791
2032-07-11 12:00:00,2032,7,11,NA,13.1816765285123,20.7228886187654
2032-07-12 12:00:00,2032,7,12,NA,15.0242556105812,24.6728859179578
2032-07-13 12:00:00,2032,7,13,NA,12.6730420415239,25.8103918465039
2032-07-14 12:00:00,2032,7,14,NA,16.6618502615239,23.7304801112961
2032-07-15 12:00:00,2032,7,15,NA,19.7650122512255,28.4427716292499
2032-07-16 12:00:00,2032,7,16,NA,17.2180766341242,33.1671609221127
2032-07-17 12:00:00,2032,7,17,NA,17.2366910130542,27.0837236706759
2032-07-18 12:00:00,2032,7,18,NA,17.2565090327553,26.6702093562367
2032-07-19 12:00:00,2032,7,19,NA,16.7596522443505,25.3699504644198
2032-07-20 12:00:00,2032,7,20,NA,15.4894846099472,25.0370973229831
2032-07-21 12:00:00,2032,7,21,NA,13.0293111526738,28.4702443970189
2032-07-22 12:00:00,2032,7,22,NA,17.4456540468221,31.8908084771791
2032-07-23 12:00:00,2032,7,23,NA,20.9012631625403,33.3988739114467
2032-07-24 12:00:00,2032,7,24,NA,21.7416246312745,31.4025190561687
2032-07-25 12:00:00,2032,7,25,NA,11.42418374835,28.7274204933081
2032-07-26 12:00:00,2032,7,26,NA,17.3914054780546,31.1581893545147
2032-07-27 12:00:00,2032,7,27,NA,16.8490262380354,26.0099994697601
2032-07-28 12:00:00,2032,7,28,NA,15.7311069165489,24.2540781230017
2032-07-29 12:00:00,2032,7,29,NA,13.466950027593,21.2217853604997
2032-07-30 12:00:00,2032,7,30,NA,12.5069563207689,21.0201318753629
2032-07-31 12:00:00,2032,7,31,NA,12.224474593943,22.1957350309156
2032-08-01 12:00:00,2032,8,1,NA,15.3439759482788,24.9378411656626
2032-08-02 12:00:00,2032,8,2,NA,11.5272711749437,24.5582943048217
2032-08-03 12:00:00,2032,8,3,NA,10.6830123971103,24.8245610629359
2032-08-04 12:00:00,2032,8,4,NA,10.3563064455448,26.8969815144761
2032-08-05 12:00:00,2032,8,5,NA,12.5302314515932,24.3945328519778
2032-08-06 12:00:00,2032,8,6,NA,16.4127666871107,29.6493950727678
2032-08-07 12:00:00,2032,8,7,NA,18.1510425854038,27.2892670712868
2032-08-08 12:00:00,2032,8,8,NA,15.6251382249197,24.0163963543528
2032-08-09 12:00:00,2032,8,9,NA,11.1516927109173,29.4586786555136
2032-08-10 12:00:00,2032,8,10,NA,19.5334356778057,26.2177118478355
2032-08-11 12:00:00,2032,8,11,NA,13.909955105271,30.2697184345043
2032-08-12 12:00:00,2032,8,12,NA,19.2195491386836,29.0378194477206
2032-08-13 12:00:00,2032,8,13,NA,20.3334974129325,27.9921102289374
2032-08-14 12:00:00,2032,8,14,NA,22.2265726817848,25.8986499650866
2032-08-15 12:00:00,2032,8,15,NA,18.6600323607777,25.2838539880928
2032-08-16 12:00:00,2032,8,16,NA,16.8661103293169,23.8503231943827
2032-08-17 12:00:00,2032,8,17,NA,16.7080006912855,21.8385183697481
2032-08-18 12:00:00,2032,8,18,NA,13.491342207903,27.2581372756026
2032-08-19 12:00:00,2032,8,19,NA,15.8971154500306,31.3703032025383
2032-08-20 12:00:00,2032,8,20,NA,16.2451482544173,23.5999345814624
2032-08-21 12:00:00,2032,8,21,NA,12.5102073507684,21.7565984705425
2032-08-22 12:00:00,2032,8,22,NA,11.5073979072809,27.1903389838978
2032-08-23 12:00:00,2032,8,23,NA,18.3615015736256,25.7991659988025
2032-08-24 12:00:00,2032,8,24,NA,17.3628735627479,26.8208750740708
2032-08-25 12:00:00,2032,8,25,NA,13.9929286067525,27.562324484851
2032-08-26 12:00:00,2032,8,26,NA,11.5309470393525,26.1598559546301
2032-08-27 12:00:00,2032,8,27,NA,14.0560695672673,26.3226632371268
2032-08-28 12:00:00,2032,8,28,NA,16.0849268183527,22.1679843998509
2032-08-29 12:00:00,2032,8,29,NA,12.3783415896041,24.4134318164409
2032-08-30 12:00:00,2032,8,30,NA,12.36749728934,21.6178670116734
2032-08-31 12:00:00,2032,8,31,NA,14.7390989656548,22.1128253834015
2032-09-01 12:00:00,2032,9,1,NA,12.7946411603041,23.8157891737922
2032-09-02 12:00:00,2032,9,2,NA,7.98894223180645,21.7410991307533
2032-09-03 12:00:00,2032,9,3,NA,10.0544991270196,19.9531808033067
2032-09-04 12:00:00,2032,9,4,NA,12.0184697860518,20.5248820054615
2032-09-05 12:00:00,2032,9,5,NA,12.348239679143,21.6488031684535
2032-09-06 12:00:00,2032,9,6,NA,10.1861570288486,25.5894638419858
2032-09-07 12:00:00,2032,9,7,NA,9.75970637909979,25.7973651273082
2032-09-08 12:00:00,2032,9,8,NA,12.2645128141132,27.3302486974308
2032-09-09 12:00:00,2032,9,9,NA,10.8290538643821,24.3982467972486
2032-09-10 12:00:00,2032,9,10,NA,10.8668890541833,26.2873225081642
2032-09-11 12:00:00,2032,9,11,NA,14.7547436291113,26.1471441245157
2032-09-12 12:00:00,2032,9,12,NA,13.6917616254613,18.1570247147
2032-09-13 12:00:00,2032,9,13,NA,9.59364708691681,21.5249423381785
2032-09-14 12:00:00,2032,9,14,NA,8.18970802650682,23.1343488741033
2032-09-15 12:00:00,2032,9,15,NA,10.4143931285952,21.3268852239666
2032-09-16 12:00:00,2032,9,16,NA,13.4833243824557,21.423904428202
2032-09-17 12:00:00,2032,9,17,NA,10.3260800226304,19.6185052042102
2032-09-18 12:00:00,2032,9,18,NA,4.07047123077604,19.1595163622531
2032-09-19 12:00:00,2032,9,19,NA,5.34381957084497,19.3712744293583
2032-09-20 12:00:00,2032,9,20,NA,9.48930603957512,17.7492003362993
2032-09-21 12:00:00,2032,9,21,NA,9.56569258428448,18.5108596018805
2032-09-22 12:00:00,2032,9,22,NA,7.17364090341699,18.3752927075066
2032-09-23 12:00:00,2032,9,23,NA,6.11109703112542,18.7049403870297
2032-09-24 12:00:00,2032,9,24,NA,5.05757009681793,18.1804523097728
2032-09-25 12:00:00,2032,9,25,NA,9.54319978081226,13.4451826344562
2032-09-26 12:00:00,2032,9,26,NA,9.6134622479306,14.4631079040845
2032-09-27 12:00:00,2032,9,27,NA,12.1989344602074,20.4958964747759
2032-09-28 12:00:00,2032,9,28,NA,8.80169865755497,17.1591809258282
2032-09-29 12:00:00,2032,9,29,NA,6.83900325240127,15.7081433357567
2032-09-30 12:00:00,2032,9,30,NA,3.69299718823132,16.1655807051011
2032-10-01 12:00:00,2032,10,1,NA,3.99432851001536,15.541410320572
2032-10-02 12:00:00,2032,10,2,NA,10.5386873189526,14.1304463873494
2032-10-03 12:00:00,2032,10,3,NA,4.05804186744631,15.5420187718637
2032-10-04 12:00:00,2032,10,4,NA,9.48142886934653,19.4663080556667
2032-10-05 12:00:00,2032,10,5,NA,11.5190252147208,22.3544589090001
2032-10-06 12:00:00,2032,10,6,NA,9.88119435865129,21.2696912735019
2032-10-07 12:00:00,2032,10,7,NA,11.1678103025259,24.3339616185215
2032-10-08 12:00:00,2032,10,8,NA,9.74021060183495,26.4576801267069
2032-10-09 12:00:00,2032,10,9,NA,14.3582889959954,26.4036472714995
2032-10-10 12:00:00,2032,10,10,NA,13.0252395698229,24.4920641570292
2032-10-11 12:00:00,2032,10,11,NA,16.4404246671097,24.2718731454551
2032-10-12 12:00:00,2032,10,12,NA,12.4881029676964,24.3248598715373
2032-10-13 12:00:00,2032,10,13,NA,13.7758067682976,18.2340599513903
2032-10-14 12:00:00,2032,10,14,NA,15.3625325421114,22.2031155646798
2032-10-15 12:00:00,2032,10,15,NA,11.235001966077,16.3736061488603
2032-10-16 12:00:00,2032,10,16,NA,9.08313858939411,14.395556068851
2032-10-17 12:00:00,2032,10,17,NA,12.5502036741314,15.926731163413
2032-10-18 12:00:00,2032,10,18,NA,15.3586183568643,20.5920205331933
2032-10-19 12:00:00,2032,10,19,NA,15.4333023275854,25.8663458477559
2032-10-20 12:00:00,2032,10,20,NA,15.48214914244,23.8659461208899
2032-10-21 12:00:00,2032,10,21,NA,11.4760449366568,25.380389388165
2032-10-22 12:00:00,2032,10,22,NA,13.9318442834923,23.5199281114492
2032-10-23 12:00:00,2032,10,23,NA,14.2797087620633,25.6836613099617
2032-10-24 12:00:00,2032,10,24,NA,11.8759702691821,21.669377353824
2032-10-25 12:00:00,2032,10,25,NA,14.0497371985677,19.4624773320775
2032-10-26 12:00:00,2032,10,26,NA,10.343010642761,19.0320959632594
2032-10-27 12:00:00,2032,10,27,NA,7.88959405457753,19.3885896309878
2032-10-28 12:00:00,2032,10,28,NA,8.08849331133209,12.8116192655739
2032-10-29 12:00:00,2032,10,29,NA,9.53015851273128,12.7249006740761
2032-10-30 12:00:00,2032,10,30,NA,7.88386384568825,16.284027461056
2032-10-31 12:00:00,2032,10,31,NA,4.31395954905206,11.9851160723594
2032-11-01 12:00:00,2032,11,1,NA,6.07756132588729,13.6451621419824
2032-11-02 12:00:00,2032,11,2,NA,10.2444072173727,14.5426725218503
2032-11-03 12:00:00,2032,11,3,NA,9.31625223313572,13.2469686185362
2032-11-04 12:00:00,2032,11,4,NA,6.243502296119,9.98117714753151
2032-11-05 12:00:00,2032,11,5,NA,5.71676617740047,10.7996995929225
2032-11-06 12:00:00,2032,11,6,NA,4.83534204494243,8.59085669453447
2032-11-07 12:00:00,2032,11,7,NA,1.43185824811238,7.17772446076195
2032-11-08 12:00:00,2032,11,8,NA,3.66814251305777,11.3892825123111
2032-11-09 12:00:00,2032,11,9,NA,6.16866185845169,10.8502891567461
2032-11-10 12:00:00,2032,11,10,NA,6.50824200057668,14.0227642181806
2032-11-11 12:00:00,2032,11,11,NA,8.30351531708184,19.242013424506
2032-11-12 12:00:00,2032,11,12,NA,9.99775168259201,20.2693379770169
2032-11-13 12:00:00,2032,11,13,NA,11.9801590480518,20.7776156733888
2032-11-14 12:00:00,2032,11,14,NA,7.14511816491006,19.1726439415191
2032-11-15 12:00:00,2032,11,15,NA,5.74855247271271,15.9276731889632
2032-11-16 12:00:00,2032,11,16,NA,9.2596848402686,14.0060080922937
2032-11-17 12:00:00,2032,11,17,NA,4.04300982789711,6.84523610987088
2032-11-18 12:00:00,2032,11,18,NA,6.31303012628119,10.0473499419321
2032-11-19 12:00:00,2032,11,19,NA,3.16958023241849,6.17665677080652
2032-11-20 12:00:00,2032,11,20,NA,2.42029101870231,5.28166512572872
2032-11-21 12:00:00,2032,11,21,NA,-4.13439953075096,3.59051241764319
2032-11-22 12:00:00,2032,11,22,NA,1.71824571666433,7.59170120721863
2032-11-23 12:00:00,2032,11,23,NA,4.67813219799985,10.7985615649111
2032-11-24 12:00:00,2032,11,24,NA,2.85847003146372,8.06982770271031
2032-11-25 12:00:00,2032,11,25,NA,3.25599175388873,8.00231500591379
2032-11-26 12:00:00,2032,11,26,NA,-0.695476023937361,5.82466510674682
2032-11-27 12:00:00,2032,11,27,NA,3.24367052559681,9.87272133801136
2032-11-28 12:00:00,2032,11,28,NA,8.16020656364827,12.1461383644875
2032-11-29 12:00:00,2032,11,29,NA,3.57007450327183,11.2392620595644
2032-11-30 12:00:00,2032,11,30,NA,4.20313200059333,9.69499427530654
2032-12-01 12:00:00,2032,12,1,NA,5.82415256920641,9.56170097592777
2032-12-02 12:00:00,2032,12,2,NA,4.28865844157097,8.02975008028348
2032-12-03 12:00:00,2032,12,3,NA,4.79132793347646,11.9184901414705
2032-12-04 12:00:00,2032,12,4,NA,1.89080044150959,8.74349656130609
2032-12-05 12:00:00,2032,12,5,NA,-0.977197085010594,9.29087057496685
2032-12-06 12:00:00,2032,12,6,NA,1.61268379974837,8.77881528048415
2032-12-07 12:00:00,2032,12,7,NA,6.39440058894767,10.5474225466789
2032-12-08 12:00:00,2032,12,8,NA,5.50526618922129,8.54477625009593
2032-12-09 12:00:00,2032,12,9,NA,5.76743765625281,7.79690094701034
2032-12-10 12:00:00,2032,12,10,NA,1.36825345187879,4.4244196246407
2032-12-11 12:00:00,2032,12,11,NA,-2.26270686183948,0.59130362348361
2032-12-12 12:00:00,2032,12,12,NA,-2.99878723810756,0.0205574334296132
2032-12-13 12:00:00,2032,12,13,NA,-4.57745622978988,-3.8107508077281
2032-12-14 12:00:00,2032,12,14,NA,-2.1450456730706,0.907888490958117
2032-12-15 12:00:00,2032,12,15,NA,-3.23694952237358,2.86937690437346
2032-12-16 12:00:00,2032,12,16,NA,5.31412046083961,9.39050261740019
2032-12-17 12:00:00,2032,12,17,NA,5.22869114808509,12.8342893879848
2032-12-18 12:00:00,2032,12,18,NA,3.27190617277336,10.9377938428556
2032-12-19 12:00:00,2032,12,19,NA,1.34443556913161,5.70853109378266
2032-12-20 12:00:00,2032,12,20,NA,5.02013762916991,10.1164093379347
2032-12-21 12:00:00,2032,12,21,NA,5.86526877013018,7.90317088303772
2032-12-22 12:00:00,2032,12,22,NA,9.80820135826098,10.7987158044547
2032-12-23 12:00:00,2032,12,23,NA,6.01024546768743,10.4703740087997
2032-12-24 12:00:00,2032,12,24,NA,3.05702666386162,8.58817679131085
2032-12-25 12:00:00,2032,12,25,NA,2.7628956139587,7.61056098546899
2032-12-26 12:00:00,2032,12,26,NA,4.76314619194028,7.80505324532608
2032-12-27 12:00:00,2032,12,27,NA,5.0344548476264,12.7309247529356
2032-12-28 12:00:00,2032,12,28,NA,6.9560641833048,10.9340824279261
2032-12-29 12:00:00,2032,12,29,NA,4.32744310447423,11.464933065722
2032-12-30 12:00:00,2032,12,30,NA,3.28787998321565,9.50812234753099
2032-12-31 12:00:00,2032,12,31,NA,2.66000759072498,10.4854929753639
2033-01-01 12:00:00,2033,1,1,NA,0.222007374206274,12.4533493601171
2033-01-02 12:00:00,2033,1,2,NA,4.08442203172639,10.1075698766704
2033-01-03 12:00:00,2033,1,3,NA,8.86016452164024,13.0281379405812
2033-01-04 12:00:00,2033,1,4,NA,10.2367520994306,12.9021831556852
2033-01-05 12:00:00,2033,1,5,NA,8.0802846640158,11.1873237375633
2033-01-06 12:00:00,2033,1,6,NA,10.4503530244447,15.781665750498
2033-01-07 12:00:00,2033,1,7,NA,6.01726307231579,15.2412368641444
2033-01-08 12:00:00,2033,1,8,NA,4.26996656465738,15.1043345994873
2033-01-09 12:00:00,2033,1,9,NA,3.5208742825847,7.57958335388967
2033-01-10 12:00:00,2033,1,10,NA,8.88370698189141,11.9827570445785
2033-01-11 12:00:00,2033,1,11,NA,5.29487104692405,7.18499415118466
2033-01-12 12:00:00,2033,1,12,NA,4.05787482760869,7.59521637152445
2033-01-13 12:00:00,2033,1,13,NA,2.48406512728016,7.68953129249114
2033-01-14 12:00:00,2033,1,14,NA,-0.167999197669863,7.95893769369606
2033-01-15 12:00:00,2033,1,15,NA,-2.92170745407523,5.40169220333994
2033-01-16 12:00:00,2033,1,16,NA,-0.473432826650899,9.44424214444365
2033-01-17 12:00:00,2033,1,17,NA,-1.51162954748783,5.82030480911938
2033-01-18 12:00:00,2033,1,18,NA,-4.54997018652207,2.52939190192354
2033-01-19 12:00:00,2033,1,19,NA,-3.34757871100677,-1.26836701283906
2033-01-20 12:00:00,2033,1,20,NA,1.16256678132848,6.04258697864524
2033-01-21 12:00:00,2033,1,21,NA,3.72472092172513,8.07869387913245
2033-01-22 12:00:00,2033,1,22,NA,6.19284847818519,9.34233386263211
2033-01-23 12:00:00,2033,1,23,NA,6.90808958096786,10.5676977955237
2033-01-24 12:00:00,2033,1,24,NA,6.96977789334322,9.51094031114668
2033-01-25 12:00:00,2033,1,25,NA,4.55787608581993,7.66491515936742
2033-01-26 12:00:00,2033,1,26,NA,6.3123067133531,8.33956834710783
2033-01-27 12:00:00,2033,1,27,NA,0.143751930995735,6.77587777198142
2033-01-28 12:00:00,2033,1,28,NA,3.81254357138752,8.73178621889433
2033-01-29 12:00:00,2033,1,29,NA,2.90570731341179,8.61811577100242
2033-01-30 12:00:00,2033,1,30,NA,5.44119500034626,7.26356329690828
2033-01-31 12:00:00,2033,1,31,NA,1.74081665228774,3.8294131639196
2033-02-01 12:00:00,2033,2,1,NA,-3.37441798421689,0.793555434724058
2033-02-02 12:00:00,2033,2,2,NA,-5.16402756141316,-0.695568996555809
2033-02-03 12:00:00,2033,2,3,NA,-3.55436555717945,7.74950882076295
2033-02-04 12:00:00,2033,2,4,NA,1.8469874474421,5.98779337883001
2033-02-05 12:00:00,2033,2,5,NA,1.49597380935131,3.18005689817909
2033-02-06 12:00:00,2033,2,6,NA,5.44451044440182,8.90271833529336
2033-02-07 12:00:00,2033,2,7,NA,-1.15631276506742,1.26242164887745
2033-02-08 12:00:00,2033,2,8,NA,-1.44026824281422,0.178761481141958
2033-02-09 12:00:00,2033,2,9,NA,2.25810582032011,4.14139880888575
2033-02-10 12:00:00,2033,2,10,NA,-0.624633920357512,2.69327372941234
2033-02-11 12:00:00,2033,2,11,NA,0.994916906751835,5.04480840321004
2033-02-12 12:00:00,2033,2,12,NA,3.89380954400534,7.98719788371809
2033-02-13 12:00:00,2033,2,13,NA,1.90737237832978,5.93882923613847
2033-02-14 12:00:00,2033,2,14,NA,3.02722546440964,10.1545449278221
2033-02-15 12:00:00,2033,2,15,NA,6.02126307702553,9.91097896112242
2033-02-16 12:00:00,2033,2,16,NA,5.57346015679622,10.4023724919723
2033-02-17 12:00:00,2033,2,17,NA,4.60320301882252,11.061601663342
2033-02-18 12:00:00,2033,2,18,NA,2.56430963442564,12.9167648579164
2033-02-19 12:00:00,2033,2,19,NA,4.88143333062015,15.2867750234845
2033-02-20 12:00:00,2033,2,20,NA,3.30062106532993,13.0835053685687
2033-02-21 12:00:00,2033,2,21,NA,4.82081283881055,12.1010465185386
2033-02-22 12:00:00,2033,2,22,NA,1.28180125719377,12.831043131364
2033-02-23 12:00:00,2033,2,23,NA,2.47857803103939,14.9670989080605
2033-02-24 12:00:00,2033,2,24,NA,4.42335428635645,16.5206292838815
2033-02-25 12:00:00,2033,2,25,NA,9.49340155689235,15.995287195899
2033-02-26 12:00:00,2033,2,26,NA,6.47986994420482,14.2696946840152
2033-02-27 12:00:00,2033,2,27,NA,7.45250715241418,10.9395415566448
2033-02-28 12:00:00,2033,2,28,NA,5.49868172134047,10.3593884707005
2033-03-01 12:00:00,2033,3,1,NA,7.18805653092123,8.8039970480449
2033-03-02 12:00:00,2033,3,2,NA,1.30283740732776,7.83024986419926
2033-03-03 12:00:00,2033,3,3,NA,-1.75978112467198,11.4341054882061
2033-03-04 12:00:00,2033,3,4,NA,-6.95162273231266,10.6565876583451
2033-03-05 12:00:00,2033,3,5,NA,-2.18846037897648,9.86672698308766
2033-03-06 12:00:00,2033,3,6,NA,-5.29286888627167,7.39744125522973
2033-03-07 12:00:00,2033,3,7,NA,-3.43161947579289,6.83900786778928
2033-03-08 12:00:00,2033,3,8,NA,-6.86974141664708,10.4187629254316
2033-03-09 12:00:00,2033,3,9,NA,-4.71281045798364,11.9581907219878
2033-03-10 12:00:00,2033,3,10,NA,1.50603031801776,11.0631698409398
2033-03-11 12:00:00,2033,3,11,NA,0.250932084389981,13.2529852779287
2033-03-12 12:00:00,2033,3,12,NA,0.484896796547125,7.65294354406484
2033-03-13 12:00:00,2033,3,13,NA,-1.50037544115868,5.8549558784371
2033-03-14 12:00:00,2033,3,14,NA,-0.475118929225945,7.3439018323403
2033-03-15 12:00:00,2033,3,15,NA,2.73805787661538,9.16436137412099
2033-03-16 12:00:00,2033,3,16,NA,3.80731360422375,12.1180211918255
2033-03-17 12:00:00,2033,3,17,NA,4.60798931318743,13.9647081345762
2033-03-18 12:00:00,2033,3,18,NA,7.14876364130828,13.9982230355974
2033-03-19 12:00:00,2033,3,19,NA,11.7143068538287,23.1915367597839
2033-03-20 12:00:00,2033,3,20,NA,10.3478181722944,18.8450484451421
2033-03-21 12:00:00,2033,3,21,NA,8.39567906112479,15.6499500033677
2033-03-22 12:00:00,2033,3,22,NA,4.52277273450132,11.9798144392078
2033-03-23 12:00:00,2033,3,23,NA,1.37195220270056,8.65115619128112
2033-03-24 12:00:00,2033,3,24,NA,2.06822603120296,12.0758044384028
2033-03-25 12:00:00,2033,3,25,NA,1.33736674336331,7.79527510657516
2033-03-26 12:00:00,2033,3,26,NA,4.11400683132357,12.729877139201
2033-03-27 12:00:00,2033,3,27,NA,8.93533118057608,12.863756982472
2033-03-28 12:00:00,2033,3,28,NA,6.01502234945523,17.4766685047778
2033-03-29 12:00:00,2033,3,29,NA,3.45748651588511,17.7954335052564
2033-03-30 12:00:00,2033,3,30,NA,6.39525556282661,17.494169451902
2033-03-31 12:00:00,2033,3,31,NA,4.45750035149972,10.4236076501923
2033-04-01 12:00:00,2033,4,1,NA,6.08003355435992,9.53438518107732
2033-04-02 12:00:00,2033,4,2,NA,9.07234291947395,13.6224948344881
2033-04-03 12:00:00,2033,4,3,NA,5.03383985598243,14.7589698344556
2033-04-04 12:00:00,2033,4,4,NA,6.03221662139364,17.6041378309005
2033-04-05 12:00:00,2033,4,5,NA,4.48335129235432,16.9398204021179
2033-04-06 12:00:00,2033,4,6,NA,6.58652974707188,15.0327088460709
2033-04-07 12:00:00,2033,4,7,NA,6.06305140060742,15.5220371357977
2033-04-08 12:00:00,2033,4,8,NA,2.90537889165876,20.9973677004084
2033-04-09 12:00:00,2033,4,9,NA,12.1181868963598,16.5763529487109
2033-04-10 12:00:00,2033,4,10,NA,7.48477622975494,20.8119047263584
2033-04-11 12:00:00,2033,4,11,NA,8.26483093068019,24.2683282952937
2033-04-12 12:00:00,2033,4,12,NA,10.0374093931776,17.5551843700582
2033-04-13 12:00:00,2033,4,13,NA,5.40903948679505,16.584211737719
2033-04-14 12:00:00,2033,4,14,NA,1.52220907870898,15.8168948748722
2033-04-15 12:00:00,2033,4,15,NA,8.34267301535021,25.8317470175766
2033-04-16 12:00:00,2033,4,16,NA,7.19566343077443,25.4268531462554
2033-04-17 12:00:00,2033,4,17,NA,6.80719818507129,16.2404991862495
2033-04-18 12:00:00,2033,4,18,NA,6.10273928568167,12.2497041483782
2033-04-19 12:00:00,2033,4,19,NA,8.1817671074796,11.0164090705126
2033-04-20 12:00:00,2033,4,20,NA,4.88113143607916,10.9812512847337
2033-04-21 12:00:00,2033,4,21,NA,0.719147182128886,12.3150686912962
2033-04-22 12:00:00,2033,4,22,NA,1.16750941536141,14.7113405765663
2033-04-23 12:00:00,2033,4,23,NA,9.04875832752827,16.355552796304
2033-04-24 12:00:00,2033,4,24,NA,6.43422596152759,17.0134014454498
2033-04-25 12:00:00,2033,4,25,NA,1.15250717404025,14.2624601005311
2033-04-26 12:00:00,2033,4,26,NA,-1.48991001454202,17.2263057633745
2033-04-27 12:00:00,2033,4,27,NA,-1.2453471904578,18.6316354860221
2033-04-28 12:00:00,2033,4,28,NA,0.427053642593203,15.6338635519046
2033-04-29 12:00:00,2033,4,29,NA,0.660414879538207,16.9817410021481
2033-04-30 12:00:00,2033,4,30,NA,4.26725777169906,15.7362039253045
2033-05-01 12:00:00,2033,5,1,NA,6.27701819762811,15.5322905895647
2033-05-02 12:00:00,2033,5,2,NA,8.33969878078574,11.4173306354301
2033-05-03 12:00:00,2033,5,3,NA,5.79506179978204,11.727774775524
2033-05-04 12:00:00,2033,5,4,NA,6.56039523120247,11.7359205827659
2033-05-05 12:00:00,2033,5,5,NA,6.7385867557311,13.5879375576054
2033-05-06 12:00:00,2033,5,6,NA,8.50192192575699,20.1359495682863
2033-05-07 12:00:00,2033,5,7,NA,11.0393940376831,21.693265236218
2033-05-08 12:00:00,2033,5,8,NA,7.54835347237416,24.5101596510106
2033-05-09 12:00:00,2033,5,9,NA,8.83473498748685,23.1785153940932
2033-05-10 12:00:00,2033,5,10,NA,9.5775901810653,18.6757650729436
2033-05-11 12:00:00,2033,5,11,NA,13.0221403733289,20.8323405686367
2033-05-12 12:00:00,2033,5,12,NA,11.5903968593911,17.7962853686492
2033-05-13 12:00:00,2033,5,13,NA,13.4933251905208,26.0846648870351
2033-05-14 12:00:00,2033,5,14,NA,14.3453568315174,23.1686739627221
2033-05-15 12:00:00,2033,5,15,NA,17.1953344520222,24.4659872606944
2033-05-16 12:00:00,2033,5,16,NA,19.7775784223851,23.7199490693543
2033-05-17 12:00:00,2033,5,17,NA,13.7773423201258,19.8724748581429
2033-05-18 12:00:00,2033,5,18,NA,13.4452951701854,19.33114425717
2033-05-19 12:00:00,2033,5,19,NA,11.0139483031404,18.8177129880645
2033-05-20 12:00:00,2033,5,20,NA,16.0960601645436,23.2306729296949
2033-05-21 12:00:00,2033,5,21,NA,17.385374631748,25.2161764728934
2033-05-22 12:00:00,2033,5,22,NA,10.763960016435,17.6073461052478
2033-05-23 12:00:00,2033,5,23,NA,8.69713988633623,18.2060371724364
2033-05-24 12:00:00,2033,5,24,NA,11.5575115290299,18.455967389162
2033-05-25 12:00:00,2033,5,25,NA,11.4941156882452,18.4154871100642
2033-05-26 12:00:00,2033,5,26,NA,8.90182900958751,13.7501882982959
2033-05-27 12:00:00,2033,5,27,NA,6.48483546976675,15.3887329758081
2033-05-28 12:00:00,2033,5,28,NA,7.36302504144645,18.5621515944995
2033-05-29 12:00:00,2033,5,29,NA,8.1799690562719,16.100300517939
2033-05-30 12:00:00,2033,5,30,NA,5.49337774848285,17.0157846944879
2033-05-31 12:00:00,2033,5,31,NA,5.73419700184605,19.5084932653144
2033-06-01 12:00:00,2033,6,1,NA,5.50234163775334,23.123452741378
2033-06-02 12:00:00,2033,6,2,NA,4.57109318146233,26.900825995994
2033-06-03 12:00:00,2033,6,3,NA,11.7586228472786,24.9612032502714
2033-06-04 12:00:00,2033,6,4,NA,13.2620155270809,21.4273617538012
2033-06-05 12:00:00,2033,6,5,NA,3.66128053005904,19.5816914019485
2033-06-06 12:00:00,2033,6,6,NA,4.61731069830456,19.890560881035
2033-06-07 12:00:00,2033,6,7,NA,3.74095281568109,20.1629129175013
2033-06-08 12:00:00,2033,6,8,NA,6.64628011771869,22.1151493749891
2033-06-09 12:00:00,2033,6,9,NA,5.67902788351562,23.216436638889
2033-06-10 12:00:00,2033,6,10,NA,9.09889829784324,19.3790733121529
2033-06-11 12:00:00,2033,6,11,NA,7.14448257146202,15.3947298708593
2033-06-12 12:00:00,2033,6,12,NA,6.25298123223073,17.4623204929656
2033-06-13 12:00:00,2033,6,13,NA,6.31833771710432,17.57688449335
2033-06-14 12:00:00,2033,6,14,NA,12.312195415186,15.8270085496392
2033-06-15 12:00:00,2033,6,15,NA,9.40379522892226,14.0529009588739
2033-06-16 12:00:00,2033,6,16,NA,9.8217298141821,16.0206026819026
2033-06-17 12:00:00,2033,6,17,NA,11.9477074989878,21.2300712772305
2033-06-18 12:00:00,2033,6,18,NA,14.7065734067196,16.5066638910323
2033-06-19 12:00:00,2033,6,19,NA,14.714673325918,18.8232688302911
2033-06-20 12:00:00,2033,6,20,NA,11.259397067914,21.432939062222
2033-06-21 12:00:00,2033,6,21,NA,8.71642596712437,21.9587780805461
2033-06-22 12:00:00,2033,6,22,NA,14.5100867447896,21.7216664997925
2033-06-23 12:00:00,2033,6,23,NA,10.792150355053,23.8005029757447
2033-06-24 12:00:00,2033,6,24,NA,14.0295533290669,23.272105179254
2033-06-25 12:00:00,2033,6,25,NA,11.2465273282575,21.2635631307093
2033-06-26 12:00:00,2033,6,26,NA,12.7254634192623,28.2238650603795
2033-06-27 12:00:00,2033,6,27,NA,17.3181315934413,31.5405250639903
2033-06-28 12:00:00,2033,6,28,NA,21.3161275818607,28.8138382751379
2033-06-29 12:00:00,2033,6,29,NA,17.8238364118995,26.0822018429843
2033-06-30 12:00:00,2033,6,30,NA,14.3105800435181,25.8985303626174
2033-07-01 12:00:00,2033,7,1,NA,12.5502568003838,24.3346193086468
2033-07-02 12:00:00,2033,7,2,NA,11.8774697659856,27.476765713708
2033-07-03 12:00:00,2033,7,3,NA,8.77361015292916,24.9891893062014
2033-07-04 12:00:00,2033,7,4,NA,9.25887671548917,26.0054126191755
2033-07-05 12:00:00,2033,7,5,NA,9.27970487331985,24.5532575850143
2033-07-06 12:00:00,2033,7,6,NA,14.7096666306775,29.7738043281239
2033-07-07 12:00:00,2033,7,7,NA,14.0583944113647,32.3085727837491
2033-07-08 12:00:00,2033,7,8,NA,17.5065314514184,29.9504389551311
2033-07-09 12:00:00,2033,7,9,NA,15.2452892540521,31.3981259207281
2033-07-10 12:00:00,2033,7,10,NA,14.8242840964428,27.6808129217038
2033-07-11 12:00:00,2033,7,11,NA,20.8678519602363,26.299615350288
2033-07-12 12:00:00,2033,7,12,NA,17.2572811882783,28.2498103529671
2033-07-13 12:00:00,2033,7,13,NA,14.3114993735788,27.7509384802851
2033-07-14 12:00:00,2033,7,14,NA,19.5779501619603,32.6089732918382
2033-07-15 12:00:00,2033,7,15,NA,21.8687862188016,34.7253150440626
2033-07-16 12:00:00,2033,7,16,NA,22.8319512426735,36.7045476996384
2033-07-17 12:00:00,2033,7,17,NA,25.3521123339464,38.7915514406528
2033-07-18 12:00:00,2033,7,18,NA,21.7024733159915,31.1085285147582
2033-07-19 12:00:00,2033,7,19,NA,22.3318282416577,31.9256934590415
2033-07-20 12:00:00,2033,7,20,NA,22.2739457266979,32.597951877502
2033-07-21 12:00:00,2033,7,21,NA,15.4719108136735,33.623000707833
2033-07-22 12:00:00,2033,7,22,NA,15.4049327191863,36.8378443717026
2033-07-23 12:00:00,2033,7,23,NA,21.2297416288434,36.2473967742043
2033-07-24 12:00:00,2033,7,24,NA,21.8910018325635,34.3886125814698
2033-07-25 12:00:00,2033,7,25,NA,20.3967265891106,30.1421335151667
2033-07-26 12:00:00,2033,7,26,NA,14.5340236681498,26.4563100292835
2033-07-27 12:00:00,2033,7,27,NA,15.1955620326472,28.6402363486982
2033-07-28 12:00:00,2033,7,28,NA,13.3257324725955,24.613465309698
2033-07-29 12:00:00,2033,7,29,NA,17.1782169153346,29.0462461724696
2033-07-30 12:00:00,2033,7,30,NA,12.9067518621469,25.6043511868813
2033-07-31 12:00:00,2033,7,31,NA,18.2527242878441,22.3116624311076
2033-08-01 12:00:00,2033,8,1,NA,14.5768917893464,20.6609438947493
2033-08-02 12:00:00,2033,8,2,NA,17.6498513379447,24.6806260400916
2033-08-03 12:00:00,2033,8,3,NA,20.3617748198613,26.0957357634818
2033-08-04 12:00:00,2033,8,4,NA,21.3402401537289,28.761509063776
2033-08-05 12:00:00,2033,8,5,NA,20.6895721211145,26.1938120798073
2033-08-06 12:00:00,2033,8,6,NA,17.2384464783349,23.9227226483647
2033-08-07 12:00:00,2033,8,7,NA,16.321349981182,25.6341840418486
2033-08-08 12:00:00,2033,8,8,NA,14.7038701987248,24.7844791557511
2033-08-09 12:00:00,2033,8,9,NA,18.3909970608217,27.1396534541539
2033-08-10 12:00:00,2033,8,10,NA,18.3934482275776,28.279620004395
2033-08-11 12:00:00,2033,8,11,NA,13.2769571530284,28.1957360747076
2033-08-12 12:00:00,2033,8,12,NA,15.9399994464793,24.1826802673312
2033-08-13 12:00:00,2033,8,13,NA,13.2525950838835,27.6728586859552
2033-08-14 12:00:00,2033,8,14,NA,10.7962886645026,25.3273344739313
2033-08-15 12:00:00,2033,8,15,NA,12.8421374454222,28.9843185176153
2033-08-16 12:00:00,2033,8,16,NA,18.0262090630523,31.4784068140288
2033-08-17 12:00:00,2033,8,17,NA,15.8096981602319,29.5503851504134
2033-08-18 12:00:00,2033,8,18,NA,15.2805129168946,28.1417925592434
2033-08-19 12:00:00,2033,8,19,NA,11.8809335630683,26.9412980668146
2033-08-20 12:00:00,2033,8,20,NA,14.7973372740506,24.6835090508679
2033-08-21 12:00:00,2033,8,21,NA,16.5592922464929,26.2566383094784
2033-08-22 12:00:00,2033,8,22,NA,16.9662054491329,23.590027076448
2033-08-23 12:00:00,2033,8,23,NA,13.2329300800122,23.99254773156
2033-08-24 12:00:00,2033,8,24,NA,14.1433209406293,27.8124018178525
2033-08-25 12:00:00,2033,8,25,NA,18.1773632265424,24.6230949018798
2033-08-26 12:00:00,2033,8,26,NA,14.477561733649,21.9152261588259
2033-08-27 12:00:00,2033,8,27,NA,12.2611043612231,21.9695469055546
2033-08-28 12:00:00,2033,8,28,NA,12.7581732041631,19.9545253032458
2033-08-29 12:00:00,2033,8,29,NA,11.3999657153267,21.3049664422185
2033-08-30 12:00:00,2033,8,30,NA,14.6018934094795,18.190963947967
2033-08-31 12:00:00,2033,8,31,NA,13.2958558678091,19.6588310614253
2033-09-01 12:00:00,2033,9,1,NA,5.09269952009318,20.9801226003682
2033-09-02 12:00:00,2033,9,2,NA,6.17586955004284,20.3339980501289
2033-09-03 12:00:00,2033,9,3,NA,5.31704758086057,21.354706329069
2033-09-04 12:00:00,2033,9,4,NA,10.2034763634783,15.6009141140466
2033-09-05 12:00:00,2033,9,5,NA,12.8066787782654,18.5643010271764
2033-09-06 12:00:00,2033,9,6,NA,15.6571939095271,21.5170520967211
2033-09-07 12:00:00,2033,9,7,NA,14.4499009838627,19.2573582794222
2033-09-08 12:00:00,2033,9,8,NA,14.7169085041457,18.4740870114973
2033-09-09 12:00:00,2033,9,9,NA,13.0005201436574,22.6947085902499
2033-09-10 12:00:00,2033,9,10,NA,11.5731541839809,25.4743870525435
2033-09-11 12:00:00,2033,9,11,NA,10.491712085779,25.3013953933151
2033-09-12 12:00:00,2033,9,12,NA,15.4293683549768,28.4560234344668
2033-09-13 12:00:00,2033,9,13,NA,15.3574347006771,29.5325727901637
2033-09-14 12:00:00,2033,9,14,NA,14.2780488554921,29.2226897030886
2033-09-15 12:00:00,2033,9,15,NA,12.8094571850354,24.8142906913788
2033-09-16 12:00:00,2033,9,16,NA,15.8259650666954,22.4798126717714
2033-09-17 12:00:00,2033,9,17,NA,10.8822548028779,18.1170220909463
2033-09-18 12:00:00,2033,9,18,NA,11.1372809814774,15.5764026363306
2033-09-19 12:00:00,2033,9,19,NA,9.50793358344087,14.5975426892246
2033-09-20 12:00:00,2033,9,20,NA,10.7211192481098,16.8507358987513
2033-09-21 12:00:00,2033,9,21,NA,9.98716305343655,17.4000641429063
2033-09-22 12:00:00,2033,9,22,NA,5.84705332753145,21.026734905451
2033-09-23 12:00:00,2033,9,23,NA,3.97495388715609,21.1659980892342
2033-09-24 12:00:00,2033,9,24,NA,4.40091217068153,22.0992873896943
2033-09-25 12:00:00,2033,9,25,NA,11.1474567829481,20.0926238005441
2033-09-26 12:00:00,2033,9,26,NA,8.71662635080965,19.5446696273867
2033-09-27 12:00:00,2033,9,27,NA,7.44488410753236,21.8740899532809
2033-09-28 12:00:00,2033,9,28,NA,8.34398614320854,20.7782121236737
2033-09-29 12:00:00,2033,9,29,NA,12.431710901582,20.805238365136
2033-09-30 12:00:00,2033,9,30,NA,12.258355682956,22.1460748498878
2033-10-01 12:00:00,2033,10,1,NA,14.1709076888694,17.3025075066224
2033-10-02 12:00:00,2033,10,2,NA,12.2915694343636,18.7377647788834
2033-10-03 12:00:00,2033,10,3,NA,7.90245595478309,19.7456075128374
2033-10-04 12:00:00,2033,10,4,NA,14.3068296672912,24.7139124188534
2033-10-05 12:00:00,2033,10,5,NA,13.5561094010173,21.2272659243247
2033-10-06 12:00:00,2033,10,6,NA,10.4659811200439,19.7154033137376
2033-10-07 12:00:00,2033,10,7,NA,9.94785396167858,22.0504515065558
2033-10-08 12:00:00,2033,10,8,NA,10.9874604057571,24.7722228457308
2033-10-09 12:00:00,2033,10,9,NA,10.6717895516706,21.3595779667747
2033-10-10 12:00:00,2033,10,10,NA,8.04910767523502,23.1302701731235
2033-10-11 12:00:00,2033,10,11,NA,5.31516555167909,21.9820848814951
2033-10-12 12:00:00,2033,10,12,NA,15.1650085020003,29.0716919352826
2033-10-13 12:00:00,2033,10,13,NA,16.3421395712146,28.6753220628736
2033-10-14 12:00:00,2033,10,14,NA,15.1224081103158,23.2138411929133
2033-10-15 12:00:00,2033,10,15,NA,10.4655865019849,20.9471588778028
2033-10-16 12:00:00,2033,10,16,NA,11.3752078183644,14.9225324329762
2033-10-17 12:00:00,2033,10,17,NA,8.68318345326007,13.7098492562133
2033-10-18 12:00:00,2033,10,18,NA,6.69998903177562,17.7229401702642
2033-10-19 12:00:00,2033,10,19,NA,7.62692295626141,17.3675636135137
2033-10-20 12:00:00,2033,10,20,NA,8.54054512730614,15.9270268125656
2033-10-21 12:00:00,2033,10,21,NA,9.15777176887578,19.1426509551959
2033-10-22 12:00:00,2033,10,22,NA,11.2708383142919,17.6629647085236
2033-10-23 12:00:00,2033,10,23,NA,11.0788104270702,16.8163527320568
2033-10-24 12:00:00,2033,10,24,NA,15.3112959106436,18.5687836035877
2033-10-25 12:00:00,2033,10,25,NA,10.5679364857963,16.8906648614672
2033-10-26 12:00:00,2033,10,26,NA,11.57740089143,17.8656614491937
2033-10-27 12:00:00,2033,10,27,NA,7.49274042784146,16.2574363321214
2033-10-28 12:00:00,2033,10,28,NA,6.83024718281387,16.5708878400662
2033-10-29 12:00:00,2033,10,29,NA,4.26725340124439,13.7581856360131
2033-10-30 12:00:00,2033,10,30,NA,4.88342893165135,14.585075570225
2033-10-31 12:00:00,2033,10,31,NA,5.03949079867225,15.6520221173988
2033-11-01 12:00:00,2033,11,1,NA,8.65222958546158,17.3413149059599
2033-11-02 12:00:00,2033,11,2,NA,3.91105315626349,14.7677726751001
2033-11-03 12:00:00,2033,11,3,NA,1.49220454092899,9.22697555742293
2033-11-04 12:00:00,2033,11,4,NA,-1.21456854088226,8.23708417521128
2033-11-05 12:00:00,2033,11,5,NA,-0.241927146253948,8.16136340961966
2033-11-06 12:00:00,2033,11,6,NA,1.08490203371043,5.3970011780831
2033-11-07 12:00:00,2033,11,7,NA,2.72134914954833,6.62688512680045
2033-11-08 12:00:00,2033,11,8,NA,5.13691182357943,9.03017259768015
2033-11-09 12:00:00,2033,11,9,NA,9.70824089892432,13.4546594199796
2033-11-10 12:00:00,2033,11,10,NA,8.34209821316145,13.0623614345464
2033-11-11 12:00:00,2033,11,11,NA,0.348526793993932,8.52956985401399
2033-11-12 12:00:00,2033,11,12,NA,-3.66639712191966,7.37884605228038
2033-11-13 12:00:00,2033,11,13,NA,-2.07029940114633,5.46116902035281
2033-11-14 12:00:00,2033,11,14,NA,1.29981447932529,9.83774824315536
2033-11-15 12:00:00,2033,11,15,NA,0.732060383927666,8.26256480570312
2033-11-16 12:00:00,2033,11,16,NA,2.03200308170097,13.8644354553395
2033-11-17 12:00:00,2033,11,17,NA,1.00461979618907,13.6231050398091
2033-11-18 12:00:00,2033,11,18,NA,1.76605578604381,11.0898904774966
2033-11-19 12:00:00,2033,11,19,NA,5.02732477494564,14.5661637425848
2033-11-20 12:00:00,2033,11,20,NA,9.22282008782829,12.9571399034792
2033-11-21 12:00:00,2033,11,21,NA,8.16186559848196,13.9491846379902
2033-11-22 12:00:00,2033,11,22,NA,5.07187297812896,9.74591571791627
2033-11-23 12:00:00,2033,11,23,NA,3.55533136383819,7.50746947890293
2033-11-24 12:00:00,2033,11,24,NA,2.78069713464027,11.5781537599773
2033-11-25 12:00:00,2033,11,25,NA,0.0337544111531427,14.0604181472285
2033-11-26 12:00:00,2033,11,26,NA,4.41306441072698,13.7615318095453
2033-11-27 12:00:00,2033,11,27,NA,6.49923537358529,13.9428152582181
2033-11-28 12:00:00,2033,11,28,NA,3.16819541311488,10.0517550663397
2033-11-29 12:00:00,2033,11,29,NA,-0.271367659864278,11.1417201078603
2033-11-30 12:00:00,2033,11,30,NA,-0.809533078594977,7.57193955865046
2033-12-01 12:00:00,2033,12,1,NA,1.11481979908732,10.4432538138462
2033-12-02 12:00:00,2033,12,2,NA,4.42240255302805,8.15945830904091
2033-12-03 12:00:00,2033,12,3,NA,1.08547162729602,4.58977942285153
2033-12-04 12:00:00,2033,12,4,NA,4.46730769549806,7.22211473061888
2033-12-05 12:00:00,2033,12,5,NA,5.2070158229095,8.24652588378413
2033-12-06 12:00:00,2033,12,6,NA,5.56149471632158,11.4791553205195
2033-12-07 12:00:00,2033,12,7,NA,5.27627666155663,15.6491338628769
2033-12-08 12:00:00,2033,12,8,NA,8.35376973927128,16.0697300243671
2033-12-09 12:00:00,2033,12,9,NA,5.07529514685947,10.1739627809427
2033-12-10 12:00:00,2033,12,10,NA,-1.2639806458878,5.63465529297492
2033-12-11 12:00:00,2033,12,11,NA,1.53145520894235,7.36987362239525
2033-12-12 12:00:00,2033,12,12,NA,-2.59399096001768,6.5607456489232
2033-12-13 12:00:00,2033,12,13,NA,-2.89063907126476,3.08623198301767
2033-12-14 12:00:00,2033,12,14,NA,-1.60595331589013,2.66600970306391
2033-12-15 12:00:00,2033,12,15,NA,-5.25733121008208,-2.3948732785397
2033-12-16 12:00:00,2033,12,16,NA,-2.63343608306482,0.461693369475127
2033-12-17 12:00:00,2033,12,17,NA,-0.746456588890982,1.69993115966489
2033-12-18 12:00:00,2033,12,18,NA,-0.903606316805232,2.87385450040111
2033-12-19 12:00:00,2033,12,19,NA,0.524973626990729,5.41241270691178
2033-12-20 12:00:00,2033,12,20,NA,-2.02491511825984,5.06402749935075
2033-12-21 12:00:00,2033,12,21,NA,-4.6734180158539,11.0649308695868
2033-12-22 12:00:00,2033,12,22,NA,0.587003505799633,8.47209981605778
2033-12-23 12:00:00,2033,12,23,NA,4.92115667365596,8.20454238434016
2033-12-24 12:00:00,2033,12,24,NA,4.54579628409847,7.48336948719073
2033-12-25 12:00:00,2033,12,25,NA,3.71617366188895,8.80475122982735
2033-12-26 12:00:00,2033,12,26,NA,4.78095019446793,12.5887896575936
2033-12-27 12:00:00,2033,12,27,NA,6.22726274971706,14.1709441847879
2033-12-28 12:00:00,2033,12,28,NA,4.94094029972353,9.7831431387767
2033-12-29 12:00:00,2033,12,29,NA,3.16208900136789,7.23484449410005
2033-12-30 12:00:00,2033,12,30,NA,-0.530241824743458,3.49461257792218
2033-12-31 12:00:00,2033,12,31,NA,0.236838473642129,4.27997597163511
2034-01-01 12:00:00,2034,1,1,NA,1.83033663342539,6.10229965237942
2034-01-02 12:00:00,2034,1,2,NA,3.28832540222921,4.36974378257325
2034-01-03 12:00:00,2034,1,3,NA,5.0407069259686,8.01895177274385
2034-01-04 12:00:00,2034,1,4,NA,3.29156561739462,9.69494690101709
2034-01-05 12:00:00,2034,1,5,NA,5.93720790194641,8.71809488232406
2034-01-06 12:00:00,2034,1,6,NA,5.06595347908237,7.1615734751028
2034-01-07 12:00:00,2034,1,7,NA,3.16536144633558,7.93576214462995
2034-01-08 12:00:00,2034,1,8,NA,1.5493549744468,9.89250013761316
2034-01-09 12:00:00,2034,1,9,NA,4.28198437741301,8.70305227057847
2034-01-10 12:00:00,2034,1,10,NA,-0.318095208381656,6.73466038158403
2034-01-11 12:00:00,2034,1,11,NA,-3.54796301627673,5.02955714274341
2034-01-12 12:00:00,2034,1,12,NA,1.66077300558615,4.75982306827328
2034-01-13 12:00:00,2034,1,13,NA,0.377347347952316,6.18774639727913
2034-01-14 12:00:00,2034,1,14,NA,0.10116773648569,7.33955317330343
2034-01-15 12:00:00,2034,1,15,NA,-6.24770587217491,6.94219730490913
2034-01-16 12:00:00,2034,1,16,NA,-6.98714157293492,4.7477801534565
2034-01-17 12:00:00,2034,1,17,NA,-5.11150672153013,1.95504019829698
2034-01-18 12:00:00,2034,1,18,NA,-6.2600558610446,3.9521134227503
2034-01-19 12:00:00,2034,1,19,NA,-0.600853411014503,2.5946082506802
2034-01-20 12:00:00,2034,1,20,NA,-6.12622338022117,-1.18382775881533
2034-01-21 12:00:00,2034,1,21,NA,0.0011500183397688,7.08051210678538
2034-01-22 12:00:00,2034,1,22,NA,0.147958562451111,10.0920830209174
2034-01-23 12:00:00,2034,1,23,NA,1.4563276052566,10.4548246281623
2034-01-24 12:00:00,2034,1,24,NA,6.74572205855671,14.8299948222947
2034-01-25 12:00:00,2034,1,25,NA,7.34458833769684,11.9521296891735
2034-01-26 12:00:00,2034,1,26,NA,10.7373544235194,13.8868398079663
2034-01-27 12:00:00,2034,1,27,NA,10.5146299297892,17.5939920182348
2034-01-28 12:00:00,2034,1,28,NA,4.46314619424204,8.65807955898102
2034-01-29 12:00:00,2034,1,29,NA,8.05383236178822,11.2054632902575
2034-01-30 12:00:00,2034,1,30,NA,5.51782880315951,12.1925072449052
2034-01-31 12:00:00,2034,1,31,NA,3.12815183589821,9.10832785043399
2034-02-01 12:00:00,2034,2,1,NA,-0.265256583824615,7.27095588368701
2034-02-02 12:00:00,2034,2,2,NA,-5.68021395780998,0.848533998206517
2034-02-03 12:00:00,2034,2,3,NA,2.57762301393523,10.6446096815968
2034-02-04 12:00:00,2034,2,4,NA,5.33184107947878,11.1165647668327
2034-02-05 12:00:00,2034,2,5,NA,7.33196359357826,12.163200908346
2034-02-06 12:00:00,2034,2,6,NA,6.54800234967284,14.2593010142263
2034-02-07 12:00:00,2034,2,7,NA,7.59968311436674,14.8672076145695
2034-02-08 12:00:00,2034,2,8,NA,9.03947423573993,15.9866314856213
2034-02-09 12:00:00,2034,2,9,NA,7.04385248787138,9.51612113814914
2034-02-10 12:00:00,2034,2,10,NA,3.77065442031258,5.38920594629303
2034-02-11 12:00:00,2034,2,11,NA,0.486405642100758,2.90514005604563
2034-02-12 12:00:00,2034,2,12,NA,3.03544119976517,4.57325006030582
2034-02-13 12:00:00,2034,2,13,NA,-3.26185503919105,-2.45261363988463
2034-02-14 12:00:00,2034,2,14,NA,-0.548898261666717,1.06704225545695
2034-02-15 12:00:00,2034,2,15,NA,-2.68513840648266,-0.191351121414422
2034-02-16 12:00:00,2034,2,16,NA,-1.73567857936999,2.66400608221615
2034-02-17 12:00:00,2034,2,17,NA,3.90234091726605,10.4336101777666
2034-02-18 12:00:00,2034,2,18,NA,2.51841796760885,10.6000713064184
2034-02-19 12:00:00,2034,2,19,NA,0.43903410138308,5.3903989840974
2034-02-20 12:00:00,2034,2,20,NA,5.01973045698041,9.05280111308356
2034-02-21 12:00:00,2034,2,21,NA,-3.88334569054024,2.02420016861903
2034-02-22 12:00:00,2034,2,22,NA,-0.281850728789819,5.68272105235891
2034-02-23 12:00:00,2034,2,23,NA,-1.10068728038196,7.42026279746266
2034-02-24 12:00:00,2034,2,24,NA,5.36335503309687,11.2547806010531
2034-02-25 12:00:00,2034,2,25,NA,4.60477283643157,10.6137737209255
2034-02-26 12:00:00,2034,2,26,NA,7.75477105172485,13.9019555501821
2034-02-27 12:00:00,2034,2,27,NA,10.0178010562775,13.3226312117737
2034-02-28 12:00:00,2034,2,28,NA,7.76675424278433,14.2877290570381
2034-03-01 12:00:00,2034,3,1,NA,11.4140363552118,15.6470724156352
2034-03-02 12:00:00,2034,3,2,NA,10.6631484112004,13.953915557024
2034-03-03 12:00:00,2034,3,3,NA,7.3269726736214,12.4440832118089
2034-03-04 12:00:00,2034,3,4,NA,3.84107779606621,10.5818144114559
2034-03-05 12:00:00,2034,3,5,NA,5.08611960665804,9.2618925171513
2034-03-06 12:00:00,2034,3,6,NA,5.25621626480928,10.0249707556796
2034-03-07 12:00:00,2034,3,7,NA,5.28085796538575,7.67026873863139
2034-03-08 12:00:00,2034,3,8,NA,5.0628969124454,8.4913284450911
2034-03-09 12:00:00,2034,3,9,NA,1.78299284084671,10.3069670850689
2034-03-10 12:00:00,2034,3,10,NA,5.61552265471008,14.9513984270911
2034-03-11 12:00:00,2034,3,11,NA,1.46149472529239,17.0989017853067
2034-03-12 12:00:00,2034,3,12,NA,7.47452539790377,14.3293172429028
2034-03-13 12:00:00,2034,3,13,NA,8.74206946311813,14.5194769493197
2034-03-14 12:00:00,2034,3,14,NA,6.248476583334,14.2725252674002
2034-03-15 12:00:00,2034,3,15,NA,4.35095596782575,11.8676829026063
2034-03-16 12:00:00,2034,3,16,NA,1.99396086603043,8.89613955827948
2034-03-17 12:00:00,2034,3,17,NA,-1.2003562637993,10.2955148774551
2034-03-18 12:00:00,2034,3,18,NA,1.95473169816626,14.4132388964272
2034-03-19 12:00:00,2034,3,19,NA,0.638298421627316,16.521473354383
2034-03-20 12:00:00,2034,3,20,NA,0.101778754894005,16.5678997691155
2034-03-21 12:00:00,2034,3,21,NA,6.66125855064954,21.2732546147429
2034-03-22 12:00:00,2034,3,22,NA,4.31365744099745,21.7140025327022
2034-03-23 12:00:00,2034,3,23,NA,3.25895975230546,17.2245767282043
2034-03-24 12:00:00,2034,3,24,NA,3.10778216272361,20.9936685688584
2034-03-25 12:00:00,2034,3,25,NA,4.27854201712725,12.3649937263476
2034-03-26 12:00:00,2034,3,26,NA,4.57565196266806,11.6886441616982
2034-03-27 12:00:00,2034,3,27,NA,3.26086633271689,9.6871698302225
2034-03-28 12:00:00,2034,3,28,NA,3.02506829981304,8.92679466449507
2034-03-29 12:00:00,2034,3,29,NA,3.34643700075028,12.0719368661642
2034-03-30 12:00:00,2034,3,30,NA,6.38906361382558,9.92464349976947
2034-03-31 12:00:00,2034,3,31,NA,4.60613227955848,9.7777980876413
2034-04-01 12:00:00,2034,4,1,NA,8.96425673381037,12.6176408442474
2034-04-02 12:00:00,2034,4,2,NA,6.76289750608593,13.6264029263442
2034-04-03 12:00:00,2034,4,3,NA,3.3325482951631,11.7285277554074
2034-04-04 12:00:00,2034,4,4,NA,1.89767098590733,11.3566567210976
2034-04-05 12:00:00,2034,4,5,NA,0.966023276788772,15.7235560327733
2034-04-06 12:00:00,2034,4,6,NA,4.29016432929859,16.6763941804763
2034-04-07 12:00:00,2034,4,7,NA,3.7816079407539,19.7851053053674
2034-04-08 12:00:00,2034,4,8,NA,5.20700152865886,14.9321315071321
2034-04-09 12:00:00,2034,4,9,NA,1.11456483126238,16.5528523035379
2034-04-10 12:00:00,2034,4,10,NA,2.26738464999843,19.4812268847717
2034-04-11 12:00:00,2034,4,11,NA,-0.794748865524494,14.9148550730571
2034-04-12 12:00:00,2034,4,12,NA,3.51016575375582,17.2353230436641
2034-04-13 12:00:00,2034,4,13,NA,10.2698646147161,19.6029747313908
2034-04-14 12:00:00,2034,4,14,NA,10.578454345406,18.6789406779759
2034-04-15 12:00:00,2034,4,15,NA,10.2801949433706,19.7391806785609
2034-04-16 12:00:00,2034,4,16,NA,6.63588376531478,22.1499721542079
2034-04-17 12:00:00,2034,4,17,NA,8.68141585336672,22.2115861320323
2034-04-18 12:00:00,2034,4,18,NA,6.93036966074313,24.4491165369748
2034-04-19 12:00:00,2034,4,19,NA,8.06980933124177,23.6649675586601
2034-04-20 12:00:00,2034,4,20,NA,7.98004757858146,22.3685506919197
2034-04-21 12:00:00,2034,4,21,NA,9.9811264790205,19.5931665833475
2034-04-22 12:00:00,2034,4,22,NA,10.8146774169987,20.3059311079741
2034-04-23 12:00:00,2034,4,23,NA,10.4240357213045,21.7415398576472
2034-04-24 12:00:00,2034,4,24,NA,16.0826786458811,30.7293963049256
2034-04-25 12:00:00,2034,4,25,NA,14.9839821784439,31.4473802218268
2034-04-26 12:00:00,2034,4,26,NA,11.8974483937972,21.9146668999255
2034-04-27 12:00:00,2034,4,27,NA,11.3806517476127,20.8701528453706
2034-04-28 12:00:00,2034,4,28,NA,10.6720280656712,18.0636898518998
2034-04-29 12:00:00,2034,4,29,NA,6.69029024972724,26.6052479891258
2034-04-30 12:00:00,2034,4,30,NA,8.24622270548217,25.6168515949329
2034-05-01 12:00:00,2034,5,1,NA,8.36498524234528,26.3456129342298
2034-05-02 12:00:00,2034,5,2,NA,10.5253264971117,26.7020557472565
2034-05-03 12:00:00,2034,5,3,NA,9.79594267604035,23.4438534761301
2034-05-04 12:00:00,2034,5,4,NA,10.5380849907448,27.1876958139039
2034-05-05 12:00:00,2034,5,5,NA,8.62682361808343,25.9793871293799
2034-05-06 12:00:00,2034,5,6,NA,7.31653845546895,23.9661492786281
2034-05-07 12:00:00,2034,5,7,NA,12.4524468981625,28.9572638657467
2034-05-08 12:00:00,2034,5,8,NA,13.3445174759746,26.928677904071
2034-05-09 12:00:00,2034,5,9,NA,9.92167746053816,24.9427015899283
2034-05-10 12:00:00,2034,5,10,NA,11.432817900119,23.0856566737254
2034-05-11 12:00:00,2034,5,11,NA,12.1096140871942,22.1186239639061
2034-05-12 12:00:00,2034,5,12,NA,14.0820690103591,28.9329805226069
2034-05-13 12:00:00,2034,5,13,NA,12.7791294441742,23.0781850327519
2034-05-14 12:00:00,2034,5,14,NA,12.2970437358112,15.2655548570677
2034-05-15 12:00:00,2034,5,15,NA,8.07726589207712,14.8211992567266
2034-05-16 12:00:00,2034,5,16,NA,7.13118304558415,15.9067269966192
2034-05-17 12:00:00,2034,5,17,NA,6.8435668502661,21.3749242193561
2034-05-18 12:00:00,2034,5,18,NA,7.66093167208171,24.3804826366132
2034-05-19 12:00:00,2034,5,19,NA,8.39593537541915,28.8327087847877
2034-05-20 12:00:00,2034,5,20,NA,10.1423340097967,29.597826440992
2034-05-21 12:00:00,2034,5,21,NA,14.864315527503,30.7490398047685
2034-05-22 12:00:00,2034,5,22,NA,16.2784138454802,23.340753595927
2034-05-23 12:00:00,2034,5,23,NA,10.2765895695437,23.153307982482
2034-05-24 12:00:00,2034,5,24,NA,11.8437717951891,27.3476957049308
2034-05-25 12:00:00,2034,5,25,NA,13.7767436695987,18.3552672083869
2034-05-26 12:00:00,2034,5,26,NA,2.78367845970402,21.1993757598403
2034-05-27 12:00:00,2034,5,27,NA,11.0379721982457,23.8756601011073
2034-05-28 12:00:00,2034,5,28,NA,10.2049657123989,28.8219799281615
2034-05-29 12:00:00,2034,5,29,NA,13.1794807072835,29.0381738842227
2034-05-30 12:00:00,2034,5,30,NA,12.1768925891561,22.8677772891474
2034-05-31 12:00:00,2034,5,31,NA,11.884857694803,22.581492484173
2034-06-01 12:00:00,2034,6,1,NA,10.261523442954,18.1286418323437
2034-06-02 12:00:00,2034,6,2,NA,6.753594772209,19.8398008740729
2034-06-03 12:00:00,2034,6,3,NA,5.25548612839816,22.7537868297036
2034-06-04 12:00:00,2034,6,4,NA,10.401826466912,25.7339605244237
2034-06-05 12:00:00,2034,6,5,NA,14.7118101137902,21.3234938502355
2034-06-06 12:00:00,2034,6,6,NA,15.1559350626651,18.2134274386586
2034-06-07 12:00:00,2034,6,7,NA,14.5626920201305,23.6718831783987
2034-06-08 12:00:00,2034,6,8,NA,12.9320930231944,19.0490607015931
2034-06-09 12:00:00,2034,6,9,NA,10.2569743422186,18.5049053064038
2034-06-10 12:00:00,2034,6,10,NA,7.48341435571048,21.9416126116665
2034-06-11 12:00:00,2034,6,11,NA,7.76430780666638,22.2552035376642
2034-06-12 12:00:00,2034,6,12,NA,9.7126575058016,22.9550096192233
2034-06-13 12:00:00,2034,6,13,NA,6.87982796386954,23.3252374655306
2034-06-14 12:00:00,2034,6,14,NA,13.3775817457707,23.5268780543942
2034-06-15 12:00:00,2034,6,15,NA,13.3202182754451,18.7660531611269
2034-06-16 12:00:00,2034,6,16,NA,15.7656655806771,22.9977884643327
2034-06-17 12:00:00,2034,6,17,NA,16.4815388102482,25.4059991757078
2034-06-18 12:00:00,2034,6,18,NA,13.8120537120754,22.9808006792525
2034-06-19 12:00:00,2034,6,19,NA,11.4223085682987,24.0272722109431
2034-06-20 12:00:00,2034,6,20,NA,16.4055867529268,21.6871702870958
2034-06-21 12:00:00,2034,6,21,NA,16.491142972724,25.0247004479775
2034-06-22 12:00:00,2034,6,22,NA,17.1206057160421,22.5747111649246
2034-06-23 12:00:00,2034,6,23,NA,15.610893452352,24.853445302539
2034-06-24 12:00:00,2034,6,24,NA,16.996583713335,26.2437255772218
2034-06-25 12:00:00,2034,6,25,NA,14.6908253123686,21.0485963886732
2034-06-26 12:00:00,2034,6,26,NA,13.104555895372,24.3631026716178
2034-06-27 12:00:00,2034,6,27,NA,15.6228875988144,26.0298485134726
2034-06-28 12:00:00,2034,6,28,NA,17.8111625484374,31.7589538282171
2034-06-29 12:00:00,2034,6,29,NA,12.1787402675491,29.539834268453
2034-06-30 12:00:00,2034,6,30,NA,16.1949577001005,28.5901414719625
2034-07-01 12:00:00,2034,7,1,NA,18.0227801666558,30.6782312476163
2034-07-02 12:00:00,2034,7,2,NA,12.0905768662991,26.9633802061582
2034-07-03 12:00:00,2034,7,3,NA,10.4198039820231,20.9085233966822
2034-07-04 12:00:00,2034,7,4,NA,10.3140832452844,19.6357399594173
2034-07-05 12:00:00,2034,7,5,NA,9.33458069044475,21.4970062046582
2034-07-06 12:00:00,2034,7,6,NA,18.2249972157478,24.3442463472876
2034-07-07 12:00:00,2034,7,7,NA,14.4513182332552,25.8476061184014
2034-07-08 12:00:00,2034,7,8,NA,14.2592951964296,22.8407548946223
2034-07-09 12:00:00,2034,7,9,NA,11.9049419013993,23.0281708989454
2034-07-10 12:00:00,2034,7,10,NA,13.7675491410092,27.7491112303486
2034-07-11 12:00:00,2034,7,11,NA,17.3908358018588,26.3881688895398
2034-07-12 12:00:00,2034,7,12,NA,17.2721786674802,26.2695117551613
2034-07-13 12:00:00,2034,7,13,NA,17.25326071964,29.2014828119277
2034-07-14 12:00:00,2034,7,14,NA,16.374988176886,33.2790795597331
2034-07-15 12:00:00,2034,7,15,NA,15.7711774051911,28.2150849089038
2034-07-16 12:00:00,2034,7,16,NA,14.0790636409235,27.3743597692798
2034-07-17 12:00:00,2034,7,17,NA,17.5853032555572,26.0728259790893
2034-07-18 12:00:00,2034,7,18,NA,17.3999931095787,24.9412051998318
2034-07-19 12:00:00,2034,7,19,NA,18.4061620426551,28.4746400197259
2034-07-20 12:00:00,2034,7,20,NA,17.4754235064621,21.1115467550422
2034-07-21 12:00:00,2034,7,21,NA,16.5262602166581,32.9667478191103
2034-07-22 12:00:00,2034,7,22,NA,19.7803522267431,24.5184433289655
2034-07-23 12:00:00,2034,7,23,NA,14.6381273880155,24.590777549076
2034-07-24 12:00:00,2034,7,24,NA,15.090658225088,25.470398950958
2034-07-25 12:00:00,2034,7,25,NA,15.6433557303563,28.6633819813038
2034-07-26 12:00:00,2034,7,26,NA,17.41248588706,33.1833586575471
2034-07-27 12:00:00,2034,7,27,NA,17.9268313486989,29.0392572150288
2034-07-28 12:00:00,2034,7,28,NA,19.5766427468076,23.6337766953092
2034-07-29 12:00:00,2034,7,29,NA,13.6006475651405,20.6201675158141
2034-07-30 12:00:00,2034,7,30,NA,7.79837517176153,25.4286755248404
2034-07-31 12:00:00,2034,7,31,NA,15.5950728469948,25.0087731704762
2034-08-01 12:00:00,2034,8,1,NA,15.4680217312154,23.5713520694194
2034-08-02 12:00:00,2034,8,2,NA,17.0798724490627,26.6868438602605
2034-08-03 12:00:00,2034,8,3,NA,20.6881746018211,26.9781055473787
2034-08-04 12:00:00,2034,8,4,NA,20.5236055208385,28.5954038910621
2034-08-05 12:00:00,2034,8,5,NA,16.2168355905569,25.9141816535424
2034-08-06 12:00:00,2034,8,6,NA,14.2468507530798,25.5274297263222
2034-08-07 12:00:00,2034,8,7,NA,16.8327350373458,24.2418311481174
2034-08-08 12:00:00,2034,8,8,NA,18.5352112373604,24.0784089353341
2034-08-09 12:00:00,2034,8,9,NA,16.7864873694247,24.2452791508825
2034-08-10 12:00:00,2034,8,10,NA,11.5030867253766,28.0437617943079
2034-08-11 12:00:00,2034,8,11,NA,16.8045049008769,26.3941017458499
2034-08-12 12:00:00,2034,8,12,NA,14.4913067383547,28.9900149959447
2034-08-13 12:00:00,2034,8,13,NA,21.0359265955758,29.8184601785119
2034-08-14 12:00:00,2034,8,14,NA,20.5095168325798,30.4886679158774
2034-08-15 12:00:00,2034,8,15,NA,22.4696283237518,29.9072927489287
2034-08-16 12:00:00,2034,8,16,NA,24.817937798278,32.0067518734406
2034-08-17 12:00:00,2034,8,17,NA,25.3007438316523,29.8063050052368
2034-08-18 12:00:00,2034,8,18,NA,19.6916362172092,26.1934529827923
2034-08-19 12:00:00,2034,8,19,NA,16.0945860535274,29.1235905459839
2034-08-20 12:00:00,2034,8,20,NA,16.68820562877,29.5438754510265
2034-08-21 12:00:00,2034,8,21,NA,19.6017710347165,27.8444518555684
2034-08-22 12:00:00,2034,8,22,NA,16.8094338972203,20.4992218406465
2034-08-23 12:00:00,2034,8,23,NA,16.3466134395114,23.6028224422339
2034-08-24 12:00:00,2034,8,24,NA,19.0874210201243,22.7295391459092
2034-08-25 12:00:00,2034,8,25,NA,17.0261880163227,23.3891632099389
2034-08-26 12:00:00,2034,8,26,NA,16.7740082813902,27.533625932938
2034-08-27 12:00:00,2034,8,27,NA,14.9824429321899,30.7790715828819
2034-08-28 12:00:00,2034,8,28,NA,14.2271701241933,27.8097199140856
2034-08-29 12:00:00,2034,8,29,NA,11.5538468134508,26.0525550710408
2034-08-30 12:00:00,2034,8,30,NA,15.494088936009,22.6931471355707
2034-08-31 12:00:00,2034,8,31,NA,13.1513630725086,21.2994209778736
2034-09-01 12:00:00,2034,9,1,NA,12.5870310612474,20.8297118820993
2034-09-02 12:00:00,2034,9,2,NA,12.5193296259891,19.2691370282567
2034-09-03 12:00:00,2034,9,3,NA,14.8937404729409,18.7062903145844
2034-09-04 12:00:00,2034,9,4,NA,14.3815349005939,17.9568250534245
2034-09-05 12:00:00,2034,9,5,NA,10.2906975146739,15.6764623559836
2034-09-06 12:00:00,2034,9,6,NA,4.49767679136535,19.563412674683
2034-09-07 12:00:00,2034,9,7,NA,10.7954610783,17.0892131483054
2034-09-08 12:00:00,2034,9,8,NA,11.4539305202078,16.135480964708
2034-09-09 12:00:00,2034,9,9,NA,10.2271287951953,21.0578042975849
2034-09-10 12:00:00,2034,9,10,NA,9.47234917613211,19.8423247493623
2034-09-11 12:00:00,2034,9,11,NA,7.18316764881896,22.3628492267385
2034-09-12 12:00:00,2034,9,12,NA,9.10905048311436,22.3920834161447
2034-09-13 12:00:00,2034,9,13,NA,11.145977621919,24.4290105549494
2034-09-14 12:00:00,2034,9,14,NA,12.6532914225548,20.1867479461617
2034-09-15 12:00:00,2034,9,15,NA,12.8589880078632,18.7188461950572
2034-09-16 12:00:00,2034,9,16,NA,8.91925909479622,20.8363580004408
2034-09-17 12:00:00,2034,9,17,NA,9.7261743008568,22.153192552921
2034-09-18 12:00:00,2034,9,18,NA,9.15627288864582,19.2101079254655
2034-09-19 12:00:00,2034,9,19,NA,7.37806883664429,20.0711510533695
2034-09-20 12:00:00,2034,9,20,NA,10.63335680735,21.683607553646
2034-09-21 12:00:00,2034,9,21,NA,9.3405549949126,25.4051602263013
2034-09-22 12:00:00,2034,9,22,NA,12.2826954771999,28.4056247010775
2034-09-23 12:00:00,2034,9,23,NA,14.7190174208954,26.60403003779
2034-09-24 12:00:00,2034,9,24,NA,12.5658710764425,18.2272473188952
2034-09-25 12:00:00,2034,9,25,NA,11.6314148327227,18.284855629988
2034-09-26 12:00:00,2034,9,26,NA,13.2924288808881,23.3462639177077
2034-09-27 12:00:00,2034,9,27,NA,9.95440651660032,24.3836123623489
2034-09-28 12:00:00,2034,9,28,NA,9.28342476287399,20.9172849189574
2034-09-29 12:00:00,2034,9,29,NA,13.0217835680581,21.8854619506784
2034-09-30 12:00:00,2034,9,30,NA,10.416103988884,18.51980859995
2034-10-01 12:00:00,2034,10,1,NA,12.5023168424386,20.0357733660455
2034-10-02 12:00:00,2034,10,2,NA,12.4969028263354,18.1453774745985
2034-10-03 12:00:00,2034,10,3,NA,13.1611593382201,19.0507976968788
2034-10-04 12:00:00,2034,10,4,NA,14.024555669005,19.4248278964233
2034-10-05 12:00:00,2034,10,5,NA,12.4699866064521,21.1010204589415
2034-10-06 12:00:00,2034,10,6,NA,14.3413201014917,18.5907958385034
2034-10-07 12:00:00,2034,10,7,NA,12.8349956905281,20.1261118524254
2034-10-08 12:00:00,2034,10,8,NA,17.8748687761517,25.4600002178074
2034-10-09 12:00:00,2034,10,9,NA,13.4204652097773,26.3963111779982
2034-10-10 12:00:00,2034,10,10,NA,15.2243576499064,22.2812178321547
2034-10-11 12:00:00,2034,10,11,NA,16.1159432725104,25.4308312906659
2034-10-12 12:00:00,2034,10,12,NA,20.574857227485,25.808259403814
2034-10-13 12:00:00,2034,10,13,NA,19.0332931848307,24.3659437425555
2034-10-14 12:00:00,2034,10,14,NA,17.9499293386019,25.2410455004993
2034-10-15 12:00:00,2034,10,15,NA,12.7572751312424,23.5927088255216
2034-10-16 12:00:00,2034,10,16,NA,11.0380711491241,16.3716723211838
2034-10-17 12:00:00,2034,10,17,NA,8.24433641979374,17.9849770770461
2034-10-18 12:00:00,2034,10,18,NA,8.75842479139873,13.9836822543253
2034-10-19 12:00:00,2034,10,19,NA,7.02775214679947,14.3470386702565
2034-10-20 12:00:00,2034,10,20,NA,8.04075541265078,17.7917219311436
2034-10-21 12:00:00,2034,10,21,NA,7.23354268421044,15.9982385884904
2034-10-22 12:00:00,2034,10,22,NA,9.52037753384426,18.887042170215
2034-10-23 12:00:00,2034,10,23,NA,9.23221421874146,14.5864858339113
2034-10-24 12:00:00,2034,10,24,NA,5.26259495573287,11.6876189893327
2034-10-25 12:00:00,2034,10,25,NA,4.95948596879834,12.4031737108372
2034-10-26 12:00:00,2034,10,26,NA,7.35642100492656,10.7670508986051
2034-10-27 12:00:00,2034,10,27,NA,7.01565376713139,12.4026202562587
2034-10-28 12:00:00,2034,10,28,NA,8.79782105349843,13.1080146207632
2034-10-29 12:00:00,2034,10,29,NA,7.79910270184933,18.5966530865433
2034-10-30 12:00:00,2034,10,30,NA,6.41634335172678,17.5211499099057
2034-10-31 12:00:00,2034,10,31,NA,4.46584387369492,19.5470063715834
2034-11-01 12:00:00,2034,11,1,NA,8.3990229769393,13.7890103792485
2034-11-02 12:00:00,2034,11,2,NA,5.74741672973702,16.5445574004518
2034-11-03 12:00:00,2034,11,3,NA,8.5456796526494,12.9565190543295
2034-11-04 12:00:00,2034,11,4,NA,8.92635165357676,11.8115945769795
2034-11-05 12:00:00,2034,11,5,NA,2.47106004349527,8.55498943503333
2034-11-06 12:00:00,2034,11,6,NA,1.7550970449405,7.48747006583686
2034-11-07 12:00:00,2034,11,7,NA,5.41840167274425,10.8905904497818
2034-11-08 12:00:00,2034,11,8,NA,4.6334851177635,13.9175798570189
2034-11-09 12:00:00,2034,11,9,NA,3.42294765814995,14.8360354258745
2034-11-10 12:00:00,2034,11,10,NA,10.174655112582,14.5104826575695
2034-11-11 12:00:00,2034,11,11,NA,6.61708655516829,13.2679794358766
2034-11-12 12:00:00,2034,11,12,NA,7.9377625255707,14.058191892482
2034-11-13 12:00:00,2034,11,13,NA,9.90998469334236,17.4321835816077
2034-11-14 12:00:00,2034,11,14,NA,-0.709984407595885,13.7233068527427
2034-11-15 12:00:00,2034,11,15,NA,2.80330303835208,10.538074054846
2034-11-16 12:00:00,2034,11,16,NA,-0.232612383808112,11.7990777395645
2034-11-17 12:00:00,2034,11,17,NA,1.46429545342826,7.99817410788207
2034-11-18 12:00:00,2034,11,18,NA,1.84761892483145,4.81870776251524
2034-11-19 12:00:00,2034,11,19,NA,-0.63278467006461,2.19900682451221
2034-11-20 12:00:00,2034,11,20,NA,4.28977664552356,6.20779928146733
2034-11-21 12:00:00,2034,11,21,NA,2.20304468961271,9.92795663800686
2034-11-22 12:00:00,2034,11,22,NA,3.2690923626835,10.8005607841826
2034-11-23 12:00:00,2034,11,23,NA,4.64422572710518,9.30643782118318
2034-11-24 12:00:00,2034,11,24,NA,6.78649113145647,11.7880194623246
2034-11-25 12:00:00,2034,11,25,NA,7.00522987008437,13.9715355945162
2034-11-26 12:00:00,2034,11,26,NA,8.02083326930891,10.9919221069927
2034-11-27 12:00:00,2034,11,27,NA,7.18889144880585,10.9265663002184
2034-11-28 12:00:00,2034,11,28,NA,8.65988356501995,12.4063020860753
2034-11-29 12:00:00,2034,11,29,NA,8.9799636402707,14.7258298529203
2034-11-30 12:00:00,2034,11,30,NA,11.2627900930349,16.0527741260339
2034-12-01 12:00:00,2034,12,1,NA,10.9787561424767,15.9802844733448
2034-12-02 12:00:00,2034,12,2,NA,11.6909298408834,13.2161144522816
2034-12-03 12:00:00,2034,12,3,NA,11.1664859114209,12.1379850799264
2034-12-04 12:00:00,2034,12,4,NA,8.42766686000133,14.1497409868111
2034-12-05 12:00:00,2034,12,5,NA,8.4044131236166,15.4933557412272
2034-12-06 12:00:00,2034,12,6,NA,7.99784835971666,12.0636740754382
2034-12-07 12:00:00,2034,12,7,NA,6.02686469578994,11.1154422637283
2034-12-08 12:00:00,2034,12,8,NA,2.96577612500241,6.88739731536802
2034-12-09 12:00:00,2034,12,9,NA,-5.01003594030542,4.11221623353434
2034-12-10 12:00:00,2034,12,10,NA,-3.86527027987615,3.80061739020608
2034-12-11 12:00:00,2034,12,11,NA,1.80885695749465,2.82867622136634
2034-12-12 12:00:00,2034,12,12,NA,2.6462958796164,6.82921560915849
2034-12-13 12:00:00,2034,12,13,NA,0.976774115150171,6.89955229986567
2034-12-14 12:00:00,2034,12,14,NA,4.68908511486303,9.57380298086781
2034-12-15 12:00:00,2034,12,15,NA,2.61023195933626,7.57105907984758
2034-12-16 12:00:00,2034,12,16,NA,-1.53585581675373,4.80367214453326
2034-12-17 12:00:00,2034,12,17,NA,1.63432950740753,7.6578300863158
2034-12-18 12:00:00,2034,12,18,NA,3.19311768842451,8.72201582644665
2034-12-19 12:00:00,2034,12,19,NA,-1.37867818484117,4.69572315570018
2034-12-20 12:00:00,2034,12,20,NA,-2.75673921681518,4.03878004117013
2034-12-21 12:00:00,2034,12,21,NA,-0.941413236250641,4.14843013451083
2034-12-22 12:00:00,2034,12,22,NA,1.25141268269222,3.69780043124809
2034-12-23 12:00:00,2034,12,23,NA,-1.93394678677022,-0.91418294682682
2034-12-24 12:00:00,2034,12,24,NA,-3.62971391949508,-2.40603252457793
2034-12-25 12:00:00,2034,12,25,NA,-5.22073637075417,-1.17159147463968
2034-12-26 12:00:00,2034,12,26,NA,-6.51570162762684,-1.45501227404435
2034-12-27 12:00:00,2034,12,27,NA,-5.34959171511053,1.77741704558109
2034-12-28 12:00:00,2034,12,28,NA,-1.54306252487515,2.02274794863083
2034-12-29 12:00:00,2034,12,29,NA,-2.22653579970661,1.75493765769885
2034-12-30 12:00:00,2034,12,30,NA,-3.74883085902471,2.26659242486114
2034-12-31 12:00:00,2034,12,31,NA,-1.68027614615749,1.11857224201724
2035-01-01 12:00:00,2035,1,1,NA,-6.68233345376136,-1.67663896686198
2035-01-02 12:00:00,2035,1,2,NA,-8.24796304674506,-1.1314032653474
2035-01-03 12:00:00,2035,1,3,NA,-9.82021058724417,-5.46623762983685
2035-01-04 12:00:00,2035,1,4,NA,-6.27770644474299,-3.1783450126202
2035-01-05 12:00:00,2035,1,5,NA,-2.09770143355587,-1.17271541873613
2035-01-06 12:00:00,2035,1,6,NA,1.67989234430751,3.6407532362459
2035-01-07 12:00:00,2035,1,7,NA,0.178816817469036,5.92681852919574
2035-01-08 12:00:00,2035,1,8,NA,2.20397481255875,7.95197652428545
2035-01-09 12:00:00,2035,1,9,NA,2.67270937838545,6.77470063372937
2035-01-10 12:00:00,2035,1,10,NA,3.2197664130522,6.09292022220808
2035-01-11 12:00:00,2035,1,11,NA,3.65327300548761,4.54733664600451
2035-01-12 12:00:00,2035,1,12,NA,3.36389873586062,4.54035244348135
2035-01-13 12:00:00,2035,1,13,NA,1.77412354569678,3.8697435417172
2035-01-14 12:00:00,2035,1,14,NA,-0.583736675241024,5.69490461476093
2035-01-15 12:00:00,2035,1,15,NA,-0.408489502298961,4.67313611498152
2035-01-16 12:00:00,2035,1,16,NA,2.66974810031194,5.7953804077509
2035-01-17 12:00:00,2035,1,17,NA,0.00558544563451857,4.77164424486303
2035-01-18 12:00:00,2035,1,18,NA,3.40817409643889,7.47257836791301
2035-01-19 12:00:00,2035,1,19,NA,0.271914782273712,4.33506395521199
2035-01-20 12:00:00,2035,1,20,NA,0.66794999484647,4.9759162272546
2035-01-21 12:00:00,2035,1,21,NA,2.28905649444396,6.84675459625592
2035-01-22 12:00:00,2035,1,22,NA,4.67727697310259,6.70753685233572
2035-01-23 12:00:00,2035,1,23,NA,3.90493609373193,10.1952093442962
2035-01-24 12:00:00,2035,1,24,NA,3.13497776526865,10.4083221944643
2035-01-25 12:00:00,2035,1,25,NA,-1.66809915206533,8.21634409588173
2035-01-26 12:00:00,2035,1,26,NA,-2.13249581106142,5.10588962575632
2035-01-27 12:00:00,2035,1,27,NA,-1.14576935235416,8.26795246236433
2035-01-28 12:00:00,2035,1,28,NA,-2.75656107700608,8.04893555655634
2035-01-29 12:00:00,2035,1,29,NA,4.12635502225207,6.20931607017176
2035-01-30 12:00:00,2035,1,30,NA,0.984365606969835,7.42331964511111
2035-01-31 12:00:00,2035,1,31,NA,4.18466350039549,10.454622704786
2035-02-01 12:00:00,2035,2,1,NA,7.01724395213672,11.5336102948583
2035-02-02 12:00:00,2035,2,2,NA,4.50001304226513,8.45378250042865
2035-02-03 12:00:00,2035,2,3,NA,-2.10521981009763,5.980640381559
2035-02-04 12:00:00,2035,2,4,NA,4.31864774218827,7.50738290331215
2035-02-05 12:00:00,2035,2,5,NA,5.56717955286434,12.282564289412
2035-02-06 12:00:00,2035,2,6,NA,3.33203706571591,6.80251084959869
2035-02-07 12:00:00,2035,2,7,NA,0.455001108941801,4.81084710570476
2035-02-08 12:00:00,2035,2,8,NA,-2.35769493353309,2.58320790586784
2035-02-09 12:00:00,2035,2,9,NA,1.17477694524017,4.49268459501003
2035-02-10 12:00:00,2035,2,10,NA,-1.58325227074675,0.035299255233706
2035-02-11 12:00:00,2035,2,11,NA,4.58900618236264,7.54864856578313
2035-02-12 12:00:00,2035,2,12,NA,6.31906251354747,7.99722279867355
2035-02-13 12:00:00,2035,2,13,NA,6.02380511015436,9.32863526565056
2035-02-14 12:00:00,2035,2,14,NA,-4.02425167297358,-0.290878250633323
2035-02-15 12:00:00,2035,2,15,NA,-7.01279563498537,1.45473458663835
2035-02-16 12:00:00,2035,2,16,NA,-4.07503138079685,1.70969230655704
2035-02-17 12:00:00,2035,2,17,NA,-2.16683674239508,8.49033135991974
2035-02-18 12:00:00,2035,2,18,NA,1.16358900862816,8.18970099898526
2035-02-19 12:00:00,2035,2,19,NA,2.30113547287888,11.2911735304074
2035-02-20 12:00:00,2035,2,20,NA,7.89731276366579,14.5042027496921
2035-02-21 12:00:00,2035,2,21,NA,-0.342280808617178,15.8741334623959
2035-02-22 12:00:00,2035,2,22,NA,5.20786630555934,15.9400418060447
2035-02-23 12:00:00,2035,2,23,NA,5.58886633881984,16.1289632676878
2035-02-24 12:00:00,2035,2,24,NA,8.27558988944721,13.0293837890014
2035-02-25 12:00:00,2035,2,25,NA,6.27949421033793,9.53452203168727
2035-02-26 12:00:00,2035,2,26,NA,3.38698111526566,8.69038964393376
2035-02-27 12:00:00,2035,2,27,NA,-3.77592234556969,5.93779706464118
2035-02-28 12:00:00,2035,2,28,NA,-0.634107161231058,8.91087506186582
2035-03-01 12:00:00,2035,3,1,NA,1.00523348056068,12.5544753547309
2035-03-02 12:00:00,2035,3,2,NA,6.62863215240253,10.5183480364994
2035-03-03 12:00:00,2035,3,3,NA,2.95747077028675,11.8254326539992
2035-03-04 12:00:00,2035,3,4,NA,-0.837047568268616,11.3559696238469
2035-03-05 12:00:00,2035,3,5,NA,-0.542195785509264,20.1057784997092
2035-03-06 12:00:00,2035,3,6,NA,3.46370846052675,20.8640535522315
2035-03-07 12:00:00,2035,3,7,NA,5.48103372648746,14.0590098936412
2035-03-08 12:00:00,2035,3,8,NA,8.62326778303976,16.1399947178203
2035-03-09 12:00:00,2035,3,9,NA,3.69817268057925,16.7573098081282
2035-03-10 12:00:00,2035,3,10,NA,9.1969113910766,16.1103769076595
2035-03-11 12:00:00,2035,3,11,NA,9.76643358523,18.7637351122828
2035-03-12 12:00:00,2035,3,12,NA,4.23215319516089,13.2983113725952
2035-03-13 12:00:00,2035,3,13,NA,3.03432966314708,12.4467962571703
2035-03-14 12:00:00,2035,3,14,NA,0.0933862858858072,14.5887288911006
2035-03-15 12:00:00,2035,3,15,NA,-1.00179407878165,12.0573430487673
2035-03-16 12:00:00,2035,3,16,NA,-4.54016321015259,13.1441052103859
2035-03-17 12:00:00,2035,3,17,NA,3.92207083832524,17.7764879480299
2035-03-18 12:00:00,2035,3,18,NA,5.95046291059757,17.8607422979955
2035-03-19 12:00:00,2035,3,19,NA,5.24292305018319,18.4729552706357
2035-03-20 12:00:00,2035,3,20,NA,8.74285121691684,19.025183295
2035-03-21 12:00:00,2035,3,21,NA,5.17417965912075,15.4122007679741
2035-03-22 12:00:00,2035,3,22,NA,3.68774151400209,14.716502250546
2035-03-23 12:00:00,2035,3,23,NA,2.86974254293009,13.9686564320055
2035-03-24 12:00:00,2035,3,24,NA,4.60370576975232,10.1455870315774
2035-03-25 12:00:00,2035,3,25,NA,5.76042957745921,12.0134450135251
2035-03-26 12:00:00,2035,3,26,NA,4.83494868674169,17.5366069571524
2035-03-27 12:00:00,2035,3,27,NA,6.11361796001039,19.9449559273191
2035-03-28 12:00:00,2035,3,28,NA,4.31479854136527,18.5296531722685
2035-03-29 12:00:00,2035,3,29,NA,6.77865710432686,20.0150236957158
2035-03-30 12:00:00,2035,3,30,NA,4.25845510946389,23.8163052857708
2035-03-31 12:00:00,2035,3,31,NA,8.06434366660916,22.559686271824
2035-04-01 12:00:00,2035,4,1,NA,8.04284112748959,16.7683409929035
2035-04-02 12:00:00,2035,4,2,NA,5.77364698796056,14.389517295838
2035-04-03 12:00:00,2035,4,3,NA,0.859475176611658,11.3613336360465
2035-04-04 12:00:00,2035,4,4,NA,-0.259167602683474,13.1100026110738
2035-04-05 12:00:00,2035,4,5,NA,2.78585523505609,14.3785578073912
2035-04-06 12:00:00,2035,4,6,NA,2.1652442921587,18.6352568675175
2035-04-07 12:00:00,2035,4,7,NA,0.70266420744886,12.2215691040137
2035-04-08 12:00:00,2035,4,8,NA,3.54922046664525,9.87934646883085
2035-04-09 12:00:00,2035,4,9,NA,3.23951207775519,11.4047257261381
2035-04-10 12:00:00,2035,4,10,NA,4.9955362452206,11.0767398616818
2035-04-11 12:00:00,2035,4,11,NA,4.04037608292568,9.13419431288663
2035-04-12 12:00:00,2035,4,12,NA,2.36464701414139,8.66474850822124
2035-04-13 12:00:00,2035,4,13,NA,0.228390698106054,4.57747079442584
2035-04-14 12:00:00,2035,4,14,NA,-2.84162155917385,3.25846648662743
2035-04-15 12:00:00,2035,4,15,NA,-5.64278485618576,11.2510238595883
2035-04-16 12:00:00,2035,4,16,NA,-2.86650572270636,8.55301165927693
2035-04-17 12:00:00,2035,4,17,NA,2.48879957137095,7.5826178013319
2035-04-18 12:00:00,2035,4,18,NA,2.57242170004556,10.9541124041335
2035-04-19 12:00:00,2035,4,19,NA,3.2482996477535,11.7152413359129
2035-04-20 12:00:00,2035,4,20,NA,0.555582852948615,15.2929236993855
2035-04-21 12:00:00,2035,4,21,NA,0.73268192513184,16.3091645649334
2035-04-22 12:00:00,2035,4,22,NA,1.34789669987879,20.9599985885029
2035-04-23 12:00:00,2035,4,23,NA,7.9740492379222,25.4888154646983
2035-04-24 12:00:00,2035,4,24,NA,8.99627788003735,29.0393796688056
2035-04-25 12:00:00,2035,4,25,NA,9.02723574843203,29.132159432744
2035-04-26 12:00:00,2035,4,26,NA,10.1966834854482,27.1318938272082
2035-04-27 12:00:00,2035,4,27,NA,8.06381037662449,24.4332349668004
2035-04-28 12:00:00,2035,4,28,NA,5.17980696777538,20.889410906357
2035-04-29 12:00:00,2035,4,29,NA,7.74303475366723,22.3897524127118
2035-04-30 12:00:00,2035,4,30,NA,8.52316316394405,25.0505852543262
2035-05-01 12:00:00,2035,5,1,NA,10.979244547332,27.9873916823239
2035-05-02 12:00:00,2035,5,2,NA,9.13905963446486,25.2817512466323
2035-05-03 12:00:00,2035,5,3,NA,9.7000444219581,20.577933776863
2035-05-04 12:00:00,2035,5,4,NA,11.3255643218983,19.2088411076035
2035-05-05 12:00:00,2035,5,5,NA,11.042576442966,18.5397493879103
2035-05-06 12:00:00,2035,5,6,NA,6.58870168968382,21.118669876635
2035-05-07 12:00:00,2035,5,7,NA,4.98887890922364,18.6367897093134
2035-05-08 12:00:00,2035,5,8,NA,9.79614420944687,23.4440550095366
2035-05-09 12:00:00,2035,5,9,NA,11.0484333937721,27.035721014119
2035-05-10 12:00:00,2035,5,10,NA,15.4996675957254,24.3099533696716
2035-05-11 12:00:00,2035,5,11,NA,14.6900654986718,22.4403639033318
2035-05-12 12:00:00,2035,5,12,NA,14.7216204267141,19.7517750224935
2035-05-13 12:00:00,2035,5,13,NA,7.51367559175712,18.7939723922806
2035-05-14 12:00:00,2035,5,14,NA,11.8033085469821,19.6341103881274
2035-05-15 12:00:00,2035,5,15,NA,4.58991069206427,23.116230305961
2035-05-16 12:00:00,2035,5,16,NA,2.51478719775474,19.0484179125719
2035-05-17 12:00:00,2035,5,17,NA,9.00157866370681,19.6774820209014
2035-05-18 12:00:00,2035,5,18,NA,7.25262693084375,23.114343370477
2035-05-19 12:00:00,2035,5,19,NA,10.0743641574336,23.901974822541
2035-05-20 12:00:00,2035,5,20,NA,10.3359217816764,22.9272614781906
2035-05-21 12:00:00,2035,5,21,NA,11.1990158967751,20.06729487174
2035-05-22 12:00:00,2035,5,22,NA,7.09357845919392,17.7562214316849
2035-05-23 12:00:00,2035,5,23,NA,9.93546183714548,14.8541450112723
2035-05-24 12:00:00,2035,5,24,NA,7.81820254402431,17.5189789138413
2035-05-25 12:00:00,2035,5,25,NA,6.99299610177502,17.64686730031
2035-05-26 12:00:00,2035,5,26,NA,5.17012832649349,16.4369136988253
2035-05-27 12:00:00,2035,5,27,NA,5.10370405987321,15.6135953092337
2035-05-28 12:00:00,2035,5,28,NA,4.58624378911311,20.193515739146
2035-05-29 12:00:00,2035,5,29,NA,7.12192787380223,18.6357064674211
2035-05-30 12:00:00,2035,5,30,NA,7.76378173771623,24.4822484837757
2035-05-31 12:00:00,2035,5,31,NA,8.56381518942735,24.192095620299
2035-06-01 12:00:00,2035,6,1,NA,5.37769128868186,23.9775593968169
2035-06-02 12:00:00,2035,6,2,NA,2.38829976256132,21.2280392674248
2035-06-03 12:00:00,2035,6,3,NA,5.16117459374472,19.5760306145751
2035-06-04 12:00:00,2035,6,4,NA,10.4203163848855,21.6601966138881
2035-06-05 12:00:00,2035,6,5,NA,14.4005393969826,25.7556007074755
2035-06-06 12:00:00,2035,6,6,NA,7.43028559239408,23.9030553695075
2035-06-07 12:00:00,2035,6,7,NA,5.16501639587394,24.4455802545773
2035-06-08 12:00:00,2035,6,8,NA,6.53239737332889,25.0971761524335
2035-06-09 12:00:00,2035,6,9,NA,8.38280734219554,24.1690219795769
2035-06-10 12:00:00,2035,6,10,NA,8.79590638475402,23.2868021157518
2035-06-11 12:00:00,2035,6,11,NA,7.60710633898148,22.0219623598119
2035-06-12 12:00:00,2035,6,12,NA,8.90139096131342,24.1071574486513
2035-06-13 12:00:00,2035,6,13,NA,13.3983442945895,20.3078401661429
2035-06-14 12:00:00,2035,6,14,NA,9.26992859079099,17.4767924887452
2035-06-15 12:00:00,2035,6,15,NA,8.34851444243698,18.4972775864386
2035-06-16 12:00:00,2035,6,16,NA,11.351814239212,20.5764818326352
2035-06-17 12:00:00,2035,6,17,NA,7.86535832195891,20.2316367055252
2035-06-18 12:00:00,2035,6,18,NA,9.75453874989095,19.2540170871401
2035-06-19 12:00:00,2035,6,19,NA,12.7834725427587,19.395156279204
2035-06-20 12:00:00,2035,6,20,NA,11.8505404499263,20.1222812006188
2035-06-21 12:00:00,2035,6,21,NA,10.6814403125393,22.0451842331961
2035-06-22 12:00:00,2035,6,22,NA,13.2644471031511,23.5961723898406
2035-06-23 12:00:00,2035,6,23,NA,12.0119088518684,17.1344351277632
2035-06-24 12:00:00,2035,6,24,NA,9.48466495331617,21.600424264984
2035-06-25 12:00:00,2035,6,25,NA,10.809740479704,18.9338728175102
2035-06-26 12:00:00,2035,6,26,NA,10.3347466283974,22.7018481652458
2035-06-27 12:00:00,2035,6,27,NA,13.4609546799593,23.9461161750726
2035-06-28 12:00:00,2035,6,28,NA,10.3002182379657,28.7492470064006
2035-06-29 12:00:00,2035,6,29,NA,12.9564825832098,28.4548842243271
2035-06-30 12:00:00,2035,6,30,NA,18.8203017934652,34.4612472843587
2035-07-01 12:00:00,2035,7,1,NA,18.6684423268949,30.9897512734175
2035-07-02 12:00:00,2035,7,2,NA,19.7977791049605,25.986896856361
2035-07-03 12:00:00,2035,7,3,NA,16.8115071934992,25.3906099626306
2035-07-04 12:00:00,2035,7,4,NA,13.9789826098536,26.8236865202731
2035-07-05 12:00:00,2035,7,5,NA,12.3220131852546,26.6655292805532
2035-07-06 12:00:00,2035,7,6,NA,18.6478616758585,28.4948943334801
2035-07-07 12:00:00,2035,7,7,NA,19.0359287970866,30.0349969173316
2035-07-08 12:00:00,2035,7,8,NA,20.9123169096813,31.2363230604854
2035-07-09 12:00:00,2035,7,9,NA,18.8457160060341,33.8627644074812
2035-07-10 12:00:00,2035,7,10,NA,17.6828411228511,34.0251883823173
2035-07-11 12:00:00,2035,7,11,NA,19.0771474199683,34.7499465755769
2035-07-12 12:00:00,2035,7,12,NA,20.1394692094397,31.7473295108261
2035-07-13 12:00:00,2035,7,13,NA,18.2910557450805,23.1071456433746
2035-07-14 12:00:00,2035,7,14,NA,15.2675917363893,21.8482981297982
2035-07-15 12:00:00,2035,7,15,NA,11.3610586126353,23.2281112007823
2035-07-16 12:00:00,2035,7,16,NA,12.27994063111,23.9508803566665
2035-07-17 12:00:00,2035,7,17,NA,12.6358631676109,27.6535183129719
2035-07-18 12:00:00,2035,7,18,NA,15.2024883995282,35.5543243439986
2035-07-19 12:00:00,2035,7,19,NA,16.6034336879751,34.6198443294181
2035-07-20 12:00:00,2035,7,20,NA,15.4632682838185,31.6161049504944
2035-07-21 12:00:00,2035,7,21,NA,18.9707276145728,31.4661106911838
2035-07-22 12:00:00,2035,7,22,NA,19.6864454535325,36.2196272691991
2035-07-23 12:00:00,2035,7,23,NA,19.8174108224885,33.2568499291949
2035-07-24 12:00:00,2035,7,24,NA,19.1149089155594,31.0102790188865
2035-07-25 12:00:00,2035,7,25,NA,18.7996735385398,35.259121746729
2035-07-26 12:00:00,2035,7,26,NA,20.0689102830795,37.0944156385324
2035-07-27 12:00:00,2035,7,27,NA,21.2647547495929,30.9849130562997
2035-07-28 12:00:00,2035,7,28,NA,21.2843326353032,30.2816657229843
2035-07-29 12:00:00,2035,7,29,NA,18.8901600026983,30.1778928398008
2035-07-30 12:00:00,2035,7,30,NA,18.3548805121068,28.8998472655133
2035-07-31 12:00:00,2035,7,31,NA,14.7670251031361,29.8001175519712
2035-08-01 12:00:00,2035,8,1,NA,17.1229278396244,33.072012127613
2035-08-02 12:00:00,2035,8,2,NA,16.6352467572032,32.5623136352602
2035-08-03 12:00:00,2035,8,3,NA,13.2929567165996,28.5584723833409
2035-08-04 12:00:00,2035,8,4,NA,13.6254829806694,26.4811528029259
2035-08-05 12:00:00,2035,8,5,NA,15.8019886486411,23.1899459596354
2035-08-06 12:00:00,2035,8,6,NA,14.2263797392946,20.4466242930485
2035-08-07 12:00:00,2035,8,7,NA,12.699916436864,19.8887305120266
2035-08-08 12:00:00,2035,8,8,NA,14.2305141573729,19.6201096556026
2035-08-09 12:00:00,2035,8,9,NA,13.6451426339403,21.3037554499452
2035-08-10 12:00:00,2035,8,10,NA,14.1302292832796,23.121254833652
2035-08-11 12:00:00,2035,8,11,NA,18.5958049028879,21.2877364112883
2035-08-12 12:00:00,2035,8,12,NA,16.5116366733116,21.0171978468961
2035-08-13 12:00:00,2035,8,13,NA,12.1478842804503,21.3023522857038
2035-08-14 12:00:00,2035,8,14,NA,9.46814530046657,25.1882856531883
2035-08-15 12:00:00,2035,8,15,NA,11.3735730221331,23.7875674768763
2035-08-16 12:00:00,2035,8,16,NA,12.7485016609404,23.5248510853779
2035-08-17 12:00:00,2035,8,17,NA,7.53921520256453,25.4963192770853
2035-08-18 12:00:00,2035,8,18,NA,13.1459826759751,21.2173798563051
2035-08-19 12:00:00,2035,8,19,NA,9.01551582964437,25.0303291955643
2035-08-20 12:00:00,2035,8,20,NA,14.1006848076239,18.7146089520701
2035-08-21 12:00:00,2035,8,21,NA,14.2527453509793,19.7976399152144
2035-08-22 12:00:00,2035,8,22,NA,13.8635585192804,21.946450637465
2035-08-23 12:00:00,2035,8,23,NA,12.8411562376786,23.6007738892264
2035-08-24 12:00:00,2035,8,24,NA,10.4085806014265,23.6341558025687
2035-08-25 12:00:00,2035,8,25,NA,11.8670690606038,23.6032408026851
2035-08-26 12:00:00,2035,8,26,NA,9.09565901336941,24.0556719866321
2035-08-27 12:00:00,2035,8,27,NA,12.9957948795701,21.6086842324867
2035-08-28 12:00:00,2035,8,28,NA,16.8691057470386,21.48532232917
2035-08-29 12:00:00,2035,8,29,NA,14.4520828919,19.9067777729162
2035-08-30 12:00:00,2035,8,30,NA,8.44152180443192,18.2597921134689
2035-08-31 12:00:00,2035,8,31,NA,7.4854011109131,22.2166662272909
2035-09-01 12:00:00,2035,9,1,NA,9.07985520280481,22.4385671111569
2035-09-02 12:00:00,2035,9,2,NA,8.22804518890413,20.7828162842213
2035-09-03 12:00:00,2035,9,3,NA,9.08747585997323,19.5339321494669
2035-09-04 12:00:00,2035,9,4,NA,7.3325601142633,20.4554423272181
2035-09-05 12:00:00,2035,9,5,NA,8.00875539131893,17.580428725906
2035-09-06 12:00:00,2035,9,6,NA,11.0338756404139,16.3780709618948
2035-09-07 12:00:00,2035,9,7,NA,12.9056416490003,16.497400717397
2035-09-08 12:00:00,2035,9,8,NA,9.62858019148917,20.6788309377852
2035-09-09 12:00:00,2035,9,9,NA,11.8044918112897,20.7191280858731
2035-09-10 12:00:00,2035,9,10,NA,14.1225895379945,19.7710641862577
2035-09-11 12:00:00,2035,9,11,NA,14.7647661735719,24.4995929536562
2035-09-12 12:00:00,2035,9,12,NA,17.8256306470067,25.0054047324499
2035-09-13 12:00:00,2035,9,13,NA,16.7936828031712,26.0901704376907
2035-09-14 12:00:00,2035,9,14,NA,14.1067302154815,27.7879127496356
2035-09-15 12:00:00,2035,9,15,NA,15.1074372104326,23.0772470194162
2035-09-16 12:00:00,2035,9,16,NA,13.9384896686204,21.368040803045
2035-09-17 12:00:00,2035,9,17,NA,9.87197243374048,23.8596867727666
2035-09-18 12:00:00,2035,9,18,NA,10.5397743199939,25.2283906313965
2035-09-19 12:00:00,2035,9,19,NA,11.0588524702162,28.3052827000596
2035-09-20 12:00:00,2035,9,20,NA,9.41887841911166,24.3635192667081
2035-09-21 12:00:00,2035,9,21,NA,7.87498401088907,20.9016390903791
2035-09-22 12:00:00,2035,9,22,NA,9.42481379065193,18.9945675314963
2035-09-23 12:00:00,2035,9,23,NA,10.6691409056669,20.2527685261213
2035-09-24 12:00:00,2035,9,24,NA,13.229125725811,18.8776003740741
2035-09-25 12:00:00,2035,9,25,NA,13.3008624728744,20.9565918801207
2035-09-26 12:00:00,2035,9,26,NA,11.8329768091706,24.2776018381712
2035-09-27 12:00:00,2035,9,27,NA,13.8796623837025,21.022792382707
2035-09-28 12:00:00,2035,9,28,NA,-0.967700920912412,22.5122475390383
2035-09-29 12:00:00,2035,9,29,NA,3.4091319431332,24.8562666730275
2035-09-30 12:00:00,2035,9,30,NA,10.4333177487117,27.0693920960027
2035-10-01 12:00:00,2035,10,1,NA,13.4947561801958,29.6598506185062
2035-10-02 12:00:00,2035,10,2,NA,12.1128427866501,24.8033929732628
2035-10-03 12:00:00,2035,10,3,NA,13.2070390713844,22.4564612650781
2035-10-04 12:00:00,2035,10,4,NA,11.3684336208521,18.3636762300014
2035-10-05 12:00:00,2035,10,5,NA,11.9437185278423,19.5512949635196
2035-10-06 12:00:00,2035,10,6,NA,14.010962838703,19.3445640107626
2035-10-07 12:00:00,2035,10,7,NA,12.1596887817725,20.7907226342619
2035-10-08 12:00:00,2035,10,8,NA,11.8453081472351,18.3340785251455
2035-10-09 12:00:00,2035,10,9,NA,9.78989892485772,24.5976654435745
2035-10-10 12:00:00,2035,10,10,NA,10.5631017893714,18.7506109461544
2035-10-11 12:00:00,2035,10,11,NA,5.94072514525874,15.3648072490402
2035-10-12 12:00:00,2035,10,12,NA,3.31627054464755,13.0446907560279
2035-10-13 12:00:00,2035,10,13,NA,2.46924238020207,11.977785303475
2035-10-14 12:00:00,2035,10,14,NA,4.59123835149306,16.0982966779664
2035-10-15 12:00:00,2035,10,15,NA,4.63178966165828,11.1341267379425
2035-10-16 12:00:00,2035,10,16,NA,6.1328741452902,14.2243072278877
2035-10-17 12:00:00,2035,10,17,NA,5.82969697941824,17.3513789742469
2035-10-18 12:00:00,2035,10,18,NA,5.02493557866862,17.9423270289581
2035-10-19 12:00:00,2035,10,19,NA,4.98184490737262,13.1693540641557
2035-10-20 12:00:00,2035,10,20,NA,5.75749830790093,15.9353092786049
2035-10-21 12:00:00,2035,10,21,NA,10.3619740149589,15.6034090158991
2035-10-22 12:00:00,2035,10,22,NA,12.6389515401895,15.8884675242702
2035-10-23 12:00:00,2035,10,23,NA,10.0936179903304,13.504247884009
2035-10-24 12:00:00,2035,10,24,NA,5.70078470864267,16.5084831769603
2035-10-25 12:00:00,2035,10,25,NA,5.1629503859768,14.5156771990355
2035-10-26 12:00:00,2035,10,26,NA,4.95866375519609,13.342460733646
2035-10-27 12:00:00,2035,10,27,NA,2.63451397915266,14.264768469839
2035-10-28 12:00:00,2035,10,28,NA,7.1134304335746,14.7107551489047
2035-10-29 12:00:00,2035,10,29,NA,8.63767808813066,12.9771477655433
2035-10-30 12:00:00,2035,10,30,NA,8.06692139735956,14.4590477915913
2035-10-31 12:00:00,2035,10,31,NA,3.98444725503409,11.4370197200806
2035-11-01 12:00:00,2035,11,1,NA,4.12393050549431,11.6915313215895
2035-11-02 12:00:00,2035,11,2,NA,5.80386697645418,12.0133912186435
2035-11-03 12:00:00,2035,11,3,NA,9.04699376277718,12.283615821493
2035-11-04 12:00:00,2035,11,4,NA,12.984037866407,17.8161665374908
2035-11-05 12:00:00,2035,11,5,NA,11.174671518008,17.7822443542648
2035-11-06 12:00:00,2035,11,6,NA,8.23479722926526,13.9806634419148
2035-11-07 12:00:00,2035,11,7,NA,6.49002645184892,13.0039295989208
2035-11-08 12:00:00,2035,11,8,NA,7.05437326465308,13.0081400010682
2035-11-09 12:00:00,2035,11,9,NA,8.48322974840203,11.0345345736212
2035-11-10 12:00:00,2035,11,10,NA,8.49965332854523,14.2455195411948
2035-11-11 12:00:00,2035,11,11,NA,8.7585531962062,14.3422022113626
2035-11-12 12:00:00,2035,11,12,NA,6.93855446299036,10.6940691125824
2035-11-13 12:00:00,2035,11,13,NA,4.57519961638823,13.699621899408
2035-11-14 12:00:00,2035,11,14,NA,5.01885536387629,14.5450499444895
2035-11-15 12:00:00,2035,11,15,NA,10.487138194,18.1009723981751
2035-11-16 12:00:00,2035,11,16,NA,4.93833169519484,12.0355762811869
2035-11-17 12:00:00,2035,11,17,NA,4.03811563845504,9.77291398389521
2035-11-18 12:00:00,2035,11,18,NA,3.46851280009454,11.5333140143029
2035-11-19 12:00:00,2035,11,19,NA,7.32096304482415,15.527645931897
2035-11-20 12:00:00,2035,11,20,NA,10.7631112637836,17.5655396980657
2035-11-21 12:00:00,2035,11,21,NA,11.0399365686987,15.7021486627767
2035-11-22 12:00:00,2035,11,22,NA,5.99510159739024,8.8232870384447
2035-11-23 12:00:00,2035,11,23,NA,6.53096616688397,7.16657770419434
2035-11-24 12:00:00,2035,11,24,NA,3.34887904819382,6.05942121848928
2035-11-25 12:00:00,2035,11,25,NA,2.43307573062638,8.29752618537311
2035-11-26 12:00:00,2035,11,26,NA,3.81620009117204,9.61004387925367
2035-11-27 12:00:00,2035,11,27,NA,2.17419426271254,9.92309915624223
2035-11-28 12:00:00,2035,11,28,NA,2.41384640410949,10.8171369599831
2035-11-29 12:00:00,2035,11,29,NA,1.37270857207817,10.497130855098
2035-11-30 12:00:00,2035,11,30,NA,7.7481226272421,12.4565552541704
2035-12-01 12:00:00,2035,12,1,NA,6.08125258712557,9.97259643875458
2035-12-02 12:00:00,2035,12,2,NA,3.98057344104385,8.29267258541653
2035-12-03 12:00:00,2035,12,3,NA,1.47550234916924,5.54132806489076
2035-12-04 12:00:00,2035,12,4,NA,3.50967648288866,7.25917712021939
2035-12-05 12:00:00,2035,12,5,NA,6.50123396645269,8.4328526584533
2035-12-06 12:00:00,2035,12,6,NA,9.23693590448644,11.2458681245697
2035-12-07 12:00:00,2035,12,7,NA,11.4345271210556,13.3813610661978
2035-12-08 12:00:00,2035,12,8,NA,9.10269908117054,13.3434366571764
2035-12-09 12:00:00,2035,12,9,NA,5.62798562211965,6.70940400246369
2035-12-10 12:00:00,2035,12,10,NA,2.81054834239241,5.84566274537686
2035-12-11 12:00:00,2035,12,11,NA,3.27228136076523,5.30952439808322
2035-12-12 12:00:00,2035,12,12,NA,2.07730359415196,4.10268080612511
2035-12-13 12:00:00,2035,12,13,NA,4.80345481201165,7.86239570735085
2035-12-14 12:00:00,2035,12,14,NA,2.25975342204489,6.65184716732024
2035-12-15 12:00:00,2035,12,15,NA,-1.45376498964083,4.56165829424502
2035-12-16 12:00:00,2035,12,16,NA,-4.68045392662315,1.41655354326496
2035-12-17 12:00:00,2035,12,17,NA,-0.596213370302949,4.44327361173362
2035-12-18 12:00:00,2035,12,18,NA,0.859790568073416,6.85918580776701
2035-12-19 12:00:00,2035,12,19,NA,0.0815378047071778,4.72709593396415
2035-12-20 12:00:00,2035,12,20,NA,-4.17248378407205,0.922929070321163
2035-12-21 12:00:00,2035,12,21,NA,-2.21168273570017,3.8118178432081
2035-12-22 12:00:00,2035,12,22,NA,0.707403184218522,4.53176474996276
2035-12-23 12:00:00,2035,12,23,NA,4.04700947350619,4.73964407910398
2035-12-24 12:00:00,2035,12,24,NA,0.570397252149865,1.33710267421164
2035-12-25 12:00:00,2035,12,25,NA,-2.07375535245736,1.99851520022405
2035-12-26 12:00:00,2035,12,26,NA,-7.68049908227321,-0.197957755422729
2035-12-27 12:00:00,2035,12,27,NA,-3.17568859786368,1.91415477289779
2035-12-28 12:00:00,2035,12,28,NA,-7.24297060907521,4.50366729621634
2035-12-29 12:00:00,2035,12,29,NA,1.10303610913512,7.12032399977512
2035-12-30 12:00:00,2035,12,30,NA,3.28064195107564,9.39563467601759
2035-12-31 12:00:00,2035,12,31,NA,0.488529503947119,6.51203008285539
2036-01-01 12:00:00,2036,1,1,NA,-3.8751787838351,3.80368932672998
2036-01-02 12:00:00,2036,1,2,NA,3.77535636351602,8.61755920256919
2036-01-03 12:00:00,2036,1,3,NA,3.17249957744233,8.5807160358862
2036-01-04 12:00:00,2036,1,4,NA,4.08068695241072,8.88380157077627
2036-01-05 12:00:00,2036,1,5,NA,5.0827023482915,11.7821144885975
2036-01-06 12:00:00,2036,1,6,NA,6.31991862356752,12.6307020346539
2036-01-07 12:00:00,2036,1,7,NA,4.40765623504574,11.0285692028691
2036-01-08 12:00:00,2036,1,8,NA,7.84035399112198,16.1098630911077
2036-01-09 12:00:00,2036,1,9,NA,5.17575435782357,15.981250991386
2036-01-10 12:00:00,2036,1,10,NA,9.31533798167942,14.641668110207
2036-01-11 12:00:00,2036,1,11,NA,1.03303154366278,6.37176817107258
2036-01-12 12:00:00,2036,1,12,NA,1.30362783483045,6.91902330777445
2036-01-13 12:00:00,2036,1,13,NA,-0.511237953567877,2.32359822431443
2036-01-14 12:00:00,2036,1,14,NA,-3.47604959770824,2.30779419873667
2036-01-15 12:00:00,2036,1,15,NA,2.84278664320848,6.61428207147408
2036-01-16 12:00:00,2036,1,16,NA,3.64650676207153,8.06757465523698
2036-01-17 12:00:00,2036,1,17,NA,5.82169512824676,7.90090682641446
2036-01-18 12:00:00,2036,1,18,NA,3.20816166754921,9.54686100978716
2036-01-19 12:00:00,2036,1,19,NA,1.30821939808635,9.20732680969616
2036-01-20 12:00:00,2036,1,20,NA,-5.98017807967926,5.86372126798483
2036-01-21 12:00:00,2036,1,21,NA,-2.23104941218868,8.33923347224222
2036-01-22 12:00:00,2036,1,22,NA,-0.793343647873701,4.77198843763995
2036-01-23 12:00:00,2036,1,23,NA,0.896737926841948,6.52321667425405
2036-01-24 12:00:00,2036,1,24,NA,-2.62814665790677,2.21136668605932
2036-01-25 12:00:00,2036,1,25,NA,-4.21896797382963,3.93615352921282
2036-01-26 12:00:00,2036,1,26,NA,3.12263512944263,6.22729089540169
2036-01-27 12:00:00,2036,1,27,NA,2.13133954949272,7.56958026467972
2036-01-28 12:00:00,2036,1,28,NA,4.42862720813282,8.73659344054095
2036-01-29 12:00:00,2036,1,29,NA,2.8672459484354,7.43783808723683
2036-01-30 12:00:00,2036,1,30,NA,2.38229425881756,5.98273544571278
2036-01-31 12:00:00,2036,1,31,NA,4.32183745397408,6.39969774734352
2036-02-01 12:00:00,2036,2,1,NA,4.00612472100603,6.94206704418957
2036-02-02 12:00:00,2036,2,2,NA,2.37447996936647,5.0395067907787
2036-02-03 12:00:00,2036,2,3,NA,2.55660997223561,8.50828869890386
2036-02-04 12:00:00,2036,2,4,NA,1.76518194578449,4.34704239430957
2036-02-05 12:00:00,2036,2,5,NA,3.24155003128134,7.18875565843099
2036-02-06 12:00:00,2036,2,6,NA,-1.06880896071189,4.74731501550071
2036-02-07 12:00:00,2036,2,7,NA,2.80649102912095,6.85638252557916
2036-02-08 12:00:00,2036,2,8,NA,3.97303010156655,10.652881486983
2036-02-09 12:00:00,2036,2,9,NA,-2.14840612178118,8.18184694103428
2036-02-10 12:00:00,2036,2,10,NA,0.694421913215477,11.9177726158409
2036-02-11 12:00:00,2036,2,11,NA,0.666574672199507,10.4602588540285
2036-02-12 12:00:00,2036,2,12,NA,6.09920059984176,10.1576864106715
2036-02-13 12:00:00,2036,2,13,NA,3.62255562771645,6.91632205871348
2036-02-14 12:00:00,2036,2,14,NA,2.10416857511411,9.43794166547734
2036-02-15 12:00:00,2036,2,15,NA,0.851266818985801,9.05117496740379
2036-02-16 12:00:00,2036,2,16,NA,0.30166482789259,10.7148611031023
2036-02-17 12:00:00,2036,2,17,NA,4.74842334608665,10.3268436642968
2036-02-18 12:00:00,2036,2,18,NA,3.98859685852788,14.9257586131899
2036-02-19 12:00:00,2036,2,19,NA,4.98812734272429,13.1400103688564
2036-02-20 12:00:00,2036,2,20,NA,6.51774281387373,17.0006863590777
2036-02-21 12:00:00,2036,2,21,NA,9.97292119754894,21.1251094315709
2036-02-22 12:00:00,2036,2,22,NA,11.0278943882849,15.2827971394861
2036-02-23 12:00:00,2036,2,23,NA,12.7051180940219,17.6041078025049
2036-02-24 12:00:00,2036,2,24,NA,15.3343320114787,18.8430001728489
2036-02-25 12:00:00,2036,2,25,NA,9.77780130268781,15.976351554113
2036-02-26 12:00:00,2036,2,26,NA,4.53364622363812,13.8956383146531
2036-02-27 12:00:00,2036,2,27,NA,3.8655150863453,11.8333513589347
2036-02-28 12:00:00,2036,2,28,NA,7.56992515771283,14.5960371480699
2036-02-29 12:00:00,2036,2,29,NA,2.32288380554721,11.2471527503746
2036-03-01 12:00:00,2036,3,1,NA,3.98095109315226,12.4916891679003
2036-03-02 12:00:00,2036,3,2,NA,6.33215717775896,10.3566056691615
2036-03-03 12:00:00,2036,3,3,NA,3.1873706458401,12.2535288232744
2036-03-04 12:00:00,2036,3,4,NA,4.91174341184192,12.0503274814032
2036-03-05 12:00:00,2036,3,5,NA,6.64807483848147,16.1574624376399
2036-03-06 12:00:00,2036,3,6,NA,4.1784014579015,11.0061919306053
2036-03-07 12:00:00,2036,3,7,NA,0.256815458700435,9.7184882950357
2036-03-08 12:00:00,2036,3,8,NA,5.43614143466377,11.6260227082315
2036-03-09 12:00:00,2036,3,9,NA,3.83943963184039,14.2663356346138
2036-03-10 12:00:00,2036,3,10,NA,2.9786774882108,14.4403236435334
2036-03-11 12:00:00,2036,3,11,NA,2.47601493203812,11.4453646168074
2036-03-12 12:00:00,2036,3,12,NA,2.44270804911946,13.2955187726578
2036-03-13 12:00:00,2036,3,13,NA,-1.67061315740382,12.5694714281022
2036-03-14 12:00:00,2036,3,14,NA,1.38898370056966,6.56853093274602
2036-03-15 12:00:00,2036,3,15,NA,-5.97973778751171,11.4713933427557
2036-03-16 12:00:00,2036,3,16,NA,1.46524574579626,11.8921417485697
2036-03-17 12:00:00,2036,3,17,NA,5.57993843532199,12.7185225048832
2036-03-18 12:00:00,2036,3,18,NA,2.49253199366773,6.78562386309494
2036-03-19 12:00:00,2036,3,19,NA,4.07470424137423,7.60915739145534
2036-03-20 12:00:00,2036,3,20,NA,2.50571901966971,9.36051086466875
2036-03-21 12:00:00,2036,3,21,NA,5.38105976197559,12.020286348445
2036-03-22 12:00:00,2036,3,22,NA,3.41785414451053,9.41921004340199
2036-03-23 12:00:00,2036,3,23,NA,4.8059631533054,10.9787788825682
2036-03-24 12:00:00,2036,3,24,NA,4.50556584577592,12.5184837885407
2036-03-25 12:00:00,2036,3,25,NA,5.81812028449143,9.47150439492847
2036-03-26 12:00:00,2036,3,26,NA,6.95905051618197,15.2809741567568
2036-03-27 12:00:00,2036,3,27,NA,10.4821215976533,17.6945607212627
2036-03-28 12:00:00,2036,3,28,NA,7.48819592448452,11.1215252662846
2036-03-29 12:00:00,2036,3,29,NA,8.8187263547229,14.3732414996687
2036-03-30 12:00:00,2036,3,30,NA,5.53558097536704,14.655812545139
2036-03-31 12:00:00,2036,3,31,NA,4.60122686133501,11.5198175282597
2036-04-01 12:00:00,2036,4,1,NA,1.38417281731657,9.6078269297184
2036-04-02 12:00:00,2036,4,2,NA,6.89235680794525,12.0094673461327
2036-04-03 12:00:00,2036,4,3,NA,1.94853011599798,13.6660415969813
2036-04-04 12:00:00,2036,4,4,NA,7.47175125755876,12.0432609242133
2036-04-05 12:00:00,2036,4,5,NA,7.51504547190008,12.7379127631977
2036-04-06 12:00:00,2036,4,6,NA,6.89255661009088,18.0986250830628
2036-04-07 12:00:00,2036,4,7,NA,9.71394484565478,23.4404139030282
2036-04-08 12:00:00,2036,4,8,NA,6.22582996227436,21.4967204969228
2036-04-09 12:00:00,2036,4,9,NA,6.97688948479849,23.8976106268194
2036-04-10 12:00:00,2036,4,10,NA,7.37621355361068,24.7903264341916
2036-04-11 12:00:00,2036,4,11,NA,7.07462851357748,24.0827756485694
2036-04-12 12:00:00,2036,4,12,NA,6.70556272328959,21.4959476659495
2036-04-13 12:00:00,2036,4,13,NA,6.3466631594161,21.0228508437387
2036-04-14 12:00:00,2036,4,14,NA,11.6816139511285,21.1808570075265
2036-04-15 12:00:00,2036,4,15,NA,4.90512897582185,24.622415433784
2036-04-16 12:00:00,2036,4,16,NA,13.295294260541,22.5978300093052
2036-04-17 12:00:00,2036,4,17,NA,11.7944077731979,17.8903530716291
2036-04-18 12:00:00,2036,4,18,NA,6.73420991547161,20.0452549678484
2036-04-19 12:00:00,2036,4,19,NA,9.92528755822593,15.2070014723109
2036-04-20 12:00:00,2036,4,20,NA,3.98976327894444,15.6187383234314
2036-04-21 12:00:00,2036,4,21,NA,3.59356333268023,20.872387128261
2036-04-22 12:00:00,2036,4,22,NA,8.92617264586461,17.2404580506891
2036-04-23 12:00:00,2036,4,23,NA,5.50765500305029,18.8903410832502
2036-04-24 12:00:00,2036,4,24,NA,9.91227833167194,16.0123981803265
2036-04-25 12:00:00,2036,4,25,NA,7.61594502746148,17.8796203181127
2036-04-26 12:00:00,2036,4,26,NA,6.60454671281616,24.7943954303413
2036-04-27 12:00:00,2036,4,27,NA,11.3685100425897,15.5314851966097
2036-04-28 12:00:00,2036,4,28,NA,8.07458730853521,12.7996942770076
2036-04-29 12:00:00,2036,4,29,NA,4.03622901217041,12.1298271914396
2036-04-30 12:00:00,2036,4,30,NA,5.29176832184901,14.791011378247
2036-05-01 12:00:00,2036,5,1,NA,4.98632684742779,18.7156129241782
2036-05-02 12:00:00,2036,5,2,NA,8.42319236857093,17.710291808064
2036-05-03 12:00:00,2036,5,3,NA,6.56373964124791,13.9408088204978
2036-05-04 12:00:00,2036,5,4,NA,4.94136513687871,13.7152969733829
2036-05-05 12:00:00,2036,5,5,NA,3.49537655078448,14.1562892062721
2036-05-06 12:00:00,2036,5,6,NA,2.49419527058798,15.1052759212438
2036-05-07 12:00:00,2036,5,7,NA,3.26109291430492,17.792450283395
2036-05-08 12:00:00,2036,5,8,NA,9.24880649010297,17.0796083312483
2036-05-09 12:00:00,2036,5,9,NA,5.28673986458837,22.7281250074882
2036-05-10 12:00:00,2036,5,10,NA,7.83635825941099,24.5548250054705
2036-05-11 12:00:00,2036,5,11,NA,7.17265846518071,23.7692870121299
2036-05-12 12:00:00,2036,5,12,NA,9.97467616345258,24.9049416146765
2036-05-13 12:00:00,2036,5,13,NA,5.55391504425101,17.1802249385603
2036-05-14 12:00:00,2036,5,14,NA,9.83925567107982,16.9268549595178
2036-05-15 12:00:00,2036,5,15,NA,12.4712533519561,15.3930507584617
2036-05-16 12:00:00,2036,5,16,NA,10.8060896255827,16.2109553829693
2036-05-17 12:00:00,2036,5,17,NA,12.9615293193878,14.031033083736
2036-05-18 12:00:00,2036,5,18,NA,12.4100583666638,17.2572753960375
2036-05-19 12:00:00,2036,5,19,NA,15.4408401365228,18.3777837602342
2036-05-20 12:00:00,2036,5,20,NA,13.1333727723003,20.6803386764574
2036-05-21 12:00:00,2036,5,21,NA,7.23892020469465,15.5862429263111
2036-05-22 12:00:00,2036,5,22,NA,9.9705840281123,21.7268112751018
2036-05-23 12:00:00,2036,5,23,NA,8.90319660019469,23.2610316083464
2036-05-24 12:00:00,2036,5,24,NA,7.40193640053409,20.0578432770494
2036-05-25 12:00:00,2036,5,25,NA,10.8288333193471,19.9148298296207
2036-05-26 12:00:00,2036,5,26,NA,10.0892122085022,23.2070633956577
2036-05-27 12:00:00,2036,5,27,NA,13.1104554378208,20.1520552188869
2036-05-28 12:00:00,2036,5,28,NA,16.582642184041,24.3674996949606
2036-05-29 12:00:00,2036,5,29,NA,17.2005295942229,26.9001232534153
2036-05-30 12:00:00,2036,5,30,NA,18.3142792644242,29.0196131461979
2036-05-31 12:00:00,2036,5,31,NA,21.349026597762,24.2989424510385
2036-06-01 12:00:00,2036,6,1,NA,19.8038068399116,24.0149195244024
2036-06-02 12:00:00,2036,6,2,NA,16.9619869612839,29.6567310283972
2036-06-03 12:00:00,2036,6,3,NA,14.4785892714872,23.6805321307482
2036-06-04 12:00:00,2036,6,4,NA,12.7210482351501,26.6688395149298
2036-06-05 12:00:00,2036,6,5,NA,16.0854255515986,31.5759397306846
2036-06-06 12:00:00,2036,6,6,NA,17.0909166437802,26.3888839275342
2036-06-07 12:00:00,2036,6,7,NA,24.3734727319257,28.3735108860403
2036-06-08 12:00:00,2036,6,8,NA,17.8335699783378,23.2876754272203
2036-06-09 12:00:00,2036,6,9,NA,12.0955081434877,21.580831306792
2036-06-10 12:00:00,2036,6,10,NA,9.21946994059369,20.5182208140264
2036-06-11 12:00:00,2036,6,11,NA,6.23796520326668,21.7172395316464
2036-06-12 12:00:00,2036,6,12,NA,12.7397850688269,30.2380857701323
2036-06-13 12:00:00,2036,6,13,NA,12.9055761611111,26.1351155894161
2036-06-14 12:00:00,2036,6,14,NA,11.6408642093772,27.4930918507821
2036-06-15 12:00:00,2036,6,15,NA,11.4043155076047,31.6694818837834
2036-06-16 12:00:00,2036,6,16,NA,13.5297058999741,34.3114915283379
2036-06-17 12:00:00,2036,6,17,NA,15.9167930256998,33.8829676743321
2036-06-18 12:00:00,2036,6,18,NA,19.0734266962817,32.3157788097035
2036-06-19 12:00:00,2036,6,19,NA,18.4845359733054,33.9337360167554
2036-06-20 12:00:00,2036,6,20,NA,18.1121045674624,33.4368574856912
2036-06-21 12:00:00,2036,6,21,NA,16.1060781213948,31.6046412891484
2036-06-22 12:00:00,2036,6,22,NA,18.2638981102737,29.6276420309306
2036-06-23 12:00:00,2036,6,23,NA,20.4800857469697,29.6488327141467
2036-06-24 12:00:00,2036,6,24,NA,14.791422743416,18.8968234032018
2036-06-25 12:00:00,2036,6,25,NA,11.4276585502333,21.4715257119789
2036-06-26 12:00:00,2036,6,26,NA,9.07259870928574,24.6783753480509
2036-06-27 12:00:00,2036,6,27,NA,14.2419304930594,23.5406593133599
2036-06-28 12:00:00,2036,6,28,NA,13.1656983400631,22.9846304452999
2036-06-29 12:00:00,2036,6,29,NA,10.0165196259602,21.2050237833142
2036-06-30 12:00:00,2036,6,30,NA,10.6085012912757,18.2130170447946
2036-07-01 12:00:00,2036,7,1,NA,11.6092535491148,19.8733818067315
2036-07-02 12:00:00,2036,7,2,NA,12.0611706664273,17.1860550921756
2036-07-03 12:00:00,2036,7,3,NA,10.9913238873524,18.0414487056432
2036-07-04 12:00:00,2036,7,4,NA,15.9813153901379,19.2006032929395
2036-07-05 12:00:00,2036,7,5,NA,11.6642789053047,17.4400868512035
2036-07-06 12:00:00,2036,7,6,NA,7.5425194912592,21.7206042613522
2036-07-07 12:00:00,2036,7,7,NA,14.2918449555579,20.2117157514639
2036-07-08 12:00:00,2036,7,8,NA,11.4200489690758,22.4125781337646
2036-07-09 12:00:00,2036,7,9,NA,9.59312033082398,25.7490753620162
2036-07-10 12:00:00,2036,7,10,NA,16.3904569255848,25.2396497065943
2036-07-11 12:00:00,2036,7,11,NA,15.0220593849197,25.9965856468778
2036-07-12 12:00:00,2036,7,12,NA,11.993916480706,27.6667156363145
2036-07-13 12:00:00,2036,7,13,NA,16.0426559525267,28.5162761876656
2036-07-14 12:00:00,2036,7,14,NA,16.1299378272409,29.0176540206611
2036-07-15 12:00:00,2036,7,15,NA,19.1768791153312,24.9116211598476
2036-07-16 12:00:00,2036,7,16,NA,20.5556798822113,26.3738770467712
2036-07-17 12:00:00,2036,7,17,NA,17.8930333868492,25.4342454771023
2036-07-18 12:00:00,2036,7,18,NA,15.6149818765827,28.912653290124
2036-07-19 12:00:00,2036,7,19,NA,18.1710035457607,26.1180140957083
2036-07-20 12:00:00,2036,7,20,NA,16.2720495592719,26.719584414888
2036-07-21 12:00:00,2036,7,21,NA,12.8919214930968,28.8712217693446
2036-07-22 12:00:00,2036,7,22,NA,17.2069591263859,26.8674662322128
2036-07-23 12:00:00,2036,7,23,NA,16.1179167316175,27.0174879245054
2036-07-24 12:00:00,2036,7,24,NA,19.0278658406612,26.0473857913348
2036-07-25 12:00:00,2036,7,25,NA,16.0851078626,26.9846790554879
2036-07-26 12:00:00,2036,7,26,NA,17.2090622653035,31.5492091059474
2036-07-27 12:00:00,2036,7,27,NA,23.4045307358432,28.4234495994787
2036-07-28 12:00:00,2036,7,28,NA,17.2156707885172,30.0721996137782
2036-07-29 12:00:00,2036,7,29,NA,15.9593162886587,24.6838508465689
2036-07-30 12:00:00,2036,7,30,NA,11.2328737919551,23.6503679791866
2036-07-31 12:00:00,2036,7,31,NA,7.82571703562829,23.7696894739702
2036-08-01 12:00:00,2036,8,1,NA,9.95040950828164,25.9239030142132
2036-08-02 12:00:00,2036,8,2,NA,13.0424089182127,24.9065287488791
2036-08-03 12:00:00,2036,8,3,NA,11.0722040055971,28.5081535115382
2036-08-04 12:00:00,2036,8,4,NA,15.1626527417421,30.1226657150048
2036-08-05 12:00:00,2036,8,5,NA,16.8021499168614,33.9080711907638
2036-08-06 12:00:00,2036,8,6,NA,13.8480007114088,29.2920200599596
2036-08-07 12:00:00,2036,8,7,NA,15.7675475530759,27.581596983926
2036-08-08 12:00:00,2036,8,8,NA,16.7013670309716,26.5980537376849
2036-08-09 12:00:00,2036,8,9,NA,12.7663601981613,26.5571257851014
2036-08-10 12:00:00,2036,8,10,NA,15.653439985185,29.4539988518931
2036-08-11 12:00:00,2036,8,11,NA,10.7013267728492,23.0177106796667
2036-08-12 12:00:00,2036,8,12,NA,14.0140113798852,24.9276940390853
2036-08-13 12:00:00,2036,8,13,NA,13.7818810868712,28.364169042104
2036-08-14 12:00:00,2036,8,14,NA,13.4097590591106,20.8759003510417
2036-08-15 12:00:00,2036,8,15,NA,9.78086012589791,18.8635779891708
2036-08-16 12:00:00,2036,8,16,NA,13.7051317998023,23.4024778627878
2036-08-17 12:00:00,2036,8,17,NA,11.3666825774358,25.1120644937709
2036-08-18 12:00:00,2036,8,18,NA,12.7846672211065,24.6389861763674
2036-08-19 12:00:00,2036,8,19,NA,16.0331994824332,21.4658717192324
2036-08-20 12:00:00,2036,8,20,NA,11.6889801405158,21.1355237035616
2036-08-21 12:00:00,2036,8,21,NA,12.525672108096,20.1842849241009
2036-08-22 12:00:00,2036,8,22,NA,12.5884071117749,21.7428751170284
2036-08-23 12:00:00,2036,8,23,NA,11.5821202844168,25.9427547107488
2036-08-24 12:00:00,2036,8,24,NA,13.3159623611799,28.4131659036287
2036-08-25 12:00:00,2036,8,25,NA,14.5439867895979,30.3225062491905
2036-08-26 12:00:00,2036,8,26,NA,11.6657755700641,28.7716968439664
2036-08-27 12:00:00,2036,8,27,NA,16.3040869562261,30.156211757744
2036-08-28 12:00:00,2036,8,28,NA,17.7530758006353,24.502883202903
2036-08-29 12:00:00,2036,8,29,NA,16.0727972711832,27.9784029683765
2036-08-30 12:00:00,2036,8,30,NA,15.7218177266718,29.495523222109
2036-08-31 12:00:00,2036,8,31,NA,14.6081612862566,29.8547879795917
2036-09-01 12:00:00,2036,9,1,NA,14.1206651354241,28.6193733930141
2036-09-02 12:00:00,2036,9,2,NA,15.3565632343362,24.3326865855189
2036-09-03 12:00:00,2036,9,3,NA,17.6409409302262,23.0580412095664
2036-09-04 12:00:00,2036,9,4,NA,17.2852978258872,25.2857979652916
2036-09-05 12:00:00,2036,9,5,NA,13.4186622689719,23.5785368528401
2036-09-06 12:00:00,2036,9,6,NA,12.8183942601346,19.4718350573999
2036-09-07 12:00:00,2036,9,7,NA,14.7258746661318,18.6514027349399
2036-09-08 12:00:00,2036,9,8,NA,13.467284328187,21.4078643739333
2036-09-09 12:00:00,2036,9,9,NA,8.14581549404846,16.8225996909173
2036-09-10 12:00:00,2036,9,10,NA,6.62786967160022,21.0150769006687
2036-09-11 12:00:00,2036,9,11,NA,8.65060062142133,25.4566526915275
2036-09-12 12:00:00,2036,9,12,NA,14.577518825755,22.2064192490237
2036-09-13 12:00:00,2036,9,13,NA,8.50566270788125,25.6288546101589
2036-09-14 12:00:00,2036,9,14,NA,13.712436194559,23.4520381971357
2036-09-15 12:00:00,2036,9,15,NA,13.2835156358085,17.9650660803086
2036-09-16 12:00:00,2036,9,16,NA,11.9011198004342,19.1358870885026
2036-09-17 12:00:00,2036,9,17,NA,14.0580983371976,20.222381820558
2036-09-18 12:00:00,2036,9,18,NA,15.8425356963369,19.467909969239
2036-09-19 12:00:00,2036,9,19,NA,15.0351361222376,20.6836107705007
2036-09-20 12:00:00,2036,9,20,NA,11.991239225309,24.2554650586159
2036-09-21 12:00:00,2036,9,21,NA,9.79909362327874,18.662772005899
2036-09-22 12:00:00,2036,9,22,NA,7.54811577788354,20.7628034558701
2036-09-23 12:00:00,2036,9,23,NA,6.49942195270496,25.5667123423346
2036-09-24 12:00:00,2036,9,24,NA,10.2815204446745,27.0875725147807
2036-09-25 12:00:00,2036,9,25,NA,16.873183001637,25.1403954411394
2036-09-26 12:00:00,2036,9,26,NA,17.6321717537261,26.308955950595
2036-09-27 12:00:00,2036,9,27,NA,15.9643499856495,21.2899170893067
2036-09-28 12:00:00,2036,9,28,NA,14.5630478418561,18.1174921484244
2036-09-29 12:00:00,2036,9,29,NA,10.8428451519791,19.2003274202523
2036-09-30 12:00:00,2036,9,30,NA,13.2923685219822,21.5343211270002
2036-10-01 12:00:00,2036,10,1,NA,15.0613478958056,20.9212060829995
2036-10-02 12:00:00,2036,10,2,NA,14.122402116292,16.0559300472357
2036-10-03 12:00:00,2036,10,3,NA,13.3777214218744,15.5499139287732
2036-10-04 12:00:00,2036,10,4,NA,10.8347258857354,17.2325408324847
2036-10-05 12:00:00,2036,10,5,NA,7.7350844393305,13.9446086815198
2036-10-06 12:00:00,2036,10,6,NA,10.1807006227212,18.2457355774574
2036-10-07 12:00:00,2036,10,7,NA,11.5184285755197,15.8827978287987
2036-10-08 12:00:00,2036,10,8,NA,10.2078522490244,22.0958059539923
2036-10-09 12:00:00,2036,10,9,NA,12.0226890043334,28.6015609044999
2036-10-10 12:00:00,2036,10,10,NA,13.5768123705683,31.4230286365392
2036-10-11 12:00:00,2036,10,11,NA,14.6588402692832,29.7400027671717
2036-10-12 12:00:00,2036,10,12,NA,14.985724245916,26.5759720346983
2036-10-13 12:00:00,2036,10,13,NA,10.8401271716569,21.5058359639999
2036-10-14 12:00:00,2036,10,14,NA,14.4357460977036,18.7890275164933
2036-10-15 12:00:00,2036,10,15,NA,12.7990964075039,20.4792966085533
2036-10-16 12:00:00,2036,10,16,NA,5.33992480663211,20.4719331810083
2036-10-17 12:00:00,2036,10,17,NA,13.2275403194239,22.7034704120437
2036-10-18 12:00:00,2036,10,18,NA,9.95655226960946,21.0613588277883
2036-10-19 12:00:00,2036,10,19,NA,11.4280392679077,15.1671643561731
2036-10-20 12:00:00,2036,10,20,NA,8.4636287344589,12.8030984118715
2036-10-21 12:00:00,2036,10,21,NA,4.75225039720991,10.1647307895888
2036-10-22 12:00:00,2036,10,22,NA,4.39344114930666,10.882211527217
2036-10-23 12:00:00,2036,10,23,NA,3.11558830473679,7.36506404174851
2036-10-24 12:00:00,2036,10,24,NA,2.96385902681958,8.28366353782619
2036-10-25 12:00:00,2036,10,25,NA,5.05982500461211,14.3747130227676
2036-10-26 12:00:00,2036,10,26,NA,2.43106695876074,14.1643171749407
2036-10-27 12:00:00,2036,10,27,NA,6.20758404268418,14.5846369060814
2036-10-28 12:00:00,2036,10,28,NA,5.33413660433003,16.8331321807403
2036-10-29 12:00:00,2036,10,29,NA,8.98837696375314,15.1333576174383
2036-10-30 12:00:00,2036,10,30,NA,10.5869709769405,12.7586343935248
2036-10-31 12:00:00,2036,10,31,NA,6.26534110389426,14.6491380823441
2036-11-01 12:00:00,2036,11,1,NA,5.92501544909207,19.8293599006003
2036-11-02 12:00:00,2036,11,2,NA,4.62631290216292,16.3595631183429
2036-11-03 12:00:00,2036,11,3,NA,7.74941499770827,12.6639845135637
2036-11-04 12:00:00,2036,11,4,NA,3.92771720087217,11.787370129107
2036-11-05 12:00:00,2036,11,5,NA,1.10924002857644,13.140930151949
2036-11-06 12:00:00,2036,11,6,NA,7.19703098180647,14.788840617601
2036-11-07 12:00:00,2036,11,7,NA,10.1376036598187,13.8599131316862
2036-11-08 12:00:00,2036,11,8,NA,8.05342747021505,10.3965041285733
2036-11-09 12:00:00,2036,11,9,NA,7.07243497616838,10.0649344348876
2036-11-10 12:00:00,2036,11,10,NA,9.61652779550833,13.7522757923484
2036-11-11 12:00:00,2036,11,11,NA,6.62709499584047,10.5184388474695
2036-11-12 12:00:00,2036,11,12,NA,7.95137581067403,13.7888124139502
2036-11-13 12:00:00,2036,11,13,NA,9.15452921143335,12.5368982248932
2036-11-14 12:00:00,2036,11,14,NA,7.33072728259741,10.1410534318726
2036-11-15 12:00:00,2036,11,15,NA,4.33373532764767,9.15128447810374
2036-11-16 12:00:00,2036,11,16,NA,8.65855555754818,13.3325982973355
2036-11-17 12:00:00,2036,11,17,NA,10.1218218630209,17.0975813411807
2036-11-18 12:00:00,2036,11,18,NA,8.82484493227987,12.5803595818719
2036-11-19 12:00:00,2036,11,19,NA,7.41662669040975,11.1577183291223
2036-11-20 12:00:00,2036,11,20,NA,7.82145833604884,11.5625499747614
2036-11-21 12:00:00,2036,11,21,NA,8.35569425003244,10.6717518216248
2036-11-22 12:00:00,2036,11,22,NA,3.24488944101996,10.2479631543238
2036-11-23 12:00:00,2036,11,23,NA,4.2724449282174,14.7555611903073
2036-11-24 12:00:00,2036,11,24,NA,3.94246643649482,15.3801606475321
2036-11-25 12:00:00,2036,11,25,NA,6.36511862260982,15.4895409056296
2036-11-26 12:00:00,2036,11,26,NA,7.84087823024317,13.854824348223
2036-11-27 12:00:00,2036,11,27,NA,9.12584277524221,14.2512435973678
2036-11-28 12:00:00,2036,11,28,NA,7.42298747873412,17.863702742171
2036-11-29 12:00:00,2036,11,29,NA,7.45654060134763,11.4589338063271
2036-11-30 12:00:00,2036,11,30,NA,7.11786897731468,12.7271612200599
2036-12-01 12:00:00,2036,12,1,NA,8.41940481366088,13.2870535698312
2036-12-02 12:00:00,2036,12,2,NA,7.46487718559317,14.0078654230182
2036-12-03 12:00:00,2036,12,3,NA,5.71920049194478,11.4207985883513
2036-12-04 12:00:00,2036,12,4,NA,4.37679167022751,7.05126358492898
2036-12-05 12:00:00,2036,12,5,NA,3.59274981745838,7.64189471357287
2036-12-06 12:00:00,2036,12,6,NA,-2.93807136097414,2.69844738764342
2036-12-07 12:00:00,2036,12,7,NA,1.00782346155686,7.03132404046513
2036-12-08 12:00:00,2036,12,8,NA,4.79324097464358,7.83805981593937
2036-12-09 12:00:00,2036,12,9,NA,2.40643449654306,4.80991180323447
2036-12-10 12:00:00,2036,12,10,NA,-1.1555685877573,5.80639598521576
2036-12-11 12:00:00,2036,12,11,NA,-2.43669450321716,7.52140884943287
2036-12-12 12:00:00,2036,12,12,NA,3.51450566159828,8.36217103310858
2036-12-13 12:00:00,2036,12,13,NA,0.491804592281858,8.70381513328438
2036-12-14 12:00:00,2036,12,14,NA,4.19968818696386,10.1857931145805
2036-12-15 12:00:00,2036,12,15,NA,-0.933275598157166,4.1062113838794
2036-12-16 12:00:00,2036,12,16,NA,-2.39271190681356,3.72400689861618
2036-12-17 12:00:00,2036,12,17,NA,0.65272413608179,5.74256750684326
2036-12-18 12:00:00,2036,12,18,NA,0.476089756438018,6.52576548231943
2036-12-19 12:00:00,2036,12,19,NA,2.85219251103526,6.92955723778614
2036-12-20 12:00:00,2036,12,20,NA,4.07216457482184,8.34412759377587
2036-12-21 12:00:00,2036,12,21,NA,-0.669673366739566,11.4548538028905
2036-12-22 12:00:00,2036,12,22,NA,6.25163884402651,10.1864048147402
2036-12-23 12:00:00,2036,12,23,NA,5.08891370830635,7.11338739628458
2036-12-24 12:00:00,2036,12,24,NA,10.1261845854013,11.1017864639449
2036-12-25 12:00:00,2036,12,25,NA,6.37773627336923,8.94006176373561
2036-12-26 12:00:00,2036,12,26,NA,7.85843223742762,12.8979192194642
2036-12-27 12:00:00,2036,12,27,NA,4.73943316977667,9.49280228854503
2036-12-28 12:00:00,2036,12,28,NA,2.84717853331762,8.82344339183581
2036-12-29 12:00:00,2036,12,29,NA,0.874081981050274,6.96564764166989
2036-12-30 12:00:00,2036,12,30,NA,-1.94502987618011,6.26698066482241
2036-12-31 12:00:00,2036,12,31,NA,1.37716522283021,10.5533573923171
2037-01-01 12:00:00,2037,1,1,NA,0.678055671825894,4.3982397156028
2037-01-02 12:00:00,2037,1,2,NA,-1.55379998506757,5.62805958258857
2037-01-03 12:00:00,2037,1,3,NA,-9.091471034377,-2.93667355292715
2037-01-04 12:00:00,2037,1,4,NA,-7.17486068299355,-3.07286942764963
2037-01-05 12:00:00,2037,1,5,NA,-8.28630089949717,-4.5792728900532
2037-01-06 12:00:00,2037,1,6,NA,-10.7351833326295,-4.66108911748508
2037-01-07 12:00:00,2037,1,7,NA,-1.73389573466917,2.62007722273815
2037-01-08 12:00:00,2037,1,8,NA,-4.2553224901027,8.28796622003696
2037-01-09 12:00:00,2037,1,9,NA,-0.229443675775702,10.9070835883233
2037-01-10 12:00:00,2037,1,10,NA,9.05284636718179,10.0587789135687
2037-01-11 12:00:00,2037,1,11,NA,5.91080673368046,9.03562010831788
2037-01-12 12:00:00,2037,1,12,NA,5.88550392443099,9.83927338259451
2037-01-13 12:00:00,2037,1,13,NA,8.46497343947633,14.7349326438668
2037-01-14 12:00:00,2037,1,14,NA,8.16199595309332,13.5702124115372
2037-01-15 12:00:00,2037,1,15,NA,5.60939342569081,12.6189342602112
2037-01-16 12:00:00,2037,1,16,NA,6.02260600166315,13.2959504308588
2037-01-17 12:00:00,2037,1,17,NA,3.0838292592718,10.3571736884675
2037-01-18 12:00:00,2037,1,18,NA,-1.08049687639233,5.99886521205328
2037-01-19 12:00:00,2037,1,19,NA,2.21346964427909,14.7567583544187
2037-01-20 12:00:00,2037,1,20,NA,3.32522732963346,8.35583718637153
2037-01-21 12:00:00,2037,1,21,NA,1.5969844350554,6.08267703887518
2037-01-22 12:00:00,2037,1,22,NA,3.74181853003541,8.55688899987168
2037-01-23 12:00:00,2037,1,23,NA,3.49360891164678,10.0223568676633
2037-01-24 12:00:00,2037,1,24,NA,5.24463249664959,14.6705207255892
2037-01-25 12:00:00,2037,1,25,NA,0.539755662059739,15.6869630497123
2037-01-26 12:00:00,2037,1,26,NA,8.00378424527132,14.4071655288938
2037-01-27 12:00:00,2037,1,27,NA,4.82455689016639,14.1302240173828
2037-01-28 12:00:00,2037,1,28,NA,5.24706387597618,9.03942584723223
2037-01-29 12:00:00,2037,1,29,NA,2.8184655179225,8.5664672296492
2037-01-30 12:00:00,2037,1,30,NA,2.48201881214216,5.15274686388786
2037-01-31 12:00:00,2037,1,31,NA,2.72968439927198,3.77086284610385
2037-02-01 12:00:00,2037,2,1,NA,-8.79978013634008,-5.65968615716009
2037-02-02 12:00:00,2037,2,2,NA,-4.54948667056423,1.19851504116247
2037-02-03 12:00:00,2037,2,3,NA,-4.34052094700706,3.17518350952441
2037-02-04 12:00:00,2037,2,4,NA,0.0317771776011293,8.33016695023527
2037-02-05 12:00:00,2037,2,5,NA,7.81352067945785,13.116929208126
2037-02-06 12:00:00,2037,2,6,NA,6.91043644639715,13.5320177146553
2037-02-07 12:00:00,2037,2,7,NA,6.9766828460524,8.7764867438151
2037-02-08 12:00:00,2037,2,8,NA,4.17341496929261,8.42198417271998
2037-02-09 12:00:00,2037,2,9,NA,3.24637007648522,7.30485588731494
2037-02-10 12:00:00,2037,2,10,NA,-5.33402620488808,1.33865506450619
2037-02-11 12:00:00,2037,2,11,NA,-2.69844345054967,4.86758264030725
2037-02-12 12:00:00,2037,2,12,NA,2.2134032355695,4.66754999848313
2037-02-13 12:00:00,2037,2,13,NA,2.61665941244092,5.14507135783903
2037-02-14 12:00:00,2037,2,14,NA,4.62918689786023,7.69053074175917
2037-02-15 12:00:00,2037,2,15,NA,5.67172814672392,10.6095822469492
2037-02-16 12:00:00,2037,2,16,NA,1.76828934664857,12.3260799681154
2037-02-17 12:00:00,2037,2,17,NA,3.66369095091471,11.6589409336895
2037-02-18 12:00:00,2037,2,18,NA,4.09394496651864,6.62235691191675
2037-02-19 12:00:00,2037,2,19,NA,3.84917803991731,10.6123822703106
2037-02-20 12:00:00,2037,2,20,NA,4.17210347796275,12.6930535558074
2037-02-21 12:00:00,2037,2,21,NA,6.91317309342986,14.7643864640143
2037-02-22 12:00:00,2037,2,22,NA,7.30206678526377,15.8958545720101
2037-02-23 12:00:00,2037,2,23,NA,10.6495780666923,14.8826141271157
2037-02-24 12:00:00,2037,2,24,NA,8.92053404145042,12.3348185998726
2037-02-25 12:00:00,2037,2,25,NA,7.01708164558808,13.7802858759814
2037-02-26 12:00:00,2037,2,26,NA,10.6928717532957,14.7513575641255
2037-02-27 12:00:00,2037,2,27,NA,5.64202556312264,11.7216443427897
2037-02-28 12:00:00,2037,2,28,NA,5.81123120899901,15.3855049657088
2037-03-01 12:00:00,2037,3,1,NA,7.3455949514153,11.3736079772938
2037-03-02 12:00:00,2037,3,2,NA,5.35263737829219,10.5960130331803
2037-03-03 12:00:00,2037,3,3,NA,0.717554319200845,14.6820650786732
2037-03-04 12:00:00,2037,3,4,NA,0.516566662109515,24.833038318563
2037-03-05 12:00:00,2037,3,5,NA,3.45762859920631,20.2468105809399
2037-03-06 12:00:00,2037,3,6,NA,6.42548459992808,17.8600791446835
2037-03-07 12:00:00,2037,3,7,NA,2.39733733414637,10.8945676069941
2037-03-08 12:00:00,2037,3,8,NA,5.04673530377139,9.31389580830961
2037-03-09 12:00:00,2037,3,9,NA,-2.89006843946382,3.23406727611289
2037-03-10 12:00:00,2037,3,10,NA,-0.930739582204149,8.1591757639901
2037-03-11 12:00:00,2037,3,11,NA,-2.95253102079521,5.3581765668065
2037-03-12 12:00:00,2037,3,12,NA,-6.28386129310742,6.08001125135485
2037-03-13 12:00:00,2037,3,13,NA,-7.00714557838187,7.23293900712411
2037-03-14 12:00:00,2037,3,14,NA,-5.20363014258586,8.50470733159002
2037-03-15 12:00:00,2037,3,15,NA,-4.32805249039155,8.90197973006092
2037-03-16 12:00:00,2037,3,16,NA,-0.766103980825045,14.2704169679427
2037-03-17 12:00:00,2037,3,17,NA,1.86847757004111,12.1958713273435
2037-03-18 12:00:00,2037,3,18,NA,3.12221363504287,7.76122144705754
2037-03-19 12:00:00,2037,3,19,NA,1.75113644189828,8.36470880601107
2037-03-20 12:00:00,2037,3,20,NA,-1.76160491331344,8.7428743421005
2037-03-21 12:00:00,2037,3,21,NA,1.84245170502199,8.63811995566145
2037-03-22 12:00:00,2037,3,22,NA,4.18541829552026,11.6424600002267
2037-03-23 12:00:00,2037,3,23,NA,1.79819423039772,7.79955012928919
2037-03-24 12:00:00,2037,3,24,NA,1.1277450733808,3.51715584662644
2037-03-25 12:00:00,2037,3,25,NA,-4.91639304472992,2.37911379242991
2037-03-26 12:00:00,2037,3,26,NA,-4.44792438726932,3.77777643713435
2037-03-27 12:00:00,2037,3,27,NA,2.27815565575075,5.19656936992425
2037-03-28 12:00:00,2037,3,28,NA,2.84504381472136,6.40209816871302
2037-03-29 12:00:00,2037,3,29,NA,3.29507025451373,5.30653295996676
2037-03-30 12:00:00,2037,3,30,NA,0.315477942886183,7.77251964759262
2037-03-31 12:00:00,2037,3,31,NA,4.13244981928988,12.368617209886
2037-04-01 12:00:00,2037,4,1,NA,-1.69496157136906,11.5708195237069
2037-04-02 12:00:00,2037,4,2,NA,-1.68663925798907,12.4983251112428
2037-04-03 12:00:00,2037,4,3,NA,3.23403966536689,13.7954519120081
2037-04-04 12:00:00,2037,4,4,NA,4.26499064329068,11.6732507769657
2037-04-05 12:00:00,2037,4,5,NA,0.950659447166937,12.5826211843728
2037-04-06 12:00:00,2037,4,6,NA,4.57592523712337,12.6508980631331
2037-04-07 12:00:00,2037,4,7,NA,10.8474578149657,16.7419711809648
2037-04-08 12:00:00,2037,4,8,NA,6.46026683887025,12.5194150274746
2037-04-09 12:00:00,2037,4,9,NA,3.0654082964859,13.0826268026142
2037-04-10 12:00:00,2037,4,10,NA,2.48326141306667,13.6893298860386
2037-04-11 12:00:00,2037,4,11,NA,-0.206368909870308,15.388789317548
2037-04-12 12:00:00,2037,4,12,NA,6.75049655382789,12.4431052176422
2037-04-13 12:00:00,2037,4,13,NA,7.20913950660354,22.4237932248191
2037-04-14 12:00:00,2037,4,14,NA,8.12186805877556,20.2299013670293
2037-04-15 12:00:00,2037,4,15,NA,4.08617623168318,19.2232664469425
2037-04-16 12:00:00,2037,4,16,NA,3.60770359514997,20.4649118774509
2037-04-17 12:00:00,2037,4,17,NA,3.75168951804832,13.4768194965215
2037-04-18 12:00:00,2037,4,18,NA,2.13852622100364,11.6161850033734
2037-04-19 12:00:00,2037,4,19,NA,2.57896121263435,10.9663365563834
2037-04-20 12:00:00,2037,4,20,NA,1.82128449799943,18.3994577848604
2037-04-21 12:00:00,2037,4,21,NA,7.19612550047509,17.9151054205648
2037-04-22 12:00:00,2037,4,22,NA,5.28414827260844,19.930865931653
2037-04-23 12:00:00,2037,4,23,NA,3.98615118688881,20.9942983218808
2037-04-24 12:00:00,2037,4,24,NA,5.11757938329414,23.4615492751707
2037-04-25 12:00:00,2037,4,25,NA,7.68663401672329,24.6947811517152
2037-04-26 12:00:00,2037,4,26,NA,10.0722786837584,26.3497090887614
2037-04-27 12:00:00,2037,4,27,NA,12.2433949248743,20.7485772821058
2037-04-28 12:00:00,2037,4,28,NA,10.8150505736239,22.249547498407
2037-04-29 12:00:00,2037,4,29,NA,10.2422644688213,19.0857819961975
2037-04-30 12:00:00,2037,4,30,NA,2.51085945531367,17.1575771143582
2037-05-01 12:00:00,2037,5,1,NA,2.5909178952482,22.3082043532103
2037-05-02 12:00:00,2037,5,2,NA,6.25984807803164,22.3337025809522
2037-05-03 12:00:00,2037,5,3,NA,8.57204214964858,26.3369778154306
2037-05-04 12:00:00,2037,5,4,NA,11.6426138995374,23.2766415420667
2037-05-05 12:00:00,2037,5,5,NA,10.9379899889517,24.5015418951583
2037-05-06 12:00:00,2037,5,6,NA,13.8471628638215,25.5680416709297
2037-05-07 12:00:00,2037,5,7,NA,12.8114639105713,22.2883042131667
2037-05-08 12:00:00,2037,5,8,NA,15.0042772778299,21.281477334316
2037-05-09 12:00:00,2037,5,9,NA,13.8174921532408,22.692937170949
2037-05-10 12:00:00,2037,5,10,NA,10.2863602780128,13.0901280415763
2037-05-11 12:00:00,2037,5,11,NA,8.051026691488,13.9218381508504
2037-05-12 12:00:00,2037,5,12,NA,7.55269180344599,16.2919779373304
2037-05-13 12:00:00,2037,5,13,NA,8.07046690053694,16.8813695177052
2037-05-14 12:00:00,2037,5,14,NA,7.43916239082872,14.2987341785601
2037-05-15 12:00:00,2037,5,15,NA,15.0834928318233,19.3040025001176
2037-05-16 12:00:00,2037,5,16,NA,14.1977784424584,21.0573502301897
2037-05-17 12:00:00,2037,5,17,NA,11.5414911626826,25.0468455606893
2037-05-18 12:00:00,2037,5,18,NA,7.31512439823357,22.8164403400493
2037-05-19 12:00:00,2037,5,19,NA,10.3994678981649,26.962548089994
2037-05-20 12:00:00,2037,5,20,NA,11.2428302021906,23.0403888148089
2037-05-21 12:00:00,2037,5,21,NA,12.8644182810247,21.7398632987329
2037-05-22 12:00:00,2037,5,22,NA,16.8273535062879,24.6311181912119
2037-05-23 12:00:00,2037,5,23,NA,12.4268336687093,28.2015437518202
2037-05-24 12:00:00,2037,5,24,NA,18.414370461411,28.3852408485709
2037-05-25 12:00:00,2037,5,25,NA,14.145159896449,28.0112563728276
2037-05-26 12:00:00,2037,5,26,NA,16.8386726114285,25.6407587947736
2037-05-27 12:00:00,2037,5,27,NA,17.0495113167306,20.5588437884934
2037-05-28 12:00:00,2037,5,28,NA,12.1051775744381,21.6972374623687
2037-05-29 12:00:00,2037,5,29,NA,14.8754264619931,25.5292976605281
2037-05-30 12:00:00,2037,5,30,NA,14.5223180092931,20.4016402189328
2037-05-31 12:00:00,2037,5,31,NA,13.200594857698,19.0855428298241
2037-06-01 12:00:00,2037,6,1,NA,15.5572948118229,18.4901380331223
2037-06-02 12:00:00,2037,6,2,NA,13.4121335746077,25.2656848039282
2037-06-03 12:00:00,2037,6,3,NA,14.6351282483351,25.7424105904475
2037-06-04 12:00:00,2037,6,4,NA,15.1087384238388,22.0859566270363
2037-06-05 12:00:00,2037,6,5,NA,14.0048664602649,22.2643812321174
2037-06-06 12:00:00,2037,6,6,NA,11.0889781018957,17.2651380630576
2037-06-07 12:00:00,2037,6,7,NA,10.5308197873739,17.1208235365902
2037-06-08 12:00:00,2037,6,8,NA,10.6684178258078,17.9538729583527
2037-06-09 12:00:00,2037,6,9,NA,16.1933055370506,21.3485006810489
2037-06-10 12:00:00,2037,6,10,NA,13.3342667796164,22.8195899429207
2037-06-11 12:00:00,2037,6,11,NA,13.4340887875004,21.0386045410193
2037-06-12 12:00:00,2037,6,12,NA,14.9528668933406,21.5645506297859
2037-06-13 12:00:00,2037,6,13,NA,14.8023553874792,22.0282057070992
2037-06-14 12:00:00,2037,6,14,NA,13.8363105781713,16.9331739776322
2037-06-15 12:00:00,2037,6,15,NA,15.3457115662053,21.4175244850505
2037-06-16 12:00:00,2037,6,16,NA,11.8958075103616,23.2307912016046
2037-06-17 12:00:00,2037,6,17,NA,11.8110071924649,23.1693240048072
2037-06-18 12:00:00,2037,6,18,NA,9.39410448995649,25.8695854172111
2037-06-19 12:00:00,2037,6,19,NA,14.6667947077062,23.8930020646485
2037-06-20 12:00:00,2037,6,20,NA,14.2789120062819,18.8162751407387
2037-06-21 12:00:00,2037,6,21,NA,14.6215279046563,23.9077012386159
2037-06-22 12:00:00,2037,6,22,NA,15.7277500980371,24.2954897571952
2037-06-23 12:00:00,2037,6,23,NA,14.4842430507461,21.9153421384006
2037-06-24 12:00:00,2037,6,24,NA,16.8493101240213,22.5031116674397
2037-06-25 12:00:00,2037,6,25,NA,17.1180156232006,23.3170126265552
2037-06-26 12:00:00,2037,6,26,NA,13.1366125370658,24.5003564577227
2037-06-27 12:00:00,2037,6,27,NA,13.7164453569154,24.956325585918
2037-06-28 12:00:00,2037,6,28,NA,10.5422176556123,21.7820978846149
2037-06-29 12:00:00,2037,6,29,NA,12.59619719719,20.0425313356192
2037-06-30 12:00:00,2037,6,30,NA,13.6047095861649,21.0107449485766
2037-07-01 12:00:00,2037,7,1,NA,15.1979978422608,23.4482451416581
2037-07-02 12:00:00,2037,7,2,NA,17.3768484511799,28.6376570690012
2037-07-03 12:00:00,2037,7,3,NA,22.0638728360943,29.5887283755426
2037-07-04 12:00:00,2037,7,4,NA,21.2151221651062,30.7307163974048
2037-07-05 12:00:00,2037,7,5,NA,14.8061853621602,24.2198856856416
2037-07-06 12:00:00,2037,7,6,NA,14.7215500925467,29.0616969331906
2037-07-07 12:00:00,2037,7,7,NA,20.6871084804899,35.2349128896245
2037-07-08 12:00:00,2037,7,8,NA,24.2274762897959,37.3618330476467
2037-07-09 12:00:00,2037,7,9,NA,25.1409860321547,39.5528601476588
2037-07-10 12:00:00,2037,7,10,NA,25.828656632584,37.9657050436079
2037-07-11 12:00:00,2037,7,11,NA,23.0051764256504,36.8881420199183
2037-07-12 12:00:00,2037,7,12,NA,21.0472142108885,32.9425843142157
2037-07-13 12:00:00,2037,7,13,NA,21.8817859817159,29.5058869161142
2037-07-14 12:00:00,2037,7,14,NA,23.6855280156015,28.4873992563239
2037-07-15 12:00:00,2037,7,15,NA,19.3787301367038,30.353264819178
2037-07-16 12:00:00,2037,7,16,NA,18.4013204926591,28.6389209180657
2037-07-17 12:00:00,2037,7,17,NA,13.6470348792794,25.1415362685451
2037-07-18 12:00:00,2037,7,18,NA,15.8278968702913,25.0900257717439
2037-07-19 12:00:00,2037,7,19,NA,21.2467472247608,28.2775219269077
2037-07-20 12:00:00,2037,7,20,NA,20.0307259060445,29.8495004453441
2037-07-21 12:00:00,2037,7,21,NA,18.8252756722091,26.7854879208544
2037-07-22 12:00:00,2037,7,22,NA,14.1686362239376,25.4846974085322
2037-07-23 12:00:00,2037,7,23,NA,15.3809457557901,22.5068902650123
2037-07-24 12:00:00,2037,7,24,NA,12.6760315524718,20.636243801117
2037-07-25 12:00:00,2037,7,25,NA,14.0811867681399,23.6750519855237
2037-07-26 12:00:00,2037,7,26,NA,21.4012531900495,26.5128081987988
2037-07-27 12:00:00,2037,7,27,NA,22.4814437642398,29.4875439131406
2037-07-28 12:00:00,2037,7,28,NA,20.3576332076921,31.1668918085621
2037-07-29 12:00:00,2037,7,29,NA,17.1930873098717,26.5138683261161
2037-07-30 12:00:00,2037,7,30,NA,14.1501304389317,25.6667256723859
2037-07-31 12:00:00,2037,7,31,NA,17.3536702102111,27.0738285169179
2037-08-01 12:00:00,2037,8,1,NA,7.52510178062259,24.8982752553702
2037-08-02 12:00:00,2037,8,2,NA,11.7014592044355,27.4741436589925
2037-08-03 12:00:00,2037,8,3,NA,14.2565625999357,28.7552708575258
2037-08-04 12:00:00,2037,8,4,NA,15.1969075607705,25.9585451313729
2037-08-05 12:00:00,2037,8,5,NA,18.3003134341743,24.5034795264684
2037-08-06 12:00:00,2037,8,6,NA,13.1159677668848,26.8522396099886
2037-08-07 12:00:00,2037,8,7,NA,15.4865485731652,24.7693989214533
2037-08-08 12:00:00,2037,8,8,NA,15.9908766780958,25.8091469871327
2037-08-09 12:00:00,2037,8,9,NA,15.9112562684379,32.2828423286712
2037-08-10 12:00:00,2037,8,10,NA,15.0147801870947,26.6894686797816
2037-08-11 12:00:00,2037,8,11,NA,16.9125368774288,25.8962758207256
2037-08-12 12:00:00,2037,8,12,NA,16.6330593518291,19.4088367738626
2037-08-13 12:00:00,2037,8,13,NA,16.4091121021846,19.1678712057551
2037-08-14 12:00:00,2037,8,14,NA,18.2364062484289,22.8269633092233
2037-08-15 12:00:00,2037,8,15,NA,17.3888279549676,25.4578367627384
2037-08-16 12:00:00,2037,8,16,NA,19.4494830448691,24.0634071893153
2037-08-17 12:00:00,2037,8,17,NA,15.4877688021444,22.9254332273212
2037-08-18 12:00:00,2037,8,18,NA,13.7209569011127,22.6903105152457
2037-08-19 12:00:00,2037,8,19,NA,13.2871873170442,22.3057903728079
2037-08-20 12:00:00,2037,8,20,NA,13.8312997295896,19.2197427285094
2037-08-21 12:00:00,2037,8,21,NA,11.1644182261935,19.9469518091297
2037-08-22 12:00:00,2037,8,22,NA,14.298151510611,24.116421819648
2037-08-23 12:00:00,2037,8,23,NA,16.4208188071391,21.0347429515853
2037-08-24 12:00:00,2037,8,24,NA,11.3702153047904,21.2297777221824
2037-08-25 12:00:00,2037,8,25,NA,11.7052472832635,23.9511133892236
2037-08-26 12:00:00,2037,8,26,NA,14.234504398045,26.616973780949
2037-08-27 12:00:00,2037,8,27,NA,13.8666077108246,27.7499299689307
2037-08-28 12:00:00,2037,8,28,NA,11.796614587053,30.488285158416
2037-08-29 12:00:00,2037,8,29,NA,18.4664778764347,31.001093116174
2037-08-30 12:00:00,2037,8,30,NA,15.8010850112086,31.6390629016429
2037-08-31 12:00:00,2037,8,31,NA,16.2760277417785,29.8245718577656
2037-09-01 12:00:00,2037,9,1,NA,14.3115060242846,26.8615863018734
2037-09-02 12:00:00,2037,9,2,NA,14.7147072853929,30.4348476381146
2037-09-03 12:00:00,2037,9,3,NA,15.5976673916956,27.6471757568127
2037-09-04 12:00:00,2037,9,4,NA,12.1821560212514,26.1960842457744
2037-09-05 12:00:00,2037,9,5,NA,10.4905345180959,24.8946593246504
2037-09-06 12:00:00,2037,9,6,NA,10.1870397133942,24.6162455591427
2037-09-07 12:00:00,2037,9,7,NA,9.91511654158133,21.2867364047685
2037-09-08 12:00:00,2037,9,8,NA,8.34754694849127,20.8037320547429
2037-09-09 12:00:00,2037,9,9,NA,7.32565873680253,22.5053403147221
2037-09-10 12:00:00,2037,9,10,NA,7.49847479610376,25.1968500151165
2037-09-11 12:00:00,2037,9,11,NA,1.16978654019249,27.7035131721964
2037-09-12 12:00:00,2037,9,12,NA,8.29261303127018,22.6798202603387
2037-09-13 12:00:00,2037,9,13,NA,14.995155046632,21.9277814296726
2037-09-14 12:00:00,2037,9,14,NA,20.6248773880879,25.306427832588
2037-09-15 12:00:00,2037,9,15,NA,22.3677559506216,25.2887223615799
2037-09-16 12:00:00,2037,9,16,NA,22.6901915440981,25.572206226538
2037-09-17 12:00:00,2037,9,17,NA,21.709233768095,25.6112166217389
2037-09-18 12:00:00,2037,9,18,NA,17.5521429838395,22.6417520896232
2037-09-19 12:00:00,2037,9,19,NA,15.9846899911212,21.8445481783152
2037-09-20 12:00:00,2037,9,20,NA,12.3840986727878,21.6765238543675
2037-09-21 12:00:00,2037,9,21,NA,9.55521788602814,23.7303559755147
2037-09-22 12:00:00,2037,9,22,NA,9.20413318434825,21.5252433125976
2037-09-23 12:00:00,2037,9,23,NA,9.51580783435389,21.4786837496799
2037-09-24 12:00:00,2037,9,24,NA,7.73225093452208,22.0883769022869
2037-09-25 12:00:00,2037,9,25,NA,11.5784412388674,21.3132680189518
2037-09-26 12:00:00,2037,9,26,NA,11.6841124796769,25.0090124791082
2037-09-27 12:00:00,2037,9,27,NA,13.8863153220691,18.8924211639351
2037-09-28 12:00:00,2037,9,28,NA,11.6671439768982,22.1920688992702
2037-09-29 12:00:00,2037,9,29,NA,8.17095414066358,21.4678605292782
2037-09-30 12:00:00,2037,9,30,NA,7.80222485498343,19.8070583613268
2037-10-01 12:00:00,2037,10,1,NA,9.71385597548061,17.3654585772019
2037-10-02 12:00:00,2037,10,2,NA,16.7165212526043,19.6374876635625
2037-10-03 12:00:00,2037,10,3,NA,14.1553577035319,20.4780860792028
2037-10-04 12:00:00,2037,10,4,NA,14.1628994960919,19.5756396296017
2037-10-05 12:00:00,2037,10,5,NA,10.6770788362493,17.8428128799514
2037-10-06 12:00:00,2037,10,6,NA,8.97217223282785,17.2889650485089
2037-10-07 12:00:00,2037,10,7,NA,8.56896275776405,17.1219479508783
2037-10-08 12:00:00,2037,10,8,NA,10.3453592888747,21.2020788077114
2037-10-09 12:00:00,2037,10,9,NA,7.48911657305695,24.2065860979289
2037-10-10 12:00:00,2037,10,10,NA,8.91503986146211,24.2378919521822
2037-10-11 12:00:00,2037,10,11,NA,10.0825273208478,17.5723953072869
2037-10-12 12:00:00,2037,10,12,NA,12.7753965664124,17.8230859705155
2037-10-13 12:00:00,2037,10,13,NA,12.5851934509029,19.6420536331512
2037-10-14 12:00:00,2037,10,14,NA,11.2325595202699,13.4042229368542
2037-10-15 12:00:00,2037,10,15,NA,8.0877993824781,13.728217987103
2037-10-16 12:00:00,2037,10,16,NA,10.7147300105733,18.9022391673563
2037-10-17 12:00:00,2037,10,17,NA,11.4270787031282,17.7498070787991
2037-10-18 12:00:00,2037,10,18,NA,14.618006578077,18.8307921959912
2037-10-19 12:00:00,2037,10,19,NA,12.4554733079625,14.6059429949202
2037-10-20 12:00:00,2037,10,20,NA,8.42310858755707,12.0564658794075
2037-10-21 12:00:00,2037,10,21,NA,6.28444187265306,15.8512814766067
2037-10-22 12:00:00,2037,10,22,NA,7.30418958867115,12.7768099822195
2037-10-23 12:00:00,2037,10,23,NA,8.30106798319224,13.7078101766648
2037-10-24 12:00:00,2037,10,24,NA,5.81579249662783,14.1682917884652
2037-10-25 12:00:00,2037,10,25,NA,2.35953275842963,13.9341013595905
2037-10-26 12:00:00,2037,10,26,NA,7.99178304059238,15.7645069141953
2037-10-27 12:00:00,2037,10,27,NA,5.74278416860591,16.5504826369235
2037-10-28 12:00:00,2037,10,28,NA,4.95792510203243,13.6074791279967
2037-10-29 12:00:00,2037,10,29,NA,4.04331622793714,12.6247585406918
2037-10-30 12:00:00,2037,10,30,NA,4.24487493132061,15.5085637005965
2037-10-31 12:00:00,2037,10,31,NA,6.50058889941797,15.5936622646208
2037-11-01 12:00:00,2037,11,1,NA,9.82800567076063,17.375152620621
2037-11-02 12:00:00,2037,11,2,NA,5.39319069211161,19.2975351436198
2037-11-03 12:00:00,2037,11,3,NA,7.33722943239103,16.9685330264877
2037-11-04 12:00:00,2037,11,4,NA,11.0226305273188,17.3818355141473
2037-11-05 12:00:00,2037,11,5,NA,13.4114031214149,14.8139081056825
2037-11-06 12:00:00,2037,11,6,NA,10.4365237629568,13.2382816014084
2037-11-07 12:00:00,2037,11,7,NA,9.3882791425311,12.1831002293837
2037-11-08 12:00:00,2037,11,8,NA,8.13699861514,11.892513264732
2037-11-09 12:00:00,2037,11,9,NA,6.73156231966582,11.3937744137438
2037-11-10 12:00:00,2037,11,10,NA,5.2699968993502,11.9191075664651
2037-11-11 12:00:00,2037,11,11,NA,2.19155249560622,9.19462620891005
2037-11-12 12:00:00,2037,11,12,NA,-0.975040385987915,11.0524853906212
2037-11-13 12:00:00,2037,11,13,NA,3.79219026336175,13.0226863125136
2037-11-14 12:00:00,2037,11,14,NA,-0.204792072191814,5.4065076947889
2037-11-15 12:00:00,2037,11,15,NA,2.45651604430192,8.04016505945836
2037-11-16 12:00:00,2037,11,16,NA,1.13537024432658,9.35857939561508
2037-11-17 12:00:00,2037,11,17,NA,2.461983338017,9.18318772121163
2037-11-18 12:00:00,2037,11,18,NA,0.625183247510285,9.00783853826807
2037-11-19 12:00:00,2037,11,19,NA,2.27695784838121,5.10514328943568
2037-11-20 12:00:00,2037,11,20,NA,3.28495437018111,6.09360767402805
2037-11-21 12:00:00,2037,11,21,NA,-1.77537677348729,2.93305585344098
2037-11-22 12:00:00,2037,11,22,NA,-3.03498766295411,0.850358688352175
2037-11-23 12:00:00,2037,11,23,NA,-2.06675357115057,4.518458758382
2037-11-24 12:00:00,2037,11,24,NA,1.53844295726415,6.57291764521152
2037-11-25 12:00:00,2037,11,25,NA,-0.675918116776703,6.85458630499875
2037-11-26 12:00:00,2037,11,26,NA,2.4204425476662,8.29516454037043
2037-11-27 12:00:00,2037,11,27,NA,2.97735670522699,12.5035512858402
2037-11-28 12:00:00,2037,11,28,NA,1.77146850482417,12.6231363183055
2037-11-29 12:00:00,2037,11,29,NA,4.47206033029887,12.7598559721621
2037-11-30 12:00:00,2037,11,30,NA,4.42999305650809,10.0522217752406
2037-12-01 12:00:00,2037,12,1,NA,4.57883098484562,11.4623906380704
2037-12-02 12:00:00,2037,12,2,NA,4.25874816620633,8.92096026028433
2037-12-03 12:00:00,2037,12,3,NA,3.44642271031345,5.35811778056512
2037-12-04 12:00:00,2037,12,4,NA,3.16156467794391,7.52566020259497
2037-12-05 12:00:00,2037,12,5,NA,3.39713614634333,7.53128840916908
2037-12-06 12:00:00,2037,12,6,NA,4.28311540839259,10.0833685466522
2037-12-07 12:00:00,2037,12,7,NA,3.95601473878901,9.41194818302366
2037-12-08 12:00:00,2037,12,8,NA,6.02869239068959,9.08398373276732
2037-12-09 12:00:00,2037,12,9,NA,3.43064690125916,9.54079254764402
2037-12-10 12:00:00,2037,12,10,NA,2.59749433169773,7.55832145220905
2037-12-11 12:00:00,2037,12,11,NA,0.257702375295715,4.21807275555961
2037-12-12 12:00:00,2037,12,12,NA,5.14207699206216,6.16189625593385
2037-12-13 12:00:00,2037,12,13,NA,0.407322634540303,1.42536608616482
2037-12-14 12:00:00,2037,12,14,NA,-2.11600837152435,2.92347861051222
2037-12-15 12:00:00,2037,12,15,NA,1.41560206154001,7.19078306668597
2037-12-16 12:00:00,2037,12,16,NA,0.877797669030834,8.68563713215646
2037-12-17 12:00:00,2037,12,17,NA,5.89438195996739,13.1424349488489
2037-12-18 12:00:00,2037,12,18,NA,-0.933457810551288,4.69462328293257
2037-12-19 12:00:00,2037,12,19,NA,-5.28219151709983,-2.54952666454357
2037-12-20 12:00:00,2037,12,20,NA,-16.0079433624535,-8.34205569237128
2037-12-21 12:00:00,2037,12,21,NA,-11.2859084397775,-0.272096879233457
2037-12-22 12:00:00,2037,12,22,NA,-4.38516418037482,2.61915032864473
2037-12-23 12:00:00,2037,12,23,NA,-2.76807594929326,5.85506889421341
2037-12-24 12:00:00,2037,12,24,NA,-2.55977730778964,4.15655640511082
2037-12-25 12:00:00,2037,12,25,NA,1.81881963967809,8.78599797098811
2037-12-26 12:00:00,2037,12,26,NA,1.20981858204577,4.34488841110325
2037-12-27 12:00:00,2037,12,27,NA,-0.162645965023352,1.87546938621056
2037-12-28 12:00:00,2037,12,28,NA,2.18039852897976,3.20016236892316
2037-12-29 12:00:00,2037,12,29,NA,8.43103020873403,11.4661446117185
2037-12-30 12:00:00,2037,12,30,NA,2.12840768809144,5.17322652938723
2037-12-31 12:00:00,2037,12,31,NA,3.71990052645882,9.59164399190812
2038-01-01 12:00:00,2038,1,1,NA,4.26324369404843,12.4144820471473
2038-01-02 12:00:00,2038,1,2,NA,3.39774821268538,8.66210372293929
2038-01-03 12:00:00,2038,1,3,NA,5.86804856844985,8.96709863113698
2038-01-04 12:00:00,2038,1,4,NA,3.79668329781062,8.03862304906554
2038-01-05 12:00:00,2038,1,5,NA,4.98361189193926,8.07709108410222
2038-01-06 12:00:00,2038,1,6,NA,2.33638804482967,6.94975777900662
2038-01-07 12:00:00,2038,1,7,NA,-0.835885593463481,8.70264713726473
2038-01-08 12:00:00,2038,1,8,NA,-1.20425675385619,9.52642926139763
2038-01-09 12:00:00,2038,1,9,NA,2.47049967358445,4.56611966960487
2038-01-10 12:00:00,2038,1,10,NA,4.12568118905213,6.17033792523879
2038-01-11 12:00:00,2038,1,11,NA,-0.250018503520128,4.10395445388719
2038-01-12 12:00:00,2038,1,12,NA,-1.82830789779539,1.26456461326153
2038-01-13 12:00:00,2038,1,13,NA,-4.11560737501546,0.687507243350089
2038-01-14 12:00:00,2038,1,14,NA,3.60957018479896,6.71660925834645
2038-01-15 12:00:00,2038,1,15,NA,6.00364394170815,8.08150423507759
2038-01-16 12:00:00,2038,1,16,NA,6.01593303948445,8.04619291871758
2038-01-17 12:00:00,2038,1,17,NA,7.58553033588306,9.58969009055007
2038-01-18 12:00:00,2038,1,18,NA,4.2977553137371,6.61110148576179
2038-01-19 12:00:00,2038,1,19,NA,1.41761402650494,3.64346053068947
2038-01-20 12:00:00,2038,1,20,NA,-5.43561295281813,0.0417752052079523
2038-01-21 12:00:00,2038,1,21,NA,-0.716743370168797,5.90377098798608
2038-01-22 12:00:00,2038,1,22,NA,1.29099762927697,9.14297217313074
2038-01-23 12:00:00,2038,1,23,NA,-0.25575265593567,8.10019694811661
2038-01-24 12:00:00,2038,1,24,NA,-0.159495948187739,6.17920339405022
2038-01-25 12:00:00,2038,1,25,NA,0.803502304371325,9.88896153595203
2038-01-26 12:00:00,2038,1,26,NA,-0.323167824214756,1.75469246915468
2038-01-27 12:00:00,2038,1,27,NA,-6.34694442848142,-4.5245761319194
2038-01-28 12:00:00,2038,1,28,NA,-6.13600627088705,3.47641915822804
2038-01-29 12:00:00,2038,1,29,NA,-6.0679274209802,4.28356354405767
2038-01-30 12:00:00,2038,1,30,NA,2.16399654977155,10.4504229171672
2038-01-31 12:00:00,2038,1,31,NA,2.04018836721232,6.62636731063192
2038-02-01 12:00:00,2038,2,1,NA,4.43771425381169,7.5305867648686
2038-02-02 12:00:00,2038,2,2,NA,4.77193153441605,5.73805182993245
2038-02-03 12:00:00,2038,2,3,NA,2.87919371310244,5.29792812704731
2038-02-04 12:00:00,2038,2,4,NA,0.616673127443751,2.26048854756535
2038-02-05 12:00:00,2038,2,5,NA,2.12337588992134,6.18186170075107
2038-02-06 12:00:00,2038,2,6,NA,1.37246461942626,7.8994130568198
2038-02-07 12:00:00,2038,2,7,NA,1.62305632368646,11.1973300803962
2038-02-08 12:00:00,2038,2,8,NA,5.63688328268697,14.2630830881054
2038-02-09 12:00:00,2038,2,9,NA,1.2570155815662,8.0202198119595
2038-02-10 12:00:00,2038,2,10,NA,1.96358200700316,7.26699053567127
2038-02-11 12:00:00,2038,2,11,NA,-4.07854996107792,3.97739761999612
2038-02-12 12:00:00,2038,2,12,NA,-2.32618840201987,2.53330633109079
2038-02-13 12:00:00,2038,2,13,NA,-5.99248586057134,1.36326188427717
2038-02-14 12:00:00,2038,2,14,NA,-8.20465642443001,3.58054251641401
2038-02-15 12:00:00,2038,2,15,NA,1.92113834130033,12.4863164615304
2038-02-16 12:00:00,2038,2,16,NA,1.36205176188898,11.6607405683015
2038-02-17 12:00:00,2038,2,17,NA,5.53855465275995,8.1057372141514
2038-02-18 12:00:00,2038,2,18,NA,2.58131166100722,8.25488922783019
2038-02-19 12:00:00,2038,2,19,NA,0.405193108800644,8.96741736094304
2038-02-20 12:00:00,2038,2,20,NA,0.496905351584644,6.13670801640083
2038-02-21 12:00:00,2038,2,21,NA,1.82335493376535,7.63082207244831
2038-02-22 12:00:00,2038,2,22,NA,-0.0343791630957861,12.0628958344292
2038-02-23 12:00:00,2038,2,23,NA,0.809292949447273,2.69258593801292
2038-02-24 12:00:00,2038,2,24,NA,-0.160565490621279,3.91216886246036
2038-02-25 12:00:00,2038,2,25,NA,-1.04411935215806,4.63217010228605
2038-02-26 12:00:00,2038,2,26,NA,4.21210711058493,6.65923657188936
2038-02-27 12:00:00,2038,2,27,NA,2.17976082907925,6.08548786943605
2038-02-28 12:00:00,2038,2,28,NA,9.33692332344964,12.6306897544467
2038-03-01 12:00:00,2038,3,1,NA,5.53794803342099,8.06635997881909
2038-03-02 12:00:00,2038,3,2,NA,7.59279331497953,9.95355088087992
2038-03-03 12:00:00,2038,3,3,NA,4.70373261591902,10.4499122620045
2038-03-04 12:00:00,2038,3,4,NA,6.8031429179658,14.1812244816364
2038-03-05 12:00:00,2038,3,5,NA,6.95994550434935,13.5794378724519
2038-03-06 12:00:00,2038,3,6,NA,-2.83730701618047,7.59767255108549
2038-03-07 12:00:00,2038,3,7,NA,2.38367203056854,7.49841338233115
2038-03-08 12:00:00,2038,3,8,NA,1.99410918299514,6.90133894342229
2038-03-09 12:00:00,2038,3,9,NA,3.15962167056414,8.32896867244582
2038-03-10 12:00:00,2038,3,10,NA,1.54890637838137,11.7596572579941
2038-03-11 12:00:00,2038,3,11,NA,1.15962577231952,15.0140428820242
2038-03-12 12:00:00,2038,3,12,NA,2.21827529617432,13.5898162177376
2038-03-13 12:00:00,2038,3,13,NA,5.83858428247485,14.3358145553226
2038-03-14 12:00:00,2038,3,14,NA,5.77850469936597,14.3024789435881
2038-03-15 12:00:00,2038,3,15,NA,9.823381713516,15.9961974427788
2038-03-16 12:00:00,2038,3,16,NA,4.17316439580746,19.7438916937058
2038-03-17 12:00:00,2038,3,17,NA,6.39972173985011,17.086064129135
2038-03-18 12:00:00,2038,3,18,NA,4.68850092784886,20.2592282257472
2038-03-19 12:00:00,2038,3,19,NA,7.52078270290962,20.8775689545655
2038-03-20 12:00:00,2038,3,20,NA,5.7372453428102,11.291760487756
2038-03-21 12:00:00,2038,3,21,NA,5.08846974072434,9.57125556132016
2038-03-22 12:00:00,2038,3,22,NA,6.41688121267755,12.6221291955223
2038-03-23 12:00:00,2038,3,23,NA,5.64445023295644,9.20206113735711
2038-03-24 12:00:00,2038,3,24,NA,5.5775998670031,9.13465422099476
2038-03-25 12:00:00,2038,3,25,NA,4.82263264238238,8.45596198418243
2038-03-26 12:00:00,2038,3,26,NA,4.07383062939109,13.5355034657264
2038-03-27 12:00:00,2038,3,27,NA,-0.163929336209607,13.0661028842429
2038-03-28 12:00:00,2038,3,28,NA,-1.38109807705279,11.8780121334109
2038-03-29 12:00:00,2038,3,29,NA,4.23895023525708,10.1900176769515
2038-03-30 12:00:00,2038,3,30,NA,3.33957341444747,12.3943815764443
2038-03-31 12:00:00,2038,3,31,NA,-0.677694049876701,12.6746757476958
2038-04-01 12:00:00,2038,4,1,NA,0.71540695516358,17.4948541664316
2038-04-02 12:00:00,2038,4,2,NA,2.27458858748343,16.5146731729894
2038-04-03 12:00:00,2038,4,3,NA,3.26685429066147,10.5662173231196
2038-04-04 12:00:00,2038,4,4,NA,-0.170375473189064,13.5674534865612
2038-04-05 12:00:00,2038,4,5,NA,3.06434063851046,17.7673304662724
2038-04-06 12:00:00,2038,4,6,NA,0.0243725260012653,20.3445904675198
2038-04-07 12:00:00,2038,4,7,NA,6.40471361523022,19.9156825666178
2038-04-08 12:00:00,2038,4,8,NA,3.14275091104115,22.2968243703339
2038-04-09 12:00:00,2038,4,9,NA,7.48512108732703,23.5589755902476
2038-04-10 12:00:00,2038,4,10,NA,5.38937972036589,18.9332108815708
2038-04-11 12:00:00,2038,4,11,NA,0.186616952606736,20.7432605369828
2038-04-12 12:00:00,2038,4,12,NA,1.3042604047536,15.7505775266998
2038-04-13 12:00:00,2038,4,13,NA,1.15652808912313,15.4568417632079
2038-04-14 12:00:00,2038,4,14,NA,7.10477064674642,15.4132614015636
2038-04-15 12:00:00,2038,4,15,NA,2.26235043834043,17.8970197990015
2038-04-16 12:00:00,2038,4,16,NA,6.52608698744169,16.9563987331617
2038-04-17 12:00:00,2038,4,17,NA,3.50291067236417,13.9119427834924
2038-04-18 12:00:00,2038,4,18,NA,3.50543280077231,14.6806050516962
2038-04-19 12:00:00,2038,4,19,NA,2.59624411153585,17.8995454919109
2038-04-20 12:00:00,2038,4,20,NA,10.2428539473351,21.9603654283184
2038-04-21 12:00:00,2038,4,21,NA,16.6341902238643,22.8963048175716
2038-04-22 12:00:00,2038,4,22,NA,12.295595483403,19.5452057515715
2038-04-23 12:00:00,2038,4,23,NA,14.6538075899966,25.2278846288517
2038-04-24 12:00:00,2038,4,24,NA,16.2606817627062,19.4232636761571
2038-04-25 12:00:00,2038,4,25,NA,8.65301435057307,14.9151289442803
2038-04-26 12:00:00,2038,4,26,NA,5.18201898504869,13.4905097398659
2038-04-27 12:00:00,2038,4,27,NA,8.02311684989022,11.1909824306379
2038-04-28 12:00:00,2038,4,28,NA,7.24112608985464,12.4639933811523
2038-04-29 12:00:00,2038,4,29,NA,3.0604279567016,12.5596710130996
2038-04-30 12:00:00,2038,4,30,NA,2.10969647734429,15.8475254370945
2038-05-01 12:00:00,2038,5,1,NA,5.41811879402712,14.9180103698928
2038-05-02 12:00:00,2038,5,2,NA,7.39102282057226,22.8933112494516
2038-05-03 12:00:00,2038,5,3,NA,7.54882256486693,21.1278271679443
2038-05-04 12:00:00,2038,5,4,NA,9.22412582762235,25.9748103262868
2038-05-05 12:00:00,2038,5,5,NA,7.53686569075239,24.1431834073923
2038-05-06 12:00:00,2038,5,6,NA,5.63736996200299,23.1884515642115
2038-05-07 12:00:00,2038,5,7,NA,5.8667186312416,23.3847186771264
2038-05-08 12:00:00,2038,5,8,NA,3.92076429540332,25.6693810668964
2038-05-09 12:00:00,2038,5,9,NA,5.0852946802493,21.7349055034085
2038-05-10 12:00:00,2038,5,10,NA,3.94937194367,21.6532428582267
2038-05-11 12:00:00,2038,5,11,NA,3.04575538013264,20.7496262946894
2038-05-12 12:00:00,2038,5,12,NA,4.22098941797771,17.6294521342163
2038-05-13 12:00:00,2038,5,13,NA,5.07800441002781,17.0402350013607
2038-05-14 12:00:00,2038,5,14,NA,9.84865910068675,21.4749689949961
2038-05-15 12:00:00,2038,5,15,NA,16.1442921738745,26.8496260556483
2038-05-16 12:00:00,2038,5,16,NA,13.4443479980861,22.3347884725882
2038-05-17 12:00:00,2038,5,17,NA,10.6482614496645,28.3123761802664
2038-05-18 12:00:00,2038,5,18,NA,11.0865793441653,21.6485290511207
2038-05-19 12:00:00,2038,5,19,NA,12.19952196869,27.9892256933004
2038-05-20 12:00:00,2038,5,20,NA,10.9257660144307,28.4437660603155
2038-05-21 12:00:00,2038,5,21,NA,8.65363658432089,23.2494610480279
2038-05-22 12:00:00,2038,5,22,NA,13.8939136614257,27.5609145796061
2038-05-23 12:00:00,2038,5,23,NA,13.655326982751,27.3614040954011
2038-05-24 12:00:00,2038,5,24,NA,13.8177023447055,31.7569888809777
2038-05-25 12:00:00,2038,5,25,NA,9.95301157832757,25.4495491443188
2038-05-26 12:00:00,2038,5,26,NA,10.2626321875439,26.4723210665791
2038-05-27 12:00:00,2038,5,27,NA,10.49815372152,25.3714910066068
2038-05-28 12:00:00,2038,5,28,NA,11.9320006937616,25.7062969572299
2038-05-29 12:00:00,2038,5,29,NA,12.4530125403532,23.6521390934062
2038-05-30 12:00:00,2038,5,30,NA,10.164854126467,23.5682989219371
2038-05-31 12:00:00,2038,5,31,NA,15.1991526813247,27.3642307574876
2038-06-01 12:00:00,2038,6,1,NA,13.9346533590295,22.7455559761978
2038-06-02 12:00:00,2038,6,2,NA,14.7169036521789,23.4380814435603
2038-06-03 12:00:00,2038,6,3,NA,11.1445162819146,19.3709372554758
2038-06-04 12:00:00,2038,6,4,NA,12.6434252148206,21.8011691302303
2038-06-05 12:00:00,2038,6,5,NA,14.3272495406919,21.4673941152582
2038-06-06 12:00:00,2038,6,6,NA,15.8399820844685,24.047660934956
2038-06-07 12:00:00,2038,6,7,NA,11.472387637062,24.8987502225684
2038-06-08 12:00:00,2038,6,8,NA,9.07496579160703,22.950948196473
2038-06-09 12:00:00,2038,6,9,NA,9.25539584638984,23.6695786073593
2038-06-10 12:00:00,2038,6,10,NA,11.368194435269,25.6281878864477
2038-06-11 12:00:00,2038,6,11,NA,8.25818137047741,21.6426475293651
2038-06-12 12:00:00,2038,6,12,NA,10.8278832051078,19.9946173139662
2038-06-13 12:00:00,2038,6,13,NA,15.2222598490711,23.1544153944604
2038-06-14 12:00:00,2038,6,14,NA,12.4276217328862,21.9129448961904
2038-06-15 12:00:00,2038,6,15,NA,15.3071554219585,22.5342915106555
2038-06-16 12:00:00,2038,6,16,NA,13.4103679331937,20.0373130063104
2038-06-17 12:00:00,2038,6,17,NA,15.1271126769866,22.8172228667661
2038-06-18 12:00:00,2038,6,18,NA,16.6419898779059,23.867840197526
2038-06-19 12:00:00,2038,6,19,NA,14.5038662071541,27.7462183205759
2038-06-20 12:00:00,2038,6,20,NA,10.5268324477982,24.7492259183472
2038-06-21 12:00:00,2038,6,21,NA,13.0725164493975,21.3227637487948
2038-06-22 12:00:00,2038,6,22,NA,10.9322407750925,24.4470890612255
2038-06-23 12:00:00,2038,6,23,NA,15.4106142649234,27.7768926484898
2038-06-24 12:00:00,2038,6,24,NA,18.5503220738827,40.8628745213567
2038-06-25 12:00:00,2038,6,25,NA,25.204233842006,34.4208452851831
2038-06-26 12:00:00,2038,6,26,NA,23.0619916954686,33.3690185049378
2038-06-27 12:00:00,2038,6,27,NA,23.5359483096548,32.7026824185132
2038-06-28 12:00:00,2038,6,28,NA,23.7752588199977,29.974349306236
2038-06-29 12:00:00,2038,6,29,NA,19.4605144666272,26.0011128753586
2038-06-30 12:00:00,2038,6,30,NA,19.5473968586518,26.6775169189032
2038-07-01 12:00:00,2038,7,1,NA,21.0091748443957,26.4550097300776
2038-07-02 12:00:00,2038,7,2,NA,22.5437077013571,24.5798985449192
2038-07-03 12:00:00,2038,7,3,NA,19.4699467122509,29.2018348858745
2038-07-04 12:00:00,2038,7,4,NA,18.8508862721063,31.9980084524704
2038-07-05 12:00:00,2038,7,5,NA,18.092833339776,31.123856469654
2038-07-06 12:00:00,2038,7,6,NA,16.963295812707,26.0134309893834
2038-07-07 12:00:00,2038,7,7,NA,17.7160068496972,25.9699981241074
2038-07-08 12:00:00,2038,7,8,NA,16.4927957291371,27.9872971184028
2038-07-09 12:00:00,2038,7,9,NA,16.4107920133259,28.3935176564306
2038-07-10 12:00:00,2038,7,10,NA,16.1947605346627,26.9889010075685
2038-07-11 12:00:00,2038,7,11,NA,20.2863668564852,27.5974180126273
2038-07-12 12:00:00,2038,7,12,NA,16.0458240951686,31.9450823186861
2038-07-13 12:00:00,2038,7,13,NA,18.6273490730061,33.9859037010193
2038-07-14 12:00:00,2038,7,14,NA,19.0548885541168,31.0891746209649
2038-07-15 12:00:00,2038,7,15,NA,16.3908685960234,31.4079169974705
2038-07-16 12:00:00,2038,7,16,NA,15.9577270311276,34.3561808608531
2038-07-17 12:00:00,2038,7,17,NA,16.270669555135,29.8174658594501
2038-07-18 12:00:00,2038,7,18,NA,12.6832477640001,27.023394604644
2038-07-19 12:00:00,2038,7,19,NA,9.67721212898479,24.7413498264312
2038-07-20 12:00:00,2038,7,20,NA,11.0297550748672,24.0275938380746
2038-07-21 12:00:00,2038,7,21,NA,14.0372682484394,22.4327910584495
2038-07-22 12:00:00,2038,7,22,NA,14.3839698562448,21.2361755264091
2038-07-23 12:00:00,2038,7,23,NA,11.7877590032209,26.0517227535417
2038-07-24 12:00:00,2038,7,24,NA,12.082946985711,25.2138815059502
2038-07-25 12:00:00,2038,7,25,NA,10.1326491546704,25.9053336092273
2038-07-26 12:00:00,2038,7,26,NA,13.3891410785976,26.226639075698
2038-07-27 12:00:00,2038,7,27,NA,18.1742015160032,33.3955175165348
2038-07-28 12:00:00,2038,7,28,NA,18.1868216859619,35.0845379427863
2038-07-29 12:00:00,2038,7,29,NA,16.2165515304426,31.4055341530028
2038-07-30 12:00:00,2038,7,30,NA,18.9723838011615,33.0929562128599
2038-07-31 12:00:00,2038,7,31,NA,12.8898968338615,33.315646592724
2038-08-01 12:00:00,2038,8,1,NA,14.6716879162536,30.6350692307022
2038-08-02 12:00:00,2038,8,2,NA,16.5377475768032,29.3942764020642
2038-08-03 12:00:00,2038,8,3,NA,16.8734089930539,27.0083846521524
2038-08-04 12:00:00,2038,8,4,NA,14.652288955972,26.5711176724297
2038-08-05 12:00:00,2038,8,5,NA,13.5782162354194,27.0666140328133
2038-08-06 12:00:00,2038,8,6,NA,12.890209708104,27.4702128277579
2038-08-07 12:00:00,2038,8,7,NA,15.6462503065001,23.5192447882447
2038-08-08 12:00:00,2038,8,8,NA,16.2791098885887,27.0562284856583
2038-08-09 12:00:00,2038,8,9,NA,18.8556519217684,31.4539654570734
2038-08-10 12:00:00,2038,8,10,NA,21.7172108780167,28.890363116421
2038-08-11 12:00:00,2038,8,11,NA,19.316264184386,30.0029678353972
2038-08-12 12:00:00,2038,8,12,NA,18.6091162223011,32.0805178630446
2038-08-13 12:00:00,2038,8,13,NA,19.0599783516241,30.9759042661511
2038-08-14 12:00:00,2038,8,14,NA,16.2022611063204,33.9697528537359
2038-08-15 12:00:00,2038,8,15,NA,19.7177605612795,32.6523112130347
2038-08-16 12:00:00,2038,8,16,NA,18.7005364571392,23.2600389654941
2038-08-17 12:00:00,2038,8,17,NA,18.5952141290339,22.2620841569702
2038-08-18 12:00:00,2038,8,18,NA,15.9945629482827,22.2856061448293
2038-08-19 12:00:00,2038,8,19,NA,6.33177476293492,21.6480612276518
2038-08-20 12:00:00,2038,8,20,NA,8.74185725025045,24.5746602242449
2038-08-21 12:00:00,2038,8,21,NA,12.7368918297351,25.0034854995946
2038-08-22 12:00:00,2038,8,22,NA,9.57661047936579,26.1172855482971
2038-08-23 12:00:00,2038,8,23,NA,18.6447020559037,25.8410541549864
2038-08-24 12:00:00,2038,8,24,NA,15.9450705534886,21.9814342121233
2038-08-25 12:00:00,2038,8,25,NA,13.5375919737165,23.3558622827534
2038-08-26 12:00:00,2038,8,26,NA,12.6686652623139,22.5548370391313
2038-08-27 12:00:00,2038,8,27,NA,18.0387578275331,19.883417374658
2038-08-28 12:00:00,2038,8,28,NA,17.7425945248783,20.4926282766435
2038-08-29 12:00:00,2038,8,29,NA,17.6892075247912,19.5277269144411
2038-08-30 12:00:00,2038,8,30,NA,14.149945457431,22.2328375756156
2038-08-31 12:00:00,2038,8,31,NA,12.7360115429878,24.8557389918888
2038-09-01 12:00:00,2038,9,1,NA,12.9136944778556,22.8103811845689
2038-09-02 12:00:00,2038,9,2,NA,13.9001312716326,23.3466748346783
2038-09-03 12:00:00,2038,9,3,NA,17.6258971219868,24.1290747159611
2038-09-04 12:00:00,2038,9,4,NA,16.5342969208877,23.0374745148619
2038-09-05 12:00:00,2038,9,5,NA,12.2020737532021,19.7251144538584
2038-09-06 12:00:00,2038,9,6,NA,8.17778510309626,23.4774147104573
2038-09-07 12:00:00,2038,9,7,NA,14.3028363052263,17.8906216061378
2038-09-08 12:00:00,2038,9,8,NA,10.5253731664427,19.8259089097059
2038-09-09 12:00:00,2038,9,9,NA,10.9343642112898,18.6636586891905
2038-09-10 12:00:00,2038,9,10,NA,11.7761145561087,18.423028542324
2038-09-11 12:00:00,2038,9,11,NA,12.1165311264176,18.7447596322164
2038-09-12 12:00:00,2038,9,12,NA,11.5983203637202,21.3331471438046
2038-09-13 12:00:00,2038,9,13,NA,11.5644874472397,22.7710573489545
2038-09-14 12:00:00,2038,9,14,NA,8.71296518546641,21.507247178022
2038-09-15 12:00:00,2038,9,15,NA,14.3762998717713,23.6768633610817
2038-09-16 12:00:00,2038,9,16,NA,15.0615861055502,29.4810630109677
2038-09-17 12:00:00,2038,9,17,NA,11.8522200814447,26.6416372923708
2038-09-18 12:00:00,2038,9,18,NA,8.75408635338265,23.8342120237463
2038-09-19 12:00:00,2038,9,19,NA,7.43384825881921,25.2852252272557
2038-09-20 12:00:00,2038,9,20,NA,10.6323609789826,24.743805776336
2038-09-21 12:00:00,2038,9,21,NA,11.6978381222667,16.021479947844
2038-09-22 12:00:00,2038,9,22,NA,11.2350824549384,17.4378672471294
2038-09-23 12:00:00,2038,9,23,NA,13.56031341466,20.7034434136645
2038-09-24 12:00:00,2038,9,24,NA,7.08583661864688,19.5716201369904
2038-09-25 12:00:00,2038,9,25,NA,9.26390260599476,18.6834427659405
2038-09-26 12:00:00,2038,9,26,NA,12.70697576676,17.2252255850669
2038-09-27 12:00:00,2038,9,27,NA,10.8750948656521,16.9673190237154
2038-09-28 12:00:00,2038,9,28,NA,10.0089463113875,19.2112029871286
2038-09-29 12:00:00,2038,9,29,NA,12.4454399760074,20.6792496029277
2038-09-30 12:00:00,2038,9,30,NA,8.73418030984036,19.3033737911724
2038-10-01 12:00:00,2038,10,1,NA,10.4382637262064,22.6083417452745
2038-10-02 12:00:00,2038,10,2,NA,9.38341792535905,23.3711322643851
2038-10-03 12:00:00,2038,10,3,NA,11.9173543971348,22.5702205418576
2038-10-04 12:00:00,2038,10,4,NA,13.5390928000484,26.7400430881094
2038-10-05 12:00:00,2038,10,5,NA,12.6505810495021,26.695910149883
2038-10-06 12:00:00,2038,10,6,NA,13.4909086465767,20.7435103966168
2038-10-07 12:00:00,2038,10,7,NA,15.1565107840375,23.790797655421
2038-10-08 12:00:00,2038,10,8,NA,15.4977852297527,24.5551033403367
2038-10-09 12:00:00,2038,10,9,NA,17.2946989415728,22.6974970037901
2038-10-10 12:00:00,2038,10,10,NA,11.4772938290216,24.5836678512196
2038-10-11 12:00:00,2038,10,11,NA,12.3934691405437,24.8281826517728
2038-10-12 12:00:00,2038,10,12,NA,12.8467656372744,18.2202513285224
2038-10-13 12:00:00,2038,10,13,NA,12.5126563200654,19.7636227334507
2038-10-14 12:00:00,2038,10,14,NA,10.0314444351932,15.3616289158451
2038-10-15 12:00:00,2038,10,15,NA,9.23857458412148,14.3870472508723
2038-10-16 12:00:00,2038,10,16,NA,4.83556015418581,14.0952259258728
2038-10-17 12:00:00,2038,10,17,NA,1.99175005821028,14.4385902764429
2038-10-18 12:00:00,2038,10,18,NA,6.74560794762998,11.9576406970233
2038-10-19 12:00:00,2038,10,19,NA,11.6457817188135,16.9857250768269
2038-10-20 12:00:00,2038,10,20,NA,9.62632694726115,16.8789286973012
2038-10-21 12:00:00,2038,10,21,NA,7.88993534408825,15.4020108177205
2038-10-22 12:00:00,2038,10,22,NA,12.0208899161,18.5701393317632
2038-10-23 12:00:00,2038,10,23,NA,9.36568287154778,19.0329965847247
2038-10-24 12:00:00,2038,10,24,NA,12.0188185523895,16.2676935785125
2038-10-25 12:00:00,2038,10,25,NA,12.6624711690226,15.2353522402845
2038-10-26 12:00:00,2038,10,26,NA,12.0571190381775,14.1402830642751
2038-10-27 12:00:00,2038,10,27,NA,12.7536763149364,16.9532908938769
2038-10-28 12:00:00,2038,10,28,NA,11.9151563978721,15.3257862915506
2038-10-29 12:00:00,2038,10,29,NA,6.80237031585259,12.142313673866
2038-10-30 12:00:00,2038,10,30,NA,7.51150774742641,15.0586546972868
2038-10-31 12:00:00,2038,10,31,NA,1.9471888456858,12.7548873140034
2038-11-01 12:00:00,2038,11,1,NA,7.88585932667861,14.1257459978907
2038-11-02 12:00:00,2038,11,2,NA,8.73600756214859,15.224777940059
2038-11-03 12:00:00,2038,11,3,NA,5.6437203363905,10.7693748609314
2038-11-04 12:00:00,2038,11,4,NA,6.92285308574534,14.5366872899204
2038-11-05 12:00:00,2038,11,5,NA,6.25846335703256,11.8628517152075
2038-11-06 12:00:00,2038,11,6,NA,7.75363343824571,15.7267850280408
2038-11-07 12:00:00,2038,11,7,NA,8.31282629938062,12.0776223840501
2038-11-08 12:00:00,2038,11,8,NA,3.33319773166515,8.95585061934491
2038-11-09 12:00:00,2038,11,9,NA,2.76752281128917,8.37882257826988
2038-11-10 12:00:00,2038,11,10,NA,3.07276783270967,7.79303105409464
2038-11-11 12:00:00,2038,11,11,NA,4.53019374909074,8.34405523279412
2038-11-12 12:00:00,2038,11,12,NA,2.32181990018817,9.84583084433913
2038-11-13 12:00:00,2038,11,13,NA,5.48472263276201,12.9383481385755
2038-11-14 12:00:00,2038,11,14,NA,3.69744933047422,6.56452277893663
2038-11-15 12:00:00,2038,11,15,NA,0.985553188648054,4.99247112164035
2038-11-16 12:00:00,2038,11,16,NA,3.79738887696096,6.59680084961325
2038-11-17 12:00:00,2038,11,17,NA,6.38271137532833,10.1062412142471
2038-11-18 12:00:00,2038,11,18,NA,7.21616482781569,13.9074250833172
2038-11-19 12:00:00,2038,11,19,NA,2.10381367750347,11.7281711953121
2038-11-20 12:00:00,2038,11,20,NA,7.7678720473376,10.6225495448801
2038-11-21 12:00:00,2038,11,21,NA,6.52613163896372,11.2247725677374
2038-11-22 12:00:00,2038,11,22,NA,5.41216783774646,11.1955383331722
2038-11-23 12:00:00,2038,11,23,NA,6.12922165749912,11.7770273176278
2038-11-24 12:00:00,2038,11,24,NA,9.28165142652357,14.5599228137058
2038-11-25 12:00:00,2038,11,25,NA,8.94532198132181,13.7154927717373
2038-11-26 12:00:00,2038,11,26,NA,8.48983365517219,12.3811775068012
2038-11-27 12:00:00,2038,11,27,NA,1.50039484842928,9.91982112890247
2038-11-28 12:00:00,2038,11,28,NA,5.33232897066145,11.8125650273589
2038-11-29 12:00:00,2038,11,29,NA,11.1685011275844,14.9272741415847
2038-11-30 12:00:00,2038,11,30,NA,6.69504063887097,11.2655549520041
2038-12-01 12:00:00,2038,12,1,NA,3.85386571621564,11.3853341377148
2038-12-02 12:00:00,2038,12,2,NA,-0.515907598848868,10.2702865802016
2038-12-03 12:00:00,2038,12,3,NA,8.12489141072428,16.0826884293309
2038-12-04 12:00:00,2038,12,4,NA,12.0310607233495,16.1840826810807
2038-12-05 12:00:00,2038,12,5,NA,11.4815641864624,18.359326030617
2038-12-06 12:00:00,2038,12,6,NA,12.7917320790941,17.8887059126664
2038-12-07 12:00:00,2038,12,7,NA,9.74842679409654,16.8597882888131
2038-12-08 12:00:00,2038,12,8,NA,8.52072908156477,13.6749745062059
2038-12-09 12:00:00,2038,12,9,NA,5.94740724342959,16.5526118527643
2038-12-10 12:00:00,2038,12,10,NA,11.8774097025409,17.8205025306588
2038-12-11 12:00:00,2038,12,11,NA,9.65624755062669,16.7068624297121
2038-12-12 12:00:00,2038,12,12,NA,8.45844912059843,10.5789960719841
2038-12-13 12:00:00,2038,12,13,NA,3.8699035662446,10.129319942675
2038-12-14 12:00:00,2038,12,14,NA,6.31845924367429,10.3912147364064
2038-12-15 12:00:00,2038,12,15,NA,2.8101619570208,5.66463295195605
2038-12-16 12:00:00,2038,12,16,NA,3.16336150660741,8.8738851421609
2038-12-17 12:00:00,2038,12,17,NA,-1.26016854711763,3.60533790400466
2038-12-18 12:00:00,2038,12,18,NA,1.9737921232356,6.87438904776358
2038-12-19 12:00:00,2038,12,19,NA,3.24119385022501,5.15825859960067
2038-12-20 12:00:00,2038,12,20,NA,1.01127064262021,2.98551206546597
2038-12-21 12:00:00,2038,12,21,NA,1.38609080398069,7.35784454520047
2038-12-22 12:00:00,2038,12,22,NA,1.86469030780494,5.8461637652104
2038-12-23 12:00:00,2038,12,23,NA,-2.44550318201375,2.52736780190692
2038-12-24 12:00:00,2038,12,24,NA,4.77957894718037,9.23123813086351
2038-12-25 12:00:00,2038,12,25,NA,6.12530463172608,12.5458572567533
2038-12-26 12:00:00,2038,12,26,NA,8.05196442283522,16.6485778115882
2038-12-27 12:00:00,2038,12,27,NA,9.83641897462045,15.8518422585063
2038-12-28 12:00:00,2038,12,28,NA,10.5673708456844,14.3148243982759
2038-12-29 12:00:00,2038,12,29,NA,7.64694081803193,11.722976304711
2038-12-30 12:00:00,2038,12,30,NA,5.57297708956471,14.128170438897
2038-12-31 12:00:00,2038,12,31,NA,2.8778537039637,11.5194439958283
2039-01-01 12:00:00,2039,1,1,NA,-2.16210465631889,6.04990588468363
2039-01-02 12:00:00,2039,1,2,NA,1.80657053866969,8.92130912598192
2039-01-03 12:00:00,2039,1,3,NA,4.41386879186127,8.17129430009238
2039-01-04 12:00:00,2039,1,4,NA,5.50691970262111,10.4493153240269
2039-01-05 12:00:00,2039,1,5,NA,4.36281618492815,9.99246856861689
2039-01-06 12:00:00,2039,1,6,NA,2.55774341619756,10.3794791506653
2039-01-07 12:00:00,2039,1,7,NA,6.02723890115144,7.96109839572271
2039-01-08 12:00:00,2039,1,8,NA,3.34820258952856,11.100472622841
2039-01-09 12:00:00,2039,1,9,NA,2.61756897564508,8.85236737042363
2039-01-10 12:00:00,2039,1,10,NA,3.4633190649664,10.999531532478
2039-01-11 12:00:00,2039,1,11,NA,4.75758457454109,15.4882705897949
2039-01-12 12:00:00,2039,1,12,NA,4.40443577518059,11.6310103558161
2039-01-13 12:00:00,2039,1,13,NA,2.27851313841978,11.2597620082277
2039-01-14 12:00:00,2039,1,14,NA,1.75149438894091,8.76103522346134
2039-01-15 12:00:00,2039,1,15,NA,6.98946887150967,12.3207815975629
2039-01-16 12:00:00,2039,1,16,NA,5.66500300595262,13.7077185199887
2039-01-17 12:00:00,2039,1,17,NA,4.38202723331545,9.45748178205077
2039-01-18 12:00:00,2039,1,18,NA,6.89897202639799,9.62236282297049
2039-01-19 12:00:00,2039,1,19,NA,3.47639675986533,6.56324104998169
2039-01-20 12:00:00,2039,1,20,NA,5.73503760738525,8.33629489874135
2039-01-21 12:00:00,2039,1,21,NA,4.58474802096825,9.99296447941211
2039-01-22 12:00:00,2039,1,22,NA,5.74806392120157,13.3648329125723
2039-01-23 12:00:00,2039,1,23,NA,4.25273376807503,11.0489594550259
2039-01-24 12:00:00,2039,1,24,NA,5.63252263995249,8.73157270263962
2039-01-25 12:00:00,2039,1,25,NA,8.00651526773583,14.2967885183001
2039-01-26 12:00:00,2039,1,26,NA,2.22764076196572,6.75182927778142
2039-01-27 12:00:00,2039,1,27,NA,3.96203159760842,10.1376293024127
2039-01-28 12:00:00,2039,1,28,NA,0.728213504983913,4.92607927851585
2039-01-29 12:00:00,2039,1,29,NA,-0.752288426991955,1.15961767949524
2039-01-30 12:00:00,2039,1,30,NA,-7.91701309410612,-3.43132049028635
2039-01-31 12:00:00,2039,1,31,NA,-12.5332836656757,-6.2984852708971
2039-02-01 12:00:00,2039,2,1,NA,-9.56836864560382,-5.69285351343336
2039-02-02 12:00:00,2039,2,2,NA,-7.07672900779164,1.14153394869778
2039-02-03 12:00:00,2039,2,3,NA,0.350671527032379,8.09261301147026
2039-02-04 12:00:00,2039,2,4,NA,1.94405358049385,7.24746210916195
2039-02-05 12:00:00,2039,2,5,NA,7.83024768178156,10.2489820957264
2039-02-06 12:00:00,2039,2,6,NA,8.78041569663258,12.1947002550547
2039-02-07 12:00:00,2039,2,7,NA,6.53778670063501,14.5092474103521
2039-02-08 12:00:00,2039,2,8,NA,7.65214780177622,14.5011512140554
2039-02-09 12:00:00,2039,2,9,NA,9.57938473322948,14.1072100897871
2039-02-10 12:00:00,2039,2,10,NA,8.92417051359288,18.5138201817265
2039-02-11 12:00:00,2039,2,11,NA,5.7432662138692,12.3505463309952
2039-02-12 12:00:00,2039,2,12,NA,5.82846248691717,14.7420557181969
2039-02-13 12:00:00,2039,2,13,NA,4.62293717818466,14.2140488424806
2039-02-14 12:00:00,2039,2,14,NA,0.627472386620124,7.10806577440594
2039-02-15 12:00:00,2039,2,15,NA,4.66630496112693,8.31024329857257
2039-02-16 12:00:00,2039,2,16,NA,0.2676301939125,4.00100361625275
2039-02-17 12:00:00,2039,2,17,NA,-0.223671186674482,1.39633709019549
2039-02-18 12:00:00,2039,2,18,NA,-4.19972745002026,-3.16481339814711
2039-02-19 12:00:00,2039,2,19,NA,0.0323274814383248,3.27899207326259
2039-02-20 12:00:00,2039,2,20,NA,-4.84380954106221,5.7213685791679
2039-02-21 12:00:00,2039,2,21,NA,-1.65889219021576,4.86208262403796
2039-02-22 12:00:00,2039,2,22,NA,-1.81802976886003,5.16322850640301
2039-02-23 12:00:00,2039,2,23,NA,-4.42786770756253,6.1073027887125
2039-02-24 12:00:00,2039,2,24,NA,-3.8666867214367,5.92699746039228
2039-02-25 12:00:00,2039,2,25,NA,4.52840297455947,12.0302096180949
2039-02-26 12:00:00,2039,2,26,NA,6.37592375828692,15.3003499623884
2039-02-27 12:00:00,2039,2,27,NA,1.72997762263965,6.12966228422579
2039-02-28 12:00:00,2039,2,28,NA,-2.6089199557244,4.67131372400367
2039-03-01 12:00:00,2039,3,1,NA,0.712634289551249,7.60070916959248
2039-03-02 12:00:00,2039,3,2,NA,4.86671177036295,8.08708610849852
2039-03-03 12:00:00,2039,3,3,NA,-1.32898456432111,9.06250641308543
2039-03-04 12:00:00,2039,3,4,NA,-4.01075226101796,6.38832146225583
2039-03-05 12:00:00,2039,3,5,NA,-3.87542331860321,9.96829884047798
2039-03-06 12:00:00,2039,3,6,NA,-1.96193558472666,5.86334002735692
2039-03-07 12:00:00,2039,3,7,NA,-5.90927975429005,1.22317542730198
2039-03-08 12:00:00,2039,3,8,NA,-1.98804665069603,2.10991752071718
2039-03-09 12:00:00,2039,3,9,NA,-2.20211529654118,2.09097657288603
2039-03-10 12:00:00,2039,3,10,NA,4.67780446235445,9.86330285868381
2039-03-11 12:00:00,2039,3,11,NA,3.16376337490803,17.2401927129728
2039-03-12 12:00:00,2039,3,12,NA,0.487369748603638,10.2183970375539
2039-03-13 12:00:00,2039,3,13,NA,2.6973711075941,14.889947144496
2039-03-14 12:00:00,2039,3,14,NA,3.23571380629232,9.32010877808702
2039-03-15 12:00:00,2039,3,15,NA,3.13656198323105,11.7524322911085
2039-03-16 12:00:00,2039,3,16,NA,4.08777971638949,12.3026593128079
2039-03-17 12:00:00,2039,3,17,NA,5.69562961441861,12.5978083066677
2039-03-18 12:00:00,2039,3,18,NA,2.79111101082973,9.67926779202215
2039-03-19 12:00:00,2039,3,19,NA,5.4610923204433,9.98171471300327
2039-03-20 12:00:00,2039,3,20,NA,5.05471486498629,9.32187536952451
2039-03-21 12:00:00,2039,3,21,NA,3.28547107254169,9.28682697143316
2039-03-22 12:00:00,2039,3,22,NA,5.28231549541918,11.895887859532
2039-03-23 12:00:00,2039,3,23,NA,4.42231632297514,17.2646012887586
2039-03-24 12:00:00,2039,3,24,NA,8.26475300876928,17.0362540919496
2039-03-25 12:00:00,2039,3,25,NA,9.56530667868542,16.4239807513713
2039-03-26 12:00:00,2039,3,26,NA,3.71254927801447,20.0335609555138
2039-03-27 12:00:00,2039,3,27,NA,6.92387844798684,14.1414263823551
2039-03-28 12:00:00,2039,3,28,NA,4.92109713475112,8.62509761707906
2039-03-29 12:00:00,2039,3,29,NA,5.29112792928285,8.16743405261117
2039-03-30 12:00:00,2039,3,30,NA,7.04778064261825,8.97523161034158
2039-03-31 12:00:00,2039,3,31,NA,6.39094089020258,10.4762885654642
2039-04-01 12:00:00,2039,4,1,NA,7.45870241031579,14.4660203175498
2039-04-02 12:00:00,2039,4,2,NA,1.12990817444464,8.52083219530566
2039-04-03 12:00:00,2039,4,3,NA,0.79252656857403,11.3700914364234
2039-04-04 12:00:00,2039,4,4,NA,-0.621920681018798,7.13079673082513
2039-04-05 12:00:00,2039,4,5,NA,0.23995783002988,12.5720166629571
2039-04-06 12:00:00,2039,4,6,NA,0.625021063483529,12.2569828006893
2039-04-07 12:00:00,2039,4,7,NA,2.1197517807298,7.83859726297707
2039-04-08 12:00:00,2039,4,8,NA,-2.6856892234808,9.4223440847729
2039-04-09 12:00:00,2039,4,9,NA,-0.579457263418625,10.5810681200745
2039-04-10 12:00:00,2039,4,10,NA,2.11963681309775,11.578622548288
2039-04-11 12:00:00,2039,4,11,NA,-2.14945426719643,10.3242796822546
2039-04-12 12:00:00,2039,4,12,NA,1.62839478142119,10.1335771386527
2039-04-13 12:00:00,2039,4,13,NA,3.18110110572655,12.6400868409168
2039-04-14 12:00:00,2039,4,14,NA,-0.0562632842256559,14.5904543748189
2039-04-15 12:00:00,2039,4,15,NA,-0.0938650504920444,13.692456740749
2039-04-16 12:00:00,2039,4,16,NA,-0.43133886455902,16.7110631743527
2039-04-17 12:00:00,2039,4,17,NA,-0.826271145115842,11.8905700349419
2039-04-18 12:00:00,2039,4,18,NA,-1.23300855621851,16.9568401613066
2039-04-19 12:00:00,2039,4,19,NA,5.2968095286071,8.44425142817998
2039-04-20 12:00:00,2039,4,20,NA,2.22153413140764,8.35557289815868
2039-04-21 12:00:00,2039,4,21,NA,-1.987301758602,13.041666855175
2039-04-22 12:00:00,2039,4,22,NA,2.52899870537009,10.7705750012964
2039-04-23 12:00:00,2039,4,23,NA,1.08803057054337,12.8852525337476
2039-04-24 12:00:00,2039,4,24,NA,5.81404845055694,10.9983741962918
2039-04-25 12:00:00,2039,4,25,NA,5.48691242829035,10.7777703897283
2039-04-26 12:00:00,2039,4,26,NA,-0.43442408064157,16.0694853716378
2039-04-27 12:00:00,2039,4,27,NA,-1.34260643915858,17.8034932924066
2039-04-28 12:00:00,2039,4,28,NA,-1.1659060033025,15.6913022789984
2039-04-29 12:00:00,2039,4,29,NA,1.66848226094872,17.930754857886
2039-04-30 12:00:00,2039,4,30,NA,-0.843339771076733,17.2177844998601
2039-05-01 12:00:00,2039,5,1,NA,5.3527661752929,19.5654303822695
2039-05-02 12:00:00,2039,5,2,NA,3.25246663370457,19.7871564056477
2039-05-03 12:00:00,2039,5,3,NA,3.59163768632328,20.831899154095
2039-05-04 12:00:00,2039,5,4,NA,5.97570525525216,15.7892027501695
2039-05-05 12:00:00,2039,5,5,NA,8.47055335381094,19.1758872355846
2039-05-06 12:00:00,2039,5,6,NA,10.0492621702204,23.7262250344503
2039-05-07 12:00:00,2039,5,7,NA,11.2517718598079,26.5870573653127
2039-05-08 12:00:00,2039,5,8,NA,13.9424435067576,26.5535241574134
2039-05-09 12:00:00,2039,5,9,NA,10.1657478985085,23.0125632709809
2039-05-10 12:00:00,2039,5,10,NA,13.0094773993281,21.8197631732743
2039-05-11 12:00:00,2039,5,11,NA,15.1098269282647,23.8491130621491
2039-05-12 12:00:00,2039,5,12,NA,13.2144352703388,24.4135618233918
2039-05-13 12:00:00,2039,5,13,NA,13.3006766822905,25.1408202657494
2039-05-14 12:00:00,2039,5,14,NA,13.5715040133748,28.592528142765
2039-05-15 12:00:00,2039,5,15,NA,12.0088053646347,22.9852778357358
2039-05-16 12:00:00,2039,5,16,NA,15.059410679101,26.6934383216304
2039-05-17 12:00:00,2039,5,17,NA,18.6239608388096,26.3646491497928
2039-05-18 12:00:00,2039,5,18,NA,22.5345434119659,25.3926583278671
2039-05-19 12:00:00,2039,5,19,NA,17.8611638307922,27.7447887570097
2039-05-20 12:00:00,2039,5,20,NA,17.215651446863,29.1043260477305
2039-05-21 12:00:00,2039,5,21,NA,15.5034557712902,31.2188900705432
2039-05-22 12:00:00,2039,5,22,NA,17.2543395036206,30.9167122693458
2039-05-23 12:00:00,2039,5,23,NA,15.3808503537376,29.9688570733015
2039-05-24 12:00:00,2039,5,24,NA,19.0095010603842,28.1204934078655
2039-05-25 12:00:00,2039,5,25,NA,20.5781956387807,24.5185667701296
2039-05-26 12:00:00,2039,5,26,NA,17.943690140387,22.7968962229909
2039-05-27 12:00:00,2039,5,27,NA,16.5681112932714,23.4665671534034
2039-05-28 12:00:00,2039,5,28,NA,15.602519180545,23.3635156504569
2039-05-29 12:00:00,2039,5,29,NA,14.1892399041054,20.1328525596512
2039-05-30 12:00:00,2039,5,30,NA,12.5676124377263,19.4228615075355
2039-05-31 12:00:00,2039,5,31,NA,16.6495705333596,23.8664674560665
2039-06-01 12:00:00,2039,6,1,NA,11.5039315631091,25.181212196898
2039-06-02 12:00:00,2039,6,2,NA,12.9862004640928,16.8726155228289
2039-06-03 12:00:00,2039,6,3,NA,10.2786136187692,20.5587886330789
2039-06-04 12:00:00,2039,6,4,NA,11.39811079223,23.7194197387526
2039-06-05 12:00:00,2039,6,5,NA,16.7245885698311,29.0458975163538
2039-06-06 12:00:00,2039,6,6,NA,13.4705241069272,28.3433274467863
2039-06-07 12:00:00,2039,6,7,NA,12.7889703881798,29.1953407697634
2039-06-08 12:00:00,2039,6,8,NA,7.20142641056218,27.8289535321726
2039-06-09 12:00:00,2039,6,9,NA,12.2326264314497,23.7401723606261
2039-06-10 12:00:00,2039,6,10,NA,12.0390721373299,27.0166006633059
2039-06-11 12:00:00,2039,6,11,NA,9.07075248839945,24.4302047962129
2039-06-12 12:00:00,2039,6,12,NA,7.8482269640633,20.0329840478857
2039-06-13 12:00:00,2039,6,13,NA,10.2769683373043,18.6506577364236
2039-06-14 12:00:00,2039,6,14,NA,12.6502464186416,19.8823693022971
2039-06-15 12:00:00,2039,6,15,NA,7.92504373605588,25.2659742371949
2039-06-16 12:00:00,2039,6,16,NA,14.9600161690887,23.147531238048
2039-06-17 12:00:00,2039,6,17,NA,14.0133294124354,21.4068936830351
2039-06-18 12:00:00,2039,6,18,NA,9.13204297788301,17.7813256269737
2039-06-19 12:00:00,2039,6,19,NA,9.67946112616901,20.8841284867112
2039-06-20 12:00:00,2039,6,20,NA,9.64303558107831,18.9399412012283
2039-06-21 12:00:00,2039,6,21,NA,5.13009321338185,23.7238931995836
2039-06-22 12:00:00,2039,6,22,NA,4.73002729879956,24.9951936749782
2039-06-23 12:00:00,2039,6,23,NA,8.27661649331378,20.8778915326113
2039-06-24 12:00:00,2039,6,24,NA,8.30096650366042,22.7918622346582
2039-06-25 12:00:00,2039,6,25,NA,8.76815487166268,23.6484105290167
2039-06-26 12:00:00,2039,6,26,NA,6.76055751967944,24.6286851087175
2039-06-27 12:00:00,2039,6,27,NA,9.29252919016505,29.5576955663437
2039-06-28 12:00:00,2039,6,28,NA,11.2731304974611,24.5993655438044
2039-06-29 12:00:00,2039,6,29,NA,7.09802861768472,24.3705212829017
2039-06-30 12:00:00,2039,6,30,NA,10.7960017483275,24.2175506557051
2039-07-01 12:00:00,2039,7,1,NA,13.357962407108,19.7157334834126
2039-07-02 12:00:00,2039,7,2,NA,12.0059785700659,19.0788701006118
2039-07-03 12:00:00,2039,7,3,NA,12.3487081420745,24.6801937707323
2039-07-04 12:00:00,2039,7,4,NA,8.29807590806187,25.7432916665738
2039-07-05 12:00:00,2039,7,5,NA,12.5794978880161,25.0234053917288
2039-07-06 12:00:00,2039,7,6,NA,12.0760933330314,25.2639777006024
2039-07-07 12:00:00,2039,7,7,NA,10.6776155622422,25.6566359025405
2039-07-08 12:00:00,2039,7,8,NA,12.1714988819312,28.3243355486072
2039-07-09 12:00:00,2039,7,9,NA,14.9770648200666,25.7712052929725
2039-07-10 12:00:00,2039,7,10,NA,14.884181896948,29.9397345418655
2039-07-11 12:00:00,2039,7,11,NA,13.8345326190785,25.0047269706118
2039-07-12 12:00:00,2039,7,12,NA,10.8549934140526,28.2904618133128
2039-07-13 12:00:00,2039,7,13,NA,15.1253705839914,24.5390709074728
2039-07-14 12:00:00,2039,7,14,NA,15.82052566338,30.8784013597946
2039-07-15 12:00:00,2039,7,15,NA,17.7404221033719,32.6857078359418
2039-07-16 12:00:00,2039,7,16,NA,20.2798163047696,30.0717583669731
2039-07-17 12:00:00,2039,7,17,NA,17.8286642881092,32.5144966312525
2039-07-18 12:00:00,2039,7,18,NA,12.6430830902962,26.1898793946113
2039-07-19 12:00:00,2039,7,19,NA,12.7874197891001,25.547451234186
2039-07-20 12:00:00,2039,7,20,NA,10.7833509959922,25.1234978366361
2039-07-21 12:00:00,2039,7,21,NA,17.5331865297636,31.8733333704075
2039-07-22 12:00:00,2039,7,22,NA,18.2995643719879,24.904487358223
2039-07-23 12:00:00,2039,7,23,NA,18.5557037568132,28.4027364144349
2039-07-24 12:00:00,2039,7,24,NA,19.1415339656768,28.9885666232984
2039-07-25 12:00:00,2039,7,25,NA,18.0947935029507,29.9901636062779
2039-07-26 12:00:00,2039,7,26,NA,19.8709037542132,31.1586365913157
2039-07-27 12:00:00,2039,7,27,NA,20.7822576048726,30.8293991396149
2039-07-28 12:00:00,2039,7,28,NA,15.9473284936506,29.1352128612216
2039-07-29 12:00:00,2039,7,29,NA,16.1894639970175,30.1710260863568
2039-07-30 12:00:00,2039,7,30,NA,19.8291560918146,27.5049032261617
2039-07-31 12:00:00,2039,7,31,NA,16.7994719218635,29.2382091138435
2039-08-01 12:00:00,2039,8,1,NA,17.6952430784147,32.8426616217883
2039-08-02 12:00:00,2039,8,2,NA,19.0803335687198,30.1250249381104
2039-08-03 12:00:00,2039,8,3,NA,18.7856840274976,29.5473215981
2039-08-04 12:00:00,2039,8,4,NA,18.1848272360985,27.500121461996
2039-08-05 12:00:00,2039,8,5,NA,15.6946328690308,34.933612972404
2039-08-06 12:00:00,2039,8,6,NA,16.7556142874629,33.880953363607
2039-08-07 12:00:00,2039,8,7,NA,14.4630303252117,32.8590388961712
2039-08-08 12:00:00,2039,8,8,NA,16.2704050850082,30.006676928112
2039-08-09 12:00:00,2039,8,9,NA,16.8455787195445,29.9761287534202
2039-08-10 12:00:00,2039,8,10,NA,21.3687572164156,27.8705739819986
2039-08-11 12:00:00,2039,8,11,NA,16.7344560396252,25.8889240448787
2039-08-12 12:00:00,2039,8,12,NA,16.6560336817575,27.6415214295981
2039-08-13 12:00:00,2039,8,13,NA,15.3046557361323,26.7897060173801
2039-08-14 12:00:00,2039,8,14,NA,16.4589866074168,25.6453687269141
2039-08-15 12:00:00,2039,8,15,NA,16.1094063053616,24.5487878778178
2039-08-16 12:00:00,2039,8,16,NA,13.9182864943329,23.9073999433289
2039-08-17 12:00:00,2039,8,17,NA,10.5768895438772,22.7617214651206
2039-08-18 12:00:00,2039,8,18,NA,14.5619170378674,16.6095653605745
2039-08-19 12:00:00,2039,8,19,NA,12.1942272880736,19.4891831160596
2039-08-20 12:00:00,2039,8,20,NA,14.3999180142611,17.1039187261636
2039-08-21 12:00:00,2039,8,21,NA,11.2906445541442,18.0404519564119
2039-08-22 12:00:00,2039,8,22,NA,15.0865733714157,22.2753874465782
2039-08-23 12:00:00,2039,8,23,NA,15.3145875622764,25.4827950983579
2039-08-24 12:00:00,2039,8,24,NA,21.5222068815679,30.5713400530297
2039-08-25 12:00:00,2039,8,25,NA,19.6837268938792,25.1163991306785
2039-08-26 12:00:00,2039,8,26,NA,18.6639161117241,24.0514489096094
2039-08-27 12:00:00,2039,8,27,NA,14.1595634768796,23.3000342715179
2039-08-28 12:00:00,2039,8,28,NA,12.02729390505,25.7794508039969
2039-08-29 12:00:00,2039,8,29,NA,15.6503175605324,24.8967086803065
2039-08-30 12:00:00,2039,8,30,NA,16.8086117004872,30.2970094978811
2039-08-31 12:00:00,2039,8,31,NA,14.9176660980954,26.2240447045405
2039-09-01 12:00:00,2039,9,1,NA,14.5678781211187,27.5841799510995
2039-09-02 12:00:00,2039,9,2,NA,13.0065824334739,28.8361561041076
2039-09-03 12:00:00,2039,9,3,NA,14.2993733387662,24.2484488777808
2039-09-04 12:00:00,2039,9,4,NA,10.4520801769565,25.5411253084335
2039-09-05 12:00:00,2039,9,5,NA,14.9186630987232,27.3632881277237
2039-09-06 12:00:00,2039,9,6,NA,15.9283790173728,31.5298704530733
2039-09-07 12:00:00,2039,9,7,NA,16.9182562697952,30.2151626584098
2039-09-08 12:00:00,2039,9,8,NA,16.653464634342,23.0996599788618
2039-09-09 12:00:00,2039,9,9,NA,14.3083221157698,23.4176127778076
2039-09-10 12:00:00,2039,9,10,NA,16.7568568057575,23.5857286659756
2039-09-11 12:00:00,2039,9,11,NA,17.9007234049821,25.8413034507285
2039-09-12 12:00:00,2039,9,12,NA,20.68263661358,24.5846194672239
2039-09-13 12:00:00,2039,9,13,NA,12.2523427879053,27.3180786712229
2039-09-14 12:00:00,2039,9,14,NA,12.9036832975206,22.9273397506742
2039-09-15 12:00:00,2039,9,15,NA,10.2220405931982,24.6664189729601
2039-09-16 12:00:00,2039,9,16,NA,15.2984209679211,25.3141780293096
2039-09-17 12:00:00,2039,9,17,NA,15.2056440368486,25.2214010982371
2039-09-18 12:00:00,2039,9,18,NA,14.7015771075997,24.5665466582594
2039-09-19 12:00:00,2039,9,19,NA,13.5496844911316,21.550184630536
2039-09-20 12:00:00,2039,9,20,NA,13.1027782252792,21.0433582710255
2039-09-21 12:00:00,2039,9,21,NA,11.9654567458198,25.4020179111813
2039-09-22 12:00:00,2039,9,22,NA,15.3268473510552,25.0797997108727
2039-09-23 12:00:00,2039,9,23,NA,15.1860068189384,25.2398418557581
2039-09-24 12:00:00,2039,9,24,NA,17.9974738204092,26.5961521697481
2039-09-25 12:00:00,2039,9,25,NA,18.760720018908,31.3845145849638
2039-09-26 12:00:00,2039,9,26,NA,14.6568122781004,22.3861067560012
2039-09-27 12:00:00,2039,9,27,NA,15.7387918983623,18.1314884720611
2039-09-28 12:00:00,2039,9,28,NA,15.5042826463382,20.4410432467727
2039-09-29 12:00:00,2039,9,29,NA,11.4760829604095,21.045836701254
2039-09-30 12:00:00,2039,9,30,NA,11.037281022325,17.6911286274011
2039-10-01 12:00:00,2039,10,1,NA,13.7288289174564,19.5886871046503
2039-10-02 12:00:00,2039,10,2,NA,12.2501510199172,18.6974833134381
2039-10-03 12:00:00,2039,10,3,NA,9.96702970653211,18.616662602236
2039-10-04 12:00:00,2039,10,4,NA,9.43738367558544,19.1780243328378
2039-10-05 12:00:00,2039,10,5,NA,6.97952955224905,23.4759812395239
2039-10-06 12:00:00,2039,10,6,NA,10.8810519337084,22.3478765209147
2039-10-07 12:00:00,2039,10,7,NA,7.01277151648186,19.8908810041139
2039-10-08 12:00:00,2039,10,8,NA,5.10709165616363,14.9219266695565
2039-10-09 12:00:00,2039,10,9,NA,4.46357297617057,14.0516568041274
2039-10-10 12:00:00,2039,10,10,NA,10.7179597519609,16.1306998854706
2039-10-11 12:00:00,2039,10,11,NA,8.10996809332696,15.5625405583735
2039-10-12 12:00:00,2039,10,12,NA,7.36272378364505,15.9937576361345
2039-10-13 12:00:00,2039,10,13,NA,8.39325882185891,10.8372149004726
2039-10-14 12:00:00,2039,10,14,NA,5.01598765242929,10.3559310104427
2039-10-15 12:00:00,2039,10,15,NA,0.754000992370611,10.5299728881431
2039-10-16 12:00:00,2039,10,16,NA,-0.611467547782541,9.69633815809459
2039-10-17 12:00:00,2039,10,17,NA,1.91312109794266,11.4040533327114
2039-10-18 12:00:00,2039,10,18,NA,2.63828910636247,12.3622687876901
2039-10-19 12:00:00,2039,10,19,NA,0.737919852077591,13.1514457133526
2039-10-20 12:00:00,2039,10,20,NA,7.16467898131573,14.6172514463623
2039-10-21 12:00:00,2039,10,21,NA,13.2990498272476,24.7030023751461
2039-10-22 12:00:00,2039,10,22,NA,13.1635949769862,25.3102026815185
2039-10-23 12:00:00,2039,10,23,NA,11.3159726927466,20.0923918927823
2039-10-24 12:00:00,2039,10,24,NA,13.2885667717456,19.4335474254307
2039-10-25 12:00:00,2039,10,25,NA,11.642702529732,19.1547780033642
2039-10-26 12:00:00,2039,10,26,NA,10.3852224936897,17.7453086001859
2039-10-27 12:00:00,2039,10,27,NA,9.47171612955203,19.139029842729
2039-10-28 12:00:00,2039,10,28,NA,6.2267402415502,16.2819882724646
2039-10-29 12:00:00,2039,10,29,NA,5.55882661640326,14.2233457134276
2039-10-30 12:00:00,2039,10,30,NA,7.28276117767791,12.6370327928477
2039-10-31 12:00:00,2039,10,31,NA,5.97263235987629,16.1516511901521
2039-11-01 12:00:00,2039,11,1,NA,4.62765878944991,15.3014886585429
2039-11-02 12:00:00,2039,11,2,NA,4.57548126600868,14.6307292969231
2039-11-03 12:00:00,2039,11,3,NA,8.82504550921741,13.1371446535901
2039-11-04 12:00:00,2039,11,4,NA,6.93361641880891,13.9954832522827
2039-11-05 12:00:00,2039,11,5,NA,6.40544877603025,19.137308407615
2039-11-06 12:00:00,2039,11,6,NA,6.48235560668466,16.6614763229351
2039-11-07 12:00:00,2039,11,7,NA,7.69799819726893,12.625777197341
2039-11-08 12:00:00,2039,11,8,NA,6.51379929341053,19.572748055807
2039-11-09 12:00:00,2039,11,9,NA,9.83751680432538,18.9378569581646
2039-11-10 12:00:00,2039,11,10,NA,6.97097770847645,15.3608602201867
2039-11-11 12:00:00,2039,11,11,NA,8.88105114933681,14.5880365195888
2039-11-12 12:00:00,2039,11,12,NA,8.46773738364219,14.2025357290824
2039-11-13 12:00:00,2039,11,13,NA,8.77031705240981,12.9060650492499
2039-11-14 12:00:00,2039,11,14,NA,12.1128065956842,14.9741807027107
2039-11-15 12:00:00,2039,11,15,NA,10.5592328617305,14.2885813632209
2039-11-16 12:00:00,2039,11,16,NA,11.4431363067803,16.0955019217128
2039-11-17 12:00:00,2039,11,17,NA,9.05112669097705,13.7249425820053
2039-11-18 12:00:00,2039,11,18,NA,9.66573558654727,13.4109343723319
2039-11-19 12:00:00,2039,11,19,NA,7.54488047157083,15.0042980263987
2039-11-20 12:00:00,2039,11,20,NA,5.78057874822046,11.8008372470965
2039-11-21 12:00:00,2039,11,21,NA,4.89825548431009,9.89978381517821
2039-11-22 12:00:00,2039,11,22,NA,5.72478054647991,15.7725389943978
2039-11-23 12:00:00,2039,11,23,NA,3.25639146325722,12.8876950573539
2039-11-24 12:00:00,2039,11,24,NA,6.49864603769976,13.9422259223325
2039-11-25 12:00:00,2039,11,25,NA,5.86292038012966,11.5049413439143
2039-11-26 12:00:00,2039,11,26,NA,6.1878949892471,12.832107476492
2039-11-27 12:00:00,2039,11,27,NA,6.51085149324995,8.3919579449629
2039-11-28 12:00:00,2039,11,28,NA,7.91503823838042,10.7236915422274
2039-11-29 12:00:00,2039,11,29,NA,2.92448428589278,8.7183280739744
2039-11-30 12:00:00,2039,11,30,NA,4.65811051042386,6.59295226068089
2039-12-01 12:00:00,2039,12,1,NA,5.49675512844517,9.4488932435099
2039-12-02 12:00:00,2039,12,2,NA,5.06426970044537,9.78453292183034
2039-12-03 12:00:00,2039,12,3,NA,6.19962912031582,12.535989166694
2039-12-04 12:00:00,2039,12,4,NA,5.18879811604805,15.4568657760255
2039-12-05 12:00:00,2039,12,5,NA,8.88380204650502,14.9627647031805
2039-12-06 12:00:00,2039,12,6,NA,5.06126382948683,10.5504828765968
2039-12-07 12:00:00,2039,12,7,NA,-1.00648073512991,6.41655138996728
2039-12-08 12:00:00,2039,12,8,NA,5.08832491636191,12.7542125864441
2039-12-09 12:00:00,2039,12,9,NA,7.35322617191544,15.0617137174134
2039-12-10 12:00:00,2039,12,10,NA,6.11783672398339,14.1157710960419
2039-12-11 12:00:00,2039,12,11,NA,3.02385707040185,7.98058469153709
2039-12-12 12:00:00,2039,12,12,NA,0.787248709378927,7.87619132698951
2039-12-13 12:00:00,2039,12,13,NA,-1.63369497371672,6.23184261395373
2039-12-14 12:00:00,2039,12,14,NA,0.0273246040445487,8.17710901098314
2039-12-15 12:00:00,2039,12,15,NA,1.48979691300349,8.34249303279999
2039-12-16 12:00:00,2039,12,16,NA,-2.66466436883878,5.33327000321974
2039-12-17 12:00:00,2039,12,17,NA,0.838937506785652,6.8543607906715
2039-12-18 12:00:00,2039,12,18,NA,6.68672297757017,14.3831928828794
2039-12-19 12:00:00,2039,12,19,NA,1.06333697357333,5.95959551940216
2039-12-20 12:00:00,2039,12,20,NA,4.30507416282011,7.24819219538668
2039-12-21 12:00:00,2039,12,21,NA,1.47455390487863,5.19473794865554
2039-12-22 12:00:00,2039,12,22,NA,5.35181856483058,12.4821738345319
2039-12-23 12:00:00,2039,12,23,NA,7.08898635712133,12.2957063283996
2039-12-24 12:00:00,2039,12,24,NA,7.22350861320361,13.3385013381456
2039-12-25 12:00:00,2039,12,25,NA,5.64015800899412,8.76645363036649
2039-12-26 12:00:00,2039,12,26,NA,2.76650550629979,5.82326018940636
2039-12-27 12:00:00,2039,12,27,NA,-1.10023959632417,7.02569999806313
2039-12-28 12:00:00,2039,12,28,NA,1.60218320707814,10.1946536925144
2039-12-29 12:00:00,2039,12,29,NA,-2.39367787043827,5.23360646026756
2039-12-30 12:00:00,2039,12,30,NA,-0.244384737504446,5.87233406792529
2039-12-31 12:00:00,2039,12,31,NA,4.67577770165127,8.69475474139269
2040-01-01 12:00:00,2040,1,1,NA,4.5557017567441,8.81613841197916
2040-01-02 12:00:00,2040,1,2,NA,3.6474544171117,11.3133420871939
2040-01-03 12:00:00,2040,1,3,NA,7.19293503167397,11.3908008052059
2040-01-04 12:00:00,2040,1,4,NA,8.13977821907654,14.409737423467
2040-01-05 12:00:00,2040,1,5,NA,9.03951384372032,15.4784678818616
2040-01-06 12:00:00,2040,1,6,NA,6.31540817148389,10.6647714796842
2040-01-07 12:00:00,2040,1,7,NA,6.16923366895462,13.2485957574002
2040-01-08 12:00:00,2040,1,8,NA,1.23013194266864,12.231282338329
2040-01-09 12:00:00,2040,1,9,NA,3.41538564416819,13.3595101026344
2040-01-10 12:00:00,2040,1,10,NA,5.38196420609167,13.8568601826308
2040-01-11 12:00:00,2040,1,11,NA,8.27940361329549,11.715841242654
2040-01-12 12:00:00,2040,1,12,NA,4.83041519809614,9.73742224203369
2040-01-13 12:00:00,2040,1,13,NA,5.84615892035889,10.2195440319284
2040-01-14 12:00:00,2040,1,14,NA,6.54340619506052,11.9516226535044
2040-01-15 12:00:00,2040,1,15,NA,7.98028565684072,13.0547307047725
2040-01-16 12:00:00,2040,1,16,NA,6.71396846027541,9.8210075338229
2040-01-17 12:00:00,2040,1,17,NA,4.03254440361152,6.74330176784789
2040-01-18 12:00:00,2040,1,18,NA,2.17238955548643,5.8794175649304
2040-01-19 12:00:00,2040,1,19,NA,-2.1695241530025,5.88986680877825
2040-01-20 12:00:00,2040,1,20,NA,-1.6801543976695,9.77300151701978
2040-01-21 12:00:00,2040,1,21,NA,-2.50994529282475,7.1888947562338
2040-01-22 12:00:00,2040,1,22,NA,-3.24617029269838,0.855820962645539
2040-01-23 12:00:00,2040,1,23,NA,1.27660712140469,6.53029593211626
2040-01-24 12:00:00,2040,1,24,NA,3.25059698152849,7.07764817029034
2040-01-25 12:00:00,2040,1,25,NA,-0.634779010834407,3.92291909097755
2040-01-26 12:00:00,2040,1,26,NA,-0.874568962067297,4.14714896280928
2040-01-27 12:00:00,2040,1,27,NA,-0.270245299548812,5.540153749778
2040-01-28 12:00:00,2040,1,28,NA,-0.207118697005805,3.18713296997115
2040-01-29 12:00:00,2040,1,29,NA,3.53791894178059,8.49203118698102
2040-01-30 12:00:00,2040,1,30,NA,4.81406746845718,9.74643949162076
2040-01-31 12:00:00,2040,1,31,NA,2.71318701697348,9.76594260693916
2040-02-01 12:00:00,2040,2,1,NA,3.83275442468771,6.96380480765375
2040-02-02 12:00:00,2040,2,2,NA,4.74776480914476,8.94177305336108
2040-02-03 12:00:00,2040,2,3,NA,1.35004833432385,4.06932415702075
2040-02-04 12:00:00,2040,2,4,NA,1.87436957798294,6.98054052855634
2040-02-05 12:00:00,2040,2,5,NA,4.91151599265298,7.33025040659785
2040-02-06 12:00:00,2040,2,6,NA,9.69319288681397,16.2023804692741
2040-02-07 12:00:00,2040,2,7,NA,9.27484696406447,12.418540716073
2040-02-08 12:00:00,2040,2,8,NA,9.55921388010713,15.7986250016389
2040-02-09 12:00:00,2040,2,9,NA,10.2389175643426,15.4507103004564
2040-02-10 12:00:00,2040,2,10,NA,10.0503194872889,14.4500041488751
2040-02-11 12:00:00,2040,2,11,NA,12.7049714100645,16.1107030974622
2040-02-12 12:00:00,2040,2,12,NA,11.3034785826606,15.5329872796533
2040-02-13 12:00:00,2040,2,13,NA,10.109765924799,17.1542793982941
2040-02-14 12:00:00,2040,2,14,NA,7.08019718285421,11.9396919159649
2040-02-15 12:00:00,2040,2,15,NA,6.89376696722263,15.3776105332082
2040-02-16 12:00:00,2040,2,16,NA,7.02328795673365,14.407293105749
2040-02-17 12:00:00,2040,2,17,NA,10.0254691089577,18.9825764899486
2040-02-18 12:00:00,2040,2,18,NA,12.168526063397,18.1330978445458
2040-02-19 12:00:00,2040,2,19,NA,12.321382685139,14.6405233741475
2040-02-20 12:00:00,2040,2,20,NA,8.15062136732376,10.120328456576
2040-02-21 12:00:00,2040,2,21,NA,8.39648945851532,11.6974186427787
2040-02-22 12:00:00,2040,2,22,NA,8.11128511665871,12.0636641714137
2040-02-23 12:00:00,2040,2,23,NA,9.32486098611697,16.1738643983961
2040-02-24 12:00:00,2040,2,24,NA,6.65514206960662,20.7170281049055
2040-02-25 12:00:00,2040,2,25,NA,3.86376661176917,14.4289447319993
2040-02-26 12:00:00,2040,2,26,NA,6.98189915719235,13.6034804254505
2040-02-27 12:00:00,2040,2,27,NA,8.90454056385121,13.8454434032521
2040-02-28 12:00:00,2040,2,28,NA,8.76426734955676,11.1876884690833
2040-02-29 12:00:00,2040,2,29,NA,9.84650843171004,14.6754207668862
2040-03-01 12:00:00,2040,3,1,NA,9.61883357913283,11.2347740962565
2040-03-02 12:00:00,2040,3,2,NA,9.39025776942967,10.5874396661799
2040-03-03 12:00:00,2040,3,3,NA,7.99943269105426,10.5292076242356
2040-03-04 12:00:00,2040,3,4,NA,4.84112515575045,10.3856681227731
2040-03-05 12:00:00,2040,3,5,NA,4.64862857384785,10.9581814690654
2040-03-06 12:00:00,2040,3,6,NA,4.98974600371435,9.16551891420761
2040-03-07 12:00:00,2040,3,7,NA,3.25605539702498,7.5232159015632
2040-03-08 12:00:00,2040,3,8,NA,5.00493497130282,15.1925562396906
2040-03-09 12:00:00,2040,3,9,NA,3.44614273313318,16.7119238282092
2040-03-10 12:00:00,2040,3,10,NA,4.37849360150786,16.4559427856599
2040-03-11 12:00:00,2040,3,11,NA,3.60077161979047,11.0578133244969
2040-03-12 12:00:00,2040,3,12,NA,6.45336359549307,10.7205241000313
2040-03-13 12:00:00,2040,3,13,NA,5.77783709731036,8.45269100370251
2040-03-14 12:00:00,2040,3,14,NA,6.11922397216235,8.0739838928505
2040-03-15 12:00:00,2040,3,15,NA,6.54775928531063,10.8253527295901
2040-03-16 12:00:00,2040,3,16,NA,9.65093995256395,12.6454717042091
2040-03-17 12:00:00,2040,3,17,NA,8.78254754486779,13.9862849998103
2040-03-18 12:00:00,2040,3,18,NA,8.15162707730012,12.4803870875126
2040-03-19 12:00:00,2040,3,19,NA,6.71735765054606,7.11352546741591
2040-03-20 12:00:00,2040,3,20,NA,2.48251693873819,6.13590104917523
2040-03-21 12:00:00,2040,3,21,NA,2.33290855637778,5.96623789817784
2040-03-22 12:00:00,2040,3,22,NA,5.2346506820775,7.06619244939253
2040-03-23 12:00:00,2040,3,23,NA,3.34311648745454,5.55533828112772
2040-03-24 12:00:00,2040,3,24,NA,4.47199202850178,10.4733479273933
2040-03-25 12:00:00,2040,3,25,NA,-0.74480692522176,13.2208100506771
2040-03-26 12:00:00,2040,3,26,NA,-3.18321471629973,13.7176591164274
2040-03-27 12:00:00,2040,3,27,NA,6.88073869863475,17.2081324559371
2040-03-28 12:00:00,2040,3,28,NA,9.80020146394653,22.6926041605296
2040-03-29 12:00:00,2040,3,29,NA,5.61746807390174,19.8575526594077
2040-03-30 12:00:00,2040,3,30,NA,5.92408900320422,18.926142196743
2040-03-31 12:00:00,2040,3,31,NA,6.58588352687702,10.525206101848
2040-04-01 12:00:00,2040,4,1,NA,7.44499804263975,11.9656204351997
2040-04-02 12:00:00,2040,4,2,NA,6.96396873613606,11.4467545567319
2040-04-03 12:00:00,2040,4,3,NA,4.55830424529637,11.9665643789714
2040-04-04 12:00:00,2040,4,4,NA,4.20565174803973,17.4315532421259
2040-04-05 12:00:00,2040,4,5,NA,6.2058912124945,19.5885772926944
2040-04-06 12:00:00,2040,4,6,NA,5.06107562644444,12.1828062748963
2040-04-07 12:00:00,2040,4,7,NA,4.35730509254176,8.8154711448928
2040-04-08 12:00:00,2040,4,8,NA,2.09520918623402,8.22905500740615
2040-04-09 12:00:00,2040,4,9,NA,4.30205609942373,9.02610790300916
2040-04-10 12:00:00,2040,4,10,NA,4.93868364413625,7.99071540575466
2040-04-11 12:00:00,2040,4,11,NA,4.80672930068611,10.6567613558789
2040-04-12 12:00:00,2040,4,12,NA,1.20578391809877,21.0452128990599
2040-04-13 12:00:00,2040,4,13,NA,8.71365131177053,14.7795842143977
2040-04-14 12:00:00,2040,4,14,NA,7.45061312322117,13.749401402199
2040-04-15 12:00:00,2040,4,15,NA,8.15889877251887,24.0582296125852
2040-04-16 12:00:00,2040,4,16,NA,9.01415499211965,19.8481362192281
2040-04-17 12:00:00,2040,4,17,NA,6.22880992157095,17.3893353050641
2040-04-18 12:00:00,2040,4,18,NA,7.7367082122863,18.9427766852583
2040-04-19 12:00:00,2040,4,19,NA,14.1735251509291,19.357850896664
2040-04-20 12:00:00,2040,4,20,NA,6.95121721193349,15.9920609767209
2040-04-21 12:00:00,2040,4,21,NA,4.42425493858161,17.1304922867039
2040-04-22 12:00:00,2040,4,22,NA,3.47380096622671,15.1057627034325
2040-04-23 12:00:00,2040,4,23,NA,5.13970275024225,16.3457712232142
2040-04-24 12:00:00,2040,4,24,NA,11.3583322919983,15.8164983443493
2040-04-25 12:00:00,2040,4,25,NA,8.2395621823287,17.1095179628899
2040-04-26 12:00:00,2040,4,26,NA,9.11938829226182,16.081834361808
2040-04-27 12:00:00,2040,4,27,NA,5.07225782584875,15.9062390529572
2040-04-28 12:00:00,2040,4,28,NA,4.3516083888638,12.7414122579941
2040-04-29 12:00:00,2040,4,29,NA,1.63606334343439,15.3846497822217
2040-04-30 12:00:00,2040,4,30,NA,1.97480195445123,17.245661763128
2040-05-01 12:00:00,2040,5,1,NA,7.90016344386929,13.0564801809989
2040-05-02 12:00:00,2040,5,2,NA,5.91079062160592,13.3020171936639
2040-05-03 12:00:00,2040,5,3,NA,5.77037032505994,13.6011721662053
2040-05-04 12:00:00,2040,5,4,NA,4.30469328174003,17.9384965331113
2040-05-05 12:00:00,2040,5,5,NA,3.70110982489011,21.4823273895217
2040-05-06 12:00:00,2040,5,6,NA,7.10014306474742,21.6003579799677
2040-05-07 12:00:00,2040,5,7,NA,0.218502470886511,16.938053435418
2040-05-08 12:00:00,2040,5,8,NA,6.4595387595402,19.070619410196
2040-05-09 12:00:00,2040,5,9,NA,3.66530345082777,15.4540881792533
2040-05-10 12:00:00,2040,5,10,NA,2.04788270688001,19.6689938105047
2040-05-11 12:00:00,2040,5,11,NA,3.48166775097561,18.2885524399586
2040-05-12 12:00:00,2040,5,12,NA,6.67902845496892,19.5258438274413
2040-05-13 12:00:00,2040,5,13,NA,3.22838171119067,24.3277218257847
2040-05-14 12:00:00,2040,5,14,NA,6.09733280532337,27.7279466456937
2040-05-15 12:00:00,2040,5,15,NA,7.64363247774972,30.6997683983682
2040-05-16 12:00:00,2040,5,16,NA,9.2683775694759,29.411829627842
2040-05-17 12:00:00,2040,5,17,NA,5.74090195351154,23.3620130571362
2040-05-18 12:00:00,2040,5,18,NA,5.18328097798696,17.7943616286428
2040-05-19 12:00:00,2040,5,19,NA,5.94543165982099,20.768953859199
2040-05-20 12:00:00,2040,5,20,NA,5.69370502678769,21.2489562560523
2040-05-21 12:00:00,2040,5,21,NA,10.0844624408953,19.8449788325299
2040-05-22 12:00:00,2040,5,22,NA,6.90595172220563,26.6179337973665
2040-05-23 12:00:00,2040,5,23,NA,4.19141263321398,24.7034413178567
2040-05-24 12:00:00,2040,5,24,NA,6.72880796293713,24.1777289075323
2040-05-25 12:00:00,2040,5,25,NA,12.5179584119736,18.4606529501344
2040-05-26 12:00:00,2040,5,26,NA,12.3369823232047,21.1125262742398
2040-05-27 12:00:00,2040,5,27,NA,13.6814459764773,25.4424692389199
2040-05-28 12:00:00,2040,5,28,NA,6.15876037736091,20.8012249026853
2040-05-29 12:00:00,2040,5,29,NA,5.69514837415854,20.225543899302
2040-05-30 12:00:00,2040,5,30,NA,10.4949443880416,18.6254915446049
2040-05-31 12:00:00,2040,5,31,NA,5.5016113691711,22.0785023282151
2040-06-01 12:00:00,2040,6,1,NA,5.52742613030394,23.395338985932
2040-06-02 12:00:00,2040,6,2,NA,8.17474885142161,24.8942998159531
2040-06-03 12:00:00,2040,6,3,NA,3.21153456306441,23.9933201914282
2040-06-04 12:00:00,2040,6,4,NA,8.65568461519428,24.1461987942803
2040-06-05 12:00:00,2040,6,5,NA,8.02835674156435,24.7199639260281
2040-06-06 12:00:00,2040,6,6,NA,10.5504755959899,23.1517506352874
2040-06-07 12:00:00,2040,6,7,NA,12.7930414073779,27.2078974282083
2040-06-08 12:00:00,2040,6,8,NA,12.898276561284,27.8758050872601
2040-06-09 12:00:00,2040,6,9,NA,14.631678746105,20.9407290703933
2040-06-10 12:00:00,2040,6,10,NA,13.9617117821857,20.160802268424
2040-06-11 12:00:00,2040,6,11,NA,13.7186313675708,25.959305075787
2040-06-12 12:00:00,2040,6,12,NA,13.2179524393579,23.7317038455399
2040-06-13 12:00:00,2040,6,13,NA,11.7618203895244,21.9188663330609
2040-06-14 12:00:00,2040,6,14,NA,14.8391862766117,20.6932699830311
2040-06-15 12:00:00,2040,6,15,NA,13.4194189645132,23.2299771454152
2040-06-16 12:00:00,2040,6,16,NA,14.4607267467286,28.8634346501733
2040-06-17 12:00:00,2040,6,17,NA,12.6821118167207,27.810010736152
2040-06-18 12:00:00,2040,6,18,NA,13.7516519601931,25.2591978893695
2040-06-19 12:00:00,2040,6,19,NA,18.0520242006838,32.4662069616533
2040-06-20 12:00:00,2040,6,20,NA,17.2975165459121,29.1786892331701
2040-06-21 12:00:00,2040,6,21,NA,14.0834914356811,27.0931581974685
2040-06-22 12:00:00,2040,6,22,NA,15.9302326501734,25.0990773354061
2040-06-23 12:00:00,2040,6,23,NA,16.5688229389333,28.8094966471496
2040-06-24 12:00:00,2040,6,24,NA,13.2879295832109,29.8761240762636
2040-06-25 12:00:00,2040,6,25,NA,17.5946742078884,33.0739485362681
2040-06-26 12:00:00,2040,6,26,NA,18.7279265980465,35.1342969796302
2040-06-27 12:00:00,2040,6,27,NA,18.9664768763416,26.8779503342538
2040-06-28 12:00:00,2040,6,28,NA,20.4185331200467,25.8726385689293
2040-06-29 12:00:00,2040,6,29,NA,14.8313821657514,26.1864434762443
2040-06-30 12:00:00,2040,6,30,NA,13.4636251709188,28.5197502792806
2040-07-01 12:00:00,2040,7,1,NA,10.8270455300047,27.3407683861699
2040-07-02 12:00:00,2040,7,2,NA,14.0521856829057,24.1390435927264
2040-07-03 12:00:00,2040,7,3,NA,10.960221615052,22.6877917707405
2040-07-04 12:00:00,2040,7,4,NA,9.879355139109,25.1131476465882
2040-07-05 12:00:00,2040,7,5,NA,19.4644562710917,32.2605710183175
2040-07-06 12:00:00,2040,7,6,NA,18.3653077811107,31.8999849863721
2040-07-07 12:00:00,2040,7,7,NA,19.618997596806,34.0308717123101
2040-07-08 12:00:00,2040,7,8,NA,22.6652909154485,41.9337792937554
2040-07-09 12:00:00,2040,7,9,NA,20.6392320260462,35.6562804274932
2040-07-10 12:00:00,2040,7,10,NA,17.5914363164492,31.9400123106902
2040-07-11 12:00:00,2040,7,11,NA,15.5063824119045,25.4362628819097
2040-07-12 12:00:00,2040,7,12,NA,16.2117603375766,24.0534200708861
2040-07-13 12:00:00,2040,7,13,NA,15.4525477588641,24.3379644776653
2040-07-14 12:00:00,2040,7,14,NA,13.1442211327617,26.031937326182
2040-07-15 12:00:00,2040,7,15,NA,15.1148737996016,26.2381027971477
2040-07-16 12:00:00,2040,7,16,NA,14.0615393815328,26.1985877925566
2040-07-17 12:00:00,2040,7,17,NA,10.3026771559571,27.2950893804274
2040-07-18 12:00:00,2040,7,18,NA,12.5619776001888,25.4185064254498
2040-07-19 12:00:00,2040,7,19,NA,13.6563362241356,26.4437060572823
2040-07-20 12:00:00,2040,7,20,NA,15.9825067842537,29.4219458909601
2040-07-21 12:00:00,2040,7,21,NA,17.1172750975563,28.2405040951024
2040-07-22 12:00:00,2040,7,22,NA,14.1535733541728,27.3006955345368
2040-07-23 12:00:00,2040,7,23,NA,9.09093351273128,25.0543148271799
2040-07-24 12:00:00,2040,7,24,NA,12.2050908231185,24.0701805834717
2040-07-25 12:00:00,2040,7,25,NA,10.5973620421729,23.0360992341529
2040-07-26 12:00:00,2040,7,26,NA,6.95662999234096,23.0654230679972
2040-07-27 12:00:00,2040,7,27,NA,5.1824741688467,23.6940467257546
2040-07-28 12:00:00,2040,7,28,NA,8.99072307023224,24.7634075247892
2040-07-29 12:00:00,2040,7,29,NA,8.49847816156793,27.2968989512722
2040-07-30 12:00:00,2040,7,30,NA,10.9785904783387,29.074387415277
2040-07-31 12:00:00,2040,7,31,NA,19.4365796478522,29.5604456870044
2040-08-01 12:00:00,2040,8,1,NA,16.5443462701297,29.041957019036
2040-08-02 12:00:00,2040,8,2,NA,19.8337098912469,28.229232701257
2040-08-03 12:00:00,2040,8,3,NA,17.3743272051591,25.5173288639202
2040-08-04 12:00:00,2040,8,4,NA,16.4485234268803,26.6352368831044
2040-08-05 12:00:00,2040,8,5,NA,16.3748787028807,27.8202763340263
2040-08-06 12:00:00,2040,8,6,NA,17.4194646559017,22.9514912366828
2040-08-07 12:00:00,2040,8,7,NA,20.3567085690126,25.7664800378341
2040-08-08 12:00:00,2040,8,8,NA,18.3371615726673,26.5680657440148
2040-08-09 12:00:00,2040,8,9,NA,19.4107231100091,31.3163288072024
2040-08-10 12:00:00,2040,8,10,NA,22.0639799957058,29.080669117404
2040-08-11 12:00:00,2040,8,11,NA,22.057942064731,28.3453845788013
2040-08-12 12:00:00,2040,8,12,NA,19.1031905166177,28.0816650185764
2040-08-13 12:00:00,2040,8,13,NA,15.9479718158958,24.9317107591927
2040-08-14 12:00:00,2040,8,14,NA,13.3235299727057,24.3420645200557
2040-08-15 12:00:00,2040,8,15,NA,10.0341818109459,24.5800702621572
2040-08-16 12:00:00,2040,8,16,NA,13.5398280660881,19.4088904148098
2040-08-17 12:00:00,2040,8,17,NA,16.323373190515,21.7125224817949
2040-08-18 12:00:00,2040,8,18,NA,13.7682982197856,21.8809266147879
2040-08-19 12:00:00,2040,8,19,NA,12.1521413050219,20.3948221258738
2040-08-20 12:00:00,2040,8,20,NA,10.5094833300959,24.7232508714545
2040-08-21 12:00:00,2040,8,21,NA,11.6232931225944,20.7060109858673
2040-08-22 12:00:00,2040,8,22,NA,10.8686523091947,19.9314317920968
2040-08-23 12:00:00,2040,8,23,NA,14.154162510038,20.6507206506411
2040-08-24 12:00:00,2040,8,24,NA,13.639329885476,19.4550639802274
2040-08-25 12:00:00,2040,8,25,NA,8.99746429255155,21.8587439349004
2040-08-26 12:00:00,2040,8,26,NA,13.1230495982511,19.4124183572889
2040-08-27 12:00:00,2040,8,27,NA,11.7718739611409,21.6342346868726
2040-08-28 12:00:00,2040,8,28,NA,16.0061986345156,23.1779278960847
2040-08-29 12:00:00,2040,8,29,NA,15.4200696616978,25.6693174474827
2040-08-30 12:00:00,2040,8,30,NA,16.0609499281001,21.0558286828622
2040-08-31 12:00:00,2040,8,31,NA,14.0747408360698,20.3580063309015
2040-09-01 12:00:00,2040,9,1,NA,10.0074211606824,22.568565791588
2040-09-02 12:00:00,2040,9,2,NA,8.47221248320619,23.2638009672565
2040-09-03 12:00:00,2040,9,3,NA,5.76211787739091,20.1387624346001
2040-09-04 12:00:00,2040,9,4,NA,11.3729339579189,20.3276676665928
2040-09-05 12:00:00,2040,9,5,NA,12.4715359106305,21.7639610922103
2040-09-06 12:00:00,2040,9,6,NA,11.5858180260654,23.5887837940132
2040-09-07 12:00:00,2040,9,7,NA,10.9277358451399,24.3642970105014
2040-09-08 12:00:00,2040,9,8,NA,14.5833849690879,20.4432431562819
2040-09-09 12:00:00,2040,9,9,NA,13.6926461225275,22.5508318602939
2040-09-10 12:00:00,2040,9,10,NA,17.5228335947353,23.4124211868836
2040-09-11 12:00:00,2040,9,11,NA,16.5220772222238,20.2792557295754
2040-09-12 12:00:00,2040,9,12,NA,12.3349603471124,19.5697276351808
2040-09-13 12:00:00,2040,9,13,NA,8.7014416639873,20.632736915249
2040-09-14 12:00:00,2040,9,14,NA,9.58316126915798,21.2269228293731
2040-09-15 12:00:00,2040,9,15,NA,7.79756095537983,21.488068491633
2040-09-16 12:00:00,2040,9,16,NA,12.8532910132256,21.120503452728
2040-09-17 12:00:00,2040,9,17,NA,12.9543243541289,24.8856196053906
2040-09-18 12:00:00,2040,9,18,NA,12.7325705574209,21.1255832421624
2040-09-19 12:00:00,2040,9,19,NA,13.776990380232,22.0442028197344
2040-09-20 12:00:00,2040,9,20,NA,8.58710191631004,18.3267039188868
2040-09-21 12:00:00,2040,9,21,NA,10.6516629580821,15.9772300617392
2040-09-22 12:00:00,2040,9,22,NA,10.5908216678982,16.7936064600892
2040-09-23 12:00:00,2040,9,23,NA,9.94386719247269,18.1804843436326
2040-09-24 12:00:00,2040,9,24,NA,8.49512131669453,20.9677048335643
2040-09-25 12:00:00,2040,9,25,NA,6.57022506107785,20.0427517708812
2040-09-26 12:00:00,2040,9,26,NA,11.0612549455234,20.7150852298339
2040-09-27 12:00:00,2040,9,27,NA,14.0727129263239,19.8827439208598
2040-09-28 12:00:00,2040,9,28,NA,14.8122869662057,21.465727763471
2040-09-29 12:00:00,2040,9,29,NA,14.3927143021765,18.9090199068915
2040-09-30 12:00:00,2040,9,30,NA,13.8373151757343,20.4907559729996
2040-10-01 12:00:00,2040,10,1,NA,12.8561025257349,20.3203841770862
2040-10-02 12:00:00,2040,10,2,NA,13.1842986373875,22.9239006399642
2040-10-03 12:00:00,2040,10,3,NA,13.2436866524275,24.3210764289015
2040-10-04 12:00:00,2040,10,4,NA,14.6265918609613,25.8902806302373
2040-10-05 12:00:00,2040,10,5,NA,13.084818192484,23.4830218956111
2040-10-06 12:00:00,2040,10,6,NA,11.1874842963794,26.1726955966885
2040-10-07 12:00:00,2040,10,7,NA,15.5746110880578,26.5148139888629
2040-10-08 12:00:00,2040,10,8,NA,15.7852253358703,23.2377978009168
2040-10-09 12:00:00,2040,10,9,NA,16.7512856884949,23.1763097220947
2040-10-10 12:00:00,2040,10,10,NA,10.9580217404983,20.6067396597741
2040-10-11 12:00:00,2040,10,11,NA,12.4735153765805,20.8573123550304
2040-10-12 12:00:00,2040,10,12,NA,12.7824321337102,16.0053993772158
2040-10-13 12:00:00,2040,10,13,NA,11.1556954052909,15.5089768240806
2040-10-14 12:00:00,2040,10,14,NA,7.05872918311946,15.7921002990246
2040-10-15 12:00:00,2040,10,15,NA,4.66600348237173,14.4594105670136
2040-10-16 12:00:00,2040,10,16,NA,8.53292455941814,16.7989486141467
2040-10-17 12:00:00,2040,10,17,NA,11.9518976670924,16.2716329075923
2040-10-18 12:00:00,2040,10,18,NA,14.9252727453152,18.3359026389937
2040-10-19 12:00:00,2040,10,19,NA,13.0086505028328,18.0709345359147
2040-10-20 12:00:00,2040,10,20,NA,6.10467358129325,9.51530347497179
2040-10-21 12:00:00,2040,10,21,NA,7.71419447871133,15.3115191940414
2040-10-22 12:00:00,2040,10,22,NA,5.46600302728454,8.65364015198459
2040-10-23 12:00:00,2040,10,23,NA,-1.24732218980736,12.5401722238895
2040-10-24 12:00:00,2040,10,24,NA,1.38440437787276,14.1535360524752
2040-10-25 12:00:00,2040,10,25,NA,7.25200080315853,19.7783111299483
2040-10-26 12:00:00,2040,10,26,NA,11.8587371250329,16.2003730145144
2040-10-27 12:00:00,2040,10,27,NA,8.41601517509521,10.9888962463572
2040-10-28 12:00:00,2040,10,28,NA,7.47173277104626,12.7915372820529
2040-10-29 12:00:00,2040,10,29,NA,8.42748167982741,13.7207917538356
2040-10-30 12:00:00,2040,10,30,NA,7.03893937088,9.26028023738286
2040-10-31 12:00:00,2040,10,31,NA,10.2046392722316,13.8312091505582
2040-11-01 12:00:00,2040,11,1,NA,6.23529982554642,13.6421380658483
2040-11-02 12:00:00,2040,11,2,NA,5.11276773374982,15.4782902648945
2040-11-03 12:00:00,2040,11,3,NA,5.68982888064706,15.0726158362949
2040-11-04 12:00:00,2040,11,4,NA,9.7164464532687,11.4361029360097
2040-11-05 12:00:00,2040,11,5,NA,7.87114884391369,10.5561118363537
2040-11-06 12:00:00,2040,11,6,NA,8.33019896898863,10.2113054207016
2040-11-07 12:00:00,2040,11,7,NA,7.80614938794998,10.6021837166703
2040-11-08 12:00:00,2040,11,8,NA,8.14223557808706,18.5099485523772
2040-11-09 12:00:00,2040,11,9,NA,7.06247331771323,11.7590032848785
2040-11-10 12:00:00,2040,11,10,NA,9.38003702293333,11.4597027190287
2040-11-11 12:00:00,2040,11,11,NA,4.59409994972778,11.6675333152362
2040-11-12 12:00:00,2040,11,12,NA,6.42343907799023,14.0372732821653
2040-11-13 12:00:00,2040,11,13,NA,10.4705284474787,17.0229456616508
2040-11-14 12:00:00,2040,11,14,NA,8.11084073729675,14.7041560120385
2040-11-15 12:00:00,2040,11,15,NA,6.47043232739264,13.8640070824299
2040-11-16 12:00:00,2040,11,16,NA,8.26960991665676,11.2130910120599
2040-11-17 12:00:00,2040,11,17,NA,9.00577193196456,11.8032386733405
2040-11-18 12:00:00,2040,11,18,NA,7.28533587610078,14.8771455118953
2040-11-19 12:00:00,2040,11,19,NA,0.147451045909112,8.74580369198072
2040-11-20 12:00:00,2040,11,20,NA,1.30426018826887,7.83813884272268
2040-11-21 12:00:00,2040,11,21,NA,4.44767056122374,12.6543534482966
2040-11-22 12:00:00,2040,11,22,NA,10.2966122083369,17.192984066218
2040-11-23 12:00:00,2040,11,23,NA,7.8397164932252,16.9913531886275
2040-11-24 12:00:00,2040,11,24,NA,8.1942520583051,13.7779010734615
2040-11-25 12:00:00,2040,11,25,NA,7.54782183638679,12.6785135849569
2040-11-26 12:00:00,2040,11,26,NA,6.95293718737245,12.078338009498
2040-11-27 12:00:00,2040,11,27,NA,5.70764516518904,15.0546532833729
2040-11-28 12:00:00,2040,11,28,NA,2.89707523934575,12.2623466516349
2040-11-29 12:00:00,2040,11,29,NA,3.49819191205518,10.2967816809202
2040-11-30 12:00:00,2040,11,30,NA,3.82590712983472,11.3567760537928
2040-12-01 12:00:00,2040,12,1,NA,0.778944198949346,8.30295514310031
2040-12-02 12:00:00,2040,12,2,NA,2.31905808510033,11.4706947805026
2040-12-03 12:00:00,2040,12,3,NA,3.57942054106831,11.4079034803667
2040-12-04 12:00:00,2040,12,4,NA,4.80687488385053,8.86433314429306
2040-12-05 12:00:00,2040,12,5,NA,8.20593845423637,12.2550833503509
2040-12-06 12:00:00,2040,12,6,NA,7.00237119319175,15.6618840295263
2040-12-07 12:00:00,2040,12,7,NA,7.53964161660727,14.5068199479173
2040-12-08 12:00:00,2040,12,8,NA,5.93105754817646,11.7067826406081
2040-12-09 12:00:00,2040,12,9,NA,0.0710750118716055,11.1536636659386
2040-12-10 12:00:00,2040,12,10,NA,3.62782147784318,8.78206690248429
2040-12-11 12:00:00,2040,12,11,NA,2.6631293939683,7.47532859127704
2040-12-12 12:00:00,2040,12,12,NA,0.281140581350248,4.64523610600131
2040-12-13 12:00:00,2040,12,13,NA,3.43470428732166,7.34120763818189
2040-12-14 12:00:00,2040,12,14,NA,1.73642369084406,5.57704749529769
2040-12-15 12:00:00,2040,12,15,NA,3.80696115665731,6.7178897195029
2040-12-16 12:00:00,2040,12,16,NA,0.220981564923283,6.10203298589248
2040-12-17 12:00:00,2040,12,17,NA,0.19223073836718,8.11637202899307
2040-12-18 12:00:00,2040,12,18,NA,2.65900691265309,7.63187789657376
2040-12-19 12:00:00,2040,12,19,NA,3.35646670897731,8.71167572931369
2040-12-20 12:00:00,2040,12,20,NA,1.78376346303526,6.05572648198929
2040-12-21 12:00:00,2040,12,21,NA,0.494859588271828,7.34755570806833
2040-12-22 12:00:00,2040,12,22,NA,0.218710756068519,4.13212338185124
2040-12-23 12:00:00,2040,12,23,NA,2.50694138115326,5.08016802182956
2040-12-24 12:00:00,2040,12,24,NA,2.1041523319981,4.03447000279692
2040-12-25 12:00:00,2040,12,25,NA,2.14775310534562,6.79333561654995
2040-12-26 12:00:00,2040,12,26,NA,-1.37376451832114,6.73446097986785
2040-12-27 12:00:00,2040,12,27,NA,-2.52416689701055,4.51624506264069
2040-12-28 12:00:00,2040,12,28,NA,-3.34125068335758,3.77530909804008
2040-12-29 12:00:00,2040,12,29,NA,1.03037862129241,5.10739335749663
2040-12-30 12:00:00,2040,12,30,NA,-1.38997621858394,4.65996079332621
2040-12-31 12:00:00,2040,12,31,NA,-1.12802562965175,4.07869434162655
2041-01-01 12:00:00,2041,1,1,NA,-0.212558281125367,5.66276954062264
2041-01-02 12:00:00,2041,1,2,NA,-0.139428518064136,2.43379812261216
2041-01-03 12:00:00,2041,1,3,NA,-4.37313448407112,-1.28629019395476
2041-01-04 12:00:00,2041,1,4,NA,-5.99334414546198,-2.95809902356278
2041-01-05 12:00:00,2041,1,5,NA,-5.54096771018023,-3.03922348331526
2041-01-06 12:00:00,2041,1,6,NA,-0.827948335810063,2.78602854048321
2041-01-07 12:00:00,2041,1,7,NA,-8.79421761106231,-0.796850497279892
2041-01-08 12:00:00,2041,1,8,NA,-0.0111839553434576,4.79193066302209
2041-01-09 12:00:00,2041,1,9,NA,-4.74438304437231,4.95445700468624
2041-01-10 12:00:00,2041,1,10,NA,-1.24613747487798,6.5705646197844
2041-01-11 12:00:00,2041,1,11,NA,1.60727439752063,11.5920187274064
2041-01-12 12:00:00,2041,1,12,NA,0.551234293263849,4.98215616252331
2041-01-13 12:00:00,2041,1,13,NA,-0.282666399038758,2.86681898540817
2041-01-14 12:00:00,2041,1,14,NA,-0.981227389762584,5.45772664837869
2041-01-15 12:00:00,2041,1,15,NA,0.143403430934312,4.95947955050074
2041-01-16 12:00:00,2041,1,16,NA,4.28036623301349,5.24648652852988
2041-01-17 12:00:00,2041,1,17,NA,2.31912912262668,6.14618031138854
2041-01-18 12:00:00,2041,1,18,NA,4.59868953341008,11.35258270847
2041-01-19 12:00:00,2041,1,19,NA,5.93143716660253,12.9848569867586
2041-01-20 12:00:00,2041,1,20,NA,4.80978814254169,9.00472150728068
2041-01-21 12:00:00,2041,1,21,NA,4.57674133389943,8.67873258924335
2041-01-22 12:00:00,2041,1,22,NA,2.93238165939035,7.51775365719328
2041-01-23 12:00:00,2041,1,23,NA,1.28279551606556,12.3645565531301
2041-01-24 12:00:00,2041,1,24,NA,0.308597523481967,10.4459105053305
2041-01-25 12:00:00,2041,1,25,NA,4.10905801733103,11.3824024465267
2041-01-26 12:00:00,2041,1,26,NA,5.51560806125696,11.8058813118212
2041-01-27 12:00:00,2041,1,27,NA,6.04142094112813,7.08259938796
2041-01-28 12:00:00,2041,1,28,NA,4.72802807631864,9.54309854615491
2041-01-29 12:00:00,2041,1,29,NA,5.33555546563108,9.04258347507505
2041-01-30 12:00:00,2041,1,30,NA,6.3293016356202,11.7670255196144
2041-01-31 12:00:00,2041,1,31,NA,8.15566373344743,14.4256229378379
2041-02-01 12:00:00,2041,2,1,NA,8.24601048338228,17.7404426723383
2041-02-02 12:00:00,2041,2,2,NA,6.77664496659551,14.0563021437207
2041-02-03 12:00:00,2041,2,3,NA,11.5457123140671,16.7166695394833
2041-02-04 12:00:00,2041,2,4,NA,7.7644366694468,11.7975073255499
2041-02-05 12:00:00,2041,2,5,NA,0.987265750096955,9.18717389851495
2041-02-06 12:00:00,2041,2,6,NA,-0.97316829200744,11.9397297491742
2041-02-07 12:00:00,2041,2,7,NA,8.92530139329511,16.3093065423105
2041-02-08 12:00:00,2041,2,8,NA,6.96275113447197,15.0444044732815
2041-02-09 12:00:00,2041,2,9,NA,7.12318361865784,18.1090056191876
2041-02-10 12:00:00,2041,2,10,NA,9.46724945034493,13.0008839956506
2041-02-11 12:00:00,2041,2,11,NA,8.34759455766742,15.6278282373955
2041-02-12 12:00:00,2041,2,12,NA,6.39196655672466,15.3706339710675
2041-02-13 12:00:00,2041,2,13,NA,2.75583830040609,6.86460114208026
2041-02-14 12:00:00,2041,2,14,NA,7.62936755615455,10.4535574772987
2041-02-15 12:00:00,2041,2,15,NA,6.37993672772783,8.83408349064146
2041-02-16 12:00:00,2041,2,16,NA,4.40824958976082,8.56725801647533
2041-02-17 12:00:00,2041,2,17,NA,3.64059209501991,6.38832208446768
2041-02-18 12:00:00,2041,2,18,NA,1.33576675371098,8.85171696831166
2041-02-19 12:00:00,2041,2,19,NA,4.74516410988977,17.4074804174711
2041-02-20 12:00:00,2041,2,20,NA,8.3582760903546,16.4252627580162
2041-02-21 12:00:00,2041,2,21,NA,6.09370511276061,12.7009852298866
2041-02-22 12:00:00,2041,2,22,NA,6.12784849489544,10.9637156706716
2041-02-23 12:00:00,2041,2,23,NA,2.6338987181877,9.39498242254803
2041-02-24 12:00:00,2041,2,24,NA,8.2272980980505,11.5008930589468
2041-02-25 12:00:00,2041,2,25,NA,7.66207132392973,11.7029729252684
2041-02-26 12:00:00,2041,2,26,NA,6.35118488779796,10.4919908191859
2041-02-27 12:00:00,2041,2,27,NA,10.1687169568191,14.058432840916
2041-02-28 12:00:00,2041,2,28,NA,9.13261795934381,12.3876457806931
2041-03-01 12:00:00,2041,3,1,NA,9.9289873073725,16.8776360421347
2041-03-02 12:00:00,2041,3,2,NA,7.06246947036939,16.6074516934663
2041-03-03 12:00:00,2041,3,3,NA,7.42362556805714,21.131963042233
2041-03-04 12:00:00,2041,3,4,NA,6.55403737279542,19.2556956432061
2041-03-05 12:00:00,2041,3,5,NA,8.87203874052419,17.8180979443616
2041-03-06 12:00:00,2041,3,6,NA,6.41396022096845,15.4687683829653
2041-03-07 12:00:00,2041,3,7,NA,4.61598428907794,19.518237756756
2041-03-08 12:00:00,2041,3,8,NA,4.05533803362539,17.3104118963543
2041-03-09 12:00:00,2041,3,9,NA,2.19006830043248,18.8610694804039
2041-03-10 12:00:00,2041,3,10,NA,8.12432705608241,15.403531044663
2041-03-11 12:00:00,2041,3,11,NA,6.58171847504071,19.1234591438509
2041-03-12 12:00:00,2041,3,12,NA,4.02429744659979,19.3274804967038
2041-03-13 12:00:00,2041,3,13,NA,2.89733268475677,15.5876428262582
2041-03-14 12:00:00,2041,3,14,NA,2.01616794232149,18.7032905692146
2041-03-15 12:00:00,2041,3,15,NA,-0.204542873887749,13.7610741020111
2041-03-16 12:00:00,2041,3,16,NA,2.65577726265663,11.3812771280706
2041-03-17 12:00:00,2041,3,17,NA,0.726261014704773,13.0374496462997
2041-03-18 12:00:00,2041,3,18,NA,4.28703537347339,11.5413063157163
2041-03-19 12:00:00,2041,3,19,NA,5.05140419580983,13.042992533872
2041-03-20 12:00:00,2041,3,20,NA,2.17042079083131,14.4245625590681
2041-03-21 12:00:00,2041,3,21,NA,12.2403308243729,14.4472253034646
2041-03-22 12:00:00,2041,3,22,NA,11.3558267071471,15.5353334600298
2041-03-23 12:00:00,2041,3,23,NA,6.77745221497126,17.8763661040466
2041-03-24 12:00:00,2041,3,24,NA,2.62933002263296,16.0155477019264
2041-03-25 12:00:00,2041,3,25,NA,4.30666260110027,16.9554967041781
2041-03-26 12:00:00,2041,3,26,NA,-0.915609920659477,16.1570752780134
2041-03-27 12:00:00,2041,3,27,NA,8.24597369452964,14.1654133319938
2041-03-28 12:00:00,2041,3,28,NA,7.38031574454427,13.0523510557044
2041-03-29 12:00:00,2041,3,29,NA,7.79573414643438,13.8801291182291
2041-03-30 12:00:00,2041,3,30,NA,9.16073278347191,13.9638333140735
2041-03-31 12:00:00,2041,3,31,NA,7.20676053277982,12.3448764668352
2041-04-01 12:00:00,2041,4,1,NA,11.8089729142373,15.4423022560374
2041-04-02 12:00:00,2041,4,2,NA,10.9374280619357,14.5707574037358
2041-04-03 12:00:00,2041,4,3,NA,9.28147058868832,15.372720126336
2041-04-04 12:00:00,2041,4,4,NA,8.07963255632674,13.1559440915742
2041-04-05 12:00:00,2041,4,5,NA,-0.637805266457848,16.2932984346555
2041-04-06 12:00:00,2041,4,6,NA,4.70622978592159,14.2054728423196
2041-04-07 12:00:00,2041,4,7,NA,-1.59660509489071,11.050102860522
2041-04-08 12:00:00,2041,4,8,NA,-4.67888533382847,12.8358808929476
2041-04-09 12:00:00,2041,4,9,NA,-3.73041134267276,14.3307129282641
2041-04-10 12:00:00,2041,4,10,NA,-5.25085028902284,10.8230042138977
2041-04-11 12:00:00,2041,4,11,NA,-6.8065431111335,11.4226175908368
2041-04-12 12:00:00,2041,4,12,NA,-7.14293044985947,12.4272958508639
2041-04-13 12:00:00,2041,4,13,NA,-4.9795778634949,11.4000158679697
2041-04-14 12:00:00,2041,4,14,NA,3.28800400814544,15.744473117909
2041-04-15 12:00:00,2041,4,15,NA,2.4563065443129,14.9843044049424
2041-04-16 12:00:00,2041,4,16,NA,1.35388329330032,14.7230535070576
2041-04-17 12:00:00,2041,4,17,NA,1.14777916232296,11.9817603894314
2041-04-18 12:00:00,2041,4,18,NA,0.295229629180201,16.1945604692466
2041-04-19 12:00:00,2041,4,19,NA,6.11996665220678,10.4690467485266
2041-04-20 12:00:00,2041,4,20,NA,3.56681034846643,9.70065616963855
2041-04-21 12:00:00,2041,4,21,NA,-0.217688789763092,14.9915445852363
2041-04-22 12:00:00,2041,4,22,NA,2.50498982840648,19.9292296384162
2041-04-23 12:00:00,2041,4,23,NA,4.75696095484011,19.5005154422841
2041-04-24 12:00:00,2041,4,24,NA,5.7981447225898,20.5556774785744
2041-04-25 12:00:00,2041,4,25,NA,1.35416919920143,21.1512362483921
2041-04-26 12:00:00,2041,4,26,NA,9.41970797531553,14.6951395096589
2041-04-27 12:00:00,2041,4,27,NA,12.9112286426926,18.4351710781949
2041-04-28 12:00:00,2041,4,28,NA,10.3948258009105,20.7338446167748
2041-04-29 12:00:00,2041,4,29,NA,8.77841492022126,23.4251325792658
2041-04-30 12:00:00,2041,4,30,NA,9.09114904482764,19.6525612914688
2041-05-01 12:00:00,2041,5,1,NA,7.97071892585108,21.514550087056
2041-05-02 12:00:00,2041,5,2,NA,6.42924268852861,17.0084181724508
2041-05-03 12:00:00,2041,5,3,NA,8.2601379651183,20.9360923216075
2041-05-04 12:00:00,2041,5,4,NA,7.99573784755419,19.7242818146884
2041-05-05 12:00:00,2041,5,5,NA,6.31730706148294,21.1833079756604
2041-05-06 12:00:00,2041,5,6,NA,2.34642675957668,17.8841479967554
2041-05-07 12:00:00,2041,5,7,NA,8.82305010989544,13.6964422970308
2041-05-08 12:00:00,2041,5,8,NA,11.0787594780059,18.9490342453186
2041-05-09 12:00:00,2041,5,9,NA,14.5270991388132,20.3979105981756
2041-05-10 12:00:00,2041,5,10,NA,12.1302650902275,23.8139335291068
2041-05-11 12:00:00,2041,5,11,NA,6.05869047724729,24.8382310749295
2041-05-12 12:00:00,2041,5,12,NA,3.58717755206927,23.23875643289
2041-05-13 12:00:00,2041,5,13,NA,9.66945232713812,24.4763370161211
2041-05-14 12:00:00,2041,5,14,NA,11.811409262373,21.3646515531359
2041-05-15 12:00:00,2041,5,15,NA,9.06122725763151,23.5925846267215
2041-05-16 12:00:00,2041,5,16,NA,11.5764703923803,21.2772467621974
2041-05-17 12:00:00,2041,5,17,NA,10.3071458843288,20.0464928569007
2041-05-18 12:00:00,2041,5,18,NA,8.62377659839542,24.2310485484283
2041-05-19 12:00:00,2041,5,19,NA,10.1056559483333,26.8252069128649
2041-05-20 12:00:00,2041,5,20,NA,9.63704526913378,26.200072158724
2041-05-21 12:00:00,2041,5,21,NA,15.6072449641355,25.5781153512954
2041-05-22 12:00:00,2041,5,22,NA,13.7154902619799,26.1585266930057
2041-05-23 12:00:00,2041,5,23,NA,15.8022402211678,27.6991247111257
2041-05-24 12:00:00,2041,5,24,NA,17.8575638737565,28.5704195936972
2041-05-25 12:00:00,2041,5,25,NA,15.885203072796,33.5058023464628
2041-05-26 12:00:00,2041,5,26,NA,17.7802083455801,31.4511313326511
2041-05-27 12:00:00,2041,5,27,NA,15.6293966240441,33.3868806261055
2041-05-28 12:00:00,2041,5,28,NA,14.7165388088578,32.3371370987106
2041-05-29 12:00:00,2041,5,29,NA,16.5073504899924,33.052251279644
2041-05-30 12:00:00,2041,5,30,NA,17.0804170075524,35.2152135601162
2041-05-31 12:00:00,2041,5,31,NA,13.5438123721494,32.7103306291525
2041-06-01 12:00:00,2041,6,1,NA,14.7347933260852,32.3975778107637
2041-06-02 12:00:00,2041,6,2,NA,10.1082593361405,27.659340938349
2041-06-03 12:00:00,2041,6,3,NA,12.7876905670808,27.216914384788
2041-06-04 12:00:00,2041,6,4,NA,15.1821780524659,29.2429322031958
2041-06-05 12:00:00,2041,6,5,NA,19.2569379508826,33.6015625853085
2041-06-06 12:00:00,2041,6,6,NA,16.5827687073909,34.609289695369
2041-06-07 12:00:00,2041,6,7,NA,17.6851554766392,23.9942058009275
2041-06-08 12:00:00,2041,6,8,NA,15.2603575789725,30.7575695888116
2041-06-09 12:00:00,2041,6,9,NA,16.4092925091809,25.7061981293309
2041-06-10 12:00:00,2041,6,10,NA,20.4913053536951,27.722966162912
2041-06-11 12:00:00,2041,6,11,NA,12.2207513534188,22.5524766401083
2041-06-12 12:00:00,2041,6,12,NA,10.4767524259799,23.6585823804883
2041-06-13 12:00:00,2041,6,13,NA,11.9835936485408,22.4161523600174
2041-06-14 12:00:00,2041,6,14,NA,15.0545807379624,20.1794651637107
2041-06-15 12:00:00,2041,6,15,NA,14.0147505838508,20.7013714820128
2041-06-16 12:00:00,2041,6,16,NA,14.0826192179497,23.4836649044239
2041-06-17 12:00:00,2041,6,17,NA,13.5425197879747,19.7237723034846
2041-06-18 12:00:00,2041,6,18,NA,15.5530435383166,21.6955952312951
2041-06-19 12:00:00,2041,6,19,NA,12.628221515793,20.6311120360721
2041-06-20 12:00:00,2041,6,20,NA,12.5254163225518,20.7823107349641
2041-06-21 12:00:00,2041,6,21,NA,11.260973609263,18.4930964929185
2041-06-22 12:00:00,2041,6,22,NA,11.8730310833298,22.8627436130919
2041-06-23 12:00:00,2041,6,23,NA,12.630820232223,23.9945641528798
2041-06-24 12:00:00,2041,6,24,NA,12.5498422936606,22.8568691031298
2041-06-25 12:00:00,2041,6,25,NA,10.4382062140154,20.7452330234846
2041-06-26 12:00:00,2041,6,26,NA,13.8274289665635,20.1852000428681
2041-06-27 12:00:00,2041,6,27,NA,16.2568502417771,20.3882090144399
2041-06-28 12:00:00,2041,6,28,NA,15.2457440133655,20.4115324746629
2041-06-29 12:00:00,2041,6,29,NA,14.6882453952215,22.8757604641808
2041-06-30 12:00:00,2041,6,30,NA,16.7581704736423,29.3594455129398
2041-07-01 12:00:00,2041,7,1,NA,13.7929834911884,31.3118802260318
2041-07-02 12:00:00,2041,7,2,NA,16.9078042244122,28.2065550978449
2041-07-03 12:00:00,2041,7,3,NA,16.3446826932835,31.3777751421186
2041-07-04 12:00:00,2041,7,4,NA,17.5446406738289,26.8067695752815
2041-07-05 12:00:00,2041,7,5,NA,20.0676612753118,26.7666196079015
2041-07-06 12:00:00,2041,7,6,NA,17.7640098031693,28.4596384447997
2041-07-07 12:00:00,2041,7,7,NA,20.9946763992562,28.9548886479014
2041-07-08 12:00:00,2041,7,8,NA,20.5420460648781,30.1167867134375
2041-07-09 12:00:00,2041,7,9,NA,15.92729610238,33.7542625204806
2041-07-10 12:00:00,2041,7,10,NA,15.5189339227003,28.5499570525783
2041-07-11 12:00:00,2041,7,11,NA,13.7507639586065,29.7141452730551
2041-07-12 12:00:00,2041,7,12,NA,14.610111146894,32.0553269054059
2041-07-13 12:00:00,2041,7,13,NA,18.7260902772291,37.6243062893277
2041-07-14 12:00:00,2041,7,14,NA,20.675414489771,37.4727625643956
2041-07-15 12:00:00,2041,7,15,NA,15.9963246202531,35.2469912512713
2041-07-16 12:00:00,2041,7,16,NA,17.8162929913313,36.6147137810356
2041-07-17 12:00:00,2041,7,17,NA,20.0245350382692,32.3872330533274
2041-07-18 12:00:00,2041,7,18,NA,20.6947364471301,25.4674978614138
2041-07-19 12:00:00,2041,7,19,NA,17.8911122629527,27.5468876997698
2041-07-20 12:00:00,2041,7,20,NA,17.078871323105,22.8136133676215
2041-07-21 12:00:00,2041,7,21,NA,15.589584298957,23.3053415778526
2041-07-22 12:00:00,2041,7,22,NA,17.7686168503777,26.5514675654326
2041-07-23 12:00:00,2041,7,23,NA,16.2046038848097,26.4422043102163
2041-07-24 12:00:00,2041,7,24,NA,13.9031389196081,23.4791310110842
2041-07-25 12:00:00,2041,7,25,NA,15.6932514706315,26.8164804681776
2041-07-26 12:00:00,2041,7,26,NA,12.310680042715,26.2271137037998
2041-07-27 12:00:00,2041,7,27,NA,13.0265631329027,24.9822026567021
2041-07-28 12:00:00,2041,7,28,NA,13.6588430386429,24.957743241524
2041-07-29 12:00:00,2041,7,29,NA,18.7631801572804,26.185731043371
2041-07-30 12:00:00,2041,7,30,NA,17.4096502713597,28.6714952129553
2041-07-31 12:00:00,2041,7,31,NA,12.9150705626982,28.8784518771468
2041-08-01 12:00:00,2041,8,1,NA,13.6915192051201,26.4876339523458
2041-08-02 12:00:00,2041,8,2,NA,17.5943021792794,30.0919129281857
2041-08-03 12:00:00,2041,8,3,NA,17.5868763852104,25.4598708669551
2041-08-04 12:00:00,2041,8,4,NA,17.4357039360225,28.2128225330921
2041-08-05 12:00:00,2041,8,5,NA,16.4409941314839,25.0538834844004
2041-08-06 12:00:00,2041,8,6,NA,17.4965670066885,22.1104911511346
2041-08-07 12:00:00,2041,8,7,NA,13.2373155090568,26.9105574520832
2041-08-08 12:00:00,2041,8,8,NA,17.1127819873922,30.0473326391474
2041-08-09 12:00:00,2041,8,9,NA,17.7696965007957,28.862458114123
2041-08-10 12:00:00,2041,8,10,NA,12.5325308501374,26.2688026932412
2041-08-11 12:00:00,2041,8,11,NA,13.5815441744566,24.3411618260043
2041-08-12 12:00:00,2041,8,12,NA,12.4416241168964,22.4129500097554
2041-08-13 12:00:00,2041,8,13,NA,13.6670553750242,23.8353246980849
2041-08-14 12:00:00,2041,8,14,NA,14.0712693965973,19.5993564142269
2041-08-15 12:00:00,2041,8,15,NA,15.286130707607,23.4014950999191
2041-08-16 12:00:00,2041,8,16,NA,14.7368373722298,24.8174463292561
2041-08-17 12:00:00,2041,8,17,NA,13.6546702490735,27.4454358360136
2041-08-18 12:00:00,2041,8,18,NA,14.4304079481818,27.0265211999399
2041-08-19 12:00:00,2041,8,19,NA,13.9281139574166,20.2155564714869
2041-08-20 12:00:00,2041,8,20,NA,14.4766380617782,21.4933271834764
2041-08-21 12:00:00,2041,8,21,NA,8.09515529866707,22.2656456618511
2041-08-22 12:00:00,2041,8,22,NA,9.79343364354713,18.9782749061417
2041-08-23 12:00:00,2041,8,23,NA,10.0661558980694,18.1604690673693
2041-08-24 12:00:00,2041,8,24,NA,11.43856025082,21.3435609777119
2041-08-25 12:00:00,2041,8,25,NA,11.5868198687911,21.7550274048725
2041-08-26 12:00:00,2041,8,26,NA,11.4935100481341,23.9302219521189
2041-08-27 12:00:00,2041,8,27,NA,14.7786824339293,20.8697373809975
2041-08-28 12:00:00,2041,8,28,NA,13.2508497589174,22.7718904763237
2041-08-29 12:00:00,2041,8,29,NA,11.6724383004511,21.5753167624189
2041-08-30 12:00:00,2041,8,30,NA,11.6086151524751,23.5722257650973
2041-08-31 12:00:00,2041,8,31,NA,9.11984541132398,28.8468004551604
2041-09-01 12:00:00,2041,9,1,NA,13.0477921870599,28.7679325397816
2041-09-02 12:00:00,2041,9,2,NA,12.4217315239453,30.1036346811138
2041-09-03 12:00:00,2041,9,3,NA,17.4536737610082,23.9568513549825
2041-09-04 12:00:00,2041,9,4,NA,12.5965673423186,24.9225875022188
2041-09-05 12:00:00,2041,9,5,NA,14.0017843532993,26.4360103337645
2041-09-06 12:00:00,2041,9,6,NA,12.3126882217047,24.7852717385744
2041-09-07 12:00:00,2041,9,7,NA,12.0923239485236,23.4964877980631
2041-09-08 12:00:00,2041,9,8,NA,10.1790739788773,22.5688123224111
2041-09-09 12:00:00,2041,9,9,NA,10.4153457764174,18.5815017964082
2041-09-10 12:00:00,2041,9,10,NA,9.69666456178977,17.8628205817805
2041-09-11 12:00:00,2041,9,11,NA,8.62415652195709,21.9210629105717
2041-09-12 12:00:00,2041,9,12,NA,13.480416429788,23.0236118378274
2041-09-13 12:00:00,2041,9,13,NA,9.02430341631053,25.6214922008619
2041-09-14 12:00:00,2041,9,14,NA,10.9524027158926,25.2636088182311
2041-09-15 12:00:00,2041,9,15,NA,12.5785963658793,28.643201597268
2041-09-16 12:00:00,2041,9,16,NA,11.5016268713313,29.006293857989
2041-09-17 12:00:00,2041,9,17,NA,14.0022745686803,23.9625877367281
2041-09-18 12:00:00,2041,9,18,NA,12.1331016972447,18.0176283840829
2041-09-19 12:00:00,2041,9,19,NA,12.5514446684296,19.3710168672368
2041-09-20 12:00:00,2041,9,20,NA,10.5609349764109,21.2108469814559
2041-09-21 12:00:00,2041,9,21,NA,9.33330374529488,21.41190317966
2041-09-22 12:00:00,2041,9,22,NA,10.7314352541595,22.6627305054213
2041-09-23 12:00:00,2041,9,23,NA,8.98895172943491,23.2042343181795
2041-09-24 12:00:00,2041,9,24,NA,8.24856087627789,20.7695026570833
2041-09-25 12:00:00,2041,9,25,NA,8.9401088389424,20.0468242757385
2041-09-26 12:00:00,2041,9,26,NA,4.51961318625895,20.5572719344673
2041-09-27 12:00:00,2041,9,27,NA,8.12275040509079,19.3293203068056
2041-09-28 12:00:00,2041,9,28,NA,10.9061851050427,19.2636673733159
2041-09-29 12:00:00,2041,9,29,NA,5.425644749906,16.475895496202
2041-09-30 12:00:00,2041,9,30,NA,3.20597350296348,19.490255469249
2041-10-01 12:00:00,2041,10,1,NA,5.76645557609311,18.5853542199293
2041-10-02 12:00:00,2041,10,2,NA,8.80724263972724,18.5703755019162
2041-10-03 12:00:00,2041,10,3,NA,8.20476379121918,20.1374966687865
2041-10-04 12:00:00,2041,10,4,NA,5.44414358101346,18.3615350313029
2041-10-05 12:00:00,2041,10,5,NA,4.72494069289215,16.298627797844
2041-10-06 12:00:00,2041,10,6,NA,13.3902600120825,18.2743747147492
2041-10-07 12:00:00,2041,10,7,NA,6.78565656639184,17.0236606650148
2041-10-08 12:00:00,2041,10,8,NA,3.55966872488519,17.1488108032523
2041-10-09 12:00:00,2041,10,9,NA,6.14181400912562,17.98496556718
2041-10-10 12:00:00,2041,10,10,NA,8.09104460004864,18.7035759187751
2041-10-11 12:00:00,2041,10,11,NA,11.4735764023112,21.224542920804
2041-10-12 12:00:00,2041,10,12,NA,13.7425451280703,19.1552852615801
2041-10-13 12:00:00,2041,10,13,NA,11.8650002216462,18.2444208419102
2041-10-14 12:00:00,2041,10,14,NA,8.61000855770068,13.8415757074234
2041-10-15 12:00:00,2041,10,15,NA,5.53987789907371,18.5157238672947
2041-10-16 12:00:00,2041,10,16,NA,6.77077721170091,17.2341605581839
2041-10-17 12:00:00,2041,10,17,NA,11.5289927703033,16.5201852500543
2041-10-18 12:00:00,2041,10,18,NA,8.84535322004999,16.2979256850965
2041-10-19 12:00:00,2041,10,19,NA,5.87968310599726,17.3636600104146
2041-10-20 12:00:00,2041,10,20,NA,4.93834319521558,16.8248400460211
2041-10-21 12:00:00,2041,10,21,NA,6.74516733523285,16.4468139738065
2041-10-22 12:00:00,2041,10,22,NA,7.09528100831841,20.0573270722634
2041-10-23 12:00:00,2041,10,23,NA,8.64301258138894,24.8415210366261
2041-10-24 12:00:00,2041,10,24,NA,11.4612023971498,23.3518818516453
2041-10-25 12:00:00,2041,10,25,NA,11.4972739858562,20.2456424896111
2041-10-26 12:00:00,2041,10,26,NA,12.2937527987289,18.6200016621193
2041-10-27 12:00:00,2041,10,27,NA,10.3046308830278,17.0856807392409
2041-10-28 12:00:00,2041,10,28,NA,8.83599834940045,20.7449857318854
2041-10-29 12:00:00,2041,10,29,NA,9.37761613605758,20.2126099535416
2041-10-30 12:00:00,2041,10,30,NA,9.67820081905692,16.9830995044632
2041-10-31 12:00:00,2041,10,31,NA,9.9863602116572,18.5489458712898
2041-11-01 12:00:00,2041,11,1,NA,6.90506944136805,14.1576711914081
2041-11-02 12:00:00,2041,11,2,NA,4.68238470889663,6.84664547997793
2041-11-03 12:00:00,2041,11,3,NA,-0.420579994998797,2.39758702951884
2041-11-04 12:00:00,2041,11,4,NA,-2.45100224187518,7.82727394535067
2041-11-05 12:00:00,2041,11,5,NA,2.36912757411223,6.15079554769162
2041-11-06 12:00:00,2041,11,6,NA,3.73273747296678,6.6779541703193
2041-11-07 12:00:00,2041,11,7,NA,-0.545194822694785,6.2572336115873
2041-11-08 12:00:00,2041,11,8,NA,-0.297291419296497,9.1737059396838
2041-11-09 12:00:00,2041,11,9,NA,1.81164780033553,9.26527330614901
2041-11-10 12:00:00,2041,11,10,NA,5.72392697706087,14.703320593996
2041-11-11 12:00:00,2041,11,11,NA,8.58430131297674,14.2620501583717
2041-11-12 12:00:00,2041,11,12,NA,3.39447636069109,9.09224918096317
2041-11-13 12:00:00,2041,11,13,NA,3.5787384166899,10.6556047363759
2041-11-14 12:00:00,2041,11,14,NA,2.59885225657214,10.2069383348664
2041-11-15 12:00:00,2041,11,15,NA,2.63694118211528,13.3114115955323
2041-11-16 12:00:00,2041,11,16,NA,2.46293299495301,6.41475542763253
2041-11-17 12:00:00,2041,11,17,NA,-0.372723305751134,1.68387325007837
2041-11-18 12:00:00,2041,11,18,NA,1.48955361053291,5.44169172559765
2041-11-19 12:00:00,2041,11,19,NA,4.4219665902412,10.0302714355916
2041-11-20 12:00:00,2041,11,20,NA,8.51189363250093,14.5258397504807
2041-11-21 12:00:00,2041,11,21,NA,5.77216110300303,13.3036295245022
2041-11-22 12:00:00,2041,11,22,NA,6.87301791348441,13.9482161415094
2041-11-23 12:00:00,2041,11,23,NA,8.51689319451971,14.2516928520414
2041-11-24 12:00:00,2041,11,24,NA,8.98487804476663,13.7041480682407
2041-11-25 12:00:00,2041,11,25,NA,10.4068428794462,11.7050514885454
2041-11-26 12:00:00,2041,11,26,NA,8.0583971724537,10.7638696485036
2041-11-27 12:00:00,2041,11,27,NA,8.02473966228662,10.8565311568634
2041-11-28 12:00:00,2041,11,28,NA,4.41080533206275,8.1444707776881
2041-11-29 12:00:00,2041,11,29,NA,5.45806301645216,11.9789937462677
2041-11-30 12:00:00,2041,11,30,NA,3.19867296996009,9.73720011661095
2041-12-01 12:00:00,2041,12,1,NA,5.06799792384227,12.5216234296557
2041-12-02 12:00:00,2041,12,2,NA,6.5767790828721,9.38543238671904
2041-12-03 12:00:00,2041,12,3,NA,6.03594916198477,8.97690241669473
2041-12-04 12:00:00,2041,12,4,NA,8.56793690398796,13.7762913697011
2041-12-05 12:00:00,2041,12,5,NA,4.51296107776201,10.0418592157842
2041-12-06 12:00:00,2041,12,6,NA,6.42502044611481,10.9863954166369
2041-12-07 12:00:00,2041,12,7,NA,4.62723760760856,9.58806472811988
2041-12-08 12:00:00,2041,12,8,NA,4.67310983888713,6.69848705086028
2041-12-09 12:00:00,2041,12,9,NA,3.23828715743912,6.88137871554579
2041-12-10 12:00:00,2041,12,10,NA,3.56281736509666,6.46873249760738
2041-12-11 12:00:00,2041,12,11,NA,5.57871471219333,9.1445251856993
2041-12-12 12:00:00,2041,12,12,NA,4.93181024223721,6.9709537587987
2041-12-13 12:00:00,2041,12,13,NA,2.02399519493946,6.17701715267069
2041-12-14 12:00:00,2041,12,14,NA,3.64913940364461,8.21051437416668
2041-12-15 12:00:00,2041,12,15,NA,3.1866286004488,5.28106586760641
2041-12-16 12:00:00,2041,12,16,NA,5.49107794406885,10.3843709640914
2041-12-17 12:00:00,2041,12,17,NA,6.00197615955311,16.9335596249861
2041-12-18 12:00:00,2041,12,18,NA,4.78460125161863,10.4564042326975
2041-12-19 12:00:00,2041,12,19,NA,0.253687307011667,7.8809716377175
2041-12-20 12:00:00,2041,12,20,NA,0.0960033025821994,3.98718373420861
2041-12-21 12:00:00,2041,12,21,NA,2.72561824825065,6.59274353349529
2041-12-22 12:00:00,2041,12,22,NA,3.34480071966372,7.4211828762243
2041-12-23 12:00:00,2041,12,23,NA,1.83660923585133,8.91564003017579
2041-12-24 12:00:00,2041,12,24,NA,2.72492885791589,8.50452263995046
2041-12-25 12:00:00,2041,12,25,NA,4.62914327856398,7.06232835718903
2041-12-26 12:00:00,2041,12,26,NA,2.14572906886694,5.96177117693916
2041-12-27 12:00:00,2041,12,27,NA,1.2911030453137,4.52374850418053
2041-12-28 12:00:00,2041,12,28,NA,0.576619797186905,6.68294622393395
2041-12-29 12:00:00,2041,12,29,NA,0.892661170166271,6.7785941078208
2041-12-30 12:00:00,2041,12,30,NA,1.47273877871648,4.33165755024056
2041-12-31 12:00:00,2041,12,31,NA,-3.01294554075764,0.970222443575235
2042-01-01 12:00:00,2042,1,1,NA,-3.25099656630295,2.96924579801239
2042-01-02 12:00:00,2042,1,2,NA,-2.10920295546969,3.80845764872819
2042-01-03 12:00:00,2042,1,3,NA,-2.58760826299165,5.12645980477842
2042-01-04 12:00:00,2042,1,4,NA,-7.79235690706946,-1.09427561974614
2042-01-05 12:00:00,2042,1,5,NA,-5.81916788293509,2.03280666091868
2042-01-06 12:00:00,2042,1,6,NA,-1.32564925411892,5.41325184440716
2042-01-07 12:00:00,2042,1,7,NA,-0.463639857191304,6.84927286609046
2042-01-08 12:00:00,2042,1,8,NA,3.68016462989072,8.90410813955534
2042-01-09 12:00:00,2042,1,9,NA,8.52970248346847,11.9076147475487
2042-01-10 12:00:00,2042,1,10,NA,8.07426069687481,16.0469074260744
2042-01-11 12:00:00,2042,1,11,NA,2.95644036673798,9.69534146526407
2042-01-12 12:00:00,2042,1,12,NA,2.114952559745,6.95010682154486
2042-01-13 12:00:00,2042,1,13,NA,5.54503417283617,10.0206748319477
2042-01-14 12:00:00,2042,1,14,NA,5.45424445471303,11.6689451224657
2042-01-15 12:00:00,2042,1,15,NA,4.52407869670922,8.62606995205313
2042-01-16 12:00:00,2042,1,16,NA,4.07774566496693,6.30359216915146
2042-01-17 12:00:00,2042,1,17,NA,2.61148096396048,7.25433590125992
2042-01-18 12:00:00,2042,1,18,NA,4.77340534275831,9.77316665041909
2042-01-19 12:00:00,2042,1,19,NA,5.31891830874167,9.51385167348065
2042-01-20 12:00:00,2042,1,20,NA,5.91595294760619,12.9953150360518
2042-01-21 12:00:00,2042,1,21,NA,5.4143507994821,9.89047990426913
2042-01-22 12:00:00,2042,1,22,NA,6.65464667114223,8.42017508494902
2042-01-23 12:00:00,2042,1,23,NA,0.654804251424614,3.26501385189873
2042-01-24 12:00:00,2042,1,24,NA,-4.18729237779934,-1.10044808768298
2042-01-25 12:00:00,2042,1,25,NA,-1.12082667717675,1.98898382384196
2042-01-26 12:00:00,2042,1,26,NA,0.0313766187829234,5.25582552436387
2042-01-27 12:00:00,2042,1,27,NA,-0.313062941396335,4.49005167696922
2042-01-28 12:00:00,2042,1,28,NA,0.215434570991277,5.69282272901736
2042-01-29 12:00:00,2042,1,29,NA,2.31602223850248,6.99865299387505
2042-01-30 12:00:00,2042,1,30,NA,-0.589471081424352,5.0772268321771
2042-01-31 12:00:00,2042,1,31,NA,2.20721067268009,7.62167057249502
2042-02-01 12:00:00,2042,2,1,NA,-1.18020511339992,8.51863493565863
2042-02-02 12:00:00,2042,2,2,NA,5.49878902146751,9.47187553136799
2042-02-03 12:00:00,2042,2,3,NA,6.78464082266799,9.33413868289757
2042-02-04 12:00:00,2042,2,4,NA,8.07054761153494,9.75463070036273
2042-02-05 12:00:00,2042,2,5,NA,11.3738824190575,10.7348454103623
2042-02-06 12:00:00,2042,2,6,NA,8.08855851930989,12.1909805158979
2042-02-07 12:00:00,2042,2,7,NA,3.30235302752655,8.98821619597569
2042-02-08 12:00:00,2042,2,8,NA,3.87443919203502,9.17358497528625
2042-02-09 12:00:00,2042,2,9,NA,6.17926812388968,9.71489003052902
2042-02-10 12:00:00,2042,2,10,NA,6.25328006972696,10.824223459976
2042-02-11 12:00:00,2042,2,11,NA,2.76512291317571,7.9577793803311
2042-02-12 12:00:00,2042,2,12,NA,1.36542183483149,4.22934755208638
2042-02-13 12:00:00,2042,2,13,NA,2.40980835783468,3.21904975714111
2042-02-14 12:00:00,2042,2,14,NA,5.51203747893874,6.46651511549873
2042-02-15 12:00:00,2042,2,15,NA,8.1407761891365,9.77006205833369
2042-02-16 12:00:00,2042,2,16,NA,9.6846216383803,17.1312578670267
2042-02-17 12:00:00,2042,2,17,NA,8.73937011742006,16.4813116018579
2042-02-18 12:00:00,2042,2,18,NA,10.3635296507926,16.8137725550209
2042-02-19 12:00:00,2042,2,19,NA,8.81268683832874,13.3405121948863
2042-02-20 12:00:00,2042,2,20,NA,7.60636272737565,11.5383035625584
2042-02-21 12:00:00,2042,2,21,NA,6.525030358809,9.00292941572543
2042-02-22 12:00:00,2042,2,22,NA,7.60376748117315,11.9603339751558
2042-02-23 12:00:00,2042,2,23,NA,9.09958422931899,10.7720786136137
2042-02-24 12:00:00,2042,2,24,NA,7.34088330735063,11.5703920043434
2042-02-25 12:00:00,2042,2,25,NA,6.40870380335855,9.23289372450271
2042-02-26 12:00:00,2042,2,26,NA,1.90730002996131,5.0509937819698
2042-02-27 12:00:00,2042,2,27,NA,-0.0747846873719769,7.7150400524384
2042-02-28 12:00:00,2042,2,28,NA,5.95790572626502,11.0640766768384
2042-03-01 12:00:00,2042,3,1,NA,4.6915005705644,11.895686268592
2042-03-02 12:00:00,2042,3,2,NA,4.40417819370619,10.8544210979344
2042-03-03 12:00:00,2042,3,3,NA,3.21078151077038,9.17835573394611
2042-03-04 12:00:00,2042,3,4,NA,1.12161700206247,4.65607015214359
2042-03-05 12:00:00,2042,3,5,NA,0.620511505734594,9.14448574995676
2042-03-06 12:00:00,2042,3,6,NA,-5.02958043962065,2.98333750314411
2042-03-07 12:00:00,2042,3,7,NA,-1.59054670106276,7.23357464867796
2042-03-08 12:00:00,2042,3,8,NA,-2.90514373140328,5.21427263172516
2042-03-09 12:00:00,2042,3,9,NA,-3.58570440939224,5.69621789483765
2042-03-10 12:00:00,2042,3,10,NA,-4.63685192597054,5.12496915390132
2042-03-11 12:00:00,2042,3,11,NA,-4.91573624167191,2.88203407034236
2042-03-12 12:00:00,2042,3,12,NA,-3.01181326058264,6.18957694937586
2042-03-13 12:00:00,2042,3,13,NA,-1.96342634889405,5.49361535581238
2042-03-14 12:00:00,2042,3,14,NA,0.327845063135286,8.09944393057805
2042-03-15 12:00:00,2042,3,15,NA,-2.13467773778528,12.0502866314466
2042-03-16 12:00:00,2042,3,16,NA,-5.79132061824305,11.1412597469671
2042-03-17 12:00:00,2042,3,17,NA,2.19753216026077,10.016552921827
2042-03-18 12:00:00,2042,3,18,NA,-1.07088145846912,4.93047444042235
2042-03-19 12:00:00,2042,3,19,NA,0.571845797274866,6.12636094222063
2042-03-20 12:00:00,2042,3,20,NA,3.771558636436,10.9101427059972
2042-03-21 12:00:00,2042,3,21,NA,-0.224953861329036,15.1088979346478
2042-03-22 12:00:00,2042,3,22,NA,-2.10119629719979,14.7996775355273
2042-03-23 12:00:00,2042,3,23,NA,-2.52629915999656,11.7765002562118
2042-03-24 12:00:00,2042,3,24,NA,1.86234752144575,10.6864688711865
2042-03-25 12:00:00,2042,3,25,NA,0.667703652309743,9.97436342645105
2042-03-26 12:00:00,2042,3,26,NA,2.93781576859498,7.26581043832448
2042-03-27 12:00:00,2042,3,27,NA,-0.0571549120562702,11.3634528450177
2042-03-28 12:00:00,2042,3,28,NA,2.41851415614392,8.4114230260744
2042-03-29 12:00:00,2042,3,29,NA,-1.32419191364976,12.5302251960549
2042-03-30 12:00:00,2042,3,30,NA,6.86624453572251,19.6003687607865
2042-03-31 12:00:00,2042,3,31,NA,4.18473167492897,13.5471162553081
2042-04-01 12:00:00,2042,4,1,NA,2.49278913538296,16.7328737208889
2042-04-02 12:00:00,2042,4,2,NA,11.7596640739589,18.3791564420614
2042-04-03 12:00:00,2042,4,3,NA,5.7987581476956,13.8992444802655
2042-04-04 12:00:00,2042,4,4,NA,5.43942359533026,12.5908623258624
2042-04-05 12:00:00,2042,4,5,NA,8.59433300340427,19.7548583868974
2042-04-06 12:00:00,2042,4,6,NA,6.30252112508143,23.3106682600734
2042-04-07 12:00:00,2042,4,7,NA,8.49529782316167,24.2139994570085
2042-04-08 12:00:00,2042,4,8,NA,12.4855488752416,19.8963124077967
2042-04-09 12:00:00,2042,4,9,NA,11.081581158304,18.2033118067559
2042-04-10 12:00:00,2042,4,10,NA,6.28221651450643,18.9884538626287
2042-04-11 12:00:00,2042,4,11,NA,5.10667813348923,18.5775715772416
2042-04-12 12:00:00,2042,4,12,NA,6.99990461993537,15.5050869771669
2042-04-13 12:00:00,2042,4,13,NA,8.25668137560385,14.1255855437042
2042-04-14 12:00:00,2042,4,14,NA,-0.184592112943498,14.117004121281
2042-04-15 12:00:00,2042,4,15,NA,8.52149006922242,13.889035045549
2042-04-16 12:00:00,2042,4,16,NA,11.6609019900219,15.8726371317418
2042-04-17 12:00:00,2042,4,17,NA,7.60935829197271,9.63719979076382
2042-04-18 12:00:00,2042,4,18,NA,3.85624680864745,11.3675547573189
2042-04-19 12:00:00,2042,4,19,NA,4.54139014593491,18.0852213071398
2042-04-20 12:00:00,2042,4,20,NA,6.29715839164524,17.7316553164283
2042-04-21 12:00:00,2042,4,21,NA,4.55019911714438,16.5626247943824
2042-04-22 12:00:00,2042,4,22,NA,6.69280040828584,16.1840540992612
2042-04-23 12:00:00,2042,4,23,NA,7.49840236524678,20.9452098948987
2042-04-24 12:00:00,2042,4,24,NA,12.6058142405909,24.3233257215742
2042-04-25 12:00:00,2042,4,25,NA,7.08959172319255,26.3869038772696
2042-04-26 12:00:00,2042,4,26,NA,7.14779614923721,26.2392163009351
2042-04-27 12:00:00,2042,4,27,NA,8.26646584897384,25.2746129839658
2042-04-28 12:00:00,2042,4,28,NA,8.19660327901193,20.3789673996211
2042-04-29 12:00:00,2042,4,29,NA,6.82138767177075,22.6735583927893
2042-04-30 12:00:00,2042,4,30,NA,3.9022679842576,24.4939567312747
2042-05-01 12:00:00,2042,5,1,NA,6.73239082657478,24.1465037071557
2042-05-02 12:00:00,2042,5,2,NA,10.2871841059246,19.7870080837597
2042-05-03 12:00:00,2042,5,3,NA,14.2929402457366,20.5379745833713
2042-05-04 12:00:00,2042,5,4,NA,9.79683328499908,19.767703672159
2042-05-05 12:00:00,2042,5,5,NA,5.87766399214215,20.8149455617432
2042-05-06 12:00:00,2042,5,6,NA,10.4169161285374,17.3600273408734
2042-05-07 12:00:00,2042,5,7,NA,14.3721632818291,20.304876257571
2042-05-08 12:00:00,2042,5,8,NA,9.64933803541916,20.3252413926138
2042-05-09 12:00:00,2042,5,9,NA,7.30941729147536,17.8193085408358
2042-05-10 12:00:00,2042,5,10,NA,7.16322752861176,21.0439870496685
2042-05-11 12:00:00,2042,5,11,NA,3.30804018698282,16.988510401687
2042-05-12 12:00:00,2042,5,12,NA,3.33303259749747,16.0249689633567
2042-05-13 12:00:00,2042,5,13,NA,5.87505316093508,14.7008859563424
2042-05-14 12:00:00,2042,5,14,NA,7.73237793401223,14.4594882658075
2042-05-15 12:00:00,2042,5,15,NA,8.73339984088745,16.5371645258115
2042-05-16 12:00:00,2042,5,16,NA,5.59631843935083,15.1495607301138
2042-05-17 12:00:00,2042,5,17,NA,6.27525623036006,14.0419681553656
2042-05-18 12:00:00,2042,5,18,NA,8.42659215833467,13.9561958588732
2042-05-19 12:00:00,2042,5,19,NA,10.4876005012688,18.7039802775556
2042-05-20 12:00:00,2042,5,20,NA,13.700746518499,18.5483403458212
2042-05-21 12:00:00,2042,5,21,NA,12.3139309626017,20.144732803747
2042-05-22 12:00:00,2042,5,22,NA,10.6185181573899,24.1238725553967
2042-05-23 12:00:00,2042,5,23,NA,11.1180316539041,16.2531371367479
2042-05-24 12:00:00,2042,5,24,NA,11.9764781648139,18.8871056500753
2042-05-25 12:00:00,2042,5,25,NA,10.1573855016182,21.9549441142365
2042-05-26 12:00:00,2042,5,26,NA,8.06454228213477,22.8324459085504
2042-05-27 12:00:00,2042,5,27,NA,9.13026766035517,14.5332730223355
2042-05-28 12:00:00,2042,5,28,NA,11.7131122050359,13.8845850224793
2042-05-29 12:00:00,2042,5,29,NA,6.64329484844755,14.5135696157602
2042-05-30 12:00:00,2042,5,30,NA,5.30513560449974,19.6629706126514
2042-05-31 12:00:00,2042,5,31,NA,6.76330743958165,24.5445250042133
2042-06-01 12:00:00,2042,6,1,NA,5.90140985540097,26.9711333951205
2042-06-02 12:00:00,2042,6,2,NA,13.0794063910292,29.7212002513547
2042-06-03 12:00:00,2042,6,3,NA,19.0744169962384,27.3387029295085
2042-06-04 12:00:00,2042,6,4,NA,16.1224190745696,25.2093999929988
2042-06-05 12:00:00,2042,6,5,NA,10.0357796427858,26.5085494198993
2042-06-06 12:00:00,2042,6,6,NA,8.56293763017204,22.9540541707322
2042-06-07 12:00:00,2042,6,7,NA,13.3896888857649,21.6692963645714
2042-06-08 12:00:00,2042,6,8,NA,13.0295718996028,21.2372507500902
2042-06-09 12:00:00,2042,6,9,NA,9.84219592061018,26.1331144205131
2042-06-10 12:00:00,2042,6,10,NA,13.2728120786231,30.8042593484585
2042-06-11 12:00:00,2042,6,11,NA,12.935763206738,27.5383779164369
2042-06-12 12:00:00,2042,6,12,NA,9.74384037342746,25.1930404168775
2042-06-13 12:00:00,2042,6,13,NA,8.91719285871388,21.9268596205012
2042-06-14 12:00:00,2042,6,14,NA,13.8581638402771,22.5549943856207
2042-06-15 12:00:00,2042,6,15,NA,15.2000549083357,23.8588493567269
2042-06-16 12:00:00,2042,6,16,NA,13.6268839691902,22.9248512529443
2042-06-17 12:00:00,2042,6,17,NA,9.60475964436821,23.6135294170951
2042-06-18 12:00:00,2042,6,18,NA,15.3093023334078,28.3189690951951
2042-06-19 12:00:00,2042,6,19,NA,16.3935050980853,27.3832176278474
2042-06-20 12:00:00,2042,6,20,NA,22.6607321541678,29.8736149921108
2042-06-21 12:00:00,2042,6,21,NA,24.02821358192,27.6779386387371
2042-06-22 12:00:00,2042,6,22,NA,20.6950609934926,27.3067447299379
2042-06-23 12:00:00,2042,6,23,NA,19.2106372533263,28.4272486965034
2042-06-24 12:00:00,2042,6,24,NA,16.8638462481367,28.5814975566118
2042-06-25 12:00:00,2042,6,25,NA,16.7940742599681,28.0271013566044
2042-06-26 12:00:00,2042,6,26,NA,15.7370444964299,28.2109657985258
2042-06-27 12:00:00,2042,6,27,NA,14.9300328322311,28.1723849456528
2042-06-28 12:00:00,2042,6,28,NA,15.5303860283358,26.8941299489926
2042-06-29 12:00:00,2042,6,29,NA,13.1305678523344,34.8839884251004
2042-06-30 12:00:00,2042,6,30,NA,14.4591995168156,28.9500952478134
2042-07-01 12:00:00,2042,7,1,NA,13.8771595821869,30.2835299637705
2042-07-02 12:00:00,2042,7,2,NA,16.6841044755158,34.1306450282777
2042-07-03 12:00:00,2042,7,3,NA,15.9850790586788,30.1056514703772
2042-07-04 12:00:00,2042,7,4,NA,12.4915435953168,29.6876328857347
2042-07-05 12:00:00,2042,7,5,NA,12.145260542422,25.0457958156186
2042-07-06 12:00:00,2042,7,6,NA,18.796452439211,28.8435939739533
2042-07-07 12:00:00,2042,7,7,NA,18.4731042993844,26.8686271093945
2042-07-08 12:00:00,2042,7,8,NA,17.9478162108207,24.5549364262023
2042-07-09 12:00:00,2042,7,9,NA,18.4206720916557,27.2241964513878
2042-07-10 12:00:00,2042,7,10,NA,20.5673896715138,25.9112043636947
2042-07-11 12:00:00,2042,7,11,NA,15.4842156061898,25.5641103537059
2042-07-12 12:00:00,2042,7,12,NA,18.440100437856,29.2342409107618
2042-07-13 12:00:00,2042,7,13,NA,18.0409905641901,31.5427239876601
2042-07-14 12:00:00,2042,7,14,NA,18.0006861431414,27.0228914778475
2042-07-15 12:00:00,2042,7,15,NA,17.6076326233571,24.6271525740307
2042-07-16 12:00:00,2042,7,16,NA,13.8213147541476,25.1090475912501
2042-07-17 12:00:00,2042,7,17,NA,15.6672772777661,27.80432568879
2042-07-18 12:00:00,2042,7,18,NA,15.0442357941517,30.3611501063638
2042-07-19 12:00:00,2042,7,19,NA,18.0196876616001,27.341344375733
2042-07-20 12:00:00,2042,7,20,NA,18.3669257432562,23.1050168454786
2042-07-21 12:00:00,2042,7,21,NA,12.975513823797,22.6956721305038
2042-07-22 12:00:00,2042,7,22,NA,13.6860943815437,28.7191868303787
2042-07-23 12:00:00,2042,7,23,NA,18.6253041597194,27.4748567873537
2042-07-24 12:00:00,2042,7,24,NA,13.576154050206,23.1700192675898
2042-07-25 12:00:00,2042,7,25,NA,16.5284583074681,21.8161149053417
2042-07-26 12:00:00,2042,7,26,NA,14.5807911219204,25.8443483131927
2042-07-27 12:00:00,2042,7,27,NA,15.3871919565514,30.5045338285855
2042-07-28 12:00:00,2042,7,28,NA,15.414926500181,32.4073387246513
2042-07-29 12:00:00,2042,7,29,NA,12.2593734080575,28.4021148480917
2042-07-30 12:00:00,2042,7,30,NA,10.9713827649401,27.3863726164246
2042-07-31 12:00:00,2042,7,31,NA,12.9420630400814,28.8582502846979
2042-08-01 12:00:00,2042,8,1,NA,12.7212654571319,30.9714438295162
2042-08-02 12:00:00,2042,8,2,NA,16.0327325415334,28.0913580588057
2042-08-03 12:00:00,2042,8,3,NA,13.0034078284663,34.5459014968281
2042-08-04 12:00:00,2042,8,4,NA,16.475787187746,34.2654048518342
2042-08-05 12:00:00,2042,8,5,NA,17.965530241533,27.78380055057
2042-08-06 12:00:00,2042,8,6,NA,14.8130298907491,22.9560315495102
2042-08-07 12:00:00,2042,8,7,NA,14.3966536393384,23.4457868108003
2042-08-08 12:00:00,2042,8,8,NA,14.1218018334902,21.7549443343675
2042-08-09 12:00:00,2042,8,9,NA,11.0831140228133,22.1758756361406
2042-08-10 12:00:00,2042,8,10,NA,11.7446477676494,22.7075454345211
2042-08-11 12:00:00,2042,8,11,NA,11.2900297320577,22.0671483291273
2042-08-12 12:00:00,2042,8,12,NA,11.9616248141989,21.8477965910163
2042-08-13 12:00:00,2042,8,13,NA,12.695933791406,21.8504017966595
2042-08-14 12:00:00,2042,8,14,NA,13.4486400139567,31.4143454309143
2042-08-15 12:00:00,2042,8,15,NA,17.717131626402,28.4942502234716
2042-08-16 12:00:00,2042,8,16,NA,18.3016975279114,26.0023968790187
2042-08-17 12:00:00,2042,8,17,NA,21.0253910862875,28.8132947187625
2042-08-18 12:00:00,2042,8,18,NA,23.8073304214072,33.1201644820738
2042-08-19 12:00:00,2042,8,19,NA,18.2533823002118,30.667376754955
2042-08-20 12:00:00,2042,8,20,NA,16.742463589933,31.241171847523
2042-08-21 12:00:00,2042,8,21,NA,20.7632994303925,28.99420360174
2042-08-22 12:00:00,2042,8,22,NA,20.998300748653,28.2753585185491
2042-08-23 12:00:00,2042,8,23,NA,19.6097104644329,27.8644683732312
2042-08-24 12:00:00,2042,8,24,NA,17.8022619525608,25.009769249808
2042-08-25 12:00:00,2042,8,25,NA,16.3310330272192,28.1257553896932
2042-08-26 12:00:00,2042,8,26,NA,15.0034131481597,30.841391038594
2042-08-27 12:00:00,2042,8,27,NA,17.6162758001856,32.3480424868816
2042-08-28 12:00:00,2042,8,28,NA,19.1828882950793,26.6041572051264
2042-08-29 12:00:00,2042,8,29,NA,18.9427633239263,23.8346479648272
2042-08-30 12:00:00,2042,8,30,NA,16.3873815790469,29.4520957899159
2042-08-31 12:00:00,2042,8,31,NA,13.6161776266933,24.8967565999356
2042-09-01 12:00:00,2042,9,1,NA,14.8652689647431,22.0369982263123
2042-09-02 12:00:00,2042,9,2,NA,13.1036594148482,21.1711316124818
2042-09-03 12:00:00,2042,9,3,NA,14.0227042135024,20.2189094852825
2042-09-04 12:00:00,2042,9,4,NA,15.1636845876333,23.1042646333796
2042-09-05 12:00:00,2042,9,5,NA,14.1337545577316,22.0743346034779
2042-09-06 12:00:00,2042,9,6,NA,12.4737271884759,24.1891965568166
2042-09-07 12:00:00,2042,9,7,NA,12.4008942959082,25.6895709661833
2042-09-08 12:00:00,2042,9,8,NA,19.000058771885,22.9130728644735
2042-09-09 12:00:00,2042,9,9,NA,17.1736945031647,22.8350707456174
2042-09-10 12:00:00,2042,9,10,NA,14.8753136244372,24.763032791369
2042-09-11 12:00:00,2042,9,11,NA,12.9914167306248,22.5626880479143
2042-09-12 12:00:00,2042,9,12,NA,16.1260032963365,26.7814521646545
2042-09-13 12:00:00,2042,9,13,NA,11.1413641339884,24.3726013097111
2042-09-14 12:00:00,2042,9,14,NA,13.4030560662126,21.6869796870697
2042-09-15 12:00:00,2042,9,15,NA,12.7718162610308,20.1963441789053
2042-09-16 12:00:00,2042,9,16,NA,10.1094237434133,19.4059113779328
2042-09-17 12:00:00,2042,9,17,NA,11.6597431791248,18.3131839763901
2042-09-18 12:00:00,2042,9,18,NA,14.4142253420581,21.2017908070935
2042-09-19 12:00:00,2042,9,19,NA,14.7403214529513,21.5278869179867
2042-09-20 12:00:00,2042,9,20,NA,13.1788135090276,19.271037667091
2042-09-21 12:00:00,2042,9,21,NA,11.2186808477762,17.3109050058395
2042-09-22 12:00:00,2042,9,22,NA,9.36371135222107,13.7855617809446
2042-09-23 12:00:00,2042,9,23,NA,8.77220634073907,13.729918671863
2042-09-24 12:00:00,2042,9,24,NA,6.66192586602231,17.3173747343403
2042-09-25 12:00:00,2042,9,25,NA,8.94757598446309,18.9633330458516
2042-09-26 12:00:00,2042,9,26,NA,10.2747145356044,22.719339564605
2042-09-27 12:00:00,2042,9,27,NA,12.1209872367063,20.0566507251664
2042-09-28 12:00:00,2042,9,28,NA,12.0463205392314,23.7617899075721
2042-09-29 12:00:00,2042,9,29,NA,15.6562113890675,24.6013784066635
2042-09-30 12:00:00,2042,9,30,NA,15.8574534685874,28.6370845999447
2042-10-01 12:00:00,2042,10,1,NA,18.6865892591473,22.6078295565934
2042-10-02 12:00:00,2042,10,2,NA,15.6402094170936,21.5352150527367
2042-10-03 12:00:00,2042,10,3,NA,14.874257519683,23.4368431793157
2042-10-04 12:00:00,2042,10,4,NA,13.2616954240707,25.4597755608093
2042-10-05 12:00:00,2042,10,5,NA,12.8781813583911,25.2847457915182
2042-10-06 12:00:00,2042,10,6,NA,13.1993341469534,22.647965515799
2042-10-07 12:00:00,2042,10,7,NA,9.30156447020884,19.0299846815891
2042-10-08 12:00:00,2042,10,8,NA,7.23947064724105,20.345844669439
2042-10-09 12:00:00,2042,10,9,NA,10.2575185714027,19.8456023993595
2042-10-10 12:00:00,2042,10,10,NA,10.6198695323964,17.9247682178027
2042-10-11 12:00:00,2042,10,11,NA,9.60636280084771,17.7938719576307
2042-10-12 12:00:00,2042,10,12,NA,8.7812827343513,19.5869250494496
2042-10-13 12:00:00,2042,10,13,NA,9.09196703983393,21.2385747443663
2042-10-14 12:00:00,2042,10,14,NA,12.4993023826276,23.4925573096753
2042-10-15 12:00:00,2042,10,15,NA,13.0221851904995,26.9265296420078
2042-10-16 12:00:00,2042,10,16,NA,16.3442147823022,23.5968165323423
2042-10-17 12:00:00,2042,10,17,NA,14.4805337145075,27.737297104598
2042-10-18 12:00:00,2042,10,18,NA,12.9086948316631,22.6493354889154
2042-10-19 12:00:00,2042,10,19,NA,12.4217138387137,26.2092082524105
2042-10-20 12:00:00,2042,10,20,NA,13.8211152302573,25.3050921346747
2042-10-21 12:00:00,2042,10,21,NA,14.753567567305,22.1537805615786
2042-10-22 12:00:00,2042,10,22,NA,12.6154221413894,22.1063543761581
2042-10-23 12:00:00,2042,10,23,NA,13.9670320631944,21.7844595971534
2042-10-24 12:00:00,2042,10,24,NA,9.07825902596254,19.9136927202418
2042-10-25 12:00:00,2042,10,25,NA,7.77720645998195,16.4662917804803
2042-10-26 12:00:00,2042,10,26,NA,6.06134908001373,13.6289498961089
2042-10-27 12:00:00,2042,10,27,NA,5.65194954808392,15.3192632612609
2042-10-28 12:00:00,2042,10,28,NA,3.91212214456333,14.7475558388426
2042-10-29 12:00:00,2042,10,29,NA,6.17076305084385,13.0312737328114
2042-10-30 12:00:00,2042,10,30,NA,1.41243779672757,12.2665015982175
2042-10-31 12:00:00,2042,10,31,NA,7.49998163106886,12.9127217645786
2042-11-01 12:00:00,2042,11,1,NA,9.05047668824338,15.4909016645837
2042-11-02 12:00:00,2042,11,2,NA,7.02069849460818,16.1998144613361
2042-11-03 12:00:00,2042,11,3,NA,3.59656281201751,13.8748389992434
2042-11-04 12:00:00,2042,11,4,NA,5.27102297410875,16.2095210815329
2042-11-05 12:00:00,2042,11,5,NA,7.64144900730499,16.876117959844
2042-11-06 12:00:00,2042,11,6,NA,12.1264769218118,19.8071782702207
2042-11-07 12:00:00,2042,11,7,NA,9.81768862593119,20.9789600330323
2042-11-08 12:00:00,2042,11,8,NA,10.6230488886894,20.6371048590287
2042-11-09 12:00:00,2042,11,9,NA,13.4517539081756,17.2353455942751
2042-11-10 12:00:00,2042,11,10,NA,11.8547771755547,18.6572056098368
2042-11-11 12:00:00,2042,11,11,NA,11.9095026016144,19.9374725478858
2042-11-12 12:00:00,2042,11,12,NA,7.67923799734812,19.6103495203422
2042-11-13 12:00:00,2042,11,13,NA,6.59619166618203,14.9590178594763
2042-11-14 12:00:00,2042,11,14,NA,5.04032716812841,15.2783212151201
2042-11-15 12:00:00,2042,11,15,NA,6.4786066137144,13.1294994944227
2042-11-16 12:00:00,2042,11,16,NA,9.27081019954618,13.0001587010365
2042-11-17 12:00:00,2042,11,17,NA,5.49393746602305,9.44607558108779
2042-11-18 12:00:00,2042,11,18,NA,5.54512587575303,10.2914491277781
2042-11-19 12:00:00,2042,11,19,NA,4.49382658563315,9.32802084564101
2042-11-20 12:00:00,2042,11,20,NA,8.52939296850016,14.4831597049153
2042-11-21 12:00:00,2042,11,21,NA,11.9071309400847,15.6474695764073
2042-11-22 12:00:00,2042,11,22,NA,10.3792360294218,16.0474580064044
2042-11-23 12:00:00,2042,11,23,NA,6.50143296580186,9.30487775491099
2042-11-24 12:00:00,2042,11,24,NA,7.70029942660751,11.4238292655262
2042-11-25 12:00:00,2042,11,25,NA,5.39421893563029,9.6508080205778
2042-11-26 12:00:00,2042,11,26,NA,7.64762912348092,13.2610121370825
2042-11-27 12:00:00,2042,11,27,NA,7.23310097850447,12.978967191154
2042-11-28 12:00:00,2042,11,28,NA,7.26283255657059,13.0976001345488
2042-11-29 12:00:00,2042,11,29,NA,7.7079386285667,13.4538048412163
2042-11-30 12:00:00,2042,11,30,NA,8.72973814732734,17.1782723800389
2042-12-01 12:00:00,2042,12,1,NA,7.37400494905881,15.2157712845286
2042-12-02 12:00:00,2042,12,2,NA,7.04004145532488,17.7230105468258
2042-12-03 12:00:00,2042,12,3,NA,9.65776164771097,14.3692913102528
2042-12-04 12:00:00,2042,12,4,NA,8.38057768840802,13.4691552563464
2042-12-05 12:00:00,2042,12,5,NA,3.97303696333649,10.7774754879822
2042-12-06 12:00:00,2042,12,6,NA,8.73646841916323,13.8252992242737
2042-12-07 12:00:00,2042,12,7,NA,7.37471543030242,12.5289608549435
2042-12-08 12:00:00,2042,12,8,NA,8.70500928603762,14.5052624242972
2042-12-09 12:00:00,2042,12,9,NA,0.855085590036196,8.33762691688668
2042-12-10 12:00:00,2042,12,10,NA,0.200082244991139,6.21550552887699
2042-12-11 12:00:00,2042,12,11,NA,2.98718947226056,12.691309479201
2042-12-12 12:00:00,2042,12,12,NA,9.41803586650372,13.9003853893702
2042-12-13 12:00:00,2042,12,13,NA,8.24033098998321,15.2075093212932
2042-12-14 12:00:00,2042,12,14,NA,6.70448291987177,19.1449540912541
2042-12-15 12:00:00,2042,12,15,NA,8.70847514532301,11.7119607937673
2042-12-16 12:00:00,2042,12,16,NA,5.08742930872051,8.65323978222649
2042-12-17 12:00:00,2042,12,17,NA,6.6040420980336,10.4638722249064
2042-12-18 12:00:00,2042,12,18,NA,6.88972417633396,7.58235878193175
2042-12-19 12:00:00,2042,12,19,NA,4.19530057241928,8.21427761216069
2042-12-20 12:00:00,2042,12,20,NA,5.63372952963153,9.68287442574602
2042-12-21 12:00:00,2042,12,21,NA,8.31686227731347,10.2789919436589
2042-12-22 12:00:00,2042,12,22,NA,3.9421254847024,4.93328092264642
2042-12-23 12:00:00,2042,12,23,NA,3.55038271004307,4.96578648608053
2042-12-24 12:00:00,2042,12,24,NA,4.36602788969577,5.38409917216897
2042-12-25 12:00:00,2042,12,25,NA,4.34143432329355,7.39254958157396
2042-12-26 12:00:00,2042,12,26,NA,1.86128795972274,3.89853099704073
2042-12-27 12:00:00,2042,12,27,NA,4.74933100827131,7.55003907088634
2042-12-28 12:00:00,2042,12,28,NA,0.523164911673573,4.58062317211609
2042-12-29 12:00:00,2042,12,29,NA,5.05274383248966,9.09342681242241
2042-12-30 12:00:00,2042,12,30,NA,5.54617167470067,10.299540793469
2042-12-31 12:00:00,2042,12,31,NA,6.35380100730073,9.2310544841208
2043-01-01 12:00:00,2043,1,1,NA,5.87436725555707,14.0101607662331
2043-01-02 12:00:00,2043,1,2,NA,7.56976707161725,10.3704751342323
2043-01-03 12:00:00,2043,1,3,NA,8.85699861107731,11.5911699992325
2043-01-04 12:00:00,2043,1,4,NA,9.12253907932464,16.1752946692903
2043-01-05 12:00:00,2043,1,5,NA,8.76794177203743,15.8459062130524
2043-01-06 12:00:00,2043,1,6,NA,7.49562193082874,15.3475964746825
2043-01-07 12:00:00,2043,1,7,NA,10.3546503448985,13.9353728874576
2043-01-08 12:00:00,2043,1,8,NA,10.5256104084666,15.9338268669105
2043-01-09 12:00:00,2043,1,9,NA,8.80983216518113,13.5758909644096
2043-01-10 12:00:00,2043,1,10,NA,9.10206312358881,10.0451423722263
2043-01-11 12:00:00,2043,1,11,NA,3.16924370256125,10.2090000307778
2043-01-12 12:00:00,2043,1,12,NA,2.64626493621087,5.76581536410833
2043-01-13 12:00:00,2043,1,13,NA,4.70806711130096,7.83369941873992
2043-01-14 12:00:00,2043,1,14,NA,2.21355854290838,6.404018781738
2043-01-15 12:00:00,2043,1,15,NA,-1.78614375716251,1.33948855027645
2043-01-16 12:00:00,2043,1,16,NA,-3.69213742679721,-0.542652042350284
2043-01-17 12:00:00,2043,1,17,NA,-3.46506209564135,1.30533860265303
2043-01-18 12:00:00,2043,1,18,NA,1.98651235109273,3.93142405792969
2043-01-19 12:00:00,2043,1,19,NA,-0.668526670663715,1.64481950136097
2043-01-20 12:00:00,2043,1,20,NA,-3.16487462843995,9.83381342006252
2043-01-21 12:00:00,2043,1,21,NA,1.89752947105182,8.16748867544231
2043-01-22 12:00:00,2043,1,22,NA,0.806497392910713,7.38081309194664
2043-01-23 12:00:00,2043,1,23,NA,-6.34823399867635,-4.12238749449182
2043-01-24 12:00:00,2043,1,24,NA,-4.96548040093657,-0.460511967635814
2043-01-25 12:00:00,2043,1,25,NA,-10.9839196773361,-4.69364642677184
2043-01-26 12:00:00,2043,1,26,NA,-9.27846633415862,-6.24594821874314
2043-01-27 12:00:00,2043,1,27,NA,-5.98247205438795,-3.88685205836753
2043-01-28 12:00:00,2043,1,28,NA,-7.97893348473558,-2.8973078674551
2043-01-29 12:00:00,2043,1,29,NA,-6.37039422531192,0.0473290279741532
2043-01-30 12:00:00,2043,1,30,NA,-3.443766890332,7.95011676678651
2043-01-31 12:00:00,2043,1,31,NA,5.1499510958375,11.5889051339788
2043-02-01 12:00:00,2043,2,1,NA,6.16809348176547,10.2524489580118
2043-02-02 12:00:00,2043,2,2,NA,1.30013845122859,7.04708424440503
2043-02-03 12:00:00,2043,2,3,NA,1.35603404478716,4.72408848192924
2043-02-04 12:00:00,2043,2,4,NA,2.71329243792471,9.95959119820749
2043-02-05 12:00:00,2043,2,5,NA,8.63198188994879,11.9574961243791
2043-02-06 12:00:00,2043,2,6,NA,13.157453573373,16.5631852607708
2043-02-07 12:00:00,2043,2,7,NA,11.9659710607605,14.4382397110383
2043-02-08 12:00:00,2043,2,8,NA,9.74669528549858,15.6325040458378
2043-02-09 12:00:00,2043,2,9,NA,3.96578501113885,17.5278940454983
2043-02-10 12:00:00,2043,2,10,NA,6.92175884155558,15.1881373304408
2043-02-11 12:00:00,2043,2,11,NA,5.98731202050765,16.5908245189845
2043-02-12 12:00:00,2043,2,12,NA,7.7021683879587,14.3094485050847
2043-02-13 12:00:00,2043,2,13,NA,12.7961183948108,14.5053494985149
2043-02-14 12:00:00,2043,2,14,NA,8.68253821493935,11.973305360763
2043-02-15 12:00:00,2043,2,15,NA,5.96339188336282,17.374681485272
2043-02-16 12:00:00,2043,2,16,NA,7.63116796231902,19.0424575642282
2043-02-17 12:00:00,2043,2,17,NA,5.33104660957064,12.8970727004276
2043-02-18 12:00:00,2043,2,18,NA,9.89889660368382,13.3806014450537
2043-02-19 12:00:00,2043,2,19,NA,7.60322691497208,14.8267908070569
2043-02-20 12:00:00,2043,2,20,NA,10.0667903986648,17.3138150979266
2043-02-21 12:00:00,2043,2,21,NA,9.73956245369019,15.4131400205132
2043-02-22 12:00:00,2043,2,22,NA,8.38134951406735,15.2215203078641
2043-02-23 12:00:00,2043,2,23,NA,8.99728422155646,20.5679973892062
2043-02-24 12:00:00,2043,2,24,NA,9.23747597808481,19.7204195232888
2043-02-25 12:00:00,2043,2,25,NA,-5.07970590759992,13.1044706598897
2043-02-26 12:00:00,2043,2,26,NA,3.69228529603739,15.1855745931828
2043-02-27 12:00:00,2043,2,27,NA,6.62093082449845,13.3820145288588
2043-02-28 12:00:00,2043,2,28,NA,9.26480531921438,14.2470082498716
2043-03-01 12:00:00,2043,3,1,NA,7.98610071009506,9.78590460785776
2043-03-02 12:00:00,2043,3,2,NA,5.31901923823308,7.76614869953751
2043-03-03 12:00:00,2043,3,3,NA,3.33863580324622,12.6362591811706
2043-03-04 12:00:00,2043,3,4,NA,1.39870424199793,10.0145745498753
2043-03-05 12:00:00,2043,3,5,NA,6.01811677119493,10.5009025917908
2043-03-06 12:00:00,2043,3,6,NA,2.88055406345475,10.019138133016
2043-03-07 12:00:00,2043,3,7,NA,2.20894750989446,9.0637393548935
2043-03-08 12:00:00,2043,3,8,NA,4.12057899639088,10.0348517831506
2043-03-09 12:00:00,2043,3,9,NA,5.79365031032478,14.005850488896
2043-03-10 12:00:00,2043,3,10,NA,3.31632472678568,16.1586096925691
2043-03-11 12:00:00,2043,3,11,NA,2.68766367837444,11.5711570112311
2043-03-12 12:00:00,2043,3,12,NA,5.0083271756356,9.57904721350608
2043-03-13 12:00:00,2043,3,13,NA,3.5676266292598,9.6520216010545
2043-03-14 12:00:00,2043,3,14,NA,7.47464037434857,15.9545356691297
2043-03-15 12:00:00,2043,3,15,NA,5.02681831614073,15.443696633794
2043-03-16 12:00:00,2043,3,16,NA,3.09439275061319,15.4807939161315
2043-03-17 12:00:00,2043,3,17,NA,1.36985091315812,13.2385202974344
2043-03-18 12:00:00,2043,3,18,NA,5.25614274074532,22.6086959871111
2043-03-19 12:00:00,2043,3,19,NA,7.79244051397875,20.0819739952286
2043-03-20 12:00:00,2043,3,20,NA,6.5873994297903,18.4338646599776
2043-03-21 12:00:00,2043,3,21,NA,7.06782413278016,17.2353778811177
2043-03-22 12:00:00,2043,3,22,NA,3.42291226941881,19.6300910644703
2043-03-23 12:00:00,2043,3,23,NA,2.29509698751024,16.2615909715289
2043-03-24 12:00:00,2043,3,24,NA,4.80864739049088,16.2858772964461
2043-03-25 12:00:00,2043,3,25,NA,3.72726692092471,11.3266895803442
2043-03-26 12:00:00,2043,3,26,NA,4.8155450609383,11.3468064797606
2043-03-27 12:00:00,2043,3,27,NA,2.42584274377929,12.830687840152
2043-03-28 12:00:00,2043,3,28,NA,-1.35430303039542,12.9274812030851
2043-03-29 12:00:00,2043,3,29,NA,1.51311678669717,9.52896361167361
2043-03-30 12:00:00,2043,3,30,NA,3.45187679322134,7.60420698744282
2043-03-31 12:00:00,2043,3,31,NA,3.12242917644562,9.30458520327614
2043-04-01 12:00:00,2043,4,1,NA,-1.72844404832098,8.03337703155087
2043-04-02 12:00:00,2043,4,2,NA,-1.31754526022054,6.19611316203506
2043-04-03 12:00:00,2043,4,3,NA,2.46516001993997,6.5262507119893
2043-04-04 12:00:00,2043,4,4,NA,1.20103370353164,9.50952445834887
2043-04-05 12:00:00,2043,4,5,NA,2.70854404387517,9.67099011342131
2043-04-06 12:00:00,2043,4,6,NA,0.547960779524716,10.581911072005
2043-04-07 12:00:00,2043,4,7,NA,0.399315636641072,13.8702090803935
2043-04-08 12:00:00,2043,4,8,NA,7.06786951039953,14.2193082409317
2043-04-09 12:00:00,2043,4,9,NA,8.3686533130898,15.2401237808053
2043-04-10 12:00:00,2043,4,10,NA,6.17630507437914,15.6352908095694
2043-04-11 12:00:00,2043,4,11,NA,5.6412427219186,13.2211914284941
2043-04-12 12:00:00,2043,4,12,NA,4.28158960678714,20.1743479491499
2043-04-13 12:00:00,2043,4,13,NA,6.76033653476277,22.4790381686096
2043-04-14 12:00:00,2043,4,14,NA,7.48223476470875,24.3394430470097
2043-04-15 12:00:00,2043,4,15,NA,8.00328770988493,23.1897403429936
2043-04-16 12:00:00,2043,4,16,NA,5.55705320932197,23.6181774802588
2043-04-17 12:00:00,2043,4,17,NA,7.96207472814185,24.0359292310624
2043-04-18 12:00:00,2043,4,18,NA,10.1660200075712,24.4607058037344
2043-04-19 12:00:00,2043,4,19,NA,15.5820601602927,29.1150261708321
2043-04-20 12:00:00,2043,4,20,NA,14.4162619947216,30.5929912448664
2043-04-21 12:00:00,2043,4,21,NA,14.8215125865983,26.5390240675816
2043-04-22 12:00:00,2043,4,22,NA,10.1886479511449,22.6451170609085
2043-04-23 12:00:00,2043,4,23,NA,6.97009635980714,13.0360292624343
2043-04-24 12:00:00,2043,4,24,NA,4.76109208164712,15.3402675655693
2043-04-25 12:00:00,2043,4,25,NA,-1.45597086342629,16.072277164294
2043-04-26 12:00:00,2043,4,26,NA,-0.99997106096423,17.9387424461173
2043-04-27 12:00:00,2043,4,27,NA,7.05420055123234,17.4045667180079
2043-04-28 12:00:00,2043,4,28,NA,2.53433840011837,15.1778891533648
2043-04-29 12:00:00,2043,4,29,NA,3.06863424029067,19.3702817098263
2043-04-30 12:00:00,2043,4,30,NA,2.7334869465208,13.8940123300139
2043-05-01 12:00:00,2043,5,1,NA,6.94195084281048,17.3169875840869
2043-05-02 12:00:00,2043,5,2,NA,7.30213101571525,18.7366279404983
2043-05-03 12:00:00,2043,5,3,NA,9.02386343073298,18.577105721496
2043-05-04 12:00:00,2043,5,4,NA,9.36784759185668,18.0886435064711
2043-05-05 12:00:00,2043,5,5,NA,11.005405296346,15.8529991236682
2043-05-06 12:00:00,2043,5,6,NA,13.4292959305232,17.0999424044522
2043-05-07 12:00:00,2043,5,7,NA,10.102974724393,20.7939044254291
2043-05-08 12:00:00,2043,5,8,NA,12.2889378233394,19.1995653086009
2043-05-09 12:00:00,2043,5,9,NA,7.44221689707203,21.2572043175999
2043-05-10 12:00:00,2043,5,10,NA,6.55460544531756,17.834902245841
2043-05-11 12:00:00,2043,5,11,NA,3.13406771549503,17.7577008626621
2043-05-12 12:00:00,2043,5,12,NA,4.20498754297501,17.8854577576792
2043-05-13 12:00:00,2043,5,13,NA,7.99998136745254,18.6909110684886
2043-05-14 12:00:00,2043,5,14,NA,10.1001917307444,26.6050086983286
2043-05-15 12:00:00,2043,5,15,NA,11.2877785840786,27.929572444404
2043-05-16 12:00:00,2043,5,16,NA,14.0784169969265,26.6894976475823
2043-05-17 12:00:00,2043,5,17,NA,13.9086976307641,27.723685051292
2043-05-18 12:00:00,2043,5,18,NA,15.6317514446855,24.5071964623937
2043-05-19 12:00:00,2043,5,19,NA,19.7133084060423,24.8888337576058
2043-05-20 12:00:00,2043,5,20,NA,13.9356228359357,25.7244075643613
2043-05-21 12:00:00,2043,5,21,NA,10.5714436347262,28.0396105893462
2043-05-22 12:00:00,2043,5,22,NA,11.0840588488044,26.7422571811916
2043-05-23 12:00:00,2043,5,23,NA,11.742923389738,23.5968554746996
2043-05-24 12:00:00,2043,5,24,NA,10.8909693107214,22.5507726627871
2043-05-25 12:00:00,2043,5,25,NA,9.49286772057192,24.0471379937627
2043-05-26 12:00:00,2043,5,26,NA,11.2386621211415,23.0294686341753
2043-05-27 12:00:00,2043,5,27,NA,10.2883244025647,19.3743209128383
2043-05-28 12:00:00,2043,5,28,NA,16.883420441004,26.7670453672215
2043-05-29 12:00:00,2043,5,29,NA,15.474341474795,24.2852440919633
2043-05-30 12:00:00,2043,5,30,NA,11.2201542897793,19.4365340660661
2043-05-31 12:00:00,2043,5,31,NA,11.154061349487,15.1362666597903
2043-06-01 12:00:00,2043,6,1,NA,12.3704778556142,14.3313273258649
2043-06-02 12:00:00,2043,6,2,NA,13.2636456800369,17.2266757986328
2043-06-03 12:00:00,2043,6,3,NA,11.3376509384248,17.9493346748701
2043-06-04 12:00:00,2043,6,4,NA,12.7703241175727,21.9868036243048
2043-06-05 12:00:00,2043,6,5,NA,14.9666172175973,23.4611271294756
2043-06-06 12:00:00,2043,6,6,NA,14.2026987101015,24.3564711793168
2043-06-07 12:00:00,2043,6,7,NA,12.4571118206512,27.8165641284646
2043-06-08 12:00:00,2043,6,8,NA,14.9507551741651,27.200538158839
2043-06-09 12:00:00,2043,6,9,NA,14.6617265042982,26.0257885215156
2043-06-10 12:00:00,2043,6,10,NA,16.046532736292,25.453253671663
2043-06-11 12:00:00,2043,6,11,NA,17.9071448834188,27.1496967336058
2043-06-12 12:00:00,2043,6,12,NA,17.9623291414886,25.1174046253963
2043-06-13 12:00:00,2043,6,13,NA,15.9539138652323,21.3091143233064
2043-06-14 12:00:00,2043,6,14,NA,13.7817747235587,19.635858429978
2043-06-15 12:00:00,2043,6,15,NA,15.5329295769241,22.1446133133694
2043-06-16 12:00:00,2043,6,16,NA,14.0467266698156,24.3764834384273
2043-06-17 12:00:00,2043,6,17,NA,14.5294024863955,24.0147256496998
2043-06-18 12:00:00,2043,6,18,NA,10.5703951934131,20.3736710248455
2043-06-19 12:00:00,2043,6,19,NA,7.2353439491849,21.6380518526296
2043-06-20 12:00:00,2043,6,20,NA,9.24242787102089,23.6729983794939
2043-06-21 12:00:00,2043,6,21,NA,6.15085131062222,24.0189788996603
2043-06-22 12:00:00,2043,6,22,NA,10.0544420045594,22.4402581877555
2043-06-23 12:00:00,2043,6,23,NA,10.3356393973847,34.3161792131976
2043-06-24 12:00:00,2043,6,24,NA,13.0696169325385,35.9861517397081
2043-06-25 12:00:00,2043,6,25,NA,10.3743948428565,34.1383006523284
2043-06-26 12:00:00,2043,6,26,NA,18.2850297316413,29.5570688200368
2043-06-27 12:00:00,2043,6,27,NA,17.2907059802169,25.5457124425242
2043-06-28 12:00:00,2043,6,28,NA,18.1148155262745,26.296998689372
2043-06-29 12:00:00,2043,6,29,NA,19.3254665605021,25.5145843119027
2043-06-30 12:00:00,2043,6,30,NA,12.7386366150557,26.6506843715171
2043-07-01 12:00:00,2043,7,1,NA,13.6951617181512,25.2027076473276
2043-07-02 12:00:00,2043,7,2,NA,11.7210373429428,26.6701057912097
2043-07-03 12:00:00,2043,7,3,NA,15.3004598554128,23.6959826654229
2043-07-04 12:00:00,2043,7,4,NA,19.1788864093218,27.7603461075145
2043-07-05 12:00:00,2043,7,5,NA,21.9237977936446,24.7752129687279
2043-07-06 12:00:00,2043,7,6,NA,15.8190685453536,23.9223988835576
2043-07-07 12:00:00,2043,7,7,NA,14.8327850690946,24.9148754437959
2043-07-08 12:00:00,2043,7,8,NA,14.8831632513617,24.4699870690969
2043-07-09 12:00:00,2043,7,9,NA,10.961048085233,25.1381331952073
2043-07-10 12:00:00,2043,7,10,NA,10.8354586646431,27.9745513532343
2043-07-11 12:00:00,2043,7,11,NA,11.9424868743515,24.7990156996126
2043-07-12 12:00:00,2043,7,12,NA,13.5306993753942,28.9767592943817
2043-07-13 12:00:00,2043,7,13,NA,17.3994364817862,28.6629936730585
2043-07-14 12:00:00,2043,7,14,NA,14.289806037542,30.2531873519906
2043-07-15 12:00:00,2043,7,15,NA,13.775223709861,26.9518933320526
2043-07-16 12:00:00,2043,7,16,NA,13.2785966990785,24.6777923286363
2043-07-17 12:00:00,2043,7,17,NA,14.1504650626856,23.7443302800694
2043-07-18 12:00:00,2043,7,18,NA,14.4740476465583,23.8519710831994
2043-07-19 12:00:00,2043,7,19,NA,14.1660867351314,29.2302244325779
2043-07-20 12:00:00,2043,7,20,NA,10.3741704891169,25.0024528109979
2043-07-21 12:00:00,2043,7,21,NA,14.0537951442008,23.9706937056469
2043-07-22 12:00:00,2043,7,22,NA,15.3862872467847,23.4896175849887
2043-07-23 12:00:00,2043,7,23,NA,17.3587591555707,26.1690896602692
2043-07-24 12:00:00,2043,7,24,NA,13.2304021229685,23.0491766622681
2043-07-25 12:00:00,2043,7,25,NA,13.3109527448724,25.7496899368525
2043-07-26 12:00:00,2043,7,26,NA,12.5575482694227,27.536568609721
2043-07-27 12:00:00,2043,7,27,NA,13.6064260831894,29.2792252387979
2043-07-28 12:00:00,2043,7,28,NA,17.1325122752346,23.73926664235
2043-07-29 12:00:00,2043,7,29,NA,12.9576178867822,25.4015253904949
2043-07-30 12:00:00,2043,7,30,NA,11.6506429922266,27.8102312484221
2043-07-31 12:00:00,2043,7,31,NA,13.768069545558,24.7786033697035
2043-08-01 12:00:00,2043,8,1,NA,15.0693755172025,24.7895338239092
2043-08-02 12:00:00,2043,8,2,NA,15.9966434419251,27.2584883835206
2043-08-03 12:00:00,2043,8,3,NA,12.7313119844733,28.9768503529876
2043-08-04 12:00:00,2043,8,4,NA,15.1455770790102,25.6065078383015
2043-08-05 12:00:00,2043,8,5,NA,18.2162692851992,32.3578179510247
2043-08-06 12:00:00,2043,8,6,NA,18.3366782588108,28.5233917150349
2043-08-07 12:00:00,2043,8,7,NA,14.9258118299345,30.7762965571178
2043-08-08 12:00:00,2043,8,8,NA,20.555914124282,36.2197363545039
2043-08-09 12:00:00,2043,8,9,NA,17.7564190313871,36.6977636503635
2043-08-10 12:00:00,2043,8,10,NA,16.4003376829092,33.7377209702562
2043-08-11 12:00:00,2043,8,11,NA,20.2421534454019,34.4126438085859
2043-08-12 12:00:00,2043,8,12,NA,17.7113094252063,31.1677419072102
2043-08-13 12:00:00,2043,8,13,NA,16.6897449967948,27.4701046982029
2043-08-14 12:00:00,2043,8,14,NA,13.8587694439978,26.7476849089202
2043-08-15 12:00:00,2043,8,15,NA,12.6932670447905,27.4469431836167
2043-08-16 12:00:00,2043,8,16,NA,9.87902048632191,25.6142645677484
2043-08-17 12:00:00,2043,8,17,NA,9.59507497081201,25.603618857199
2043-08-18 12:00:00,2043,8,18,NA,16.5890389670569,23.212860594372
2043-08-19 12:00:00,2043,8,19,NA,17.6424541475601,26.441069522366
2043-08-20 12:00:00,2043,8,20,NA,18.3165798443435,27.5184626514503
2043-08-21 12:00:00,2043,8,21,NA,15.5509117196531,26.4221966389539
2043-08-22 12:00:00,2043,8,22,NA,13.1705744228321,23.9379726085022
2043-08-23 12:00:00,2043,8,23,NA,13.6691236223872,23.9183714081721
2043-08-24 12:00:00,2043,8,24,NA,15.6885615378067,25.5747333146241
2043-08-25 12:00:00,2043,8,25,NA,15.6162109483024,28.6084949785762
2043-08-26 12:00:00,2043,8,26,NA,16.8785190664869,27.2261605005977
2043-08-27 12:00:00,2043,8,27,NA,17.0492924828129,26.9494520607277
2043-08-28 12:00:00,2043,8,28,NA,17.4877705346899,22.9914556063111
2043-08-29 12:00:00,2043,8,29,NA,15.8381528603926,19.9598537793392
2043-08-30 12:00:00,2043,8,30,NA,12.9786086676036,24.4831473603013
2043-08-31 12:00:00,2043,8,31,NA,12.4372452142777,24.1734169563591
2043-09-01 12:00:00,2043,9,1,NA,15.0379204639715,25.0617906270237
2043-09-02 12:00:00,2043,9,2,NA,14.4616555811734,28.9603638387634
2043-09-03 12:00:00,2043,9,3,NA,17.7660564509648,25.8136939055531
2043-09-04 12:00:00,2043,9,4,NA,16.2376542009382,21.59633447524
2043-09-05 12:00:00,2043,9,5,NA,12.6796661270536,24.7097944394168
2043-09-06 12:00:00,2043,9,6,NA,12.4574893494909,24.4874588076173
2043-09-07 12:00:00,2043,9,7,NA,9.93024537704508,25.9221953665089
2043-09-08 12:00:00,2043,9,8,NA,15.9622146348741,25.5471272661579
2043-09-09 12:00:00,2043,9,9,NA,10.2973588478071,17.5321261358755
2043-09-10 12:00:00,2043,9,10,NA,12.7216932282766,20.9815875250008
2043-09-11 12:00:00,2043,9,11,NA,12.5079200591494,20.3282228119327
2043-09-12 12:00:00,2043,9,12,NA,15.3286103389033,20.6843286375836
2043-09-13 12:00:00,2043,9,13,NA,16.2011733283707,20.8827237728708
2043-09-14 12:00:00,2043,9,14,NA,13.7344811013699,19.588058742739
2043-09-15 12:00:00,2043,9,15,NA,14.6535370997074,18.4777115781738
2043-09-16 12:00:00,2043,9,16,NA,12.1039853190355,16.9536309751894
2043-09-17 12:00:00,2043,9,17,NA,12.0745955475141,15.6186268991204
2043-09-18 12:00:00,2043,9,18,NA,15.166144005627,19.6032754822046
2043-09-19 12:00:00,2043,9,19,NA,14.9782195390206,20.3224148605015
2043-09-20 12:00:00,2043,9,20,NA,14.6827230082695,21.7141765341506
2043-09-21 12:00:00,2043,9,21,NA,18.0909968211845,23.4264633368312
2043-09-22 12:00:00,2043,9,22,NA,14.9391841649398,21.1336541345999
2043-09-23 12:00:00,2043,9,23,NA,14.0983395800553,17.6736297328859
2043-09-24 12:00:00,2043,9,24,NA,11.4229971099889,19.1522915878896
2043-09-25 12:00:00,2043,9,25,NA,14.8665089523544,26.4336975140339
2043-09-26 12:00:00,2043,9,26,NA,16.0903679116554,24.5194375029638
2043-09-27 12:00:00,2043,9,27,NA,16.6627753698444,25.7720660318822
2043-09-28 12:00:00,2043,9,28,NA,11.9037885160721,27.6895371048025
2043-09-29 12:00:00,2043,9,29,NA,11.6979973321621,22.8996491362518
2043-09-30 12:00:00,2043,9,30,NA,11.4192812398279,18.5483656202681
2043-10-01 12:00:00,2043,10,1,NA,12.6016877349719,20.885611355829
2043-10-02 12:00:00,2043,10,2,NA,14.340251102923,22.7693206942314
2043-10-03 12:00:00,2043,10,3,NA,10.7803441791477,16.1870863726203
2043-10-04 12:00:00,2043,10,4,NA,12.1575708650147,16.19304186362
2043-10-05 12:00:00,2043,10,5,NA,10.8876822237867,14.2608643417159
2043-10-06 12:00:00,2043,10,6,NA,8.50857918913252,16.2014798376059
2043-10-07 12:00:00,2043,10,7,NA,11.2004321758548,19.8347190472383
2043-10-08 12:00:00,2043,10,8,NA,6.83280775002209,22.9528893599758
2043-10-09 12:00:00,2043,10,9,NA,12.7374422697652,24.6635679340834
2043-10-10 12:00:00,2043,10,10,NA,15.7961824374931,24.4287180609656
2043-10-11 12:00:00,2043,10,11,NA,15.0423732263758,22.2949749764158
2043-10-12 12:00:00,2043,10,12,NA,19.706986922395,21.8602569685734
2043-10-13 12:00:00,2043,10,13,NA,13.3163829427802,20.5689846928203
2043-10-14 12:00:00,2043,10,14,NA,14.7518956221267,18.0093833150708
2043-10-15 12:00:00,2043,10,15,NA,12.7425419396288,17.8638833179278
2043-10-16 12:00:00,2043,10,16,NA,11.1636659603095,14.3787920282761
2043-10-17 12:00:00,2043,10,17,NA,9.6809345914016,16.4228769865959
2043-10-18 12:00:00,2043,10,18,NA,7.34011042539682,16.9902692371962
2043-10-19 12:00:00,2043,10,19,NA,9.55185757641993,16.3221364961812
2043-10-20 12:00:00,2043,10,20,NA,7.18807085206526,22.1701093888417
2043-10-21 12:00:00,2043,10,21,NA,9.33276692220803,19.6405726280852
2043-10-22 12:00:00,2043,10,22,NA,6.18759364001803,10.9107195942598
2043-10-23 12:00:00,2043,10,23,NA,8.66015276783293,13.9799572788395
2043-10-24 12:00:00,2043,10,24,NA,3.40708808570235,12.8086694821522
2043-10-25 12:00:00,2043,10,25,NA,5.32605908748623,13.2234316734606
2043-10-26 12:00:00,2043,10,26,NA,3.47209813968507,12.1131503695018
2043-10-27 12:00:00,2043,10,27,NA,8.14323200171163,13.5528433342278
2043-10-28 12:00:00,2043,10,28,NA,0.445707470179896,14.2604649383981
2043-10-29 12:00:00,2043,10,29,NA,1.83631350864523,11.097707300912
2043-10-30 12:00:00,2043,10,30,NA,1.50102805196827,13.4106443900855
2043-10-31 12:00:00,2043,10,31,NA,0.541488310172418,12.4279851609779
2043-11-01 12:00:00,2043,11,1,NA,2.36785204955228,16.3389295681882
2043-11-02 12:00:00,2043,11,2,NA,3.92673383806405,17.9443200354439
2043-11-03 12:00:00,2043,11,3,NA,5.72220514281344,8.54037216733107
2043-11-04 12:00:00,2043,11,4,NA,0.264061198530048,4.98432441991501
2043-11-05 12:00:00,2043,11,5,NA,2.69953439967129,6.45504904926333
2043-11-06 12:00:00,2043,11,6,NA,0.610871412483042,8.13488235663401
2043-11-07 12:00:00,2043,11,7,NA,-0.83598863255154,6.72196059629936
2043-11-08 12:00:00,2043,11,8,NA,-3.18974223536905,5.80903521840182
2043-11-09 12:00:00,2043,11,9,NA,-4.20209187459931,-3.2708469582296
2043-11-10 12:00:00,2043,11,10,NA,-8.2418426654713,-5.41005117089448
2043-11-11 12:00:00,2043,11,11,NA,-5.06892206946344,-0.812332984515928
2043-11-12 12:00:00,2043,11,12,NA,-0.274028376228349,5.51981541185328
2043-11-13 12:00:00,2043,11,13,NA,0.970425247761677,6.37463870143097
2043-11-14 12:00:00,2043,11,14,NA,-1.75495640980414,4.24154929340219
2043-11-15 12:00:00,2043,11,15,NA,2.45505994527109,5.28324538632556
2043-11-16 12:00:00,2043,11,16,NA,-1.0009034519176,4.60984186635259
2043-11-17 12:00:00,2043,11,17,NA,0.441460207225147,3.66469184807703
2043-11-18 12:00:00,2043,11,18,NA,-4.84155108703699,2.04200856618782
2043-11-19 12:00:00,2043,11,19,NA,-1.21632377995727,6.24733041371867
2043-11-20 12:00:00,2043,11,20,NA,5.44791938622171,12.9784238079972
2043-11-21 12:00:00,2043,11,21,NA,1.01253913109186,9.41582968696547
2043-11-22 12:00:00,2043,11,22,NA,3.28500329363603,10.116229320008
2043-11-23 12:00:00,2043,11,23,NA,2.8263115159646,13.1157139709805
2043-11-24 12:00:00,2043,11,24,NA,7.50366237657238,15.3454287120421
2043-11-25 12:00:00,2043,11,25,NA,9.08043321416005,13.0322556468396
2043-11-26 12:00:00,2043,11,26,NA,3.4111812465108,9.11078360571926
2043-11-27 12:00:00,2043,11,27,NA,3.00929856202166,9.57408768826714
2043-11-28 12:00:00,2043,11,28,NA,3.14875669481735,6.93833827534441
2043-11-29 12:00:00,2043,11,29,NA,3.06386938222075,5.87644208645042
2043-11-30 12:00:00,2043,11,30,NA,4.31094675063852,8.84205098385505
2043-12-01 12:00:00,2043,12,1,NA,4.77330894468977,9.69779037084061
2043-12-02 12:00:00,2043,12,2,NA,3.37476838823055,8.08191281813247
2043-12-03 12:00:00,2043,12,3,NA,3.0847118525804,7.15746734531255
2043-12-04 12:00:00,2043,12,4,NA,3.94297268979113,8.00043095023365
2043-12-05 12:00:00,2043,12,5,NA,6.18167418803784,8.22086977480056
2043-12-06 12:00:00,2043,12,6,NA,6.13451450922185,10.7452544723615
2043-12-07 12:00:00,2043,12,7,NA,7.81565133046665,11.6075196637289
2043-12-08 12:00:00,2043,12,8,NA,5.0739384212349,11.84543731195
2043-12-09 12:00:00,2043,12,9,NA,6.01347952200069,16.3797835236247
2043-12-10 12:00:00,2043,12,10,NA,4.80983712509583,16.302651919832
2043-12-11 12:00:00,2043,12,11,NA,6.4988179628853,13.5031324719049
2043-12-12 12:00:00,2043,12,12,NA,7.67485063898286,13.6983512178911
2043-12-13 12:00:00,2043,12,13,NA,4.68169304675489,15.8805826350277
2043-12-14 12:00:00,2043,12,14,NA,2.80413213051706,11.4372280948783
2043-12-15 12:00:00,2043,12,15,NA,2.84706473496329,10.8155071472199
2043-12-16 12:00:00,2043,12,16,NA,4.76392120818992,6.91339192535736
2043-12-17 12:00:00,2043,12,17,NA,5.39737690490413,10.3759344354199
2043-12-18 12:00:00,2043,12,18,NA,1.98159950180172,6.8821964263297
2043-12-19 12:00:00,2043,12,19,NA,4.95999046205759,6.97078588925425
2043-12-20 12:00:00,2043,12,20,NA,3.78643135873715,12.3416247080695
2043-12-21 12:00:00,2043,12,21,NA,-5.70422217870658,7.53077851349428
2043-12-22 12:00:00,2043,12,22,NA,0.881551590722825,6.99535517266262
2043-12-23 12:00:00,2043,12,23,NA,0.887655653393371,5.44903062391545
2043-12-24 12:00:00,2043,12,24,NA,6.45567157866985,9.32819032824343
2043-12-25 12:00:00,2043,12,25,NA,-3.37097813539572,-0.427860102829142
2043-12-26 12:00:00,2043,12,26,NA,-4.36463139092171,1.73191558083215
2043-12-27 12:00:00,2043,12,27,NA,0.230593664533255,8.06266821796671
2043-12-28 12:00:00,2043,12,28,NA,2.08892449527087,6.95443094639316
2043-12-29 12:00:00,2043,12,29,NA,6.9175069648853,14.5853011342871
2043-12-30 12:00:00,2043,12,30,NA,3.7645223785054,7.81737232824872
2043-12-31 12:00:00,2043,12,31,NA,-0.0732409870923088,2.49998565358399
2044-01-01 12:00:00,2044,1,1,NA,-2.82289023378656,4.26605238382403
2044-01-02 12:00:00,2044,1,2,NA,0.0448071619212356,5.51329865242706
2044-01-03 12:00:00,2044,1,3,NA,0.312549760187074,9.26663585024824
2044-01-04 12:00:00,2044,1,4,NA,-1.20049672817996,5.59572895877087
2044-01-05 12:00:00,2044,1,5,NA,-0.299301829426579,4.43419482870777
2044-01-06 12:00:00,2044,1,6,NA,-0.401928796349418,6.17238690268651
2044-01-07 12:00:00,2044,1,7,NA,-2.31664077932449,6.77819535118127
2044-01-08 12:00:00,2044,1,8,NA,-4.83944896774284,5.29559464550268
2044-01-09 12:00:00,2044,1,9,NA,0.756147358558559,4.69883923175401
2044-01-10 12:00:00,2044,1,10,NA,1.9842358262608,7.7322375379875
2044-01-11 12:00:00,2044,1,11,NA,2.380861981626,9.71748020567165
2044-01-12 12:00:00,2044,1,12,NA,0.659993176814341,8.71567422321359
2044-01-13 12:00:00,2044,1,13,NA,-0.84161056981148,3.85854784914412
2044-01-14 12:00:00,2044,1,14,NA,-0.753904018220676,6.55900870506109
2044-01-15 12:00:00,2044,1,15,NA,-1.52841346250564,6.00779900500598
2044-01-16 12:00:00,2044,1,16,NA,2.06113558923664,6.67450532341359
2044-01-17 12:00:00,2044,1,17,NA,2.47014541254035,7.15209821494785
2044-01-18 12:00:00,2044,1,18,NA,1.12703108708534,4.892372563892
2044-01-19 12:00:00,2044,1,19,NA,-1.46922161733248,7.88231850136264
2044-01-20 12:00:00,2044,1,20,NA,0.767237387489983,4.51724091940648
2044-01-21 12:00:00,2044,1,21,NA,1.63718711446317,6.96849984051643
2044-01-22 12:00:00,2044,1,22,NA,1.81044627190476,10.1338459293199
2044-01-23 12:00:00,2044,1,23,NA,5.71979303785605,13.7791839996368
2044-01-24 12:00:00,2044,1,24,NA,1.05849134641991,7.39057107375848
2044-01-25 12:00:00,2044,1,25,NA,1.72002224335742,12.4933428797748
2044-01-26 12:00:00,2044,1,26,NA,1.79226543112924,12.3089328963959
2044-01-27 12:00:00,2044,1,27,NA,2.80271454273734,8.55071625446405
2044-01-28 12:00:00,2044,1,28,NA,0.656691661377938,6.89149005615649
2044-01-29 12:00:00,2044,1,29,NA,3.59709650574545,9.04558982402657
2044-01-30 12:00:00,2044,1,30,NA,7.03160289387065,10.118447183987
2044-01-31 12:00:00,2044,1,31,NA,7.05085590219416,13.4256019910689
2044-02-01 12:00:00,2044,2,1,NA,5.44440759075326,10.8070949517352
2044-02-02 12:00:00,2044,2,2,NA,5.63923619195299,12.7185982803986
2044-02-03 12:00:00,2044,2,3,NA,5.7343602120878,16.4973640813031
2044-02-04 12:00:00,2044,2,4,NA,4.34842446392267,14.9062150853895
2044-02-05 12:00:00,2044,2,5,NA,8.12596170764747,13.4251074908987
2044-02-06 12:00:00,2044,2,6,NA,6.20033018694531,11.0732514559177
2044-02-07 12:00:00,2044,2,7,NA,3.46981635449386,6.65431262507205
2044-02-08 12:00:00,2044,2,8,NA,0.787480479994435,2.41945538196456
2044-02-09 12:00:00,2044,2,9,NA,5.92178693057281,8.00571131338145
2044-02-10 12:00:00,2044,2,10,NA,-1.4866277028005,0.151703241704352
2044-02-11 12:00:00,2044,2,11,NA,-6.08590896370024,-2.86553462556466
2044-02-12 12:00:00,2044,2,12,NA,1.16812623378181,4.38850057191738
2044-02-13 12:00:00,2044,2,13,NA,1.74824943023728,4.99491402206154
2044-02-14 12:00:00,2044,2,14,NA,-3.05629521577964,3.85683134468992
2044-02-15 12:00:00,2044,2,15,NA,-7.57238675754054,0.49459991012105
2044-02-16 12:00:00,2044,2,16,NA,2.6065261525041,5.88012111340037
2044-02-17 12:00:00,2044,2,17,NA,5.70373680455172,8.45702023263567
2044-02-18 12:00:00,2044,2,18,NA,-0.402976594295795,6.51014996617377
2044-02-19 12:00:00,2044,2,19,NA,4.08432280184369,6.66618325036877
2044-02-20 12:00:00,2044,2,20,NA,4.70094305110959,8.92098083194981
2044-02-21 12:00:00,2044,2,21,NA,1.77690695141141,8.53799065577174
2044-02-22 12:00:00,2044,2,22,NA,3.86561229449366,9.15176360816175
2044-02-23 12:00:00,2044,2,23,NA,2.11359760396848,9.4083294710285
2044-02-24 12:00:00,2044,2,24,NA,5.85728052613606,13.2651655667772
2044-02-25 12:00:00,2044,2,25,NA,6.34090404120525,13.2540306016748
2044-02-26 12:00:00,2044,2,26,NA,10.002465850044,12.5776713136734
2044-02-27 12:00:00,2044,2,27,NA,4.67582768986715,6.29298196285971
2044-02-28 12:00:00,2044,2,28,NA,7.00063379199407,11.0675879223633
2044-02-29 12:00:00,2044,2,29,NA,5.68086526538182,8.92461923281003
2044-03-01 12:00:00,2044,3,1,NA,7.24380400203864,12.0581781831677
2044-03-02 12:00:00,2044,3,2,NA,10.7452560913466,13.4985395194306
2044-03-03 12:00:00,2044,3,3,NA,7.96474917743435,13.1028651114897
2044-03-04 12:00:00,2044,3,4,NA,8.96473046063965,14.9576393305701
2044-03-05 12:00:00,2044,3,5,NA,4.43070931517378,10.1135562255723
2044-03-06 12:00:00,2044,3,6,NA,4.10651117129294,17.6836150267561
2044-03-07 12:00:00,2044,3,7,NA,6.32352627319853,20.3866359842087
2044-03-08 12:00:00,2044,3,8,NA,6.89822673314854,18.7520462916289
2044-03-09 12:00:00,2044,3,9,NA,4.7101641653177,20.7726378859738
2044-03-10 12:00:00,2044,3,10,NA,5.55728438330469,10.203488203219
2044-03-11 12:00:00,2044,3,11,NA,4.13375524136051,9.28701571258966
2044-03-12 12:00:00,2044,3,12,NA,9.11411038468003,10.7439933291404
2044-03-13 12:00:00,2044,3,13,NA,8.59439651906422,14.0500864702766
2044-03-14 12:00:00,2044,3,14,NA,3.79938000952328,11.3531760645303
2044-03-15 12:00:00,2044,3,15,NA,2.87018680479215,11.924994966789
2044-03-16 12:00:00,2044,3,16,NA,1.43165345836353,15.1399909325394
2044-03-17 12:00:00,2044,3,17,NA,-1.87639326347794,13.1601276852898
2044-03-18 12:00:00,2044,3,18,NA,6.06237614650234,16.3897699038047
2044-03-19 12:00:00,2044,3,19,NA,3.78931585932422,17.9742802285561
2044-03-20 12:00:00,2044,3,20,NA,4.48059902830186,20.5430727489579
2044-03-21 12:00:00,2044,3,21,NA,8.94402131545355,20.4212512214087
2044-03-22 12:00:00,2044,3,22,NA,11.3410117451204,15.5032550361892
2044-03-23 12:00:00,2044,3,23,NA,10.5784293829326,19.8274535492743
2044-03-24 12:00:00,2044,3,24,NA,9.92499320240491,20.2073252804881
2044-03-25 12:00:00,2044,3,25,NA,8.28011577894867,15.3440851240682
2044-03-26 12:00:00,2044,3,26,NA,7.17564470049532,13.0899174872551
2044-03-27 12:00:00,2044,3,27,NA,3.07669306774174,13.5035890705152
2044-03-28 12:00:00,2044,3,28,NA,1.59150786422784,15.6946031918657
2044-03-29 12:00:00,2044,3,29,NA,5.93153676443457,15.4663789994705
2044-03-30 12:00:00,2044,3,30,NA,6.73339493518531,11.8942777790759
2044-03-31 12:00:00,2044,3,31,NA,8.32335238901165,14.2909266121874
2044-04-01 12:00:00,2044,4,1,NA,7.4202310906649,17.2554565694216
2044-04-02 12:00:00,2044,4,2,NA,5.56721116410351,19.0009140444463
2044-04-03 12:00:00,2044,4,3,NA,3.85900280310762,20.7528115188817
2044-04-04 12:00:00,2044,4,4,NA,5.03759671180723,20.9327362477081
2044-04-05 12:00:00,2044,4,5,NA,6.26670642946755,20.0313921684139
2044-04-06 12:00:00,2044,4,6,NA,8.19190941667899,14.8273531557972
2044-04-07 12:00:00,2044,4,7,NA,7.82879510690957,15.9037679329193
2044-04-08 12:00:00,2044,4,8,NA,9.62624629928109,16.6900597918086
2044-04-09 12:00:00,2044,4,9,NA,6.41808049651184,9.59450277135361
2044-04-10 12:00:00,2044,4,10,NA,11.6310916605082,17.7651304272592
2044-04-11 12:00:00,2044,4,11,NA,8.70511379471438,15.935850652945
2044-04-12 12:00:00,2044,4,12,NA,12.7103531738931,18.5603852290859
2044-04-13 12:00:00,2044,4,13,NA,12.9721936318002,18.8667069977994
2044-04-14 12:00:00,2044,4,14,NA,10.436363440279,22.4487891175171
2044-04-15 12:00:00,2044,4,15,NA,12.2470120569159,18.3141671418819
2044-04-16 12:00:00,2044,4,16,NA,10.1551753782439,17.41971557253
2044-04-17 12:00:00,2044,4,17,NA,7.79471870625517,13.471202700726
2044-04-18 12:00:00,2044,4,18,NA,4.38212414029231,12.7619889503102
2044-04-19 12:00:00,2044,4,19,NA,-0.112864396404101,15.190436983971
2044-04-20 12:00:00,2044,4,20,NA,0.721372713094826,14.1040587932947
2044-04-21 12:00:00,2044,4,21,NA,-0.834312370216193,15.3164698084085
2044-04-22 12:00:00,2044,4,22,NA,5.98313175660163,24.6993475345181
2044-04-23 12:00:00,2044,4,23,NA,4.96888810430697,17.3031830874782
2044-04-24 12:00:00,2044,4,24,NA,8.83574696331469,16.2274087495433
2044-04-25 12:00:00,2044,4,25,NA,10.6417986358321,20.3669286143053
2044-04-26 12:00:00,2044,4,26,NA,13.0613329921591,19.1572782905903
2044-04-27 12:00:00,2044,4,27,NA,9.25961029889681,20.8123696936385
2044-04-28 12:00:00,2044,4,28,NA,10.6140260190639,16.4376311579001
2044-04-29 12:00:00,2044,4,29,NA,9.01454490179313,17.3459665160531
2044-04-30 12:00:00,2044,4,30,NA,4.01460275499098,19.9139335950573
2044-05-01 12:00:00,2044,5,1,NA,2.05876548135259,22.4428648628123
2044-05-02 12:00:00,2044,5,2,NA,5.91369672596954,22.8956621232967
2044-05-03 12:00:00,2044,5,3,NA,9.13648440276934,21.7362783469583
2044-05-04 12:00:00,2044,5,4,NA,13.9371746621979,22.6672371127357
2044-05-05 12:00:00,2044,5,5,NA,15.3503688369052,17.4054434249713
2044-05-06 12:00:00,2044,5,6,NA,17.4037945797005,18.373852237704
2044-05-07 12:00:00,2044,5,7,NA,9.99467654352649,14.5495387031432
2044-05-08 12:00:00,2044,5,8,NA,4.92149187209563,14.6820082637302
2044-05-09 12:00:00,2044,5,9,NA,4.75285063846359,8.64566276834858
2044-05-10 12:00:00,2044,5,10,NA,3.16218095567755,12.8629573254946
2044-05-11 12:00:00,2044,5,11,NA,7.2764509496957,14.1870784349571
2044-05-12 12:00:00,2044,5,12,NA,6.29936107820169,18.5927474040983
2044-05-13 12:00:00,2044,5,13,NA,6.96363144829731,18.5976590908266
2044-05-14 12:00:00,2044,5,14,NA,10.2626397377536,19.9634161075706
2044-05-15 12:00:00,2044,5,15,NA,10.4585746528496,18.2106640738688
2044-05-16 12:00:00,2044,5,16,NA,9.57479780586001,24.4625414917648
2044-05-17 12:00:00,2044,5,17,NA,12.5050344514926,19.415661936754
2044-05-18 12:00:00,2044,5,18,NA,13.7894877962479,21.1665569754978
2044-05-19 12:00:00,2044,5,19,NA,11.718410264409,19.095479443659
2044-05-20 12:00:00,2044,5,20,NA,7.75580028555053,20.375891447184
2044-05-21 12:00:00,2044,5,21,NA,10.802098120899,16.6521143200544
2044-05-22 12:00:00,2044,5,22,NA,12.1325290898947,15.1106362606627
2044-05-23 12:00:00,2044,5,23,NA,8.53292767194481,15.3924994596762
2044-05-24 12:00:00,2044,5,24,NA,3.12922185155454,17.9836350950397
2044-05-25 12:00:00,2044,5,25,NA,0.831838378224933,20.6974686630856
2044-05-26 12:00:00,2044,5,26,NA,4.47988862619609,22.9402334731156
2044-05-27 12:00:00,2044,5,27,NA,5.96931714416803,23.4873171900528
2044-05-28 12:00:00,2044,5,28,NA,8.33474242200512,26.0942942249162
2044-05-29 12:00:00,2044,5,29,NA,14.2928649701797,24.9687683273743
2044-05-30 12:00:00,2044,5,30,NA,14.6708472322244,27.5176626046968
2044-05-31 12:00:00,2044,5,31,NA,10.5844940759915,24.3994814965194
2044-06-01 12:00:00,2044,6,1,NA,13.1657522976177,22.0411973153259
2044-06-02 12:00:00,2044,6,2,NA,12.7086548775969,27.2386230645481
2044-06-03 12:00:00,2044,6,3,NA,9.94316981927162,23.2440074190617
2044-06-04 12:00:00,2044,6,4,NA,13.8023823443077,19.2564877931902
2044-06-05 12:00:00,2044,6,5,NA,14.147951716951,21.3685243402092
2044-06-06 12:00:00,2044,6,6,NA,12.6348561406016,20.8997159767081
2044-06-07 12:00:00,2044,6,7,NA,8.82186749535267,22.7339152518141
2044-06-08 12:00:00,2044,6,8,NA,9.69806446907599,23.1002596620828
2044-06-09 12:00:00,2044,6,9,NA,6.7623066131693,23.9122986270408
2044-06-10 12:00:00,2044,6,10,NA,12.2575636055069,23.2926525099007
2044-06-11 12:00:00,2044,6,11,NA,7.85149296955827,22.0738864401073
2044-06-12 12:00:00,2044,6,12,NA,11.1810119697155,17.5387830460201
2044-06-13 12:00:00,2044,6,13,NA,11.9893635529464,17.4434690018289
2044-06-14 12:00:00,2044,6,14,NA,9.73510639272528,18.9844718457
2044-06-15 12:00:00,2044,6,15,NA,8.51201358442965,17.5485023949974
2044-06-16 12:00:00,2044,6,16,NA,8.27115660989076,17.5691238936448
2044-06-17 12:00:00,2044,6,17,NA,6.94026898637726,21.6880352366739
2044-06-18 12:00:00,2044,6,18,NA,4.1339421206206,22.720061627034
2044-06-19 12:00:00,2044,6,19,NA,13.9851468258471,20.7728185207507
2044-06-20 12:00:00,2044,6,20,NA,11.2292084428605,20.4717602930476
2044-06-21 12:00:00,2044,6,21,NA,14.5483698378277,21.6635091661418
2044-06-22 12:00:00,2044,6,22,NA,10.801963098788,23.1232720453107
2044-06-23 12:00:00,2044,6,23,NA,10.7092852417999,24.5410545666886
2044-06-24 12:00:00,2044,6,24,NA,14.5707282007452,27.1720032400427
2044-06-25 12:00:00,2044,6,25,NA,9.83871287104999,24.2528956320195
2044-06-26 12:00:00,2044,6,26,NA,11.1267982287261,25.3867916799048
2044-06-27 12:00:00,2044,6,27,NA,11.0055925751965,22.2149318359314
2044-06-28 12:00:00,2044,6,28,NA,11.9358322079608,28.6374107613001
2044-06-29 12:00:00,2044,6,29,NA,19.4545217284194,32.0557967677169
2044-06-30 12:00:00,2044,6,30,NA,16.1144992990549,31.3876008424261
2044-07-01 12:00:00,2044,7,1,NA,14.8752449807344,32.3844237826245
2044-07-02 12:00:00,2044,7,2,NA,14.7338975868686,31.206667363982
2044-07-03 12:00:00,2044,7,3,NA,17.8436382622315,29.1071954535037
2044-07-04 12:00:00,2044,7,4,NA,14.0900717612535,32.8884925509578
2044-07-05 12:00:00,2044,7,5,NA,14.5430074508221,31.9161809255697
2044-07-06 12:00:00,2044,7,6,NA,18.6169390367391,31.75129579459
2044-07-07 12:00:00,2044,7,7,NA,24.0033145777272,35.2668717689995
2044-07-08 12:00:00,2044,7,8,NA,20.6810366341413,35.0608083172546
2044-07-09 12:00:00,2044,7,9,NA,19.1015860359901,33.2928278746161
2044-07-10 12:00:00,2044,7,10,NA,21.5695317621037,32.8802796065836
2044-07-11 12:00:00,2044,7,11,NA,20.8076204234901,31.1316265742943
2044-07-12 12:00:00,2044,7,12,NA,15.421385265579,31.1940697201359
2044-07-13 12:00:00,2044,7,13,NA,15.43696932037,32.6218963801415
2044-07-14 12:00:00,2044,7,14,NA,20.4868634326939,33.6747478002649
2044-07-15 12:00:00,2044,7,15,NA,18.2125589551896,28.7353314695259
2044-07-16 12:00:00,2044,7,16,NA,14.5992280708933,22.1404401611464
2044-07-17 12:00:00,2044,7,17,NA,14.7000588671764,21.71957881785
2044-07-18 12:00:00,2044,7,18,NA,11.2396291707284,22.7341305599942
2044-07-19 12:00:00,2044,7,19,NA,8.18437618083808,24.0073549497769
2044-07-20 12:00:00,2044,7,20,NA,11.6591872615842,25.6407493509235
2044-07-21 12:00:00,2044,7,21,NA,19.0728582741888,28.4789134729555
2044-07-22 12:00:00,2044,7,22,NA,20.6289581005266,32.1234594897924
2044-07-23 12:00:00,2044,7,23,NA,14.9423260537676,31.9347382782379
2044-07-24 12:00:00,2044,7,24,NA,18.5249101857051,35.5173224101754
2044-07-25 12:00:00,2044,7,25,NA,17.9323340951041,35.1172611548756
2044-07-26 12:00:00,2044,7,26,NA,17.3832275965635,34.2472287321547
2044-07-27 12:00:00,2044,7,27,NA,18.3750604059305,36.2020268240311
2044-07-28 12:00:00,2044,7,28,NA,19.6688300296139,34.9026225370931
2044-07-29 12:00:00,2044,7,29,NA,20.9267145005231,35.2752904947641
2044-07-30 12:00:00,2044,7,30,NA,22.522894498497,36.5922264430448
2044-07-31 12:00:00,2044,7,31,NA,22.8555625453217,32.9649397000676
2044-08-01 12:00:00,2044,8,1,NA,21.642136007143,32.6346651718318
2044-08-02 12:00:00,2044,8,2,NA,22.2532275833876,26.3121657266511
2044-08-03 12:00:00,2044,8,3,NA,22.3287859515553,29.3129988166211
2044-08-04 12:00:00,2044,8,4,NA,19.4068592485715,26.841899596851
2044-08-05 12:00:00,2044,8,5,NA,19.7127953547145,25.0347643999553
2044-08-06 12:00:00,2044,8,6,NA,17.6941855235852,26.732631093493
2044-08-07 12:00:00,2044,8,7,NA,16.3277497772439,32.395473697426
2044-08-08 12:00:00,2044,8,8,NA,16.00398365408,28.9385343058352
2044-08-09 12:00:00,2044,8,9,NA,16.8175330030351,27.5946516001047
2044-08-10 12:00:00,2044,8,10,NA,17.7813571857055,29.1579586104335
2044-08-11 12:00:00,2044,8,11,NA,11.8907216837539,25.4794991508574
2044-08-12 12:00:00,2044,8,12,NA,11.0456699546263,24.7819417977301
2044-08-13 12:00:00,2044,8,13,NA,15.107595609196,23.4478983126907
2044-08-14 12:00:00,2044,8,14,NA,12.8330205096124,23.610139106682
2044-08-15 12:00:00,2044,8,15,NA,11.9500869070085,25.8815295772011
2044-08-16 12:00:00,2044,8,16,NA,10.8131908602175,24.9334337466886
2044-08-17 12:00:00,2044,8,17,NA,15.6055065269277,21.31075795486
2044-08-18 12:00:00,2044,8,18,NA,13.4679071071981,20.0917287345132
2044-08-19 12:00:00,2044,8,19,NA,14.9691410391488,21.7189484414164
2044-08-20 12:00:00,2044,8,20,NA,14.7803084630807,21.4041300903958
2044-08-21 12:00:00,2044,8,21,NA,13.0194718128881,23.2061852691121
2044-08-22 12:00:00,2044,8,22,NA,13.2336146606763,22.2827478321382
2044-08-23 12:00:00,2044,8,23,NA,12.6711248533456,24.5354262537302
2044-08-24 12:00:00,2044,8,24,NA,12.7297812584002,25.251333421324
2044-08-25 12:00:00,2044,8,25,NA,14.3174509606599,22.4003430788445
2044-08-26 12:00:00,2044,8,26,NA,12.9763204702287,20.3975893802758
2044-08-27 12:00:00,2044,8,27,NA,14.846998961671,22.0358130368336
2044-08-28 12:00:00,2044,8,28,NA,13.6884022201812,20.3243829628662
2044-08-29 12:00:00,2044,8,29,NA,15.1195013042149,20.5521735410141
2044-08-30 12:00:00,2044,8,30,NA,14.2049729116709,21.8635857276758
2044-08-31 12:00:00,2044,8,31,NA,11.4350886275735,19.5780902863346
2044-09-01 12:00:00,2044,9,1,NA,9.49165436048495,19.8392957945957
2044-09-02 12:00:00,2044,9,2,NA,9.90102107257957,19.309032250556
2044-09-03 12:00:00,2044,9,3,NA,11.61143425811,19.1547733844135
2044-09-04 12:00:00,2044,9,4,NA,9.62468522035333,23.7361300177067
2044-09-05 12:00:00,2044,9,5,NA,14.5615414213734,23.8989822474674
2044-09-06 12:00:00,2044,9,6,NA,12.2512445290463,25.3741267420012
2044-09-07 12:00:00,2044,9,7,NA,11.2379762945308,25.3494210918842
2044-09-08 12:00:00,2044,9,8,NA,12.1215815679145,21.8611835704912
2044-09-09 12:00:00,2044,9,9,NA,11.6226890735739,23.5855649889
2044-09-10 12:00:00,2044,9,10,NA,9.05107396034563,21.055907466689
2044-09-11 12:00:00,2044,9,11,NA,9.45152864360714,24.5405737750842
2044-09-12 12:00:00,2044,9,12,NA,11.0336875585504,22.0969803273626
2044-09-13 12:00:00,2044,9,13,NA,16.5700615339125,30.2512440680666
2044-09-14 12:00:00,2044,9,14,NA,17.0076675337657,25.871345916386
2044-09-15 12:00:00,2044,9,15,NA,17.1205898245602,23.0944548113503
2044-09-16 12:00:00,2044,9,16,NA,14.5487169964569,27.6715992094117
2044-09-17 12:00:00,2044,9,17,NA,15.9503815557332,27.5993695399052
2044-09-18 12:00:00,2044,9,18,NA,14.0100073110538,27.1778103578488
2044-09-19 12:00:00,2044,9,19,NA,16.5923936566759,23.8840151328059
2044-09-20 12:00:00,2044,9,20,NA,13.3668900443125,21.1533679794096
2044-09-21 12:00:00,2044,9,21,NA,10.0055379917869,22.4913215101304
2044-09-22 12:00:00,2044,9,22,NA,10.5872187923667,18.5142650306716
2044-09-23 12:00:00,2044,9,23,NA,10.3042092270446,22.7899927453881
2044-09-24 12:00:00,2044,9,24,NA,9.53220639985249,20.2298486202392
2044-09-25 12:00:00,2044,9,25,NA,12.5487689039258,24.5116448192519
2044-09-26 12:00:00,2044,9,26,NA,9.29472079697904,25.0630382906525
2044-09-27 12:00:00,2044,9,27,NA,12.2403018285322,24.6489671765549
2044-09-28 12:00:00,2044,9,28,NA,12.7850358986356,30.8923400257297
2044-09-29 12:00:00,2044,9,29,NA,15.0592918166595,31.6564806012108
2044-09-30 12:00:00,2044,9,30,NA,13.2764480211301,29.9125223684212
2044-10-01 12:00:00,2044,10,1,NA,10.6996987109178,23.9143863889044
2044-10-02 12:00:00,2044,10,2,NA,12.5401558267193,24.1470109537015
2044-10-03 12:00:00,2044,10,3,NA,12.5130510344211,27.4671781288811
2044-10-04 12:00:00,2044,10,4,NA,14.9297419313529,23.5942610283773
2044-10-05 12:00:00,2044,10,5,NA,12.1642511423265,17.2119405464296
2044-10-06 12:00:00,2044,10,6,NA,11.6978024231831,22.6508437997059
2044-10-07 12:00:00,2044,10,7,NA,13.7513874822707,23.0008096759644
2044-10-08 12:00:00,2044,10,8,NA,13.3344228194076,23.0584025007353
2044-10-09 12:00:00,2044,10,9,NA,13.7277074303643,25.2345180785917
2044-10-10 12:00:00,2044,10,10,NA,15.7621876249007,27.5989445287416
2044-10-11 12:00:00,2044,10,11,NA,11.7136774591218,19.0185761445281
2044-10-12 12:00:00,2044,10,12,NA,11.172669310877,19.5728329262448
2044-10-13 12:00:00,2044,10,13,NA,11.5072516376429,19.0390228723153
2044-10-14 12:00:00,2044,10,14,NA,9.46433146984914,22.4401473095888
2044-10-15 12:00:00,2044,10,15,NA,10.1781902772455,25.1323173717054
2044-10-16 12:00:00,2044,10,16,NA,11.5958805242198,17.8054047664091
2044-10-17 12:00:00,2044,10,17,NA,8.2378183503521,19.0945378691888
2044-10-18 12:00:00,2044,10,18,NA,10.1015169339896,18.4853139124395
2044-10-19 12:00:00,2044,10,19,NA,7.45427821903614,12.8670183525459
2044-10-20 12:00:00,2044,10,20,NA,4.03305018605144,13.2824723797452
2044-10-21 12:00:00,2044,10,21,NA,2.58707994605047,10.9872435614182
2044-10-22 12:00:00,2044,10,22,NA,2.59690558280534,17.587924389299
2044-10-23 12:00:00,2044,10,23,NA,8.3097315643279,21.8138626582311
2044-10-24 12:00:00,2044,10,24,NA,6.06505523118358,23.3287265699127
2044-10-25 12:00:00,2044,10,25,NA,3.16022138662633,15.1036180338702
2044-10-26 12:00:00,2044,10,26,NA,8.05038868829263,15.5624641619249
2044-10-27 12:00:00,2044,10,27,NA,7.59472090709291,16.252373004052
2044-10-28 12:00:00,2044,10,28,NA,9.43794944954541,14.8475607820616
2044-10-29 12:00:00,2044,10,29,NA,6.10290875749447,13.4893904427539
2044-10-30 12:00:00,2044,10,30,NA,6.18824959861965,11.528192956633
2044-10-31 12:00:00,2044,10,31,NA,3.50133939741878,13.2773112931913
2044-11-01 12:00:00,2044,11,1,NA,0.542626360192451,11.35032482851
2044-11-02 12:00:00,2044,11,2,NA,3.19954913812601,10.8797493391754
2044-11-03 12:00:00,2044,11,3,NA,3.46882644516602,13.9519427072559
2044-11-04 12:00:00,2044,11,4,NA,6.16807603328862,10.3038240301287
2044-11-05 12:00:00,2044,11,5,NA,5.56037079054143,9.63973322889746
2044-11-06 12:00:00,2044,11,6,NA,3.9640917198248,7.9710096528171
2044-11-07 12:00:00,2044,11,7,NA,1.86053676748029,9.39200518897943
2044-11-08 12:00:00,2044,11,8,NA,2.39744560836567,14.7117304016929
2044-11-09 12:00:00,2044,11,9,NA,4.41698036039441,15.2031745394449
2044-11-10 12:00:00,2044,11,10,NA,5.353002034162,15.4222785890851
2044-11-11 12:00:00,2044,11,11,NA,7.06224494614858,17.8438573984664
2044-11-12 12:00:00,2044,11,12,NA,10.4494296130158,18.8855732452407
2044-11-13 12:00:00,2044,11,13,NA,9.12848620564836,15.7793790863567
2044-11-14 12:00:00,2044,11,14,NA,9.64880154694657,16.2144192090129
2044-11-15 12:00:00,2044,11,15,NA,7.33183350607239,11.0729251447849
2044-11-16 12:00:00,2044,11,16,NA,6.33713245459928,9.1689239491761
2044-11-17 12:00:00,2044,11,17,NA,6.42708078601162,14.1132765817802
2044-11-18 12:00:00,2044,11,18,NA,7.71720327200265,12.5595148593774
2044-11-19 12:00:00,2044,11,19,NA,5.5607044748104,11.2955028202506
2044-11-20 12:00:00,2044,11,20,NA,2.03498571016086,11.7543671520049
2044-11-21 12:00:00,2044,11,21,NA,5.19138261461381,12.1049503831469
2044-11-22 12:00:00,2044,11,22,NA,6.5314274840276,12.1427272510083
2044-11-23 12:00:00,2044,11,23,NA,5.70877296421528,10.5975123036688
2044-11-24 12:00:00,2044,11,24,NA,5.02548903657181,9.6017550266185
2044-11-25 12:00:00,2044,11,25,NA,5.3666511723217,14.6904858637745
2044-11-26 12:00:00,2044,11,26,NA,5.00109728644605,10.7827724034625
2044-11-27 12:00:00,2044,11,27,NA,5.71291903057812,13.4378309789723
2044-11-28 12:00:00,2044,11,28,NA,5.29312449010569,10.6477073067441
2044-11-29 12:00:00,2044,11,29,NA,4.23366508135067,7.06545657592749
2044-11-30 12:00:00,2044,11,30,NA,-0.149995958957226,8.25319292460774
2044-12-01 12:00:00,2044,12,1,NA,3.00192596947318,8.95569270588832
2044-12-02 12:00:00,2044,12,2,NA,2.55664995933725,6.29432481074977
2044-12-03 12:00:00,2044,12,3,NA,5.75234694002146,10.0243099589755
2044-12-04 12:00:00,2044,12,4,NA,7.09020813303279,11.0424206370016
2044-12-05 12:00:00,2044,12,5,NA,7.95474203501318,14.8074381548097
2044-12-06 12:00:00,2044,12,6,NA,9.18870332677122,15.3036960517132
2044-12-07 12:00:00,2044,12,7,NA,7.35060707556066,10.2185133208023
2044-12-08 12:00:00,2044,12,8,NA,3.75038625036869,4.9961316992353
2044-12-09 12:00:00,2044,12,9,NA,3.84883717707064,5.8845047473444
2044-12-10 12:00:00,2044,12,10,NA,6.65134250052381,11.384382795089
2044-12-11 12:00:00,2044,12,11,NA,4.79074522115464,9.75157234166596
2044-12-12 12:00:00,2044,12,12,NA,6.77726986922314,10.5547306864295
2044-12-13 12:00:00,2044,12,13,NA,10.7011846263753,14.1444356475126
2044-12-14 12:00:00,2044,12,14,NA,10.5400413795822,15.5817057264656
2044-12-15 12:00:00,2044,12,15,NA,6.97548138078295,15.9190195481987
2044-12-16 12:00:00,2044,12,16,NA,6.02873564966563,13.1592875511021
2044-12-17 12:00:00,2044,12,17,NA,3.97193813835209,14.3382421399761
2044-12-18 12:00:00,2044,12,18,NA,3.39888596255602,9.73586877677926
2044-12-19 12:00:00,2044,12,19,NA,3.51390539920912,9.53119328984913
2044-12-20 12:00:00,2044,12,20,NA,5.85147457312766,11.9578009998747
2044-12-21 12:00:00,2044,12,21,NA,1.00580657546974,6.78153166790136
2044-12-22 12:00:00,2044,12,22,NA,3.76039404875368,6.1638713554451
2044-12-23 12:00:00,2044,12,23,NA,4.59022929435579,12.4527241085412
2044-12-24 12:00:00,2044,12,24,NA,3.35932054638558,8.30774086422845
2044-12-25 12:00:00,2044,12,25,NA,-0.0239939271168805,5.50490421090527
2044-12-26 12:00:00,2044,12,26,NA,4.70286038808482,7.80358110354756
2044-12-27 12:00:00,2044,12,27,NA,5.19817702089797,9.35119897862919
2044-12-28 12:00:00,2044,12,28,NA,3.41056011534095,7.46824998226479
2044-12-29 12:00:00,2044,12,29,NA,1.76895131663631,7.75505624425291
2044-12-30 12:00:00,2044,12,30,NA,2.79449291219025,4.73608072689856
2044-12-31 12:00:00,2044,12,31,NA,3.88414162971079,6.94030780247271
2045-01-01 12:00:00,2045,1,1,NA,1.46170495872538,5.89653985508354
2045-01-02 12:00:00,2045,1,2,NA,0.643671199122275,4.20948167262825
2045-01-03 12:00:00,2045,1,3,NA,5.69787049807797,10.4682711963723
2045-01-04 12:00:00,2045,1,4,NA,4.40116515593361,11.5768301547234
2045-01-05 12:00:00,2045,1,5,NA,1.61547864980681,9.51458606141662
2045-01-06 12:00:00,2045,1,6,NA,1.10957251104731,7.33382347676979
2045-01-07 12:00:00,2045,1,7,NA,1.52940760257429,8.53894843709472
2045-01-08 12:00:00,2045,1,8,NA,0.03700943106888,6.32728268163315
2045-01-09 12:00:00,2045,1,9,NA,1.73320152777528,3.5555698243373
2045-01-10 12:00:00,2045,1,10,NA,-0.941958931891234,4.28248997368971
2045-01-11 12:00:00,2045,1,11,NA,-5.1288833146081,2.64382448539435
2045-01-12 12:00:00,2045,1,12,NA,-7.04405859058128,1.01533237119947
2045-01-13 12:00:00,2045,1,13,NA,1.40335628184001,8.0127334157746
2045-01-14 12:00:00,2045,1,14,NA,5.99090980502007,10.4593683698774
2045-01-15 12:00:00,2045,1,15,NA,5.28383346847943,8.40946577591839
2045-01-16 12:00:00,2045,1,16,NA,4.69688857946847,10.0356252068783
2045-01-17 12:00:00,2045,1,17,NA,7.38191552129013,11.440398845143
2045-01-18 12:00:00,2045,1,18,NA,6.26996310331792,9.14311691247381
2045-01-19 12:00:00,2045,1,19,NA,7.18871946513096,13.4129704308534
2045-01-20 12:00:00,2045,1,20,NA,4.26862780907235,10.7973757650889
2045-01-21 12:00:00,2045,1,21,NA,4.36341569894378,10.653688949508
2045-01-22 12:00:00,2045,1,22,NA,2.44949968627742,8.97824764229392
2045-01-23 12:00:00,2045,1,23,NA,5.3384026873734,9.69237564478072
2045-01-24 12:00:00,2045,1,24,NA,5.9470268180736,8.7818629959559
2045-01-25 12:00:00,2045,1,25,NA,3.63666581337558,10.2460429473102
2045-01-26 12:00:00,2045,1,26,NA,2.72069342089673,7.22566185419748
2045-01-27 12:00:00,2045,1,27,NA,1.94533904786048,8.1697653588227
2045-01-28 12:00:00,2045,1,28,NA,1.34426338435129,6.67557611040455
2045-01-29 12:00:00,2045,1,29,NA,-2.14993476878282,2.43624417463679
2045-01-30 12:00:00,2045,1,30,NA,-3.45515114198404,1.13102780143556
2045-01-31 12:00:00,2045,1,31,NA,-2.23854342213284,0.47221394210353
2045-02-01 12:00:00,2045,2,1,NA,-3.92620027782864,1.80822771270111
2045-02-02 12:00:00,2045,2,2,NA,-2.30585230285201,3.27135570878221
2045-02-03 12:00:00,2045,2,3,NA,-1.19034053104872,3.64552664472743
2045-02-04 12:00:00,2045,2,4,NA,-2.30724151751676,4.23692569633913
2045-02-05 12:00:00,2045,2,5,NA,0.249238313535242,4.33995746230088
2045-02-06 12:00:00,2045,2,6,NA,3.27323243654137,8.30288152093688
2045-02-07 12:00:00,2045,2,7,NA,4.13425361373971,9.09211819938044
2045-02-08 12:00:00,2045,2,8,NA,3.5215277364507,7.41124362054759
2045-02-09 12:00:00,2045,2,9,NA,4.98451184743121,9.85743311640363
2045-02-10 12:00:00,2045,2,10,NA,5.88241329340183,7.49835381052549
2045-02-11 12:00:00,2045,2,11,NA,6.96853009255883,9.41565955386326
2045-02-12 12:00:00,2045,2,12,NA,4.80835057904297,8.27480736749013
2045-02-13 12:00:00,2045,2,13,NA,6.8594548961831,10.9200908093047
2045-02-14 12:00:00,2045,2,14,NA,2.21843746221915,4.1881445514714
2045-02-15 12:00:00,2045,2,15,NA,-2.42759134792155,3.60139644747574
2045-02-16 12:00:00,2045,2,16,NA,-1.64991023538213,3.33776379032952
2045-02-17 12:00:00,2045,2,17,NA,1.81405961748034,7.40026775522997
2045-02-18 12:00:00,2045,2,18,NA,4.07780612237668,10.2249906208339
2045-02-19 12:00:00,2045,2,19,NA,5.76230707560896,13.2782572902096
2045-02-20 12:00:00,2045,2,20,NA,4.55362796389718,14.0638881117781
2045-02-21 12:00:00,2045,2,21,NA,3.82288262474741,8.05239132174013
2045-02-22 12:00:00,2045,2,22,NA,6.96044583359285,9.37632344208822
2045-02-23 12:00:00,2045,2,23,NA,9.56030696694625,14.388787888871
2045-02-24 12:00:00,2045,2,24,NA,6.78080571810534,10.058610583687
2045-02-25 12:00:00,2045,2,25,NA,7.94532525257289,16.0012728336469
2045-02-26 12:00:00,2045,2,26,NA,7.49669525439804,9.23780054791452
2045-02-27 12:00:00,2045,2,27,NA,5.41660630364321,11.1688199900452
2045-02-28 12:00:00,2045,2,28,NA,5.22619815271346,9.45923421313687
2045-03-01 12:00:00,2045,3,1,NA,-0.487441730452586,4.38739959627549
2045-03-02 12:00:00,2045,3,2,NA,-0.934023448484117,4.30935220640396
2045-03-03 12:00:00,2045,3,3,NA,-6.13768755364814,10.3284334605734
2045-03-04 12:00:00,2045,3,4,NA,-2.72757132887024,7.74730819375536
2045-03-05 12:00:00,2045,3,5,NA,1.1944639472342,11.1024825214242
2045-03-06 12:00:00,2045,3,6,NA,5.01213640480267,9.09569468207026
2045-03-07 12:00:00,2045,3,7,NA,2.65731382422601,11.1812880684482
2045-03-08 12:00:00,2045,3,8,NA,-0.303113511270228,13.0831041680233
2045-03-09 12:00:00,2045,3,9,NA,-1.86082152530034,15.8407397581795
2045-03-10 12:00:00,2045,3,10,NA,1.54890643042505,16.8827582264019
2045-03-11 12:00:00,2045,3,11,NA,0.340183839910521,17.547788977166
2045-03-12 12:00:00,2045,3,12,NA,0.484937746717335,20.0678471759242
2045-03-13 12:00:00,2045,3,13,NA,2.14727017604986,12.5463438993237
2045-03-14 12:00:00,2045,3,14,NA,3.01718898651453,10.3126958236744
2045-03-15 12:00:00,2045,3,15,NA,1.12490125781871,5.6956212956892
2045-03-16 12:00:00,2045,3,16,NA,-0.932926269426455,10.9923316321542
2045-03-17 12:00:00,2045,3,17,NA,0.770055119548084,14.7688110998211
2045-03-18 12:00:00,2045,3,18,NA,1.14342773114682,11.9962384546852
2045-03-19 12:00:00,2045,3,19,NA,-2.18944112063148,12.0506434648745
2045-03-20 12:00:00,2045,3,20,NA,3.26525451406274,10.4159558870381
2045-03-21 12:00:00,2045,3,21,NA,0.983823511866519,12.8524928961428
2045-03-22 12:00:00,2045,3,22,NA,2.42332852079397,8.50772349258867
2045-03-23 12:00:00,2045,3,23,NA,2.27439300221433,7.43527584610494
2045-03-24 12:00:00,2045,3,24,NA,0.70378605882257,9.22776030304473
2045-03-25 12:00:00,2045,3,25,NA,-1.03661651628803,9.29557936953962
2045-03-26 12:00:00,2045,3,26,NA,2.61963004929697,9.23912241739954
2045-03-27 12:00:00,2045,3,27,NA,5.53478637837718,9.09184073236884
2045-03-28 12:00:00,2045,3,28,NA,2.06338185373604,12.0299526032577
2045-03-29 12:00:00,2045,3,29,NA,1.32906289251333,12.6854675294958
2045-03-30 12:00:00,2045,3,30,NA,5.02131337697362,13.5452876211958
2045-03-31 12:00:00,2045,3,31,NA,6.55178076235095,13.2925173777407
2045-04-01 12:00:00,2045,4,1,NA,9.11467712632983,13.3818376308681
2045-04-02 12:00:00,2045,4,2,NA,6.28543590204446,11.238190917418
2045-04-03 12:00:00,2045,4,3,NA,3.32222674983166,10.5867669441177
2045-04-04 12:00:00,2045,4,4,NA,-2.03202474461041,15.0277926814951
2045-04-05 12:00:00,2045,4,5,NA,4.04425813941551,11.284689759317
2045-04-06 12:00:00,2045,4,6,NA,4.83478946819315,17.2912585779567
2045-04-07 12:00:00,2045,4,7,NA,6.52812715862663,20.2925787670999
2045-04-08 12:00:00,2045,4,8,NA,11.1832088817038,19.5730127508341
2045-04-09 12:00:00,2045,4,9,NA,11.091052058075,16.184870288036
2045-04-10 12:00:00,2045,4,10,NA,5.6964126580082,14.9516850499448
2045-04-11 12:00:00,2045,4,11,NA,5.97119061494074,17.6001656594277
2045-04-12 12:00:00,2045,4,12,NA,8.54749705369121,22.3070087957737
2045-04-13 12:00:00,2045,4,13,NA,7.11663874240481,15.425129497222
2045-04-14 12:00:00,2045,4,14,NA,5.99326693086515,26.6236689602751
2045-04-15 12:00:00,2045,4,15,NA,10.1319317507069,27.646697977483
2045-04-16 12:00:00,2045,4,16,NA,5.7744124974273,17.1404628215131
2045-04-17 12:00:00,2045,4,17,NA,2.16377948534065,13.8116681154745
2045-04-18 12:00:00,2045,4,18,NA,1.85952409029941,13.0346963412233
2045-04-19 12:00:00,2045,4,19,NA,2.46165422592066,19.5214716520262
2045-04-20 12:00:00,2045,4,20,NA,11.2107134517239,18.9171467799827
2045-04-21 12:00:00,2045,4,21,NA,16.2526143986888,21.3464326286497
2045-04-22 12:00:00,2045,4,22,NA,11.953090440401,18.3531298422574
2045-04-23 12:00:00,2045,4,23,NA,6.85296438471793,20.2356504649178
2045-04-24 12:00:00,2045,4,24,NA,2.11900559966305,19.5215306989492
2045-04-25 12:00:00,2045,4,25,NA,0.876530665108663,15.5232483241532
2045-04-26 12:00:00,2045,4,26,NA,2.60000820349072,14.9862380546685
2045-04-27 12:00:00,2045,4,27,NA,1.29505511795941,18.2028737377784
2045-04-28 12:00:00,2045,4,28,NA,2.72642994472665,15.432667292849
2045-04-29 12:00:00,2045,4,29,NA,3.55153698419526,16.862582036572
2045-04-30 12:00:00,2045,4,30,NA,5.8872193943115,17.8996450715495
2045-05-01 12:00:00,2045,5,1,NA,3.92709317195122,20.8623035137112
2045-05-02 12:00:00,2045,5,2,NA,7.3646469364242,17.264518713187
2045-05-03 12:00:00,2045,5,3,NA,7.44015876900786,18.2983755372013
2045-05-04 12:00:00,2045,5,4,NA,6.25116312277393,22.8339550611174
2045-05-05 12:00:00,2045,5,5,NA,10.8601367659994,16.9621860842837
2045-05-06 12:00:00,2045,5,6,NA,7.94794664144813,16.678009091986
2045-05-07 12:00:00,2045,5,7,NA,7.74213788082989,14.4860712454793
2045-05-08 12:00:00,2045,5,8,NA,4.48726012211334,20.0945320721462
2045-05-09 12:00:00,2045,5,9,NA,5.41876484414252,25.924918547443
2045-05-10 12:00:00,2045,5,10,NA,11.6253975390891,23.4789487684096
2045-05-11 12:00:00,2045,5,11,NA,11.3847995276154,25.7426345357671
2045-05-12 12:00:00,2045,5,12,NA,10.6986280056199,28.1423709283285
2045-05-13 12:00:00,2045,5,13,NA,10.8037696099367,21.5004043993066
2045-05-14 12:00:00,2045,5,14,NA,10.9957321094683,25.5756674011803
2045-05-15 12:00:00,2045,5,15,NA,11.6526573619241,27.37031238674
2045-05-16 12:00:00,2045,5,16,NA,19.020572195028,24.1960975465915
2045-05-17 12:00:00,2045,5,17,NA,17.6940137648547,29.3203236591641
2045-05-18 12:00:00,2045,5,18,NA,15.530253765348,23.3151112762677
2045-05-19 12:00:00,2045,5,19,NA,16.0277678809598,19.9205800108448
2045-05-20 12:00:00,2045,5,20,NA,10.3068879901144,23.199273695827
2045-05-21 12:00:00,2045,5,21,NA,15.5089186466052,22.3523047354181
2045-05-22 12:00:00,2045,5,22,NA,16.0680135055057,23.1303532559525
2045-05-23 12:00:00,2045,5,23,NA,14.8837260684644,29.2415610766161
2045-05-24 12:00:00,2045,5,24,NA,20.0658938072945,24.0480991175978
2045-05-25 12:00:00,2045,5,25,NA,20.2088578066048,23.1570785831404
2045-05-26 12:00:00,2045,5,26,NA,16.0360448083196,20.7653406891547
2045-05-27 12:00:00,2045,5,27,NA,10.1276268608827,18.8488046522642
2045-05-28 12:00:00,2045,5,28,NA,6.28161784137653,22.1600362987849
2045-05-29 12:00:00,2045,5,29,NA,11.2953901217534,24.8813487136519
2045-05-30 12:00:00,2045,5,30,NA,13.0600801622286,27.5914375313186
2045-05-31 12:00:00,2045,5,31,NA,16.5574104300897,30.2411961040355
2045-06-01 12:00:00,2045,6,1,NA,14.4997281001811,30.0769854061521
2045-06-02 12:00:00,2045,6,2,NA,17.3706927568819,30.9338798819249
2045-06-03 12:00:00,2045,6,3,NA,14.6561297160793,27.6657964778666
2045-06-04 12:00:00,2045,6,4,NA,16.5906973405106,27.022855778539
2045-06-05 12:00:00,2045,6,5,NA,17.2823468918105,24.2810416019644
2045-06-06 12:00:00,2045,6,6,NA,21.3172207703019,24.3747131462954
2045-06-07 12:00:00,2045,6,7,NA,20.7496265729636,24.0719007114711
2045-06-08 12:00:00,2045,6,8,NA,20.9670529785736,27.1644685368151
2045-06-09 12:00:00,2045,6,9,NA,23.0667550864235,29.6784388228688
2045-06-10 12:00:00,2045,6,10,NA,18.0689056451289,23.6366338884446
2045-06-11 12:00:00,2045,6,11,NA,13.0638435919571,24.2086875803861
2045-06-12 12:00:00,2045,6,12,NA,15.8617837478662,23.255348018466
2045-06-13 12:00:00,2045,6,13,NA,14.1250736541319,21.2688477040297
2045-06-14 12:00:00,2045,6,14,NA,17.2043001116722,27.023232216909
2045-06-15 12:00:00,2045,6,15,NA,15.7606207515315,27.9453778353539
2045-06-16 12:00:00,2045,6,16,NA,14.162897231064,22.4179036933713
2045-06-17 12:00:00,2045,6,17,NA,13.9445419641843,25.2432928376171
2045-06-18 12:00:00,2045,6,18,NA,12.7263668604974,28.1952361177678
2045-06-19 12:00:00,2045,6,19,NA,16.6231698566228,23.2131736058391
2045-06-20 12:00:00,2045,6,20,NA,12.2993301734939,27.2768586994699
2045-06-21 12:00:00,2045,6,21,NA,12.5552644282292,23.6669355814795
2045-06-22 12:00:00,2045,6,22,NA,12.88007015664,23.2870310712982
2045-06-23 12:00:00,2045,6,23,NA,15.3510831428728,27.2322558301308
2045-06-24 12:00:00,2045,6,24,NA,16.2379830906561,18.3042765865168
2045-06-25 12:00:00,2045,6,25,NA,10.8082882653391,18.0410205513449
2045-06-26 12:00:00,2045,6,26,NA,7.7008687797377,26.2820523096596
2045-06-27 12:00:00,2045,6,27,NA,6.46040571577657,28.6600964322641
2045-06-28 12:00:00,2045,6,28,NA,10.6263474253811,23.8081773798896
2045-06-29 12:00:00,2045,6,29,NA,10.6652306191415,21.3019377842483
2045-06-30 12:00:00,2045,6,30,NA,9.76765582153459,21.0396949099302
2045-07-01 12:00:00,2045,7,1,NA,14.1648984520379,24.4960519521989
2045-07-02 12:00:00,2045,7,2,NA,14.5902679309746,22.8543961885914
2045-07-03 12:00:00,2045,7,3,NA,10.2678496796322,26.042288710657
2045-07-04 12:00:00,2045,7,4,NA,13.4651812159308,28.4442015562291
2045-07-05 12:00:00,2045,7,5,NA,11.3594337075864,25.1532993555396
2045-07-06 12:00:00,2045,7,6,NA,11.6897569484441,26.7538946458905
2045-07-07 12:00:00,2045,7,7,NA,18.7765454833182,26.3177575735713
2045-07-08 12:00:00,2045,7,8,NA,15.7839405324573,19.7411340529982
2045-07-09 12:00:00,2045,7,9,NA,15.8262080733999,23.4503090077982
2045-07-10 12:00:00,2045,7,10,NA,12.0180345062136,29.3728484348495
2045-07-11 12:00:00,2045,7,11,NA,15.7341446194567,28.5906734447177
2045-07-12 12:00:00,2045,7,12,NA,19.586421189271,28.7473944209958
2045-07-13 12:00:00,2045,7,13,NA,20.802230953545,30.5223892602518
2045-07-14 12:00:00,2045,7,14,NA,17.3576523452712,33.180628097211
2045-07-15 12:00:00,2045,7,15,NA,15.4122559924909,27.4708815097633
2045-07-16 12:00:00,2045,7,16,NA,17.6653130987389,29.5333423558739
2045-07-17 12:00:00,2045,7,17,NA,19.075195344132,26.2739413997572
2045-07-18 12:00:00,2045,7,18,NA,15.7019531767249,24.7044726062828
2045-07-19 12:00:00,2045,7,19,NA,18.6670890684711,24.5424887176056
2045-07-20 12:00:00,2045,7,20,NA,16.1348122409507,23.7880742064841
2045-07-21 12:00:00,2045,7,21,NA,14.0279086823307,30.6257739595893
2045-07-22 12:00:00,2045,7,22,NA,18.2042927932676,29.9989839925127
2045-07-23 12:00:00,2045,7,23,NA,15.8193245328709,24.3325000874648
2045-07-24 12:00:00,2045,7,24,NA,16.7204814339468,26.0421381480797
2045-07-25 12:00:00,2045,7,25,NA,20.6836014659744,27.867068316472
2045-07-26 12:00:00,2045,7,26,NA,17.8109172833849,24.1204206034534
2045-07-27 12:00:00,2045,7,27,NA,17.1376397335119,25.9479702382105
2045-07-28 12:00:00,2045,7,28,NA,13.3435852838116,28.4001196423086
2045-07-29 12:00:00,2045,7,29,NA,14.7448257073852,27.879182465236
2045-07-30 12:00:00,2045,7,30,NA,11.509606890438,25.6181354889121
2045-07-31 12:00:00,2045,7,31,NA,6.95154572913429,25.7499665188385
2045-08-01 12:00:00,2045,8,1,NA,10.1708401797573,27.0575950176312
2045-08-02 12:00:00,2045,8,2,NA,17.7726202577451,23.5073623022616
2045-08-03 12:00:00,2045,8,3,NA,16.1918236282884,23.03357588198
2045-08-04 12:00:00,2045,8,4,NA,12.6910955909168,20.045881917962
2045-08-05 12:00:00,2045,8,5,NA,12.8513962882101,23.0196656112708
2045-08-06 12:00:00,2045,8,6,NA,12.0088975342693,26.2215791537579
2045-08-07 12:00:00,2045,8,7,NA,12.677182861479,23.6921978761209
2045-08-08 12:00:00,2045,8,8,NA,16.2678949514949,26.454608407719
2045-08-09 12:00:00,2045,8,9,NA,8.32386252804006,24.120491178732
2045-08-10 12:00:00,2045,8,10,NA,15.2910736088202,21.8064739590833
2045-08-11 12:00:00,2045,8,11,NA,16.4635740886447,25.7788683145423
2045-08-12 12:00:00,2045,8,12,NA,14.8233160935143,30.0216837497679
2045-08-13 12:00:00,2045,8,13,NA,12.6747658484869,26.4269227474338
2045-08-14 12:00:00,2045,8,14,NA,14.640488124291,22.7122864945145
2045-08-15 12:00:00,2045,8,15,NA,14.4984207689643,23.7309808876232
2045-08-16 12:00:00,2045,8,16,NA,13.1653706834063,26.6131817438951
2045-08-17 12:00:00,2045,8,17,NA,12.3040289448013,24.6204128516188
2045-08-18 12:00:00,2045,8,18,NA,13.61834546377,23.7674933689483
2045-08-19 12:00:00,2045,8,19,NA,12.2133861445235,20.3685618153663
2045-08-20 12:00:00,2045,8,20,NA,8.95305929023861,18.2658933509052
2045-08-21 12:00:00,2045,8,21,NA,9.2347255996017,22.0488069653084
2045-08-22 12:00:00,2045,8,22,NA,10.1471089426703,22.1107195552925
2045-08-23 12:00:00,2045,8,23,NA,11.8426721186733,20.2820536911294
2045-08-24 12:00:00,2045,8,24,NA,10.1462897860598,21.2949753699447
2045-08-25 12:00:00,2045,8,25,NA,14.2810672405198,20.9048888678349
2045-08-26 12:00:00,2045,8,26,NA,14.2753915725272,22.3582836907119
2045-08-27 12:00:00,2045,8,27,NA,10.7417009695491,21.5013186210968
2045-08-28 12:00:00,2045,8,28,NA,13.876673909773,21.3143383349499
2045-08-29 12:00:00,2045,8,29,NA,12.7345833083784,22.5528536174154
2045-08-30 12:00:00,2045,8,30,NA,13.5577772150979,27.6993258809235
2045-08-31 12:00:00,2045,8,31,NA,14.6290658663694,23.7728263228651
2045-09-01 12:00:00,2045,9,1,NA,17.1371067279722,27.4441306750122
2045-09-02 12:00:00,2045,9,2,NA,12.6129416993865,22.4312120084235
2045-09-03 12:00:00,2045,9,3,NA,12.3989182386755,19.8284693731002
2045-09-04 12:00:00,2045,9,4,NA,15.2141920817343,19.8379283115076
2045-09-05 12:00:00,2045,9,5,NA,12.8073265335708,22.5651999610442
2045-09-06 12:00:00,2045,9,6,NA,14.1111158800709,22.950314444071
2045-09-07 12:00:00,2045,9,7,NA,15.8383997461024,21.1922514323022
2045-09-08 12:00:00,2045,9,8,NA,14.1134075120798,21.8427019899806
2045-09-09 12:00:00,2045,9,9,NA,10.995383474328,21.6321412957867
2045-09-10 12:00:00,2045,9,10,NA,9.39342714025377,19.7634027134839
2045-09-11 12:00:00,2045,9,11,NA,13.639524207783,19.0369619583513
2045-09-12 12:00:00,2045,9,12,NA,12.9345324874277,24.4335615526928
2045-09-13 12:00:00,2045,9,13,NA,10.6405604988135,25.5098721777902
2045-09-14 12:00:00,2045,9,14,NA,10.9404858503052,22.9453193566486
2045-09-15 12:00:00,2045,9,15,NA,11.9627988952104,19.8728468536074
2045-09-16 12:00:00,2045,9,16,NA,12.4978632412258,21.051996743225
2045-09-17 12:00:00,2045,9,17,NA,14.4830039649126,25.1197617863713
2045-09-18 12:00:00,2045,9,18,NA,14.9047188576556,22.1475976529501
2045-09-19 12:00:00,2045,9,19,NA,13.7541443951767,20.4075851924419
2045-09-20 12:00:00,2045,9,20,NA,10.6892955775659,21.0592711507961
2045-09-21 12:00:00,2045,9,21,NA,11.9869976039576,27.1385423553724
2045-09-22 12:00:00,2045,9,22,NA,10.4427282299686,19.7392158644881
2045-09-23 12:00:00,2045,9,23,NA,10.6982565701992,18.6941543933155
2045-09-24 12:00:00,2045,9,24,NA,12.85603858083,16.6685884224735
2045-09-25 12:00:00,2045,9,25,NA,7.67679816142048,17.6304887397781
2045-09-26 12:00:00,2045,9,26,NA,7.79487732724132,19.5767050933811
2045-09-27 12:00:00,2045,9,27,NA,5.89172466976416,19.7929575383267
2045-09-28 12:00:00,2045,9,28,NA,4.6646478902487,22.4973153402262
2045-09-29 12:00:00,2045,9,29,NA,16.9572345097772,19.6438286541616
2045-09-30 12:00:00,2045,9,30,NA,9.11767413461468,17.3848865741171
2045-10-01 12:00:00,2045,10,1,NA,9.62210073021221,22.0563267106774
2045-10-02 12:00:00,2045,10,2,NA,10.2659888829532,20.1002702247562
2045-10-03 12:00:00,2045,10,3,NA,12.6983908956321,20.0951573318124
2045-10-04 12:00:00,2045,10,4,NA,14.0793806486611,20.3096139949627
2045-10-05 12:00:00,2045,10,5,NA,12.5083393509028,19.6740733946048
2045-10-06 12:00:00,2045,10,6,NA,13.299798686798,20.6862803720574
2045-10-07 12:00:00,2045,10,7,NA,14.491497301896,18.9771978331799
2045-10-08 12:00:00,2045,10,8,NA,14.0300687722852,20.0572450339225
2045-10-09 12:00:00,2045,10,9,NA,16.6737967193755,21.8391044069604
2045-10-10 12:00:00,2045,10,10,NA,18.5805025256345,21.8034697691401
2045-10-11 12:00:00,2045,10,11,NA,14.5298194132943,19.5210118930453
2045-10-12 12:00:00,2045,10,12,NA,14.3955243779335,20.5131768235348
2045-10-13 12:00:00,2045,10,13,NA,13.7302257248441,21.491359903046
2045-10-14 12:00:00,2045,10,14,NA,11.2780872400381,22.9974984291709
2045-10-15 12:00:00,2045,10,15,NA,14.0781860519093,20.5588558893933
2045-10-16 12:00:00,2045,10,16,NA,11.4761154827998,16.8370311132293
2045-10-17 12:00:00,2045,10,17,NA,6.09000299887067,12.4624960426474
2045-10-18 12:00:00,2045,10,18,NA,10.0592834159747,16.8998664385431
2045-10-19 12:00:00,2045,10,19,NA,10.5109908050523,14.1718619473192
2045-10-20 12:00:00,2045,10,20,NA,8.44765337049065,14.9969027861538
2045-10-21 12:00:00,2045,10,21,NA,10.3388209034532,16.6615492791241
2045-10-22 12:00:00,2045,10,22,NA,6.56804501541352,12.8996172859128
2045-10-23 12:00:00,2045,10,23,NA,5.16978560386882,13.8588709243672
2045-10-24 12:00:00,2045,10,24,NA,7.92214147932374,12.417778949326
2045-10-25 12:00:00,2045,10,25,NA,7.80050548277054,10.9834091431789
2045-10-26 12:00:00,2045,10,26,NA,6.88395397932618,11.5949689028274
2045-10-27 12:00:00,2045,10,27,NA,2.98954158749405,13.2876837170361
2045-10-28 12:00:00,2045,10,28,NA,1.37908388057546,11.0278017998512
2045-10-29 12:00:00,2045,10,29,NA,-0.589270840256884,12.3865449994827
2045-10-30 12:00:00,2045,10,30,NA,-2.43333895869438,8.12800868501994
2045-10-31 12:00:00,2045,10,31,NA,-2.26891110790349,8.22281550284859
2045-11-01 12:00:00,2045,11,1,NA,-4.29906477894703,12.7239602533546
2045-11-02 12:00:00,2045,11,2,NA,-1.74550714052704,12.2572871551951
2045-11-03 12:00:00,2045,11,3,NA,-1.55581333949759,8.68218070749408
2045-11-04 12:00:00,2045,11,4,NA,-0.774536407120856,9.45740800610639
2045-11-05 12:00:00,2045,11,5,NA,1.46101652190658,11.7392927091324
2045-11-06 12:00:00,2045,11,6,NA,3.56830794698604,14.8426458320331
2045-11-07 12:00:00,2045,11,7,NA,5.99936589721975,13.5298703189952
2045-11-08 12:00:00,2045,11,8,NA,5.50050082852776,14.4798944454629
2045-11-09 12:00:00,2045,11,9,NA,4.07892432800557,12.9317400649015
2045-11-10 12:00:00,2045,11,10,NA,8.6600700065089,16.4089749000386
2045-11-11 12:00:00,2045,11,11,NA,7.98040393336532,11.7156413824076
2045-11-12 12:00:00,2045,11,12,NA,7.20405376813551,17.1511739259665
2045-11-13 12:00:00,2045,11,13,NA,5.86153099966752,11.7534132731968
2045-11-14 12:00:00,2045,11,14,NA,5.95561447948804,10.9134545461699
2045-11-15 12:00:00,2045,11,15,NA,6.62037670787814,9.91278836778877
2045-11-16 12:00:00,2045,11,16,NA,5.84285128780294,12.5341115433045
2045-11-17 12:00:00,2045,11,17,NA,2.17394076677153,14.2014665433806
2045-11-18 12:00:00,2045,11,18,NA,1.98129411510754,15.8671678059026
2045-11-19 12:00:00,2045,11,19,NA,5.71915375497479,11.4650199676244
2045-11-20 12:00:00,2045,11,20,NA,6.15533097314495,11.9011971857945
2045-11-21 12:00:00,2045,11,21,NA,4.76242647054803,9.76395480141614
2045-11-22 12:00:00,2045,11,22,NA,6.13901434739222,11.7503141143729
2045-11-23 12:00:00,2045,11,23,NA,7.4484847475252,12.7184074285406
2045-11-24 12:00:00,2045,11,24,NA,2.51888682047878,16.1359117568746
2045-11-25 12:00:00,2045,11,25,NA,2.49535977498889,11.6119915962731
2045-11-26 12:00:00,2045,11,26,NA,3.4893469309864,11.9740741518555
2045-11-27 12:00:00,2045,11,27,NA,7.18054930386723,13.1343160402824
2045-11-28 12:00:00,2045,11,28,NA,6.52484329798294,15.7468623435733
2045-11-29 12:00:00,2045,11,29,NA,5.08950780622939,15.2254353803887
2045-11-30 12:00:00,2045,11,30,NA,7.56710246424792,13.4045390675241
2045-12-01 12:00:00,2045,12,1,NA,5.57610164512373,15.2954830869678
2045-12-02 12:00:00,2045,12,2,NA,8.04583115217634,16.8432877775133
2045-12-03 12:00:00,2045,12,3,NA,8.61351294752961,17.6557603416051
2045-12-04 12:00:00,2045,12,4,NA,6.13972326199748,12.1114204935692
2045-12-05 12:00:00,2045,12,5,NA,4.01923426145711,9.93689486565498
2045-12-06 12:00:00,2045,12,6,NA,1.4430175746305,8.53196019224109
2045-12-07 12:00:00,2045,12,7,NA,6.77231086791083,10.6155017103403
2045-12-08 12:00:00,2045,12,8,NA,5.9973926517052,9.93215862241889
2045-12-09 12:00:00,2045,12,9,NA,7.49494537679231,14.3332672511696
2045-12-10 12:00:00,2045,12,10,NA,5.55822188278991,13.872425608734
2045-12-11 12:00:00,2045,12,11,NA,8.37203434194108,17.0136246338057
2045-12-12 12:00:00,2045,12,12,NA,5.43917682878219,8.68638583015941
2045-12-13 12:00:00,2045,12,13,NA,5.35690635379585,9.411305251309
2045-12-14 12:00:00,2045,12,14,NA,5.78851126472676,12.7928257737463
2045-12-15 12:00:00,2045,12,15,NA,7.26842292156583,11.4914239177952
2045-12-16 12:00:00,2045,12,16,NA,2.69869310398795,7.54089594304112
2045-12-17 12:00:00,2045,12,17,NA,2.47182754413405,7.56809925289885
2045-12-18 12:00:00,2045,12,18,NA,0.138678548889348,2.58506629744522
2045-12-19 12:00:00,2045,12,19,NA,-1.53980554331893,2.20526371147363
2045-12-20 12:00:00,2045,12,20,NA,-4.89698160850969,-0.143612489741338
2045-12-21 12:00:00,2045,12,21,NA,-1.92335261973858,2.10150178292706
2045-12-22 12:00:00,2045,12,22,NA,-1.19691049228152,5.91964928911614
2045-12-23 12:00:00,2045,12,23,NA,-1.92248716647753,3.60641097154462
2045-12-24 12:00:00,2045,12,24,NA,-2.76340258955139,1.30935290318077
2045-12-25 12:00:00,2045,12,25,NA,-1.31864774517956,2.88710827474357
2045-12-26 12:00:00,2045,12,26,NA,-2.62856315739085,2.46026764771959
2045-12-27 12:00:00,2045,12,27,NA,-5.70688345915448,-0.280522458657471
2045-12-28 12:00:00,2045,12,28,NA,1.47112731990531,6.54692954434925
2045-12-29 12:00:00,2045,12,29,NA,-1.04820539662411,7.56717276831216
2045-12-30 12:00:00,2045,12,30,NA,3.77362776467712,6.83217129975889
2045-12-31 12:00:00,2045,12,31,NA,2.77721197515944,8.53108906950479
2046-01-01 12:00:00,2046,1,1,NA,1.85022495092372,6.76943048462339
2046-01-02 12:00:00,2046,1,2,NA,1.91185909028882,5.9610039864033
2046-01-03 12:00:00,2046,1,3,NA,-0.70085838832878,4.62547174019883
2046-01-04 12:00:00,2046,1,4,NA,0.8351135137728,2.65748181033482
2046-01-05 12:00:00,2046,1,5,NA,3.15092630544994,6.23529936105882
2046-01-06 12:00:00,2046,1,6,NA,-1.1806639231916,1.6541722546907
2046-01-07 12:00:00,2046,1,7,NA,-3.25489783304363,6.35920369150434
2046-01-08 12:00:00,2046,1,8,NA,-2.50615663793005,8.16580084982885
2046-01-09 12:00:00,2046,1,9,NA,-1.95565782313284,6.99842826692832
2046-01-10 12:00:00,2046,1,10,NA,1.687364161241,7.84216164269085
2046-01-11 12:00:00,2046,1,11,NA,0.449406165916066,6.88836020405734
2046-01-12 12:00:00,2046,1,12,NA,2.85416058385671,9.4635377177913
2046-01-13 12:00:00,2046,1,13,NA,4.78426904162565,9.4662850294822
2046-01-14 12:00:00,2046,1,14,NA,3.36976991538675,7.85546251920652
2046-01-15 12:00:00,2046,1,15,NA,-1.23205339072716,4.47727414135058
2046-01-16 12:00:00,2046,1,16,NA,-7.60886843623852,-2.47009348743685
2046-01-17 12:00:00,2046,1,17,NA,-7.01736726322196,-2.16874389564892
2046-01-18 12:00:00,2046,1,18,NA,-5.42785865229915,2.30978601778754
2046-01-19 12:00:00,2046,1,19,NA,-6.91407903118388,3.81660698406993
2046-01-20 12:00:00,2046,1,20,NA,-6.9528401675099,6.04584788099258
2046-01-21 12:00:00,2046,1,21,NA,-2.29727781587362,7.91489146792127
2046-01-22 12:00:00,2046,1,22,NA,4.59054805566508,11.1999251895997
2046-01-23 12:00:00,2046,1,23,NA,0.125562135513827,8.34382509200325
2046-01-24 12:00:00,2046,1,24,NA,-8.21404363579622,0.784453387109487
2046-01-25 12:00:00,2046,1,25,NA,-4.2521134776766,1.07919924837666
2046-01-26 12:00:00,2046,1,26,NA,-1.35746546978248,2.7106378585084
2046-01-27 12:00:00,2046,1,27,NA,-1.90782863690516,1.7991993725388
2046-01-28 12:00:00,2046,1,28,NA,-0.832999316355785,7.22576655328594
2046-01-29 12:00:00,2046,1,29,NA,4.85003796696962,8.65814725625525
2046-01-30 12:00:00,2046,1,30,NA,2.93953606829064,9.56164055515699
2046-01-31 12:00:00,2046,1,31,NA,3.70100283837303,9.17839099639912
2046-02-01 12:00:00,2046,2,1,NA,7.51397862957591,10.9967605907953
2046-02-02 12:00:00,2046,2,2,NA,3.96569577464028,8.20763552589519
2046-02-03 12:00:00,2046,2,3,NA,4.41856899730454,8.52099099389253
2046-02-04 12:00:00,2046,2,4,NA,3.42716524942668,5.04717352629665
2046-02-05 12:00:00,2046,2,5,NA,4.59307833352556,5.54755597008555
2046-02-06 12:00:00,2046,2,6,NA,3.69865579006937,6.23048692260204
2046-02-07 12:00:00,2046,2,7,NA,-4.95698841441649,3.87299318047963
2046-02-08 12:00:00,2046,2,8,NA,-8.54955544060417,0.18457068478433
2046-02-09 12:00:00,2046,2,9,NA,-7.4600668057733,-3.31926087438539
2046-02-10 12:00:00,2046,2,10,NA,-3.22390026538043,3.53930396501287
2046-02-11 12:00:00,2046,2,11,NA,-0.30178304489099,4.04733093583671
2046-02-12 12:00:00,2046,2,12,NA,-3.15241528258481,2.95726289578875
2046-02-13 12:00:00,2046,2,13,NA,-4.30836159434857,3.75862507331301
2046-02-14 12:00:00,2046,2,14,NA,0.595577623313285,6.38030131066718
2046-02-15 12:00:00,2046,2,15,NA,-0.606010160085329,5.34566856658293
2046-02-16 12:00:00,2046,2,16,NA,-4.44061702537787,4.93902197845298
2046-02-17 12:00:00,2046,2,17,NA,-2.80847995566757,2.8650976111554
2046-02-18 12:00:00,2046,2,18,NA,-1.82201040349964,6.81660897068424
2046-02-19 12:00:00,2046,2,19,NA,3.8382294162412,9.59044310264317
2046-02-20 12:00:00,2046,2,20,NA,2.42789338449776,4.11197647332554
2046-02-21 12:00:00,2046,2,21,NA,3.35784472238246,4.55502661913265
2046-02-22 12:00:00,2046,2,22,NA,3.42582663631452,8.58650426565401
2046-02-23 12:00:00,2046,2,23,NA,3.33981257517702,13.6700656379925
2046-02-24 12:00:00,2046,2,24,NA,6.82288434470357,11.8559145842503
2046-02-25 12:00:00,2046,2,25,NA,5.99751962424994,11.1581972535894
2046-02-26 12:00:00,2046,2,26,NA,8.97264111881324,12.2204021060932
2046-02-27 12:00:00,2046,2,27,NA,6.9662672303647,11.9071700697656
2046-02-28 12:00:00,2046,2,28,NA,5.97143295135315,10.8026702661209
2046-03-01 12:00:00,2046,3,1,NA,6.98600072417066,9.00869507400832
2046-03-02 12:00:00,2046,3,2,NA,6.82357152650798,9.27070098781241
2046-03-03 12:00:00,2046,3,3,NA,1.61390071173377,8.46869255673281
2046-03-04 12:00:00,2046,3,4,NA,1.45209998807116,3.98187492125246
2046-03-05 12:00:00,2046,3,5,NA,1.22603771912673,4.25387120670064
2046-03-06 12:00:00,2046,3,6,NA,-0.65670733901099,4.99954083774348
2046-03-07 12:00:00,2046,3,7,NA,0.350932126645564,9.86031972580404
2046-03-08 12:00:00,2046,3,8,NA,2.1699973289799,5.99548457116799
2046-03-09 12:00:00,2046,3,9,NA,-0.63724455221028,2.21888904643378
2046-03-10 12:00:00,2046,3,10,NA,-2.55896884750638,4.18176776788335
2046-03-11 12:00:00,2046,3,11,NA,0.237642761778344,6.15708239924252
2046-03-12 12:00:00,2046,3,12,NA,-3.40364412785894,13.2239963681605
2046-03-13 12:00:00,2046,3,13,NA,1.90196317494754,12.7547738984859
2046-03-14 12:00:00,2046,3,14,NA,7.46993187469646,10.4600854818652
2046-03-15 12:00:00,2046,3,15,NA,3.88981335983382,9.8827222297643
2046-03-16 12:00:00,2046,3,16,NA,2.97472188636981,8.9408291850624
2046-03-17 12:00:00,2046,3,17,NA,4.38000179591323,8.3084275978092
2046-03-18 12:00:00,2046,3,18,NA,1.51735565909518,12.2757738697993
2046-03-19 12:00:00,2046,3,19,NA,-3.16432910139386,12.602671673449
2046-03-20 12:00:00,2046,3,20,NA,-1.83773374956243,13.7329935483359
2046-03-21 12:00:00,2046,3,21,NA,6.75540700777215,14.8418587169925
2046-03-22 12:00:00,2046,3,22,NA,4.04527771377274,12.2709785381764
2046-03-23 12:00:00,2046,3,23,NA,6.10668951160938,14.0278039551945
2046-03-24 12:00:00,2046,3,24,NA,5.20898386646052,11.7629623773659
2046-03-25 12:00:00,2046,3,25,NA,3.32645934488156,10.2850537325982
2046-03-26 12:00:00,2046,3,26,NA,3.92392054506894,11.1781914873119
2046-03-27 12:00:00,2046,3,27,NA,8.05829322172089,13.6128083666667
2046-03-28 12:00:00,2046,3,28,NA,8.85187226242324,16.9631727992071
2046-03-29 12:00:00,2046,3,29,NA,5.61731327299846,12.896517261579
2046-03-30 12:00:00,2046,3,30,NA,5.35441108496314,14.1147281595715
2046-03-31 12:00:00,2046,3,31,NA,5.97547967549885,15.7373007553707
2046-04-01 12:00:00,2046,4,1,NA,5.62443135640346,12.0507348539091
2046-04-02 12:00:00,2046,4,2,NA,9.25350465820059,13.2443624302616
2046-04-03 12:00:00,2046,4,3,NA,6.1135343222898,12.8881643837969
2046-04-04 12:00:00,2046,4,4,NA,1.30570518558597,8.42743583403783
2046-04-05 12:00:00,2046,4,5,NA,-4.5882255339282,14.0003783985341
2046-04-06 12:00:00,2046,4,6,NA,1.97098023832061,11.4652520186766
2046-04-07 12:00:00,2046,4,7,NA,6.87586947932509,17.4499465181802
2046-04-08 12:00:00,2046,4,8,NA,4.65069230180396,21.6588394367959
2046-04-09 12:00:00,2046,4,9,NA,12.2359423671975,18.3360622158521
2046-04-10 12:00:00,2046,4,10,NA,12.4170196045573,17.4550655548708
2046-04-11 12:00:00,2046,4,11,NA,4.91992769413112,14.3975864765008
2046-04-12 12:00:00,2046,4,12,NA,3.35952155591818,8.39091662742018
2046-04-13 12:00:00,2046,4,13,NA,4.71229974338518,7.85974164295805
2046-04-14 12:00:00,2046,4,14,NA,3.56123598139494,9.70820084409147
2046-04-15 12:00:00,2046,4,15,NA,2.87451095604276,7.39340292880146
2046-04-16 12:00:00,2046,4,16,NA,3.70235612654571,9.97804591183594
2046-04-17 12:00:00,2046,4,17,NA,5.20806440782483,11.2793796939759
2046-04-18 12:00:00,2046,4,18,NA,2.19342832232865,10.583232191459
2046-04-19 12:00:00,2046,4,19,NA,1.15297687718773,11.186927169668
2046-04-20 12:00:00,2046,4,20,NA,3.59310318853691,12.4545394177015
2046-04-21 12:00:00,2046,4,21,NA,3.15681123664316,13.2005127917559
2046-04-22 12:00:00,2046,4,22,NA,4.31703836982052,13.7760241050108
2046-04-23 12:00:00,2046,4,23,NA,9.87965931597705,17.3402045585591
2046-04-24 12:00:00,2046,4,24,NA,11.7285158178368,16.9951070252009
2046-04-25 12:00:00,2046,4,25,NA,9.8873262205498,21.0624984714737
2046-04-26 12:00:00,2046,4,26,NA,10.6619994677217,22.0964963925048
2046-04-27 12:00:00,2046,4,27,NA,10.6976996142767,17.5691700819923
2046-04-28 12:00:00,2046,4,28,NA,8.70363145920611,21.045657708126
2046-04-29 12:00:00,2046,4,29,NA,9.36875932686385,29.1778160069479
2046-04-30 12:00:00,2046,4,30,NA,6.54927687658229,24.7391255941074
2046-05-01 12:00:00,2046,5,1,NA,6.65124985206419,24.712374123001
2046-05-02 12:00:00,2046,5,2,NA,10.4729635732951,21.648135824219
2046-05-03 12:00:00,2046,5,3,NA,6.6539649688179,17.3592988505916
2046-05-04 12:00:00,2046,5,4,NA,6.14073999329326,22.9088616138864
2046-05-05 12:00:00,2046,5,5,NA,6.24815123404259,19.8113383590856
2046-05-06 12:00:00,2046,5,6,NA,8.91910231138156,27.4396701727749
2046-05-07 12:00:00,2046,5,7,NA,4.15130019647008,23.7276233632018
2046-05-08 12:00:00,2046,5,8,NA,9.0253592303431,19.8835759985366
2046-05-09 12:00:00,2046,5,9,NA,10.1590387689325,21.8427072078117
2046-05-10 12:00:00,2046,5,10,NA,14.7759765537424,20.5954217154509
2046-05-11 12:00:00,2046,5,11,NA,14.4194685229965,21.0517639503876
2046-05-12 12:00:00,2046,5,12,NA,9.30021982868666,20.1782894802399
2046-05-13 12:00:00,2046,5,13,NA,10.7561521869185,20.6397771131361
2046-05-14 12:00:00,2046,5,14,NA,13.1666481051377,27.8720424219075
2046-05-15 12:00:00,2046,5,15,NA,14.0741429806053,22.9934365508736
2046-05-16 12:00:00,2046,5,16,NA,14.047238778684,23.9129230456157
2046-05-17 12:00:00,2046,5,17,NA,14.9659710039934,27.1310490801563
2046-05-18 12:00:00,2046,5,18,NA,13.3562313370176,23.169728831935
2046-05-19 12:00:00,2046,5,19,NA,16.0248659298856,25.9084908561031
2046-05-20 12:00:00,2046,5,20,NA,12.4624564941786,21.3817500644468
2046-05-21 12:00:00,2046,5,21,NA,11.4315456238404,22.095181737381
2046-05-22 12:00:00,2046,5,22,NA,9.97973945679228,24.7476430832079
2046-05-23 12:00:00,2046,5,23,NA,9.01855562179263,21.8952740347309
2046-05-24 12:00:00,2046,5,24,NA,16.2680914889524,29.3995600679355
2046-05-25 12:00:00,2046,5,25,NA,14.1739463065422,25.6677418811507
2046-05-26 12:00:00,2046,5,26,NA,9.77234051906302,16.6157266078759
2046-05-27 12:00:00,2046,5,27,NA,5.59072102645518,19.9485560346069
2046-05-28 12:00:00,2046,5,28,NA,6.96859352877668,18.7033398797223
2046-05-29 12:00:00,2046,5,29,NA,11.4025964458128,13.5740692632562
2046-05-30 12:00:00,2046,5,30,NA,9.51596817025387,13.4583388172231
2046-05-31 12:00:00,2046,5,31,NA,12.1536614928611,15.1018822693967
2046-06-01 12:00:00,2046,6,1,NA,12.1362257959429,19.177825577009
2046-06-02 12:00:00,2046,6,2,NA,12.7437073805381,18.5771863234779
2046-06-03 12:00:00,2046,6,3,NA,13.9264338315706,19.9888044072636
2046-06-04 12:00:00,2046,6,4,NA,12.5069696691762,16.6383427072372
2046-06-05 12:00:00,2046,6,5,NA,11.8681925037845,21.0370371890173
2046-06-06 12:00:00,2046,6,6,NA,9.19393030959622,25.7219712980484
2046-06-07 12:00:00,2046,6,7,NA,17.9892872650421,25.0887695120603
2046-06-08 12:00:00,2046,6,8,NA,11.7051103902748,22.9144496510096
2046-06-09 12:00:00,2046,6,9,NA,13.1323638751442,20.5259281457439
2046-06-10 12:00:00,2046,6,10,NA,7.67725922840785,23.0093932859196
2046-06-11 12:00:00,2046,6,11,NA,10.8946855831346,19.1449328825319
2046-06-12 12:00:00,2046,6,12,NA,9.38023114016584,24.4363562485277
2046-06-13 12:00:00,2046,6,13,NA,11.1425162523754,22.4412671258081
2046-06-14 12:00:00,2046,6,14,NA,15.6024870475108,20.7536839570034
2046-06-15 12:00:00,2046,6,15,NA,15.6521264845682,20.8179149458657
2046-06-16 12:00:00,2046,6,16,NA,11.1072982107426,20.3239096539197
2046-06-17 12:00:00,2046,6,17,NA,11.52629175915,19.7900083027099
2046-06-18 12:00:00,2046,6,18,NA,17.2127388585328,22.3785273198303
2046-06-19 12:00:00,2046,6,19,NA,15.6479227890856,23.8981700884829
2046-06-20 12:00:00,2046,6,20,NA,16.8084922708371,25.9773369560699
2046-06-21 12:00:00,2046,6,21,NA,13.8999517090009,23.1425035591879
2046-06-22 12:00:00,2046,6,22,NA,19.302745826215,27.4040199261445
2046-06-23 12:00:00,2046,6,23,NA,19.6431147131239,27.825415219951
2046-06-24 12:00:00,2046,6,24,NA,17.9406925919198,35.4726250677003
2046-06-25 12:00:00,2046,6,25,NA,19.2782004223358,31.9336515032962
2046-06-26 12:00:00,2046,6,26,NA,20.7973387358423,27.2260964264352
2046-06-27 12:00:00,2046,6,27,NA,16.4570873606369,29.8415535195246
2046-06-28 12:00:00,2046,6,28,NA,15.6359359738905,33.160571859736
2046-06-29 12:00:00,2046,6,29,NA,15.1050200073619,30.0540884556288
2046-06-30 12:00:00,2046,6,30,NA,11.958466473944,32.6007340457337
2046-07-01 12:00:00,2046,7,1,NA,16.4284109244098,31.8972801816802
2046-07-02 12:00:00,2046,7,2,NA,17.9336947919351,33.6951993072259
2046-07-03 12:00:00,2046,7,3,NA,20.3738156585541,36.317788096896
2046-07-04 12:00:00,2046,7,4,NA,20.5336746823062,30.8576808331104
2046-07-05 12:00:00,2046,7,5,NA,21.2766862324864,34.0367176775723
2046-07-06 12:00:00,2046,7,6,NA,20.9445906922156,35.1216758021899
2046-07-07 12:00:00,2046,7,7,NA,20.7399017162035,31.5340421891094
2046-07-08 12:00:00,2046,7,8,NA,19.5335448967814,31.791922134805
2046-07-09 12:00:00,2046,7,9,NA,22.5521356418097,30.3643505616686
2046-07-10 12:00:00,2046,7,10,NA,21.3811594608813,29.0052603952795
2046-07-11 12:00:00,2046,7,11,NA,20.3111564476649,26.8918628410738
2046-07-12 12:00:00,2046,7,12,NA,15.5970153551489,23.775799969108
2046-07-13 12:00:00,2046,7,13,NA,17.1399998010276,24.5427891799415
2046-07-14 12:00:00,2046,7,14,NA,12.7422555962031,25.2398663451094
2046-07-15 12:00:00,2046,7,15,NA,15.2151006192699,24.9352589259767
2046-07-16 12:00:00,2046,7,16,NA,19.7535358176593,27.5476180360866
2046-07-17 12:00:00,2046,7,17,NA,18.1100087020299,33.4101923914841
2046-07-18 12:00:00,2046,7,18,NA,16.4267929379125,31.5834349410863
2046-07-19 12:00:00,2046,7,19,NA,21.070443364936,32.1548635344857
2046-07-20 12:00:00,2046,7,20,NA,18.2800691871852,29.7745705764509
2046-07-21 12:00:00,2046,7,21,NA,14.826417693551,30.4767182800488
2046-07-22 12:00:00,2046,7,22,NA,14.3547514932153,25.1107563257387
2046-07-23 12:00:00,2046,7,23,NA,16.6662236737086,22.3134221962165
2046-07-24 12:00:00,2046,7,24,NA,13.449327440571,23.2963600981927
2046-07-25 12:00:00,2046,7,25,NA,11.6168664114167,22.3671499443341
2046-07-26 12:00:00,2046,7,26,NA,13.6217159478735,25.3331069951297
2046-07-27 12:00:00,2046,7,27,NA,15.0994656806322,25.1957665550879
2046-07-28 12:00:00,2046,7,28,NA,22.0596930862976,27.0786119499332
2046-07-29 12:00:00,2046,7,29,NA,19.583000878565,27.6649358982959
2046-07-30 12:00:00,2046,7,30,NA,20.5334095311716,26.5146731082407
2046-07-31 12:00:00,2046,7,31,NA,15.5584480046146,25.7960484300212
2046-08-01 12:00:00,2046,8,1,NA,14.0595572390914,22.5727327936853
2046-08-02 12:00:00,2046,8,2,NA,13.8218882737571,25.4728761867995
2046-08-03 12:00:00,2046,8,3,NA,10.7213483285864,25.6133045691986
2046-08-04 12:00:00,2046,8,4,NA,10.4156650916093,27.1594545043159
2046-08-05 12:00:00,2046,8,5,NA,11.3555748022688,27.1522034529608
2046-08-06 12:00:00,2046,8,6,NA,13.962877845717,28.1044265115426
2046-08-07 12:00:00,2046,8,7,NA,14.0453733017778,23.9711392381533
2046-08-08 12:00:00,2046,8,8,NA,10.839981632408,25.6315701164583
2046-08-09 12:00:00,2046,8,9,NA,8.71318049732033,25.4569699100269
2046-08-10 12:00:00,2046,8,10,NA,12.2827095782268,23.984967616353
2046-08-11 12:00:00,2046,8,11,NA,10.553802788718,23.2995157032623
2046-08-12 12:00:00,2046,8,12,NA,13.5798615629514,21.7228632217125
2046-08-13 12:00:00,2046,8,13,NA,13.7981325287818,22.7891580791542
2046-08-14 12:00:00,2046,8,14,NA,8.74389756798511,27.1399061389446
2046-08-15 12:00:00,2046,8,15,NA,8.38266551320676,22.9649534684395
2046-08-16 12:00:00,2046,8,16,NA,10.1214010551967,23.8735579541436
2046-08-17 12:00:00,2046,8,17,NA,9.40157552667996,22.9841253165722
2046-08-18 12:00:00,2046,8,18,NA,13.825479008754,24.1731204428647
2046-08-19 12:00:00,2046,8,19,NA,15.8575735564923,24.5009222432641
2046-08-20 12:00:00,2046,8,20,NA,18.2967773877617,30.85852285639
2046-08-21 12:00:00,2046,8,21,NA,19.8053416222971,28.0461164772422
2046-08-22 12:00:00,2046,8,22,NA,15.3941887588499,23.8335703313061
2046-08-23 12:00:00,2046,8,23,NA,17.7626396799851,24.4469158500149
2046-08-24 12:00:00,2046,8,24,NA,15.7149788936638,25.6011506704811
2046-08-25 12:00:00,2046,8,25,NA,16.6904380649529,29.8181364047765
2046-08-26 12:00:00,2046,8,26,NA,12.7098583789063,25.1238528336495
2046-08-27 12:00:00,2046,8,27,NA,16.324648351802,24.9679970385738
2046-08-28 12:00:00,2046,8,28,NA,13.4376738803646,23.5814352045342
2046-08-29 12:00:00,2046,8,29,NA,13.4430220889254,22.4921552603873
2046-08-30 12:00:00,2046,8,30,NA,13.8607428465514,21.049556921714
2046-08-31 12:00:00,2046,8,31,NA,10.923464292668,23.5597451548669
2046-09-01 12:00:00,2046,9,1,NA,17.6647471373357,33.444429964936
2046-09-02 12:00:00,2046,9,2,NA,19.6810165774233,33.4217035676048
2046-09-03 12:00:00,2046,9,3,NA,18.7497976223603,28.9096722062285
2046-09-04 12:00:00,2046,9,4,NA,16.596329050358,25.4576446834457
2046-09-05 12:00:00,2046,9,5,NA,12.9834420545064,27.2216860478331
2046-09-06 12:00:00,2046,9,6,NA,12.0765965148834,24.0814300212268
2046-09-07 12:00:00,2046,9,7,NA,14.2229811314345,20.3152052894978
2046-09-08 12:00:00,2046,9,8,NA,12.2495062800292,26.2742904087593
2046-09-09 12:00:00,2046,9,9,NA,11.509828059471,25.523756283994
2046-09-10 12:00:00,2046,9,10,NA,10.2593173598795,24.9501189752474
2046-09-11 12:00:00,2046,9,11,NA,17.0413376872607,26.4571710754295
2046-09-12 12:00:00,2046,9,12,NA,18.0427405911439,29.2663426377273
2046-09-13 12:00:00,2046,9,13,NA,17.6848286868862,28.1033145164586
2046-09-14 12:00:00,2046,9,14,NA,20.894261087994,24.8054774827946
2046-09-15 12:00:00,2046,9,15,NA,17.6254156075909,26.9219032421104
2046-09-16 12:00:00,2046,9,16,NA,17.9618160946783,24.6630090386619
2046-09-17 12:00:00,2046,9,17,NA,18.6264612203705,29.5398797490617
2046-09-18 12:00:00,2046,9,18,NA,16.4024839590288,25.6949091406085
2046-09-19 12:00:00,2046,9,19,NA,21.7344529030549,27.938239257065
2046-09-20 12:00:00,2046,9,20,NA,14.855694653316,23.2131769215893
2046-09-21 12:00:00,2046,9,21,NA,13.9985277514974,25.4908280539613
2046-09-22 12:00:00,2046,9,22,NA,10.8730774514162,19.471755800755
2046-09-23 12:00:00,2046,9,23,NA,11.2912956957136,21.7796695923681
2046-09-24 12:00:00,2046,9,24,NA,13.7653924446758,18.089034270253
2046-09-25 12:00:00,2046,9,25,NA,14.5136445272417,18.4248609220424
2046-09-26 12:00:00,2046,9,26,NA,14.2146091044235,22.927161390865
2046-09-27 12:00:00,2046,9,27,NA,14.8760125699736,25.7894310986647
2046-09-28 12:00:00,2046,9,28,NA,12.5572237796876,21.415409517454
2046-09-29 12:00:00,2046,9,29,NA,9.72096830183291,17.6615483475792
2046-09-30 12:00:00,2046,9,30,NA,15.0851433262494,22.3767648023794
2046-10-01 12:00:00,2046,10,1,NA,16.0711559045071,25.5375254939942
2046-10-02 12:00:00,2046,10,2,NA,16.9979992596539,25.0456367142422
2046-10-03 12:00:00,2046,10,3,NA,15.4346835450279,25.0530217445123
2046-10-04 12:00:00,2046,10,4,NA,15.9260761147599,22.7865867967275
2046-10-05 12:00:00,2046,10,5,NA,20.5813399297799,24.8915334970447
2046-10-06 12:00:00,2046,10,6,NA,18.6553065436444,29.9976775211777
2046-10-07 12:00:00,2046,10,7,NA,18.523102810285,28.1964545713318
2046-10-08 12:00:00,2046,10,8,NA,16.4354699169738,23.79555602347
2046-10-09 12:00:00,2046,10,9,NA,9.88252122053588,16.4317706361991
2046-10-10 12:00:00,2046,10,10,NA,11.1739977050365,21.3357299264349
2046-10-11 12:00:00,2046,10,11,NA,7.57299536024693,20.389251398666
2046-10-12 12:00:00,2046,10,12,NA,11.1879040068705,18.5392201541899
2046-10-13 12:00:00,2046,10,13,NA,10.2481383243821,19.9765585357624
2046-10-14 12:00:00,2046,10,14,NA,11.4157159764892,18.9055839629283
2046-10-15 12:00:00,2046,10,15,NA,14.7881594731009,22.1036745391071
2046-10-16 12:00:00,2046,10,16,NA,12.9561600571601,20.329105376839
2046-10-17 12:00:00,2046,10,17,NA,18.609812261051,24.893722752915
2046-10-18 12:00:00,2046,10,18,NA,16.564405630433,25.1930872294484
2046-10-19 12:00:00,2046,10,19,NA,16.4256968189609,26.1808603483133
2046-10-20 12:00:00,2046,10,20,NA,14.7074663788971,18.1985950978577
2046-10-21 12:00:00,2046,10,21,NA,11.2936685095339,21.3367955600202
2046-10-22 12:00:00,2046,10,22,NA,12.4937695598163,19.6595036035184
2046-10-23 12:00:00,2046,10,23,NA,13.4741756580631,22.4720232342001
2046-10-24 12:00:00,2046,10,24,NA,9.69115979432031,19.1517161434884
2046-10-25 12:00:00,2046,10,25,NA,6.99711803615028,23.740875897993
2046-10-26 12:00:00,2046,10,26,NA,10.7310954731633,17.0150059650274
2046-10-27 12:00:00,2046,10,27,NA,8.56478236160839,15.0454521990924
2046-10-28 12:00:00,2046,10,28,NA,7.06527851904373,14.912356072772
2046-10-29 12:00:00,2046,10,29,NA,7.52081571497758,15.0328911886098
2046-10-30 12:00:00,2046,10,30,NA,10.7064688176432,13.9215948856098
2046-10-31 12:00:00,2046,10,31,NA,10.8239863218485,16.2367264553583
2046-11-01 12:00:00,2046,11,1,NA,11.6975896228184,21.7528376537328
2046-11-02 12:00:00,2046,11,2,NA,7.81023618623671,22.8913986841251
2046-11-03 12:00:00,2046,11,3,NA,13.878452047155,21.1712353695424
2046-11-04 12:00:00,2046,11,4,NA,11.2667410658497,16.8503900810062
2046-11-05 12:00:00,2046,11,5,NA,6.81571915167394,12.7175540282272
2046-11-06 12:00:00,2046,11,6,NA,8.50163836165537,15.3851980148802
2046-11-07 12:00:00,2046,11,7,NA,11.5121938491204,17.1344225678529
2046-11-08 12:00:00,2046,11,8,NA,8.72184971815131,18.0456844096041
2046-11-09 12:00:00,2046,11,9,NA,5.77366267892277,13.8629688389215
2046-11-10 12:00:00,2046,11,10,NA,4.9889206990439,10.8401868411784
2046-11-11 12:00:00,2046,11,11,NA,8.50429969170859,14.3417362949847
2046-11-12 12:00:00,2046,11,12,NA,5.08892775856045,8.81984810109006
2046-11-13 12:00:00,2046,11,13,NA,6.39363296228696,12.0049327292677
2046-11-14 12:00:00,2046,11,14,NA,4.71269872321343,12.2441671447126
2046-11-15 12:00:00,2046,11,15,NA,2.21777984229683,9.68432685006918
2046-11-16 12:00:00,2046,11,16,NA,5.04672150553024,10.6689502242627
2046-11-17 12:00:00,2046,11,17,NA,0.503063196563001,10.8164474465919
2046-11-18 12:00:00,2046,11,18,NA,6.23191767684939,12.0693542801255
2046-11-19 12:00:00,2046,11,19,NA,7.87508556215566,9.7561920138686
2046-11-20 12:00:00,2046,11,20,NA,4.19146332530455,7.91499316422328
2046-11-21 12:00:00,2046,11,21,NA,5.12112723095541,8.88195533478352
2046-11-22 12:00:00,2046,11,22,NA,4.78112670935613,11.3842049937496
2046-11-23 12:00:00,2046,11,23,NA,0.218334888740115,10.9907984179752
2046-11-24 12:00:00,2046,11,24,NA,3.02802335562403,12.0074169725592
2046-11-25 12:00:00,2046,11,25,NA,6.83743985070548,11.1495389950782
2046-11-26 12:00:00,2046,11,26,NA,9.65494617394166,14.3266311533818
2046-11-27 12:00:00,2046,11,27,NA,8.60907559566117,12.8086761471048
2046-11-28 12:00:00,2046,11,28,NA,8.32715407940212,13.2264317187425
2046-11-29 12:00:00,2046,11,29,NA,4.81853464714233,7.70146177906704
2046-11-30 12:00:00,2046,11,30,NA,3.17590229014893,10.911887226656
2046-12-01 12:00:00,2046,12,1,NA,1.58347138987442,6.2800013570397
2046-12-02 12:00:00,2046,12,2,NA,2.82944487225036,7.54970809363533
2046-12-03 12:00:00,2046,12,3,NA,2.91642975040575,7.2805252750568
2046-12-04 12:00:00,2046,12,4,NA,5.85531982080979,7.88478311156733
2046-12-05 12:00:00,2046,12,5,NA,1.93514584804972,7.85792403276522
2046-12-06 12:00:00,2046,12,6,NA,0.417426647747688,5.45691362978426
2046-12-07 12:00:00,2046,12,7,NA,1.94990479743941,3.90546835166201
2046-12-08 12:00:00,2046,12,8,NA,1.798414290893,4.83352869387744
2046-12-09 12:00:00,2046,12,9,NA,0.917947045739161,2.83319449354035
2046-12-10 12:00:00,2046,12,10,NA,5.51131494882525,8.45443298139183
2046-12-11 12:00:00,2046,12,11,NA,3.46000072076373,8.66835518647686
2046-12-12 12:00:00,2046,12,12,NA,3.64949777474086,7.9214607936949
2046-12-13 12:00:00,2046,12,13,NA,4.18050821938461,11.2311230984701
2046-12-14 12:00:00,2046,12,14,NA,-4.09292141729218,10.1326611442177
2046-12-15 12:00:00,2046,12,15,NA,-1.33409100887499,9.86479857939782
2046-12-16 12:00:00,2046,12,16,NA,3.72114716580896,12.6505018223161
2046-12-17 12:00:00,2046,12,17,NA,6.70808543749784,12.8144118642449
2046-12-18 12:00:00,2046,12,18,NA,3.31944516046475,10.440471552941
2046-12-19 12:00:00,2046,12,19,NA,3.3569524175915,8.30537273543437
2046-12-20 12:00:00,2046,12,20,NA,1.96333100450392,2.93893288304754
2046-12-21 12:00:00,2046,12,21,NA,-1.02063139277137,2.88587195808886
2046-12-22 12:00:00,2046,12,22,NA,-1.59436645533678,6.05144754528681
2046-12-23 12:00:00,2046,12,23,NA,-2.24382273824182,2.31755223228026
2046-12-24 12:00:00,2046,12,24,NA,-8.34483318459806,-4.48500305772529
2046-12-25 12:00:00,2046,12,25,NA,-8.21313113981886,0.402247025117403
2046-12-26 12:00:00,2046,12,26,NA,-4.29951582378527,3.39695408152392
2046-12-27 12:00:00,2046,12,27,NA,1.20917856808795,4.25478607278342
2046-12-28 12:00:00,2046,12,28,NA,5.06623659551574,9.33819961446978
2046-12-29 12:00:00,2046,12,29,NA,7.66178895842464,10.7967390385043
2046-12-30 12:00:00,2046,12,30,NA,3.38143727264339,7.91848305022024
2046-12-31 12:00:00,2046,12,31,NA,4.03218115100085,7.95623718274522
2047-01-01 12:00:00,2047,1,1,NA,1.4153936786609,2.6053760602113
2047-01-02 12:00:00,2047,1,2,NA,-3.8338451536457,-1.26061851296941
2047-01-03 12:00:00,2047,1,3,NA,-6.3172306835421,-3.29283437916792
2047-01-04 12:00:00,2047,1,4,NA,-4.8448777566511,-4.37235054937833
2047-01-05 12:00:00,2047,1,5,NA,-2.61060060318839,1.04900761136744
2047-01-06 12:00:00,2047,1,6,NA,-4.487302409867,3.84154499720526
2047-01-07 12:00:00,2047,1,7,NA,-2.82657182838372,5.25770093535431
2047-01-08 12:00:00,2047,1,8,NA,-0.283577737258716,4.70406653989434
2047-01-09 12:00:00,2047,1,9,NA,3.40975009316687,6.12050745740324
2047-01-10 12:00:00,2047,1,10,NA,0.383814789979936,3.51878665224675
2047-01-11 12:00:00,2047,1,11,NA,-5.51235096753129,1.54106885262476
2047-01-12 12:00:00,2047,1,12,NA,0.163113773264894,4.74929271668449
2047-01-13 12:00:00,2047,1,13,NA,-1.00936885570285,6.30354386757892
2047-01-14 12:00:00,2047,1,14,NA,-6.18173412392391,5.53385003137238
2047-01-15 12:00:00,2047,1,15,NA,-0.833709284433362,5.32108819701649
2047-01-16 12:00:00,2047,1,16,NA,-3.06196548564664,2.68603622608006
2047-01-17 12:00:00,2047,1,17,NA,-1.57902239799594,4.39009118262256
2047-01-18 12:00:00,2047,1,18,NA,1.4719574199198,4.55880171003616
2047-01-19 12:00:00,2047,1,19,NA,-0.26871386544316,2.81565919016572
2047-01-20 12:00:00,2047,1,20,NA,1.7064965036816,6.01446273608973
2047-01-21 12:00:00,2047,1,21,NA,6.65525409098045,7.60694476262924
2047-01-22 12:00:00,2047,1,22,NA,4.31075921874987,8.99338997412244
2047-01-23 12:00:00,2047,1,23,NA,0.772492263766219,8.67159967537603
2047-01-24 12:00:00,2047,1,24,NA,3.25468133539719,10.22461578133
2047-01-25 12:00:00,2047,1,25,NA,3.77731972799716,9.0017686335781
2047-01-26 12:00:00,2047,1,26,NA,6.3773767995458,11.4528313482811
2047-01-27 12:00:00,2047,1,27,NA,5.85543693405227,11.846157062395
2047-01-28 12:00:00,2047,1,28,NA,7.09052367125936,11.5115915644248
2047-01-29 12:00:00,2047,1,29,NA,5.38702196777201,9.00099884406528
2047-01-30 12:00:00,2047,1,30,NA,2.15878563419216,6.22193480713044
2047-01-31 12:00:00,2047,1,31,NA,0.942766820705216,6.17453255987171
2047-02-01 12:00:00,2047,2,1,NA,1.6545535144001,10.1396133321525
2047-02-02 12:00:00,2047,2,2,NA,3.75846157064719,8.52452036987571
2047-02-03 12:00:00,2047,2,3,NA,5.54970261549538,9.00791050638692
2047-02-04 12:00:00,2047,2,4,NA,2.82330030543733,9.36746751929322
2047-02-05 12:00:00,2047,2,5,NA,-1.54702369169705,6.01900239915987
2047-02-06 12:00:00,2047,2,6,NA,5.10886170516403,4.46982469646887
2047-02-07 12:00:00,2047,2,7,NA,8.27705920916693,10.0211368382184
2047-02-08 12:00:00,2047,2,8,NA,7.34796405514847,9.05922111842003
2047-02-09 12:00:00,2047,2,9,NA,5.90207654453276,9.27004390303624
2047-02-10 12:00:00,2047,2,10,NA,2.47451815586542,7.77792668453353
2047-02-11 12:00:00,2047,2,11,NA,0.348923287231151,7.08073579592859
2047-02-12 12:00:00,2047,2,12,NA,-2.26942773861363,6.24131033613443
2047-02-13 12:00:00,2047,2,13,NA,-3.53867378033967,6.18502431260144
2047-02-14 12:00:00,2047,2,14,NA,0.232324070987067,12.4577900331755
2047-02-15 12:00:00,2047,2,15,NA,-1.24528181306628,9.29481511580172
2047-02-16 12:00:00,2047,2,16,NA,-1.19465951037007,6.77343055665157
2047-02-17 12:00:00,2047,2,17,NA,-4.16771572411341,0.918111985059746
2047-02-18 12:00:00,2047,2,18,NA,-0.0448846900784239,4.35479997150771
2047-02-19 12:00:00,2047,2,19,NA,3.33470563594939,4.95325716192985
2047-02-20 12:00:00,2047,2,20,NA,3.42012579510064,7.57234526168606
2047-02-21 12:00:00,2047,2,21,NA,5.02483461780707,8.55846916311279
2047-02-22 12:00:00,2047,2,22,NA,9.85341444139501,13.1294355014009
2047-02-23 12:00:00,2047,2,23,NA,5.92769252581722,9.18272034716655
2047-02-24 12:00:00,2047,2,24,NA,4.76266597786714,10.1469934936733
2047-02-25 12:00:00,2047,2,25,NA,-0.318523452548142,7.67672653022663
2047-02-26 12:00:00,2047,2,26,NA,2.56502624800288,11.8409915913973
2047-02-27 12:00:00,2047,2,27,NA,4.11578893988011,13.6216084953217
2047-02-28 12:00:00,2047,2,28,NA,5.16650458010608,12.1151533148683
2047-03-01 12:00:00,2047,3,1,NA,9.21806732046191,14.046979655638
2047-03-02 12:00:00,2047,3,2,NA,8.59577074149154,13.1235960980491
2047-03-03 12:00:00,2047,3,3,NA,3.29998689020767,12.1241082399484
2047-03-04 12:00:00,2047,3,4,NA,5.3343758789137,13.1533966404799
2047-03-05 12:00:00,2047,3,5,NA,-0.357681099463994,14.2173177951525
2047-03-06 12:00:00,2047,3,6,NA,1.88212262048872,9.03282399346408
2047-03-07 12:00:00,2047,3,7,NA,-4.72393559050038,11.597076086999
2047-03-08 12:00:00,2047,3,8,NA,1.11982365877755,9.43053124637927
2047-03-09 12:00:00,2047,3,9,NA,-3.29418888454948,13.376812295422
2047-03-10 12:00:00,2047,3,10,NA,3.85931612743855,11.2747209032063
2047-03-11 12:00:00,2047,3,11,NA,2.31709065300337,12.6444844103057
2047-03-12 12:00:00,2047,3,12,NA,4.76229040201226,10.846685373807
2047-03-13 12:00:00,2047,3,13,NA,4.06134181210517,11.6082650307989
2047-03-14 12:00:00,2047,3,14,NA,6.18515933392585,10.1135851358218
2047-03-15 12:00:00,2047,3,15,NA,9.38383302331064,13.3408637500697
2047-03-16 12:00:00,2047,3,16,NA,7.49223513064191,15.8029427182436
2047-03-17 12:00:00,2047,3,17,NA,8.32200834637985,18.3708849491447
2047-03-18 12:00:00,2047,3,18,NA,7.01463145461122,17.3266214026214
2047-03-19 12:00:00,2047,3,19,NA,4.88358248505477,21.4164152400885
2047-03-20 12:00:00,2047,3,20,NA,8.4336932573913,20.6660985689977
2047-03-21 12:00:00,2047,3,21,NA,7.57048472593505,19.0477146318902
2047-03-22 12:00:00,2047,3,22,NA,-0.7708757873117,10.960185070324
2047-03-23 12:00:00,2047,3,23,NA,3.08379664619015,10.8607576123124
2047-03-24 12:00:00,2047,3,24,NA,0.16280606791423,13.0050910336977
2047-03-25 12:00:00,2047,3,25,NA,5.03393472158687,12.1846360945622
2047-03-26 12:00:00,2047,3,26,NA,4.14393206730721,16.8342422088086
2047-03-27 12:00:00,2047,3,27,NA,6.73164051763708,13.7389584248711
2047-03-28 12:00:00,2047,3,28,NA,2.94125053923322,13.1762187362741
2047-03-29 12:00:00,2047,3,29,NA,4.31263089826967,12.1746253861782
2047-03-30 12:00:00,2047,3,30,NA,10.7116104110348,17.1695187742466
2047-03-31 12:00:00,2047,3,31,NA,13.3985486643372,19.5884299379049
2047-04-01 12:00:00,2047,4,1,NA,12.4912332982742,20.262832165717
2047-04-02 12:00:00,2047,4,2,NA,9.94114587943857,16.9107981781872
2047-04-03 12:00:00,2047,4,3,NA,6.59514485162271,15.0620865397821
2047-04-04 12:00:00,2047,4,4,NA,5.67549814116124,15.1061830891731
2047-04-05 12:00:00,2047,4,5,NA,6.23093796568448,14.5263596229699
2047-04-06 12:00:00,2047,4,6,NA,4.17864159023757,15.3391669737307
2047-04-07 12:00:00,2047,4,7,NA,5.07877054440342,19.754958228726
2047-04-08 12:00:00,2047,4,8,NA,6.03268535058596,23.9380954634411
2047-04-09 12:00:00,2047,4,9,NA,14.5832355478804,25.9146634720085
2047-04-10 12:00:00,2047,4,10,NA,13.3670880641483,24.5731565371203
2047-04-11 12:00:00,2047,4,11,NA,15.1396388916305,22.203452384158
2047-04-12 12:00:00,2047,4,12,NA,12.632174906295,22.131417962693
2047-04-13 12:00:00,2047,4,13,NA,7.77274741374051,22.5355097961282
2047-04-14 12:00:00,2047,4,14,NA,9.91195483989568,24.6761188254615
2047-04-15 12:00:00,2047,4,15,NA,10.8810861211628,31.1643647858502
2047-04-16 12:00:00,2047,4,16,NA,9.66302546911319,28.6747448814514
2047-04-17 12:00:00,2047,4,17,NA,2.8677389402118,8.10020880833093
2047-04-18 12:00:00,2047,4,18,NA,5.78206815997918,10.0174025943891
2047-04-19 12:00:00,2047,4,19,NA,3.60197320324742,8.88368711733239
2047-04-20 12:00:00,2047,4,20,NA,1.83893847876154,15.0765228567213
2047-04-21 12:00:00,2047,4,21,NA,-1.1321881031123,16.9289361678245
2047-04-22 12:00:00,2047,4,22,NA,-0.307339530740096,18.8229339419168
2047-04-23 12:00:00,2047,4,23,NA,0.0681477365947494,16.9141006955772
2047-04-24 12:00:00,2047,4,24,NA,5.23065902623805,14.7318150652885
2047-04-25 12:00:00,2047,4,25,NA,7.06902438713047,16.3346357340875
2047-04-26 12:00:00,2047,4,26,NA,5.97976934676704,13.2443095410531
2047-04-27 12:00:00,2047,4,27,NA,2.36329777420344,13.7977946989865
2047-04-28 12:00:00,2047,4,28,NA,3.59747433413663,12.8845737736297
2047-04-29 12:00:00,2047,4,29,NA,4.52213793669382,13.392093717255
2047-04-30 12:00:00,2047,4,30,NA,6.55271032792651,11.8304895333157
2047-05-01 12:00:00,2047,5,1,NA,4.0634147162902,12.2525135359517
2047-05-02 12:00:00,2047,5,2,NA,5.23590081152648,13.7238111363626
2047-05-03 12:00:00,2047,5,3,NA,6.21468729955834,15.9467392548972
2047-05-04 12:00:00,2047,5,4,NA,5.37157108418811,10.9011747847267
2047-05-05 12:00:00,2047,5,5,NA,3.18119587169884,11.3975756479856
2047-05-06 12:00:00,2047,5,6,NA,2.74591603383235,16.3444522401252
2047-05-07 12:00:00,2047,5,7,NA,5.40192636441782,17.1549637407724
2047-05-08 12:00:00,2047,5,8,NA,1.97679675136513,17.7104465270308
2047-05-09 12:00:00,2047,5,9,NA,4.14305654180631,16.8190108982955
2047-05-10 12:00:00,2047,5,10,NA,4.17668126514707,21.627444059491
2047-05-11 12:00:00,2047,5,11,NA,5.36204151735191,24.2017810222154
2047-05-12 12:00:00,2047,5,12,NA,5.1034293998389,21.1791016825366
2047-05-13 12:00:00,2047,5,13,NA,7.89059470693274,15.3367536508483
2047-05-14 12:00:00,2047,5,14,NA,8.7397285639665,17.6151735816747
2047-05-15 12:00:00,2047,5,15,NA,8.94476810527904,17.7556707224473
2047-05-16 12:00:00,2047,5,16,NA,12.5593741837109,15.3066950049256
2047-05-17 12:00:00,2047,5,17,NA,13.9936275941249,23.8443471087419
2047-05-18 12:00:00,2047,5,18,NA,13.1356575946605,23.8409914764342
2047-05-19 12:00:00,2047,5,19,NA,15.0585159702543,23.2748957465411
2047-05-20 12:00:00,2047,5,20,NA,10.6732669760276,21.5513366275808
2047-05-21 12:00:00,2047,5,21,NA,7.44770679435407,21.9949590560822
2047-05-22 12:00:00,2047,5,22,NA,9.80799750533275,26.312814472917
2047-05-23 12:00:00,2047,5,23,NA,18.7970015065109,25.8386012875771
2047-05-24 12:00:00,2047,5,24,NA,17.6820137014621,22.5554058885975
2047-05-25 12:00:00,2047,5,25,NA,16.9031140037796,22.7420715529284
2047-05-26 12:00:00,2047,5,26,NA,15.9097022041426,23.2867713833925
2047-05-27 12:00:00,2047,5,27,NA,12.3441719648059,21.8974142555689
2047-05-28 12:00:00,2047,5,28,NA,11.5106859019659,23.1515291638745
2047-05-29 12:00:00,2047,5,29,NA,14.0908327666203,25.9443839959407
2047-05-30 12:00:00,2047,5,30,NA,15.547121099773,26.2642269201073
2047-05-31 12:00:00,2047,5,31,NA,14.2699518744825,20.6156830191642
2047-06-01 12:00:00,2047,6,1,NA,12.8541564506044,28.6041386329614
2047-06-02 12:00:00,2047,6,2,NA,13.4002494473187,29.0487779850149
2047-06-03 12:00:00,2047,6,3,NA,12.5005821620712,26.9648050756687
2047-06-04 12:00:00,2047,6,4,NA,6.81602685501546,24.2665121599543
2047-06-05 12:00:00,2047,6,5,NA,6.81316471738996,25.3841452534993
2047-06-06 12:00:00,2047,6,6,NA,10.5383043027994,20.8594256476194
2047-06-07 12:00:00,2047,6,7,NA,13.334572454944,20.020524526864
2047-06-08 12:00:00,2047,6,8,NA,13.2324366980426,20.4594477178383
2047-06-09 12:00:00,2047,6,9,NA,14.7302526179285,21.9508252411867
2047-06-10 12:00:00,2047,6,10,NA,16.0835354719919,27.2882028325341
2047-06-11 12:00:00,2047,6,11,NA,16.2216023308965,24.4698148374227
2047-06-12 12:00:00,2047,6,12,NA,16.7861881457759,22.69846710316
2047-06-13 12:00:00,2047,6,13,NA,14.1719152473535,24.0839169657196
2047-06-14 12:00:00,2047,6,14,NA,14.0008901624969,24.7094617780287
2047-06-15 12:00:00,2047,6,15,NA,14.7141263482706,25.9749349660919
2047-06-16 12:00:00,2047,6,16,NA,12.2021093393553,26.6138635892879
2047-06-17 12:00:00,2047,6,17,NA,9.1455245349832,24.9249001789307
2047-06-18 12:00:00,2047,6,18,NA,11.2851780127147,27.7579477898282
2047-06-19 12:00:00,2047,6,19,NA,18.3079535034909,27.5870876440763
2047-06-20 12:00:00,2047,6,20,NA,12.4830215630466,25.7253736764683
2047-06-21 12:00:00,2047,6,21,NA,14.4938300975354,28.9230539152426
2047-06-22 12:00:00,2047,6,22,NA,16.3146246710061,33.67571867191
2047-06-23 12:00:00,2047,6,23,NA,15.4363105159334,29.8511665367638
2047-06-24 12:00:00,2047,6,24,NA,19.9066043905662,26.4653146234766
2047-06-25 12:00:00,2047,6,25,NA,24.2469476528754,26.2862950932335
2047-06-26 12:00:00,2047,6,26,NA,22.73537972281,28.0765188746183
2047-06-27 12:00:00,2047,6,27,NA,17.1355136076476,26.375583484088
2047-06-28 12:00:00,2047,6,28,NA,16.9970457590082,24.390610029608
2047-06-29 12:00:00,2047,6,29,NA,14.0921484895625,28.4948563930072
2047-06-30 12:00:00,2047,6,30,NA,17.5603341980276,33.0508483771137
2047-07-01 12:00:00,2047,7,1,NA,17.7793911421616,33.6135860342081
2047-07-02 12:00:00,2047,7,2,NA,18.8296740913792,29.1594308599909
2047-07-03 12:00:00,2047,7,3,NA,21.3727831326989,27.4920322642386
2047-07-04 12:00:00,2047,7,4,NA,17.583803179353,26.5863226089109
2047-07-05 12:00:00,2047,7,5,NA,18.8988076382687,30.5497955513111
2047-07-06 12:00:00,2047,7,6,NA,21.6586506649899,27.0272238569786
2047-07-07 12:00:00,2047,7,7,NA,19.7778222115672,30.1018283623714
2047-07-08 12:00:00,2047,7,8,NA,14.1032508514866,24.7236994397792
2047-07-09 12:00:00,2047,7,9,NA,11.9790620335828,25.6553043194317
2047-07-10 12:00:00,2047,7,10,NA,16.9920500994617,27.5358511306524
2047-07-11 12:00:00,2047,7,11,NA,17.1047441862101,28.0972733508989
2047-07-12 12:00:00,2047,7,12,NA,16.7635528623165,30.1775205040792
2047-07-13 12:00:00,2047,7,13,NA,20.3689938082602,28.3292060569054
2047-07-14 12:00:00,2047,7,14,NA,16.4306620934105,26.6801621464526
2047-07-15 12:00:00,2047,7,15,NA,18.0472988264264,28.0614971339542
2047-07-16 12:00:00,2047,7,16,NA,18.3308331032468,26.3694560861966
2047-07-17 12:00:00,2047,7,17,NA,13.293411057256,30.1911273140805
2047-07-18 12:00:00,2047,7,18,NA,17.5465946059078,32.735577228468
2047-07-19 12:00:00,2047,7,19,NA,17.4706286725649,32.4496490128632
2047-07-20 12:00:00,2047,7,20,NA,24.3773619746836,31.9022175141318
2047-07-21 12:00:00,2047,7,21,NA,19.2613787726294,36.9968997543093
2047-07-22 12:00:00,2047,7,22,NA,16.7981956852902,31.4599700404291
2047-07-23 12:00:00,2047,7,23,NA,20.3317191955221,30.3029796324947
2047-07-24 12:00:00,2047,7,24,NA,20.3056153053836,33.3366384352616
2047-07-25 12:00:00,2047,7,25,NA,21.0104720579324,34.4504129540707
2047-07-26 12:00:00,2047,7,26,NA,22.3322938542339,33.7285817393801
2047-07-27 12:00:00,2047,7,27,NA,18.9892614298573,31.43316893357
2047-07-28 12:00:00,2047,7,28,NA,19.3948292524449,27.9080048070388
2047-07-29 12:00:00,2047,7,29,NA,17.0574723314453,32.1174029356034
2047-07-30 12:00:00,2047,7,30,NA,13.2127996310916,26.6267672728543
2047-07-31 12:00:00,2047,7,31,NA,14.0412313788268,24.520263428947
2047-08-01 12:00:00,2047,8,1,NA,18.5403542830185,25.1272192581305
2047-08-02 12:00:00,2047,8,2,NA,16.151100820993,25.4132297224457
2047-08-03 12:00:00,2047,8,3,NA,14.481312403824,28.2720779907641
2047-08-04 12:00:00,2047,8,4,NA,15.7447501742169,25.8265344419936
2047-08-05 12:00:00,2047,8,5,NA,14.2568418702976,26.5911964859089
2047-08-06 12:00:00,2047,8,6,NA,19.4117139477362,26.095990117766
2047-08-07 12:00:00,2047,8,7,NA,15.9661494851869,20.5800736296331
2047-08-08 12:00:00,2047,8,8,NA,12.3622059247156,20.4289277672281
2047-08-09 12:00:00,2047,8,9,NA,13.9993739905588,19.432046227358
2047-08-10 12:00:00,2047,8,10,NA,14.9476644117411,22.8206588934858
2047-08-11 12:00:00,2047,8,11,NA,11.6029061409224,22.5697478573003
2047-08-12 12:00:00,2047,8,12,NA,10.5867879096927,22.322959651774
2047-08-13 12:00:00,2047,8,13,NA,14.7120563218678,22.1333252319148
2047-08-14 12:00:00,2047,8,14,NA,16.9302820861141,20.9770225685088
2047-08-15 12:00:00,2047,8,15,NA,21.4015211079982,25.448261590393
2047-08-16 12:00:00,2047,8,16,NA,18.0180028367599,22.9561026651938
2047-08-17 12:00:00,2047,8,17,NA,15.9254284420641,22.4374776703449
2047-08-18 12:00:00,2047,8,18,NA,16.0074586465857,21.5506563445594
2047-08-19 12:00:00,2047,8,19,NA,17.189082469019,25.0747894837882
2047-08-20 12:00:00,2047,8,20,NA,17.3622381732735,28.8794765025217
2047-08-21 12:00:00,2047,8,21,NA,18.2783515833625,27.4082358781267
2047-08-22 12:00:00,2047,8,22,NA,13.5225186111909,26.5769227316758
2047-08-23 12:00:00,2047,8,23,NA,17.1361971055537,22.5688693423529
2047-08-24 12:00:00,2047,8,24,NA,15.7749958260918,22.5248032283594
2047-08-25 12:00:00,2047,8,25,NA,15.7510440289652,21.6879472099741
2047-08-26 12:00:00,2047,8,26,NA,8.51876140824995,25.0594364771812
2047-08-27 12:00:00,2047,8,27,NA,15.1236127334374,29.6546585428661
2047-08-28 12:00:00,2047,8,28,NA,13.3109945660433,31.7070031370027
2047-08-29 12:00:00,2047,8,29,NA,15.055595692512,27.6167403234176
2047-08-30 12:00:00,2047,8,30,NA,16.5387792465842,28.8322771863063
2047-08-31 12:00:00,2047,8,31,NA,14.3767565390737,24.2450625743493
2047-09-01 12:00:00,2047,9,1,NA,15.7091759974716,22.0985190770497
2047-09-02 12:00:00,2047,9,2,NA,11.0270510607156,23.2412859995219
2047-09-03 12:00:00,2047,9,3,NA,9.88571462799355,25.8050843474043
2047-09-04 12:00:00,2047,9,4,NA,11.4247257162739,21.4785607530935
2047-09-05 12:00:00,2047,9,5,NA,13.3834021235404,24.8757024260043
2047-09-06 12:00:00,2047,9,6,NA,13.6390563105098,23.118260852392
2047-09-07 12:00:00,2047,9,7,NA,16.2296430241599,22.0202819869473
2047-09-08 12:00:00,2047,9,8,NA,18.3865322512924,24.0341717022342
2047-09-09 12:00:00,2047,9,9,NA,18.7533348264602,25.0047216141745
2047-09-10 12:00:00,2047,9,10,NA,18.8915839865993,28.5247471292634
2047-09-11 12:00:00,2047,9,11,NA,16.6417546137542,25.3185388106231
2047-09-12 12:00:00,2047,9,12,NA,14.5716012512431,22.1771624385056
2047-09-13 12:00:00,2047,9,13,NA,13.7883983334719,23.2042317216407
2047-09-14 12:00:00,2047,9,14,NA,10.3182918131199,30.2048047322408
2047-09-15 12:00:00,2047,9,15,NA,12.5605318535534,31.3127278522574
2047-09-16 12:00:00,2047,9,16,NA,10.7379271321192,23.7645822116092
2047-09-17 12:00:00,2047,9,17,NA,13.2517862886032,21.619849264227
2047-09-18 12:00:00,2047,9,18,NA,10.9937427317015,20.6669980241279
2047-09-19 12:00:00,2047,9,19,NA,10.202096699462,21.4037485035517
2047-09-20 12:00:00,2047,9,20,NA,8.25585927048971,17.5482844520695
2047-09-21 12:00:00,2047,9,21,NA,7.79009833618604,11.3341296877923
2047-09-22 12:00:00,2047,9,22,NA,4.82480974103349,13.5310943481345
2047-09-23 12:00:00,2047,9,23,NA,5.38771050364919,19.3163962931702
2047-09-24 12:00:00,2047,9,24,NA,8.40867041964075,21.8343015957148
2047-09-25 12:00:00,2047,9,25,NA,9.52988445972729,18.1285628090662
2047-09-26 12:00:00,2047,9,26,NA,12.4421497327221,18.302007919916
2047-09-27 12:00:00,2047,9,27,NA,11.6557254102709,18.4432908753063
2047-09-28 12:00:00,2047,9,28,NA,11.0300252890587,16.7876475379697
2047-09-29 12:00:00,2047,9,29,NA,8.58820383625168,17.6654211461056
2047-09-30 12:00:00,2047,9,30,NA,7.89053952432139,16.7975123872779
2047-10-01 12:00:00,2047,10,1,NA,4.01659074414292,21.7149659631556
2047-10-02 12:00:00,2047,10,2,NA,8.71933084217745,26.8501280967113
2047-10-03 12:00:00,2047,10,3,NA,12.175496000632,26.0215214792598
2047-10-04 12:00:00,2047,10,4,NA,13.2550960692258,26.1216711714158
2047-10-05 12:00:00,2047,10,5,NA,12.7380673499533,30.0017386886824
2047-10-06 12:00:00,2047,10,6,NA,11.7464888647059,27.9449973199431
2047-10-07 12:00:00,2047,10,7,NA,19.8116172343831,25.2243573678929
2047-10-08 12:00:00,2047,10,8,NA,13.3665219907073,26.7371149257331
2047-10-09 12:00:00,2047,10,9,NA,13.7569330537806,25.6000846118349
2047-10-10 12:00:00,2047,10,10,NA,16.0940980514474,19.5047279451259
2047-10-11 12:00:00,2047,10,11,NA,13.8228660864337,22.3758512795479
2047-10-12 12:00:00,2047,10,12,NA,16.1847594244387,23.9458936026406
2047-10-13 12:00:00,2047,10,13,NA,14.5705054556012,28.3852629238194
2047-10-14 12:00:00,2047,10,14,NA,13.7210807668697,22.4544518827748
2047-10-15 12:00:00,2047,10,15,NA,13.8511166655596,19.1707850084732
2047-10-16 12:00:00,2047,10,16,NA,16.9003479348694,20.0879850595695
2047-10-17 12:00:00,2047,10,17,NA,12.5121005107121,16.4244001693531
2047-10-18 12:00:00,2047,10,18,NA,9.67590874471836,18.3335608416775
2047-10-19 12:00:00,2047,10,19,NA,9.71531166357534,19.3033954915322
2047-10-20 12:00:00,2047,10,20,NA,11.3261259441042,14.9526958224308
2047-10-21 12:00:00,2047,10,21,NA,11.2230035801616,15.5370069552698
2047-10-22 12:00:00,2047,10,22,NA,9.72090401766298,13.9541765013122
2047-10-23 12:00:00,2047,10,23,NA,12.3200300334762,17.6525465355626
2047-10-24 12:00:00,2047,10,24,NA,12.0104185311917,19.2630202812317
2047-10-25 12:00:00,2047,10,25,NA,8.15523797844967,18.5882814986202
2047-10-26 12:00:00,2047,10,26,NA,8.9186716880646,19.7158123587794
2047-10-27 12:00:00,2047,10,27,NA,9.15960485196485,22.5301977869907
2047-10-28 12:00:00,2047,10,28,NA,16.382850874653,26.3114353922223
2047-10-29 12:00:00,2047,10,29,NA,14.3843235768652,24.8389180809616
2047-10-30 12:00:00,2047,10,30,NA,14.195404663714,21.6720109203667
2047-10-31 12:00:00,2047,10,31,NA,11.7966093410294,22.2036920925917
2047-11-01 12:00:00,2047,11,1,NA,12.2148044120133,21.5425153432183
2047-11-02 12:00:00,2047,11,2,NA,9.1877668410459,15.7370162567091
2047-11-03 12:00:00,2047,11,3,NA,7.51138481698449,13.4303798141724
2047-11-04 12:00:00,2047,11,4,NA,10.3461376458772,16.6716836267042
2047-11-05 12:00:00,2047,11,5,NA,9.82464725105231,11.4942402833596
2047-11-06 12:00:00,2047,11,6,NA,5.57139421004968,10.5919466146189
2047-11-07 12:00:00,2047,11,7,NA,5.32706682799764,13.7632104602226
2047-11-08 12:00:00,2047,11,8,NA,3.08639970905101,6.84294404083965
2047-11-09 12:00:00,2047,11,9,NA,6.75193543381925,11.8775899583602
2047-11-10 12:00:00,2047,11,10,NA,8.88957966612128,13.5517917601993
2047-11-11 12:00:00,2047,11,11,NA,5.86151314579704,9.79222953119749
2047-11-12 12:00:00,2047,11,12,NA,3.48087598142606,9.11548585116531
2047-11-13 12:00:00,2047,11,13,NA,4.89080255026988,11.9008172010733
2047-11-14 12:00:00,2047,11,14,NA,-1.45119765090243,5.11442001116386
2047-11-15 12:00:00,2047,11,15,NA,-4.04774194962501,4.97602040139065
2047-11-16 12:00:00,2047,11,16,NA,2.6220734794207,7.74772800396163
2047-11-17 12:00:00,2047,11,17,NA,5.30250565368573,10.2671577345872
2047-11-18 12:00:00,2047,11,18,NA,7.29448793806911,11.9931288668428
2047-11-19 12:00:00,2047,11,19,NA,6.38307712741257,9.21486862198939
2047-11-20 12:00:00,2047,11,20,NA,8.85437834115962,12.1266737771145
2047-11-21 12:00:00,2047,11,21,NA,10.9056731246584,12.2890623952974
2047-11-22 12:00:00,2047,11,22,NA,6.73138402603178,9.58606152357429
2047-11-23 12:00:00,2047,11,23,NA,7.96503630068489,10.7966943053986
2047-11-24 12:00:00,2047,11,24,NA,8.14743539007209,12.1533487220087
2047-11-25 12:00:00,2047,11,25,NA,4.24993105855299,6.79083044382755
2047-11-26 12:00:00,2047,11,26,NA,2.15730692812945,7.85501606697892
2047-11-27 12:00:00,2047,11,27,NA,-0.907982227257269,9.53129547137984
2047-11-28 12:00:00,2047,11,28,NA,1.03091028709525,9.930192891916
2047-11-29 12:00:00,2047,11,29,NA,4.59609037088291,12.8838860127462
2047-11-30 12:00:00,2047,11,30,NA,2.61035131845273,8.87370486275895
2047-12-01 12:00:00,2047,12,1,NA,1.97089594194502,10.3516128231681
2047-12-02 12:00:00,2047,12,2,NA,-1.0717937039259,7.31365003138959
2047-12-03 12:00:00,2047,12,3,NA,1.93371204148688,10.5273835785015
2047-12-04 12:00:00,2047,12,4,NA,3.13751900790012,10.8221425176835
2047-12-05 12:00:00,2047,12,5,NA,6.90340926191929,11.2675047865703
2047-12-06 12:00:00,2047,12,6,NA,3.94708090454458,9.47597904256673
2047-12-07 12:00:00,2047,12,7,NA,1.40826353668162,6.00483786645352
2047-12-08 12:00:00,2047,12,8,NA,2.09904031110114,8.53478588996028
2047-12-09 12:00:00,2047,12,9,NA,8.08861056618657,15.336663555068
2047-12-10 12:00:00,2047,12,10,NA,8.97897326899817,18.3939652909398
2047-12-11 12:00:00,2047,12,11,NA,6.72870845833487,12.257606596357
2047-12-12 12:00:00,2047,12,12,NA,7.71518908671803,13.5154422249777
2047-12-13 12:00:00,2047,12,13,NA,7.55611020947893,12.3929707890309
2047-12-14 12:00:00,2047,12,14,NA,6.88236463532703,13.221892596614
2047-12-15 12:00:00,2047,12,15,NA,3.31379469842425,11.8338180856785
2047-12-16 12:00:00,2047,12,16,NA,1.18691897326665,12.3907351148493
2047-12-17 12:00:00,2047,12,17,NA,5.64474389596541,9.42220471317175
2047-12-18 12:00:00,2047,12,18,NA,-2.41625951036681,8.47055584025145
2047-12-19 12:00:00,2047,12,19,NA,3.99628180397695,10.5276838616386
2047-12-20 12:00:00,2047,12,20,NA,7.50637619312803,19.7377181790388
2047-12-21 12:00:00,2047,12,21,NA,7.65656865222753,9.68208226825575
2047-12-22 12:00:00,2047,12,22,NA,5.5552978302799,11.3104369829393
2047-12-23 12:00:00,2047,12,23,NA,1.99783822905598,10.2910973279984
2047-12-24 12:00:00,2047,12,24,NA,2.20545424996052,6.28155377829144
2047-12-25 12:00:00,2047,12,25,NA,3.93890616035374,6.65484520822032
2047-12-26 12:00:00,2047,12,26,NA,5.12053951035163,6.14035877422332
2047-12-27 12:00:00,2047,12,27,NA,5.94432042995469,10.0101461456762
2047-12-28 12:00:00,2047,12,28,NA,7.07743464428836,9.29500237391775
2047-12-29 12:00:00,2047,12,29,NA,5.02637618522948,8.08337118031468
2047-12-30 12:00:00,2047,12,30,NA,1.53126200798887,7.5932507315899
2047-12-31 12:00:00,2047,12,31,NA,-1.04685930300572,5.80583681679078
2048-01-01 12:00:00,2048,1,1,NA,2.17960370644738,7.1525533018614
2048-01-02 12:00:00,2048,1,2,NA,-0.506525959917533,3.54654757237167
2048-01-03 12:00:00,2048,1,3,NA,-6.1875810608798,-4.36606969706437
2048-01-04 12:00:00,2048,1,4,NA,-14.0083659971995,-7.73840679280904
2048-01-05 12:00:00,2048,1,5,NA,-5.66669544288987,-2.89143190909526
2048-01-06 12:00:00,2048,1,6,NA,-0.18447320212751,2.95049866013931
2048-01-07 12:00:00,2048,1,7,NA,1.57588795105652,5.7981071926059
2048-01-08 12:00:00,2048,1,8,NA,2.01808889807887,8.09218311322327
2048-01-09 12:00:00,2048,1,9,NA,4.68104324603774,7.81601510830456
2048-01-10 12:00:00,2048,1,10,NA,4.90965097552772,6.97753203713282
2048-01-11 12:00:00,2048,1,11,NA,5.11916113993211,7.34500764411664
2048-01-12 12:00:00,2048,1,12,NA,-8.11827978592271,-4.41232375418113
2048-01-13 12:00:00,2048,1,13,NA,-14.518584695789,-9.0361719576393
2048-01-14 12:00:00,2048,1,14,NA,-14.7170456539438,-8.7875872048493
2048-01-15 12:00:00,2048,1,15,NA,-3.85108449629469,-2.0180609734579
2048-01-16 12:00:00,2048,1,16,NA,-6.76901404982525,-3.66435828386619
2048-01-17 12:00:00,2048,1,17,NA,-14.2759374868283,-10.0810041220893
2048-01-18 12:00:00,2048,1,18,NA,-14.5464047120406,-8.08506217467942
2048-01-19 12:00:00,2048,1,19,NA,-13.3524864575929,-3.85805426863693
2048-01-20 12:00:00,2048,1,20,NA,-4.2701072171377,1.88469026431215
2048-01-21 12:00:00,2048,1,21,NA,-1.92543244145337,2.17655881389055
2048-01-22 12:00:00,2048,1,22,NA,-4.3838345980656,0.558561023340244
2048-01-23 12:00:00,2048,1,23,NA,-0.129382310993255,4.64608908897593
2048-01-24 12:00:00,2048,1,24,NA,4.54354385771106,11.5530846922315
2048-01-25 12:00:00,2048,1,25,NA,1.37865312329292,9.41994773726337
2048-01-26 12:00:00,2048,1,26,NA,0.569270229384772,7.3654959163356
2048-01-27 12:00:00,2048,1,27,NA,7.16461504372945,14.7008275112411
2048-01-28 12:00:00,2048,1,28,NA,3.62303518162363,7.6513849140038
2048-01-29 12:00:00,2048,1,29,NA,2.72906309385424,4.55057445766967
2048-01-30 12:00:00,2048,1,30,NA,-2.16109170607151,4.17760763616644
2048-01-31 12:00:00,2048,1,31,NA,-1.57016860361119,7.92426358534481
2048-02-01 12:00:00,2048,2,1,NA,6.83306779095264,8.92424898712916
2048-02-02 12:00:00,2048,2,2,NA,5.81436115710995,10.3000537609297
2048-02-03 12:00:00,2048,2,3,NA,7.34109378568745,8.95658003403555
2048-02-04 12:00:00,2048,2,4,NA,8.86849305241082,10.487522776367
2048-02-05 12:00:00,2048,2,5,NA,6.96024960572468,9.48866155112279
2048-02-06 12:00:00,2048,2,6,NA,3.33602335984981,6.74175504724755
2048-02-07 12:00:00,2048,2,7,NA,-0.682417665479819,4.25543643474549
2048-02-08 12:00:00,2048,2,8,NA,2.07168218905994,3.68762270618361
2048-02-09 12:00:00,2048,2,9,NA,1.80179384228868,3.04681221072792
2048-02-10 12:00:00,2048,2,10,NA,-3.45951162902309,0.641847651466655
2048-02-11 12:00:00,2048,2,11,NA,-5.13731168108187,-0.907802984089148
2048-02-12 12:00:00,2048,2,12,NA,-3.27944235877815,3.98491480288702
2048-02-13 12:00:00,2048,2,13,NA,-3.28198833522273,4.45995314921515
2048-02-14 12:00:00,2048,2,14,NA,-0.773818078816609,7.49256041006859
2048-02-15 12:00:00,2048,2,15,NA,0.472029091202723,12.2522558721452
2048-02-16 12:00:00,2048,2,16,NA,8.47937756358483,17.0003276414295
2048-02-17 12:00:00,2048,2,17,NA,7.43278827521034,13.1186514436595
2048-02-18 12:00:00,2048,2,18,NA,0.386521957808134,8.65290044669333
2048-02-19 12:00:00,2048,2,19,NA,6.23271229485813,11.0639496096259
2048-02-20 12:00:00,2048,2,20,NA,6.20756098995775,7.94866628347423
2048-02-21 12:00:00,2048,2,21,NA,5.35946326076074,10.6628717894288
2048-02-22 12:00:00,2048,2,22,NA,7.25180604183235,15.7356496078179
2048-02-23 12:00:00,2048,2,23,NA,10.522021805891,13.1580739334376
2048-02-24 12:00:00,2048,2,24,NA,7.62488039903034,10.915647544854
2048-02-25 12:00:00,2048,2,25,NA,5.97406965011734,13.0185831236124
2048-02-26 12:00:00,2048,2,26,NA,8.82474239514499,13.9503079729004
2048-02-27 12:00:00,2048,2,27,NA,7.18545468002364,11.3262606114116
2048-02-28 12:00:00,2048,2,28,NA,4.14915414764904,8.18222480375219
2048-02-29 12:00:00,2048,2,29,NA,5.48362626079514,10.3565475297676
2048-03-01 12:00:00,2048,3,1,NA,4.50177170018826,9.66244932952775
2048-03-02 12:00:00,2048,3,2,NA,2.66672667487968,7.55609616820658
2048-03-03 12:00:00,2048,3,3,NA,3.94454241530098,8.86300091992026
2048-03-04 12:00:00,2048,3,4,NA,-1.59121345549818,14.4712602651579
2048-03-05 12:00:00,2048,3,5,NA,5.55564723445469,11.163052958219
2048-03-06 12:00:00,2048,3,6,NA,8.45460434791612,14.0013414568079
2048-03-07 12:00:00,2048,3,7,NA,7.72672474877916,15.4983236162219
2048-03-08 12:00:00,2048,3,8,NA,10.6866177239792,17.1333312444098
2048-03-09 12:00:00,2048,3,9,NA,8.95974653796536,20.1857874918923
2048-03-10 12:00:00,2048,3,10,NA,9.33447413968924,18.6636776318172
2048-03-11 12:00:00,2048,3,11,NA,10.266058351412,17.3790505504421
2048-03-12 12:00:00,2048,3,12,NA,4.14305141181605,15.7188057804772
2048-03-13 12:00:00,2048,3,13,NA,2.37309817963522,11.6599460938132
2048-03-14 12:00:00,2048,3,14,NA,8.82048309695879,14.0413534621273
2048-03-15 12:00:00,2048,3,15,NA,8.69756360083724,12.8733365113305
2048-03-16 12:00:00,2048,3,16,NA,3.82079128022157,9.90518625201627
2048-03-17 12:00:00,2048,3,17,NA,5.4637739218438,9.42080464860282
2048-03-18 12:00:00,2048,3,18,NA,6.38571937003505,14.8656146648162
2048-03-19 12:00:00,2048,3,19,NA,1.3398321218689,16.0482074449305
2048-03-20 12:00:00,2048,3,20,NA,7.73309988648302,17.641118460673
2048-03-21 12:00:00,2048,3,21,NA,9.04855446343975,19.3759482207421
2048-03-22 12:00:00,2048,3,22,NA,5.85967500280987,23.6298278911557
2048-03-23 12:00:00,2048,3,23,NA,8.20470298568811,15.1494712181857
2048-03-24 12:00:00,2048,3,24,NA,8.91746454399235,14.3901208456107
2048-03-25 12:00:00,2048,3,25,NA,6.47850504293032,16.6526368221392
2048-03-26 12:00:00,2048,3,26,NA,8.76469883156077,12.5201895375109
2048-03-27 12:00:00,2048,3,27,NA,5.94561994054855,11.1065027844392
2048-03-28 12:00:00,2048,3,28,NA,7.10068265003805,11.1860303252997
2048-03-29 12:00:00,2048,3,29,NA,0.880445331206192,13.0730213681081
2048-03-30 12:00:00,2048,3,30,NA,-0.885428751314587,12.454290005002
2048-03-31 12:00:00,2048,3,31,NA,-4.31219937563022,11.3299491201295
2048-04-01 12:00:00,2048,4,1,NA,-0.568888560908017,9.19293251896384
2048-04-02 12:00:00,2048,4,2,NA,4.67353232325904,9.8590307195884
2048-04-03 12:00:00,2048,4,3,NA,3.60297479659783,15.2349365338036
2048-04-04 12:00:00,2048,4,4,NA,2.43028208013011,10.8803540558108
2048-04-05 12:00:00,2048,4,5,NA,0.817983487446507,16.0272168624459
2048-04-06 12:00:00,2048,4,6,NA,6.06405167201331,11.9329558401136
2048-04-07 12:00:00,2048,4,7,NA,2.17514183932274,15.912970799073
2048-04-08 12:00:00,2048,4,8,NA,1.11321510057117,12.5477120253543
2048-04-09 12:00:00,2048,4,9,NA,6.48400436897609,12.1577933459267
2048-04-10 12:00:00,2048,4,10,NA,0.882366139676282,14.6201950994265
2048-04-11 12:00:00,2048,4,11,NA,-1.9036422811792,16.4599564210426
2048-04-12 12:00:00,2048,4,12,NA,7.51290913969947,23.7349489960847
2048-04-13 12:00:00,2048,4,13,NA,8.80967859542931,17.3148609526608
2048-04-14 12:00:00,2048,4,14,NA,6.44392990112043,22.0763133375918
2048-04-15 12:00:00,2048,4,15,NA,5.49585026396784,23.6856989814929
2048-04-16 12:00:00,2048,4,16,NA,5.86914477736675,25.4393710780901
2048-04-17 12:00:00,2048,4,17,NA,2.64170477392611,20.8315534914512
2048-04-18 12:00:00,2048,4,18,NA,3.18425847567476,15.8347952236019
2048-04-19 12:00:00,2048,4,19,NA,1.26427542975237,19.7941988522715
2048-04-20 12:00:00,2048,4,20,NA,1.67182646488743,18.5290347471884
2048-04-21 12:00:00,2048,4,21,NA,9.86932003846343,21.2353703625493
2048-04-22 12:00:00,2048,4,22,NA,14.4687321712359,22.93848037994
2048-04-23 12:00:00,2048,4,23,NA,12.7270053085983,27.3453876537526
2048-04-24 12:00:00,2048,4,24,NA,8.71616906988723,26.4529628459704
2048-04-25 12:00:00,2048,4,25,NA,12.2548084576666,30.6298550080312
2048-04-26 12:00:00,2048,4,26,NA,9.82939564634655,27.9213844550962
2048-04-27 12:00:00,2048,4,27,NA,8.91120986337677,30.1411329899985
2048-04-28 12:00:00,2048,4,28,NA,9.70209869655859,26.5593069788595
2048-04-29 12:00:00,2048,4,29,NA,8.31093721937763,21.491933753901
2048-04-30 12:00:00,2048,4,30,NA,11.2155843947582,30.1091570118755
2048-05-01 12:00:00,2048,5,1,NA,12.7370403470619,29.644858966881
2048-05-02 12:00:00,2048,5,2,NA,14.6521888721735,25.009346923694
2048-05-03 12:00:00,2048,5,3,NA,12.6466156015993,29.2884094619247
2048-05-04 12:00:00,2048,5,4,NA,16.6158821816317,27.3212160634054
2048-05-05 12:00:00,2048,5,5,NA,14.8233912356491,27.4344718863049
2048-05-06 12:00:00,2048,5,6,NA,14.7391404122777,28.1476031285162
2048-05-07 12:00:00,2048,5,7,NA,16.3664780704592,26.1616866157267
2048-05-08 12:00:00,2048,5,8,NA,15.0353525317494,27.927738237462
2048-05-09 12:00:00,2048,5,9,NA,18.9051413452626,25.764713132994
2048-05-10 12:00:00,2048,5,10,NA,17.3404110810326,24.6926678058407
2048-05-11 12:00:00,2048,5,11,NA,13.2236523735996,20.6007215528495
2048-05-12 12:00:00,2048,5,12,NA,12.0733942737844,24.9202096462568
2048-05-13 12:00:00,2048,5,13,NA,14.2031372967232,25.8559760703296
2048-05-14 12:00:00,2048,5,14,NA,15.3351730134054,21.1748175186075
2048-05-15 12:00:00,2048,5,15,NA,11.6063695373955,14.5164624402623
2048-05-16 12:00:00,2048,5,16,NA,8.3252964790409,15.223752339173
2048-05-17 12:00:00,2048,5,17,NA,11.3299844043273,15.2930145229232
2048-05-18 12:00:00,2048,5,18,NA,7.40362760393276,21.903842519153
2048-05-19 12:00:00,2048,5,19,NA,8.22709157772239,24.7319085453066
2048-05-20 12:00:00,2048,5,20,NA,12.8276145318679,19.7260703919999
2048-05-21 12:00:00,2048,5,21,NA,14.5291917763654,21.4276476364974
2048-05-22 12:00:00,2048,5,22,NA,11.8049281474472,19.6357299885925
2048-05-23 12:00:00,2048,5,23,NA,6.34134733435849,24.0054620649603
2048-05-24 12:00:00,2048,5,24,NA,10.2016308199204,24.0166182404483
2048-05-25 12:00:00,2048,5,25,NA,9.29143900525634,26.5684726724804
2048-05-26 12:00:00,2048,5,26,NA,9.2775165174726,25.0382772440317
2048-05-27 12:00:00,2048,5,27,NA,7.64616898809949,21.2093951784281
2048-05-28 12:00:00,2048,5,28,NA,6.4361300047055,22.9409469722897
2048-05-29 12:00:00,2048,5,29,NA,5.9000996854602,20.4314570545502
2048-05-30 12:00:00,2048,5,30,NA,8.50118650953471,24.2188415343507
2048-05-31 12:00:00,2048,5,31,NA,12.0373410113166,27.6446129613495
2048-06-01 12:00:00,2048,6,1,NA,19.9312729490055,27.8516044106726
2048-06-02 12:00:00,2048,6,2,NA,16.914966919581,30.5540003744065
2048-06-03 12:00:00,2048,6,3,NA,17.3952388924401,31.8861346234379
2048-06-04 12:00:00,2048,6,4,NA,16.4610149972279,32.9003572502549
2048-06-05 12:00:00,2048,6,5,NA,16.1005296883919,27.3992805618246
2048-06-06 12:00:00,2048,6,6,NA,19.2354247665595,25.6616887045118
2048-06-07 12:00:00,2048,6,7,NA,15.7874388334641,23.9749539024234
2048-06-08 12:00:00,2048,6,8,NA,16.2241367183927,25.5221040021468
2048-06-09 12:00:00,2048,6,9,NA,21.7194370883068,26.8443215140551
2048-06-10 12:00:00,2048,6,10,NA,16.2005747533491,25.2370635639169
2048-06-11 12:00:00,2048,6,11,NA,11.331891878701,19.5792260278844
2048-06-12 12:00:00,2048,6,12,NA,12.9033831889357,19.7614713235914
2048-06-13 12:00:00,2048,6,13,NA,11.0636654862397,17.675349222685
2048-06-14 12:00:00,2048,6,14,NA,15.0773916025431,21.2762644702636
2048-06-15 12:00:00,2048,6,15,NA,13.2519976906433,19.8107079235537
2048-06-16 12:00:00,2048,6,16,NA,13.6729535006059,21.8806323510934
2048-06-17 12:00:00,2048,6,17,NA,14.3656822035489,20.5645550712695
2048-06-18 12:00:00,2048,6,18,NA,14.6469531427691,20.7728518444275
2048-06-19 12:00:00,2048,6,19,NA,13.2443380490499,21.8003146228176
2048-06-20 12:00:00,2048,6,20,NA,10.9740876892642,23.2312717098125
2048-06-21 12:00:00,2048,6,21,NA,9.87925173119778,26.6820217709202
2048-06-22 12:00:00,2048,6,22,NA,13.546829003255,26.7494094062478
2048-06-23 12:00:00,2048,6,23,NA,12.5705164880422,28.8506640129739
2048-06-24 12:00:00,2048,6,24,NA,11.4042941525857,27.8363907756304
2048-06-25 12:00:00,2048,6,25,NA,15.2663926256454,28.4084471104762
2048-06-26 12:00:00,2048,6,26,NA,16.1895044809699,30.5030605795698
2048-06-27 12:00:00,2048,6,27,NA,18.9751037706365,29.2821305801057
2048-06-28 12:00:00,2048,6,28,NA,20.9225055278457,32.1318447885806
2048-06-29 12:00:00,2048,6,29,NA,17.5273089058483,29.7679826140646
2048-06-30 12:00:00,2048,6,30,NA,18.1019485773205,32.4483060763886
2048-07-01 12:00:00,2048,7,1,NA,21.3688056771781,32.7299976742596
2048-07-02 12:00:00,2048,7,2,NA,15.1567060621012,34.2711982827477
2048-07-03 12:00:00,2048,7,3,NA,15.3187487935738,31.4715854602498
2048-07-04 12:00:00,2048,7,4,NA,17.1064218964944,34.872598216426
2048-07-05 12:00:00,2048,7,5,NA,18.0400248919694,34.003406206418
2048-07-06 12:00:00,2048,7,6,NA,11.1628125549031,29.7925842090359
2048-07-07 12:00:00,2048,7,7,NA,8.62445749492201,26.8746358673063
2048-07-08 12:00:00,2048,7,8,NA,14.3693007819341,36.1960789860496
2048-07-09 12:00:00,2048,7,9,NA,18.4646290197117,34.1660829595171
2048-07-10 12:00:00,2048,7,10,NA,22.2130320855711,37.2461245344062
2048-07-11 12:00:00,2048,7,11,NA,20.2550371912621,35.272692336623
2048-07-12 12:00:00,2048,7,12,NA,22.3161474348772,42.7418971937397
2048-07-13 12:00:00,2048,7,13,NA,23.5415359375104,38.626430769341
2048-07-14 12:00:00,2048,7,14,NA,24.5928141477286,40.6148863526823
2048-07-15 12:00:00,2048,7,15,NA,24.626678764207,35.6012134466811
2048-07-16 12:00:00,2048,7,16,NA,22.0518563965255,34.4957639002383
2048-07-17 12:00:00,2048,7,17,NA,24.002719476535,32.8881361953363
2048-07-18 12:00:00,2048,7,18,NA,25.2701222554736,29.0893397124916
2048-07-19 12:00:00,2048,7,19,NA,23.619950555645,29.6012141327141
2048-07-20 12:00:00,2048,7,20,NA,19.1428518989949,28.0282686177961
2048-07-21 12:00:00,2048,7,21,NA,21.7394112773411,31.061067991474
2048-07-22 12:00:00,2048,7,22,NA,22.616135758248,31.4264662629466
2048-07-23 12:00:00,2048,7,23,NA,21.4423561207625,32.3783122308161
2048-07-24 12:00:00,2048,7,24,NA,19.8405784897837,29.9298816127276
2048-07-25 12:00:00,2048,7,25,NA,17.1791194565347,29.676730205441
2048-07-26 12:00:00,2048,7,26,NA,19.2390887609899,32.5343848893462
2048-07-27 12:00:00,2048,7,27,NA,21.7997396244356,31.0618685258883
2048-07-28 12:00:00,2048,7,28,NA,24.645654127293,31.2263605207019
2048-07-29 12:00:00,2048,7,29,NA,24.3322100520237,30.9297535708089
2048-07-30 12:00:00,2048,7,30,NA,25.3536443433424,31.8532168350821
2048-07-31 12:00:00,2048,7,31,NA,20.1844274771111,31.1589621595852
2048-08-01 12:00:00,2048,8,1,NA,17.7475467114836,31.4470445457581
2048-08-02 12:00:00,2048,8,2,NA,19.173651817202,36.3697411076198
2048-08-03 12:00:00,2048,8,3,NA,17.6811900973076,32.1798983548976
2048-08-04 12:00:00,2048,8,4,NA,16.9172765515062,29.3681144005274
2048-08-05 12:00:00,2048,8,5,NA,16.2567094688697,31.6356334830133
2048-08-06 12:00:00,2048,8,6,NA,18.234974460109,28.1001243003836
2048-08-07 12:00:00,2048,8,7,NA,19.8406329014938,32.2773448054786
2048-08-08 12:00:00,2048,8,8,NA,17.1395390806679,31.4899135581089
2048-08-09 12:00:00,2048,8,9,NA,15.3579576658389,32.1017470785455
2048-08-10 12:00:00,2048,8,10,NA,16.0668375941548,29.5146486546436
2048-08-11 12:00:00,2048,8,11,NA,12.4469091325836,30.4126145495412
2048-08-12 12:00:00,2048,8,12,NA,15.9164136222135,28.4121997096661
2048-08-13 12:00:00,2048,8,13,NA,18.2015157732213,31.2305202656778
2048-08-14 12:00:00,2048,8,14,NA,17.4619931673549,29.1981649094363
2048-08-15 12:00:00,2048,8,15,NA,20.0675842072781,30.316831993063
2048-08-16 12:00:00,2048,8,16,NA,16.0395367842805,25.6843998170389
2048-08-17 12:00:00,2048,8,17,NA,13.9498352623762,27.4006144562278
2048-08-18 12:00:00,2048,8,18,NA,13.9676512186871,26.9022018704423
2048-08-19 12:00:00,2048,8,19,NA,14.6536701413031,21.8424842164656
2048-08-20 12:00:00,2048,8,20,NA,13.7296895064517,18.8602071849144
2048-08-21 12:00:00,2048,8,21,NA,9.78412755151061,18.775153101883
2048-08-22 12:00:00,2048,8,22,NA,9.33040696633385,22.4670133768557
2048-08-23 12:00:00,2048,8,23,NA,8.12340966683738,18.6237114362673
2048-08-24 12:00:00,2048,8,24,NA,7.07981343473481,19.9890217768325
2048-08-25 12:00:00,2048,8,25,NA,7.26229002309114,26.083836934696
2048-08-26 12:00:00,2048,8,26,NA,7.40108048767327,23.9417555566046
2048-08-27 12:00:00,2048,8,27,NA,10.8500687267151,21.7207638236457
2048-08-28 12:00:00,2048,8,28,NA,12.3062390943312,21.6190731549979
2048-08-29 12:00:00,2048,8,29,NA,9.42217830474355,27.3878837217012
2048-08-30 12:00:00,2048,8,30,NA,13.3204243419571,25.355514568794
2048-08-31 12:00:00,2048,8,31,NA,13.0073648308429,21.2500456516948
2048-09-01 12:00:00,2048,9,1,NA,8.95034229014419,21.8060121124007
2048-09-02 12:00:00,2048,9,2,NA,12.6462281077751,20.5319351225443
2048-09-03 12:00:00,2048,9,3,NA,11.5436348961677,24.5702899756578
2048-09-04 12:00:00,2048,9,4,NA,16.5963738248106,25.0796409811938
2048-09-05 12:00:00,2048,9,5,NA,17.034908596968,19.4167832810359
2048-09-06 12:00:00,2048,9,6,NA,9.8794728348592,19.5225548194925
2048-09-07 12:00:00,2048,9,7,NA,12.3604699352879,18.6328623858809
2048-09-08 12:00:00,2048,9,8,NA,11.6383841981941,17.4182534105072
2048-09-09 12:00:00,2048,9,9,NA,10.040545122013,19.803677984202
2048-09-10 12:00:00,2048,9,10,NA,5.21418593235468,19.8995054705061
2048-09-11 12:00:00,2048,9,11,NA,5.19425549923427,22.1728406659551
2048-09-12 12:00:00,2048,9,12,NA,7.85703090736836,18.8264491572073
2048-09-13 12:00:00,2048,9,13,NA,8.63338775732831,20.6382212636717
2048-09-14 12:00:00,2048,9,14,NA,9.47648096877492,18.5857716308128
2048-09-15 12:00:00,2048,9,15,NA,12.0762948463113,14.7446502307017
2048-09-16 12:00:00,2048,9,16,NA,9.71261763488529,18.3894018317541
2048-09-17 12:00:00,2048,9,17,NA,11.5036481445601,19.7708605840625
2048-09-18 12:00:00,2048,9,18,NA,11.0036913457737,22.6526793299457
2048-09-19 12:00:00,2048,9,19,NA,14.7529629780575,29.2333074741984
2048-09-20 12:00:00,2048,9,20,NA,14.8475502277964,28.0014978356411
2048-09-21 12:00:00,2048,9,21,NA,15.2032334374461,24.9380602175305
2048-09-22 12:00:00,2048,9,22,NA,17.7650452508261,25.4504006026802
2048-09-23 12:00:00,2048,9,23,NA,14.2954652305389,22.537417835557
2048-09-24 12:00:00,2048,9,24,NA,10.970135451777,23.7497665831344
2048-09-25 12:00:00,2048,9,25,NA,11.9294457337574,20.6062299306263
2048-09-26 12:00:00,2048,9,26,NA,14.3195833077,22.3233333626262
2048-09-27 12:00:00,2048,9,27,NA,14.1871324719726,20.0469906591665
2048-09-28 12:00:00,2048,9,28,NA,14.5398275285988,20.1874669795406
2048-09-29 12:00:00,2048,9,29,NA,13.3559736514265,21.2702928453762
2048-09-30 12:00:00,2048,9,30,NA,8.4780201322074,20.4093153834691
2048-10-01 12:00:00,2048,10,1,NA,12.8972214974798,20.5154970683563
2048-10-02 12:00:00,2048,10,2,NA,16.3144745001386,20.2164573537825
2048-10-03 12:00:00,2048,10,3,NA,13.583629128661,17.8234007311394
2048-10-04 12:00:00,2048,10,4,NA,10.5905697353549,15.3136956895967
2048-10-05 12:00:00,2048,10,5,NA,12.2845778169433,16.637859235733
2048-10-06 12:00:00,2048,10,6,NA,9.87322459794111,13.0961918414467
2048-10-07 12:00:00,2048,10,7,NA,6.09250775882374,13.5450802238703
2048-10-08 12:00:00,2048,10,8,NA,4.61451600883465,15.4712355276713
2048-10-09 12:00:00,2048,10,9,NA,8.69575720344716,20.5536651491933
2048-10-10 12:00:00,2048,10,10,NA,13.6415093607148,18.0149355250436
2048-10-11 12:00:00,2048,10,11,NA,10.8298331509812,16.0550906139078
2048-10-12 12:00:00,2048,10,12,NA,7.9766645278644,19.0304629669926
2048-10-13 12:00:00,2048,10,13,NA,6.87436855730051,20.0993162712968
2048-10-14 12:00:00,2048,10,14,NA,3.91559645336077,11.5957966544102
2048-10-15 12:00:00,2048,10,15,NA,3.64215486003713,12.2731887125265
2048-10-16 12:00:00,2048,10,16,NA,6.45665054278179,12.1746660720599
2048-10-17 12:00:00,2048,10,17,NA,8.67253645641584,14.0124798144292
2048-10-18 12:00:00,2048,10,18,NA,6.6871884799818,16.5806173147571
2048-10-19 12:00:00,2048,10,19,NA,9.92975737926242,20.7651910735417
2048-10-20 12:00:00,2048,10,20,NA,11.4582433582647,22.8467402731152
2048-10-21 12:00:00,2048,10,21,NA,12.3344244903621,22.7705985612499
2048-10-22 12:00:00,2048,10,22,NA,4.09828521158999,12.3866349527743
2048-10-23 12:00:00,2048,10,23,NA,4.07020226367168,10.279726505861
2048-10-24 12:00:00,2048,10,24,NA,6.43377348998473,13.5467436697716
2048-10-25 12:00:00,2048,10,25,NA,6.24496792217088,9.36568899869028
2048-10-26 12:00:00,2048,10,26,NA,4.24553249651426,6.39880254269262
2048-10-27 12:00:00,2048,10,27,NA,6.67007588462224,10.980269451887
2048-10-28 12:00:00,2048,10,28,NA,6.58637242061488,10.9396538394045
2048-10-29 12:00:00,2048,10,29,NA,4.52552208801969,13.9621293890976
2048-10-30 12:00:00,2048,10,30,NA,3.81161979900081,14.3970486463362
2048-10-31 12:00:00,2048,10,31,NA,0.929662401293455,13.3643759125226
2048-11-01 12:00:00,2048,11,1,NA,0.58709405918198,14.6359485576686
2048-11-02 12:00:00,2048,11,2,NA,5.81685945247069,15.2314105955533
2048-11-03 12:00:00,2048,11,3,NA,7.73589576368698,13.2080845407245
2048-11-04 12:00:00,2048,11,4,NA,11.3382429637025,16.0368838924761
2048-11-05 12:00:00,2048,11,5,NA,9.11496247790914,13.8352256992941
2048-11-06 12:00:00,2048,11,6,NA,8.73004959010645,11.7927470833034
2048-11-07 12:00:00,2048,11,7,NA,5.99288740422977,10.6819548170069
2048-11-08 12:00:00,2048,11,8,NA,4.53993339766852,9.43327001344024
2048-11-09 12:00:00,2048,11,9,NA,-3.82867396117069,6.46072849384517
2048-11-10 12:00:00,2048,11,10,NA,1.2644944451415,5.00155020115437
2048-11-11 12:00:00,2048,11,11,NA,-0.377625547692131,4.27685129114838
2048-11-12 12:00:00,2048,11,12,NA,1.06246763225809,5.71694447109859
2048-11-13 12:00:00,2048,11,13,NA,-0.000738920465980009,7.76395631492757
2048-11-14 12:00:00,2048,11,14,NA,-1.10815447594997,10.6273510229584
2048-11-15 12:00:00,2048,11,15,NA,2.83491754540218,11.0581266966907
2048-11-16 12:00:00,2048,11,16,NA,5.95410092343344,8.74203621033585
2048-11-17 12:00:00,2048,11,17,NA,7.16560197710048,14.7279684855631
2048-11-18 12:00:00,2048,11,18,NA,4.00720242423152,14.4903186863214
2048-11-19 12:00:00,2048,11,19,NA,4.06995796314352,15.4223254175962
2048-11-20 12:00:00,2048,11,20,NA,5.25369183134555,12.9884628478395
2048-11-21 12:00:00,2048,11,21,NA,3.82242970907835,10.8688072807305
2048-11-22 12:00:00,2048,11,22,NA,5.24717580697791,12.9960807005076
2048-11-23 12:00:00,2048,11,23,NA,4.01053351830961,10.8940931715344
2048-11-24 12:00:00,2048,11,24,NA,6.2682700872998,11.8795698542805
2048-11-25 12:00:00,2048,11,25,NA,4.06123350940597,10.7054459966509
2048-11-26 12:00:00,2048,11,26,NA,6.11745400228199,8.95086038660316
2048-11-27 12:00:00,2048,11,27,NA,2.81639173469702,8.45891821382686
2048-11-28 12:00:00,2048,11,28,NA,8.44765444205369,15.5095212755275
2048-11-29 12:00:00,2048,11,29,NA,6.01856888642953,8.82562963949718
2048-11-30 12:00:00,2048,11,30,NA,2.74540695464048,7.40243701660528
2048-12-01 12:00:00,2048,12,1,NA,5.10124376447707,8.84233540318959
2048-12-02 12:00:00,2048,12,2,NA,4.25654873357726,9.29102342152463
2048-12-03 12:00:00,2048,12,3,NA,5.52765843206097,9.60373541868483
2048-12-04 12:00:00,2048,12,4,NA,8.12231288187175,10.0982734989094
2048-12-05 12:00:00,2048,12,5,NA,7.23349784793753,11.282642744052
2048-12-06 12:00:00,2048,12,6,NA,6.16936334261433,11.1954720808568
2048-12-07 12:00:00,2048,12,7,NA,5.45016775811175,11.4674556487518
2048-12-08 12:00:00,2048,12,8,NA,0.960613556439192,9.10346618139026
2048-12-09 12:00:00,2048,12,9,NA,4.39749149285216,10.1732165852838
2048-12-10 12:00:00,2048,12,10,NA,4.83013555618305,7.69259348772542
2048-12-11 12:00:00,2048,12,11,NA,4.62070104718999,10.2088803564312
2048-12-12 12:00:00,2048,12,12,NA,3.57986523930506,11.7166855566032
2048-12-13 12:00:00,2048,12,13,NA,3.4160723527696,7.48189806849112
2048-12-14 12:00:00,2048,12,14,NA,4.52864063786239,9.62491234662719
2048-12-15 12:00:00,2048,12,15,NA,4.63510912393768,9.73138083270248
2048-12-16 12:00:00,2048,12,16,NA,1.06847274290714,4.87343118838303
2048-12-17 12:00:00,2048,12,17,NA,-0.474006808799229,4.9944846817066
2048-12-18 12:00:00,2048,12,18,NA,-0.927669019177577,0.987578428623609
2048-12-19 12:00:00,2048,12,19,NA,0.379683650625849,5.64403916087976
2048-12-20 12:00:00,2048,12,20,NA,1.51215969221771,6.38915127686703
2048-12-21 12:00:00,2048,12,21,NA,1.17954398341155,4.23247814744027
2048-12-22 12:00:00,2048,12,22,NA,3.28517923849666,5.19068503086442
2048-12-23 12:00:00,2048,12,23,NA,2.75016215173087,5.46670455692455
2048-12-24 12:00:00,2048,12,24,NA,3.39511509587154,11.5363327937556
2048-12-25 12:00:00,2048,12,25,NA,3.01931286965445,13.2122936102842
2048-12-26 12:00:00,2048,12,26,NA,2.34005079986484,8.44637722661188
2048-12-27 12:00:00,2048,12,27,NA,0.539026553811988,4.61506204049106
2048-12-28 12:00:00,2048,12,28,NA,-1.32126474706875,3.24674142171742
2048-12-29 12:00:00,2048,12,29,NA,-4.41976385635624,4.39574727094132
2048-12-30 12:00:00,2048,12,30,NA,3.8406858686317,8.06974649679732
2048-12-31 12:00:00,2048,12,31,NA,4.44971045520416,7.50587662796607
2049-01-01 12:00:00,2049,1,1,NA,3.67311365155884,8.6459846354795
2049-01-02 12:00:00,2049,1,2,NA,0.445286312526853,5.5341171176373
2049-01-03 12:00:00,2049,1,3,NA,1.16387129130083,6.35502550504288
2049-01-04 12:00:00,2049,1,4,NA,2.59528807276335,8.87917629560259
2049-01-05 12:00:00,2049,1,5,NA,2.79370725311748,8.17437654664386
2049-01-06 12:00:00,2049,1,6,NA,-0.965410945347066,7.39053865870522
2049-01-07 12:00:00,2049,1,7,NA,-0.276220476608038,7.62288693500177
2049-01-08 12:00:00,2049,1,8,NA,0.0566811545242922,10.1233546953799
2049-01-09 12:00:00,2049,1,9,NA,7.08830280663317,13.3179497746501
2049-01-10 12:00:00,2049,1,10,NA,8.29837092619878,11.0682507698726
2049-01-11 12:00:00,2049,1,11,NA,7.50845737737268,12.4154644213102
2049-01-12 12:00:00,2049,1,12,NA,6.77953004306731,9.90524182147073
2049-01-13 12:00:00,2049,1,13,NA,-3.54306688628411,7.26242974727831
2049-01-14 12:00:00,2049,1,14,NA,-1.80969838128382,7.94007168942022
2049-01-15 12:00:00,2049,1,15,NA,1.235789012719,11.4479582965139
2049-01-16 12:00:00,2049,1,16,NA,5.48861646048494,11.9547671413187
2049-01-17 12:00:00,2049,1,17,NA,0.531675122891421,5.65434386955545
2049-01-18 12:00:00,2049,1,18,NA,5.61940767576132,9.42823255464894
2049-01-19 12:00:00,2049,1,19,NA,0.0417155268905152,6.37379525422909
2049-01-20 12:00:00,2049,1,20,NA,4.19275052261863,7.29978959616612
2049-01-21 12:00:00,2049,1,21,NA,2.45644616311177,4.53430645648121
2049-01-22 12:00:00,2049,1,22,NA,2.26299318609676,8.28742519571051
2049-01-23 12:00:00,2049,1,23,NA,2.83418354599009,6.86253327837026
2049-01-24 12:00:00,2049,1,24,NA,3.76847789590541,7.94031869592209
2049-01-25 12:00:00,2049,1,25,NA,2.19315826609531,6.22150799847549
2049-01-26 12:00:00,2049,1,26,NA,5.11146396719451,8.93851515595636
2049-01-27 12:00:00,2049,1,27,NA,8.45971100955861,11.5946828718254
2049-01-28 12:00:00,2049,1,28,NA,5.8937304865428,8.94963447190941
2049-01-29 12:00:00,2049,1,29,NA,-2.83258582840973,0.3168995560372
2049-01-30 12:00:00,2049,1,30,NA,0.116774657517575,4.59241531662914
2049-01-31 12:00:00,2049,1,31,NA,5.07301766012015,10.3993477886478
2049-02-01 12:00:00,2049,2,1,NA,4.63494214803006,10.2644817221948
2049-02-02 12:00:00,2049,2,2,NA,6.36523294445953,9.86759588595862
2049-02-03 12:00:00,2049,2,3,NA,10.3645797984023,14.4733426400765
2049-02-04 12:00:00,2049,2,4,NA,9.10759979499738,12.5218843534195
2049-02-05 12:00:00,2049,2,5,NA,8.44861317630331,15.6527988743309
2049-02-06 12:00:00,2049,2,6,NA,3.9414565081236,7.2462866636198
2049-02-07 12:00:00,2049,2,7,NA,6.15806223701782,8.61584612964675
2049-02-08 12:00:00,2049,2,8,NA,3.89233649522158,9.90133737971555
2049-02-09 12:00:00,2049,2,9,NA,-1.40007764560776,5.44892576667137
2049-02-10 12:00:00,2049,2,10,NA,2.05355239805704,8.81463610241736
2049-02-11 12:00:00,2049,2,11,NA,2.0926851657378,7.76897462018192
2049-02-12 12:00:00,2049,2,12,NA,2.83942538799283,8.5130029548158
2049-02-13 12:00:00,2049,2,13,NA,6.71425657814196,10.0822239366454
2049-02-14 12:00:00,2049,2,14,NA,5.36363927302745,12.0580438144964
2049-02-15 12:00:00,2049,2,15,NA,2.37589997830417,13.6797743562466
2049-02-16 12:00:00,2049,2,16,NA,-3.22054067310651,8.27274862403891
2049-02-17 12:00:00,2049,2,17,NA,-3.2996241262986,8.22242468651469
2049-02-18 12:00:00,2049,2,18,NA,-3.77419923467223,6.95797626581315
2049-02-19 12:00:00,2049,2,19,NA,-2.90926124471774,11.5911585631033
2049-02-20 12:00:00,2049,2,20,NA,-1.62610415381396,7.928393082799
2049-02-21 12:00:00,2049,2,21,NA,4.32485579700423,12.1146805368146
2049-02-22 12:00:00,2049,2,22,NA,6.52956150187661,16.1038352585864
2049-02-23 12:00:00,2049,2,23,NA,6.09461258708265,13.884437326893
2049-02-24 12:00:00,2049,2,24,NA,6.27403717572609,12.081504314409
2049-02-25 12:00:00,2049,2,25,NA,4.73541167980031,14.3628564722038
2049-02-26 12:00:00,2049,2,26,NA,1.57147628940088,15.1335853237603
2049-02-27 12:00:00,2049,2,27,NA,4.76546692119513,14.5591511030241
2049-02-28 12:00:00,2049,2,28,NA,9.77114211278367,17.0372817178527
2049-03-01 12:00:00,2049,3,1,NA,7.68370240778698,15.8355854339191
2049-03-02 12:00:00,2049,3,2,NA,9.94736115883676,17.9029201964274
2049-03-03 12:00:00,2049,3,3,NA,5.81037088417022,15.9772267455201
2049-03-04 12:00:00,2049,3,4,NA,2.3149086741081,19.2157825068352
2049-03-05 12:00:00,2049,3,5,NA,-0.323717700509713,9.91125049653113
2049-03-06 12:00:00,2049,3,6,NA,2.66838779278513,9.98652158496859
2049-03-07 12:00:00,2049,3,7,NA,5.46779493334803,11.9257032965599
2049-03-08 12:00:00,2049,3,8,NA,3.83535669734057,15.3125866032958
2049-03-09 12:00:00,2049,3,9,NA,-2.75916882894388,5.73806144390386
2049-03-10 12:00:00,2049,3,10,NA,-3.15975770916571,5.11000691565711
2049-03-11 12:00:00,2049,3,11,NA,0.456129627540385,7.91317133224682
2049-03-12 12:00:00,2049,3,12,NA,-1.22088559350825,7.22166227044714
2049-03-13 12:00:00,2049,3,13,NA,3.05185343188774,11.5490837047355
2049-03-14 12:00:00,2049,3,14,NA,5.70452702434659,13.2212539591271
2049-03-15 12:00:00,2049,3,15,NA,4.4640389983515,10.6034000446266
2049-03-16 12:00:00,2049,3,16,NA,0.914223766570833,14.6225612407467
2049-03-17 12:00:00,2049,3,17,NA,2.65654587010006,9.93096511596859
2049-03-18 12:00:00,2049,3,18,NA,-0.748117730878334,10.0855010519534
2049-03-19 12:00:00,2049,3,19,NA,-1.70335180912926,12.860326090599
2049-03-20 12:00:00,2049,3,20,NA,3.31037000891698,11.6446254194929
2049-03-21 12:00:00,2049,3,21,NA,1.65428439197733,12.6977022565439
2049-03-22 12:00:00,2049,3,22,NA,5.39486816909794,8.56697622281881
2049-03-23 12:00:00,2049,3,23,NA,1.5641016060891,12.9847093631631
2049-03-24 12:00:00,2049,3,24,NA,0.241001865400477,9.57687763778152
2049-03-25 12:00:00,2049,3,25,NA,0.574987166643905,8.34658603408667
2049-03-26 12:00:00,2049,3,26,NA,4.12680984598757,11.417832374118
2049-03-27 12:00:00,2049,3,27,NA,-0.0577174681382537,9.9498609390616
2049-03-28 12:00:00,2049,3,28,NA,1.1372747319232,13.3696800435296
2049-03-29 12:00:00,2049,3,29,NA,2.90169468724989,11.749902177958
2049-03-30 12:00:00,2049,3,30,NA,3.5850991963999,12.1090734406221
2049-03-31 12:00:00,2049,3,31,NA,2.06974416963493,11.5314170059702
2049-04-01 12:00:00,2049,4,1,NA,0.388179474659693,11.4315973392263
2049-04-02 12:00:00,2049,4,2,NA,3.40276559860514,9.57558132786791
2049-04-03 12:00:00,2049,4,3,NA,-2.38511380359081,9.26277482654304
2049-04-04 12:00:00,2049,4,4,NA,-1.61700018429283,8.96217529962938
2049-04-05 12:00:00,2049,4,5,NA,-2.11945106121311,12.6380816947715
2049-04-06 12:00:00,2049,4,6,NA,1.47985789626132,8.63129662679344
2049-04-07 12:00:00,2049,4,7,NA,-0.550564304341687,8.61206062409783
2049-04-08 12:00:00,2049,4,8,NA,0.477910651911307,10.8282768186869
2049-04-09 12:00:00,2049,4,9,NA,-3.92607853589703,13.4445503535537
2049-04-10 12:00:00,2049,4,10,NA,-0.00140001206677365,15.8979308279996
2049-04-11 12:00:00,2049,4,11,NA,5.47487033006954,20.9895409879742
2049-04-12 12:00:00,2049,4,12,NA,4.42772943183894,19.6986480998572
2049-04-13 12:00:00,2049,4,13,NA,7.87652184704163,23.1581123384716
2049-04-14 12:00:00,2049,4,14,NA,3.87535922753613,23.6724262767268
2049-04-15 12:00:00,2049,4,15,NA,3.48970242662026,22.3465991194537
2049-04-16 12:00:00,2049,4,16,NA,8.21544406154051,15.5506165080016
2049-04-17 12:00:00,2049,4,17,NA,12.0189189907122,18.3595818835706
2049-04-18 12:00:00,2049,4,18,NA,10.9732306672321,24.083183593723
2049-04-19 12:00:00,2049,4,19,NA,10.1891085127753,23.9155775701487
2049-04-20 12:00:00,2049,4,20,NA,15.9638276007309,25.3518676425656
2049-04-21 12:00:00,2049,4,21,NA,8.80892925648265,16.5153625847415
2049-04-22 12:00:00,2049,4,22,NA,7.0761270529208,12.3888435977769
2049-04-23 12:00:00,2049,4,23,NA,4.31466599913995,10.4147858477945
2049-04-24 12:00:00,2049,4,24,NA,0.606700841635751,14.1505320028407
2049-04-25 12:00:00,2049,4,25,NA,7.62135871651518,21.072665043753
2049-04-26 12:00:00,2049,4,26,NA,9.90170463387431,24.2020183079591
2049-04-27 12:00:00,2049,4,27,NA,9.42308731094908,17.7315780657663
2049-04-28 12:00:00,2049,4,28,NA,6.44022773150696,20.0891059953241
2049-04-29 12:00:00,2049,4,29,NA,2.52658075140162,20.6803112285244
2049-04-30 12:00:00,2049,4,30,NA,5.32169438903303,24.9337962776571
2049-05-01 12:00:00,2049,5,1,NA,8.74771795439378,23.8019189128651
2049-05-02 12:00:00,2049,5,2,NA,7.5325540750303,20.8156914752429
2049-05-03 12:00:00,2049,5,3,NA,6.6758714249171,16.3706592825684
2049-05-04 12:00:00,2049,5,4,NA,12.9328729190155,22.6383309499986
2049-05-05 12:00:00,2049,5,5,NA,9.94223340677778,18.6598886599484
2049-05-06 12:00:00,2049,5,6,NA,10.2553110173064,26.4164203645243
2049-05-07 12:00:00,2049,5,7,NA,10.5279915856474,22.4166661865149
2049-05-08 12:00:00,2049,5,8,NA,14.4846774023019,22.1588888791197
2049-05-09 12:00:00,2049,5,9,NA,11.6092228792969,21.5800932664568
2049-05-10 12:00:00,2049,5,10,NA,9.10678283112201,19.4098765123641
2049-05-11 12:00:00,2049,5,11,NA,12.2595231849366,19.1808946067556
2049-05-12 12:00:00,2049,5,12,NA,11.2909878030745,14.2611192950342
2049-05-13 12:00:00,2049,5,13,NA,10.4396741730175,13.361471579523
2049-05-14 12:00:00,2049,5,14,NA,8.35600411770459,22.7876272677596
2049-05-15 12:00:00,2049,5,15,NA,14.4554819440569,27.2272746497174
2049-05-16 12:00:00,2049,5,16,NA,17.8932545076354,22.4481166672521
2049-05-17 12:00:00,2049,5,17,NA,14.092448970439,23.8316531304744
2049-05-18 12:00:00,2049,5,18,NA,11.5163981474254,27.0541193846042
2049-05-19 12:00:00,2049,5,19,NA,12.8070030411792,22.3990629291098
2049-05-20 12:00:00,2049,5,20,NA,9.71472217915503,23.1231848953936
2049-05-21 12:00:00,2049,5,21,NA,13.0119183199704,22.603978207901
2049-05-22 12:00:00,2049,5,22,NA,14.2685219002082,21.1669777603403
2049-05-23 12:00:00,2049,5,23,NA,12.2024939006167,23.4827907011402
2049-05-24 12:00:00,2049,5,24,NA,11.135760065338,25.6900303385289
2049-05-25 12:00:00,2049,5,25,NA,12.9587125214568,26.5428729495532
2049-05-26 12:00:00,2049,5,26,NA,13.6996212586775,28.4440066815295
2049-05-27 12:00:00,2049,5,27,NA,12.8020508391531,20.563047309065
2049-05-28 12:00:00,2049,5,28,NA,13.2842910579752,22.9687331416119
2049-05-29 12:00:00,2049,5,29,NA,14.5981508032428,21.4415368920556
2049-05-30 12:00:00,2049,5,30,NA,8.52732741899086,20.1536373133002
2049-05-31 12:00:00,2049,5,31,NA,13.1457042663208,23.9631614382111
2049-06-01 12:00:00,2049,6,1,NA,13.9525944598192,31.470594505704
2049-06-02 12:00:00,2049,6,2,NA,15.3655421150221,30.1890643144
2049-06-03 12:00:00,2049,6,3,NA,15.3195052787261,30.8179069198433
2049-06-04 12:00:00,2049,6,4,NA,15.6123356308303,34.1525670641274
2049-06-05 12:00:00,2049,6,5,NA,21.1535123046261,30.0359274953585
2049-06-06 12:00:00,2049,6,6,NA,19.8523221118542,28.1166080451244
2049-06-07 12:00:00,2049,6,7,NA,11.5978573344181,21.8305937997005
2049-06-08 12:00:00,2049,6,8,NA,8.93953433398975,25.4713572806329
2049-06-09 12:00:00,2049,6,9,NA,8.3905392772597,25.5405312911312
2049-06-10 12:00:00,2049,6,10,NA,10.7232815706166,26.2137957497027
2049-06-11 12:00:00,2049,6,11,NA,15.2452184256117,29.2539881983386
2049-06-12 12:00:00,2049,6,12,NA,14.238231819214,26.5595407657366
2049-06-13 12:00:00,2049,6,13,NA,15.1587048637337,24.4556104838837
2049-06-14 12:00:00,2049,6,14,NA,11.5049355783285,24.9264844857061
2049-06-15 12:00:00,2049,6,15,NA,9.75943366146525,27.2908231329111
2049-06-16 12:00:00,2049,6,16,NA,10.9607414905362,25.3755975113666
2049-06-17 12:00:00,2049,6,17,NA,13.7360036690575,24.9365743820292
2049-06-18 12:00:00,2049,6,18,NA,15.1318249791758,21.2743766721542
2049-06-19 12:00:00,2049,6,19,NA,12.0655251537643,20.1670958281941
2049-06-20 12:00:00,2049,6,20,NA,10.7005121814197,22.0354958726626
2049-06-21 12:00:00,2049,6,21,NA,9.81447742845903,22.4157524677565
2049-06-22 12:00:00,2049,6,22,NA,15.1242366144553,20.5700715001371
2049-06-23 12:00:00,2049,6,23,NA,13.2566780438957,24.4572487568675
2049-06-24 12:00:00,2049,6,24,NA,13.3888110407276,23.7185678093393
2049-06-25 12:00:00,2049,6,25,NA,11.6388584132835,22.9419402191199
2049-06-26 12:00:00,2049,6,26,NA,11.6729950066315,28.1985404807322
2049-06-27 12:00:00,2049,6,27,NA,14.4064071166053,30.8127774981889
2049-06-28 12:00:00,2049,6,28,NA,16.153332497467,31.643846676553
2049-06-29 12:00:00,2049,6,29,NA,13.5019247042441,26.5115914660314
2049-06-30 12:00:00,2049,6,30,NA,12.7988590035785,29.609996506527
2049-07-01 12:00:00,2049,7,1,NA,10.8979596701947,31.218893618398
2049-07-02 12:00:00,2049,7,2,NA,10.0593779699473,27.4204719708511
2049-07-03 12:00:00,2049,7,3,NA,18.539881777688,26.643212115892
2049-07-04 12:00:00,2049,7,4,NA,15.7650495438725,25.1446962331273
2049-07-05 12:00:00,2049,7,5,NA,16.807850658514,22.5402866920599
2049-07-06 12:00:00,2049,7,6,NA,13.1979877895463,28.3260023389206
2049-07-07 12:00:00,2049,7,7,NA,11.4092758043885,24.1811565078779
2049-07-08 12:00:00,2049,7,8,NA,12.4705428793402,27.9024079320465
2049-07-09 12:00:00,2049,7,9,NA,18.0676715391077,25.8724987164716
2049-07-10 12:00:00,2049,7,10,NA,17.1024654152157,20.7199048533255
2049-07-11 12:00:00,2049,7,11,NA,14.9165453512043,19.7876547964246
2049-07-12 12:00:00,2049,7,12,NA,13.1360575576891,21.9463880623876
2049-07-13 12:00:00,2049,7,13,NA,8.7423223553206,25.8814150439118
2049-07-14 12:00:00,2049,7,14,NA,10.2933743874484,27.1090105061355
2049-07-15 12:00:00,2049,7,15,NA,10.6642463811421,26.3370455367507
2049-07-16 12:00:00,2049,7,16,NA,16.1128616256632,32.1955756940471
2049-07-17 12:00:00,2049,7,17,NA,13.1290116283499,30.1214238528203
2049-07-18 12:00:00,2049,7,18,NA,16.8392583258605,32.9171492490407
2049-07-19 12:00:00,2049,7,19,NA,19.3358976475953,28.2213143663965
2049-07-20 12:00:00,2049,7,20,NA,19.1977479698763,31.6392167977834
2049-07-21 12:00:00,2049,7,21,NA,15.965319971994,29.6415622578429
2049-07-22 12:00:00,2049,7,22,NA,13.3936513080706,30.4191566635235
2049-07-23 12:00:00,2049,7,23,NA,19.7107486830416,29.9483491084482
2049-07-24 12:00:00,2049,7,24,NA,19.0600528838618,26.8031912500057
2049-07-25 12:00:00,2049,7,25,NA,18.332397661062,26.8657056007309
2049-07-26 12:00:00,2049,7,26,NA,15.6302806931732,21.8453213213421
2049-07-27 12:00:00,2049,7,27,NA,10.7290192436555,22.7876447609278
2049-07-28 12:00:00,2049,7,28,NA,11.2584978013015,23.7024053050143
2049-07-29 12:00:00,2049,7,29,NA,12.4168429680896,26.841062657123
2049-07-30 12:00:00,2049,7,30,NA,12.3548673907036,27.3972946041837
2049-07-31 12:00:00,2049,7,31,NA,17.2708749960361,25.9286395007903
2049-08-01 12:00:00,2049,8,1,NA,15.0985448820157,30.1409720954958
2049-08-02 12:00:00,2049,8,2,NA,15.6702758226035,25.9078762480101
2049-08-03 12:00:00,2049,8,3,NA,13.3072361872798,25.9081769151605
2049-08-04 12:00:00,2049,8,4,NA,13.8361292772675,31.4435827629056
2049-08-05 12:00:00,2049,8,5,NA,17.0379288383787,34.3167305253537
2049-08-06 12:00:00,2049,8,6,NA,16.125636108522,30.9392341941169
2049-08-07 12:00:00,2049,8,7,NA,18.7695194068883,33.1165432496998
2049-08-08 12:00:00,2049,8,8,NA,21.8780265730256,28.1545304809192
2049-08-09 12:00:00,2049,8,9,NA,17.7127636826788,28.4723813342266
2049-08-10 12:00:00,2049,8,10,NA,18.5717935781751,29.4108167409169
2049-08-11 12:00:00,2049,8,11,NA,18.5796502230901,28.88667417013
2049-08-12 12:00:00,2049,8,12,NA,22.0238652006081,28.6476868279232
2049-08-13 12:00:00,2049,8,13,NA,22.884506676366,27.3900678499505
2049-08-14 12:00:00,2049,8,14,NA,17.0838291646854,27.8434468162332
2049-08-15 12:00:00,2049,8,15,NA,16.1992802267902,23.3880943019528
2049-08-16 12:00:00,2049,8,16,NA,13.5947221678329,25.8405882737931
2049-08-17 12:00:00,2049,8,17,NA,15.4678459675943,30.0501339228271
2049-08-18 12:00:00,2049,8,18,NA,19.4828094399778,25.845784633594
2049-08-19 12:00:00,2049,8,19,NA,17.8696275853448,19.7081469749947
2049-08-20 12:00:00,2049,8,20,NA,17.7117070278829,24.9005211030454
2049-08-21 12:00:00,2049,8,21,NA,17.2535330218516,21.8587820134676
2049-08-22 12:00:00,2049,8,22,NA,17.4147794316611,21.8972318875125
2049-08-23 12:00:00,2049,8,23,NA,17.9732431881146,24.4750599536977
2049-08-24 12:00:00,2049,8,24,NA,19.8974395035466,23.5872274469728
2049-08-25 12:00:00,2049,8,25,NA,14.7749555784948,22.085002048613
2049-08-26 12:00:00,2049,8,26,NA,11.5064599771065,25.6386620509313
2049-08-27 12:00:00,2049,8,27,NA,14.2251313373374,31.1455265864879
2049-08-28 12:00:00,2049,8,28,NA,13.1655305215535,29.3552082950081
2049-08-29 12:00:00,2049,8,29,NA,17.2738927368645,31.429296276411
2049-08-30 12:00:00,2049,8,30,NA,16.681594692298,28.5564732324659
2049-08-31 12:00:00,2049,8,31,NA,15.6658578565458,29.4065448467273
2049-09-01 12:00:00,2049,9,1,NA,17.5149701172873,20.2069016256877
2049-09-02 12:00:00,2049,9,2,NA,15.152586017036,21.4710043690159
2049-09-03 12:00:00,2049,9,3,NA,12.797317931263,24.8002836992107
2049-09-04 12:00:00,2049,9,4,NA,12.2225701071664,22.9039920300815
2049-09-05 12:00:00,2049,9,5,NA,9.07748405736547,26.9101515073429
2049-09-06 12:00:00,2049,9,6,NA,18.3778765804748,23.7752430809309
2049-09-07 12:00:00,2049,9,7,NA,15.5093402892615,20.2422111638635
2049-09-08 12:00:00,2049,9,8,NA,13.3296895824459,23.0645163625303
2049-09-09 12:00:00,2049,9,9,NA,12.7935086650066,23.2399649545002
2049-09-10 12:00:00,2049,9,10,NA,14.231883245536,20.7350608395102
2049-09-11 12:00:00,2049,9,11,NA,12.7152507949729,21.5544493589729
2049-09-12 12:00:00,2049,9,12,NA,12.1215042167448,17.8791264656559
2049-09-13 12:00:00,2049,9,13,NA,9.39830094462126,17.9969792939601
2049-09-14 12:00:00,2049,9,14,NA,7.37592873981843,21.6871348421569
2049-09-15 12:00:00,2049,9,15,NA,5.76814676972552,16.7375650195644
2049-09-16 12:00:00,2049,9,16,NA,6.76735559021015,17.534040205745
2049-09-17 12:00:00,2049,9,17,NA,4.79457529327801,18.6394665935573
2049-09-18 12:00:00,2049,9,18,NA,9.71769773228991,17.2610368585934
2049-09-19 12:00:00,2049,9,19,NA,7.42876635520275,15.786248623476
2049-09-20 12:00:00,2049,9,20,NA,3.62626341238527,20.4764836532413
2049-09-21 12:00:00,2049,9,21,NA,6.6258135271959,18.6287792951436
2049-09-22 12:00:00,2049,9,22,NA,3.9798404178044,17.84623720349
2049-09-23 12:00:00,2049,9,23,NA,10.8921366392553,16.5406112875184
2049-09-24 12:00:00,2049,9,24,NA,12.6183004927604,17.1796574309669
2049-09-25 12:00:00,2049,9,25,NA,11.4171758720455,19.4176760114499
2049-09-26 12:00:00,2049,9,26,NA,9.40426606587505,18.243464629875
2049-09-27 12:00:00,2049,9,27,NA,13.0004207702933,17.6819712147935
2049-09-28 12:00:00,2049,9,28,NA,12.7836214369931,18.5180790115912
2049-09-29 12:00:00,2049,9,29,NA,10.4200457119661,21.2507212143556
2049-09-30 12:00:00,2049,9,30,NA,14.1478654716229,23.0115438542432
2049-10-01 12:00:00,2049,10,1,NA,20.7091479038857,24.5260061975843
2049-10-02 12:00:00,2049,10,2,NA,17.5334538157924,27.2823935851794
2049-10-03 12:00:00,2049,10,3,NA,15.4436391293505,23.3410117153249
2049-10-04 12:00:00,2049,10,4,NA,11.287841923671,17.4054943692724
2049-10-05 12:00:00,2049,10,5,NA,12.7610366078349,18.1737767413446
2049-10-06 12:00:00,2049,10,6,NA,13.7840004571769,19.0092579201035
2049-10-07 12:00:00,2049,10,7,NA,10.5625838625002,19.2122929814924
2049-10-08 12:00:00,2049,10,8,NA,9.02062244750183,16.1863564912039
2049-10-09 12:00:00,2049,10,9,NA,5.10692846198021,16.9939054622689
2049-10-10 12:00:00,2049,10,10,NA,4.88118795305501,14.0333148774519
2049-10-11 12:00:00,2049,10,11,NA,8.46702515499589,17.0980590074853
2049-10-12 12:00:00,2049,10,12,NA,6.70910631122128,15.7019703713046
2049-10-13 12:00:00,2049,10,13,NA,5.70938756275638,14.1964192868861
2049-10-14 12:00:00,2049,10,14,NA,7.88783201806409,17.5894786566377
2049-10-15 12:00:00,2049,10,15,NA,3.25191857853228,19.7267907300962
2049-10-16 12:00:00,2049,10,16,NA,7.56243669763211,21.580022895012
2049-10-17 12:00:00,2049,10,17,NA,8.80305375232204,17.9880630200439
2049-10-18 12:00:00,2049,10,18,NA,8.51823338654775,22.7175653975289
2049-10-19 12:00:00,2049,10,19,NA,9.74244437886858,18.1713168133517
2049-10-20 12:00:00,2049,10,20,NA,7.49235292505063,20.4616055269557
2049-10-21 12:00:00,2049,10,21,NA,8.85109066402085,19.4636219827474
2049-10-22 12:00:00,2049,10,22,NA,6.55881694882584,14.4561895348002
2049-10-23 12:00:00,2049,10,23,NA,8.21742228740104,11.8507795792515
2049-10-24 12:00:00,2049,10,24,NA,4.31047902389521,11.7889062265043
2049-10-25 12:00:00,2049,10,25,NA,-0.0468847533291203,8.26990806235197
2049-10-26 12:00:00,2049,10,26,NA,1.38964087901157,10.4827142442144
2049-10-27 12:00:00,2049,10,27,NA,-1.78764920211704,9.02004926620054
2049-10-28 12:00:00,2049,10,28,NA,3.62148179345884,11.0740542585054
2049-10-29 12:00:00,2049,10,29,NA,0.817154191879074,9.91022755708195
2049-10-30 12:00:00,2049,10,30,NA,4.06067196217456,13.3100941558683
2049-10-31 12:00:00,2049,10,31,NA,7.96396656274142,16.3477635411913
2049-11-01 12:00:00,2049,11,1,NA,6.21347873027331,9.40111585497336
2049-11-02 12:00:00,2049,11,2,NA,6.22030286959914,15.9219495081728
2049-11-03 12:00:00,2049,11,3,NA,8.10049403216462,13.2362913379722
2049-11-04 12:00:00,2049,11,4,NA,8.63233006539032,12.4312752923734
2049-11-05 12:00:00,2049,11,5,NA,5.92396061973771,10.8484420458885
2049-11-06 12:00:00,2049,11,6,NA,5.66609736121966,12.3573576167212
2049-11-07 12:00:00,2049,11,7,NA,6.1445637074263,11.5105276795799
2049-11-08 12:00:00,2049,11,8,NA,5.9553794222558,10.8798608484066
2049-11-09 12:00:00,2049,11,9,NA,6.30142422677147,13.8254351709224
2049-11-10 12:00:00,2049,11,10,NA,10.5612533129304,15.3075765649555
2049-11-11 12:00:00,2049,11,11,NA,7.14535065345625,13.7619889008877
2049-11-12 12:00:00,2049,11,12,NA,5.41692171893119,11.1517200643714
2049-11-13 12:00:00,2049,11,13,NA,2.6407012211122,7.6597003140592
2049-11-14 12:00:00,2049,11,14,NA,1.66790197943042,8.26720962343078
2049-11-15 12:00:00,2049,11,15,NA,1.6469920933847,9.2686135171129
2049-11-16 12:00:00,2049,11,16,NA,0.552569789304006,5.34255382230298
2049-11-17 12:00:00,2049,11,17,NA,-5.09308989622183,5.59909151273365
2049-11-18 12:00:00,2049,11,18,NA,2.56989203369503,8.50624492014678
2049-11-19 12:00:00,2049,11,19,NA,2.31762845029599,11.6660958491143
2049-11-20 12:00:00,2049,11,20,NA,2.88282768711349,14.1571655721605
2049-11-21 12:00:00,2049,11,21,NA,4.17269402971008,11.696704973861
2049-11-22 12:00:00,2049,11,22,NA,-0.87369549490741,6.22354909108466
2049-11-23 12:00:00,2049,11,23,NA,-1.58397676678767,4.36978996962747
2049-11-24 12:00:00,2049,11,24,NA,0.615916151295299,5.26863487481648
2049-11-25 12:00:00,2049,11,25,NA,6.09453546230395,10.0885930054245
2049-11-26 12:00:00,2049,11,26,NA,7.71643608140535,10.518193919857
2049-11-27 12:00:00,2049,11,27,NA,1.91613788710738,6.58798082482076
2049-11-28 12:00:00,2049,11,28,NA,-1.55977483400688,4.18609137864268
2049-11-29 12:00:00,2049,11,29,NA,0.807706782485855,8.98874984250591
2049-11-30 12:00:00,2049,11,30,NA,3.51454142626499,11.1063510620596
2049-12-01 12:00:00,2049,12,1,NA,1.68630398389358,10.8107262669134
2049-12-02 12:00:00,2049,12,2,NA,2.04197760312781,12.3202537903537
2049-12-03 12:00:00,2049,12,3,NA,5.81857977455575,10.684086225678
2049-12-04 12:00:00,2049,12,4,NA,8.71381993930298,13.8036633100645
2049-12-05 12:00:00,2049,12,5,NA,8.93772334907619,11.8056295943179
2049-12-06 12:00:00,2049,12,6,NA,6.81968819509579,11.5730573138641
2049-12-07 12:00:00,2049,12,7,NA,-1.17323525438041,2.68659487249236
2049-12-08 12:00:00,2049,12,8,NA,1.03892221199857,5.09638047244109
2049-12-09 12:00:00,2049,12,9,NA,2.63905312107185,4.67641221368449
2049-12-10 12:00:00,2049,12,10,NA,4.39793864252096,8.47069413525311
2049-12-11 12:00:00,2049,12,11,NA,3.769861389785,5.45520981789878
2049-12-12 12:00:00,2049,12,12,NA,1.76518811049469,5.82264637093721
2049-12-13 12:00:00,2049,12,13,NA,2.14108927782583,6.7024642483479
2049-12-14 12:00:00,2049,12,14,NA,0.59162846922132,6.12052660724347
2049-12-15 12:00:00,2049,12,15,NA,1.26413517816697,8.22609975114003
2049-12-16 12:00:00,2049,12,16,NA,-0.887567515852986,9.47873648577102
2049-12-17 12:00:00,2049,12,17,NA,2.82196974395287,10.9717541508915
2049-12-18 12:00:00,2049,12,18,NA,5.53157013541307,10.4938071468019
2049-12-19 12:00:00,2049,12,19,NA,6.11774855089393,9.98487383613858
2049-12-20 12:00:00,2049,12,20,NA,2.82864267258841,11.4223142096031
2049-12-21 12:00:00,2049,12,21,NA,3.79717179276036,13.4431266220069
2049-12-22 12:00:00,2049,12,22,NA,6.94158928334515,10.1887982847224
2049-12-23 12:00:00,2049,12,23,NA,6.06845784319765,12.1854233569236
2049-12-24 12:00:00,2049,12,24,NA,5.85022458576221,14.4468379745152
2049-12-25 12:00:00,2049,12,25,NA,1.55693434224723,13.0497491369834
2049-12-26 12:00:00,2049,12,26,NA,5.01355059554376,8.04866499852821
2049-12-27 12:00:00,2049,12,27,NA,2.7368260899322,8.32500539917339
2049-12-28 12:00:00,2049,12,28,NA,4.66472827657281,11.2544563514102
2049-12-29 12:00:00,2049,12,29,NA,3.74032736900083,8.82915817411127
2049-12-30 12:00:00,2049,12,30,NA,1.64322188340822,11.9617155738124
2049-12-31 12:00:00,2049,12,31,NA,3.98936272485929,10.1043554498012
2050-01-01 12:00:00,2050,1,1,NA,4.82680805991817,10.9418007848601
2050-01-02 12:00:00,2050,1,2,NA,4.18700529540167,8.36111529931826
2050-01-03 12:00:00,2050,1,3,NA,-0.312011143102556,4.46238370054776
2050-01-04 12:00:00,2050,1,4,NA,-4.91044460272889,3.17010179990158
2050-01-05 12:00:00,2050,1,5,NA,1.09595111078339,8.3823261184665
2050-01-06 12:00:00,2050,1,6,NA,-0.916337027016755,5.29207317397407
2050-01-07 12:00:00,2050,1,7,NA,1.80433074380649,4.29702145797959
2050-01-08 12:00:00,2050,1,8,NA,-5.20649465785966,-1.34241860792125
2050-01-09 12:00:00,2050,1,9,NA,-5.1353564482611,1.20334289397686
2050-01-10 12:00:00,2050,1,10,NA,-4.34766790873691,2.66187292578351
2050-01-11 12:00:00,2050,1,11,NA,-5.36045348812849,0.814019005341193
2050-01-12 12:00:00,2050,1,12,NA,-3.19283952150804,1.77692280154109
2050-01-13 12:00:00,2050,1,13,NA,-4.50803761022572,-0.960305870756632
2050-01-14 12:00:00,2050,1,14,NA,-2.73049456606096,0.805304858550466
2050-01-15 12:00:00,2050,1,15,NA,-3.55064900866274,1.21540979056577
2050-01-16 12:00:00,2050,1,16,NA,-2.88867112890093,4.39098604822431
2050-01-17 12:00:00,2050,1,17,NA,1.43914913506527,4.53788697847378
2050-01-18 12:00:00,2050,1,18,NA,5.11027636662186,11.5492304047631
2050-01-19 12:00:00,2050,1,19,NA,2.35797098122169,7.72002281161021
2050-01-20 12:00:00,2050,1,20,NA,-1.12297719020197,2.06093041276928
2050-01-21 12:00:00,2050,1,21,NA,1.63788952752908,7.56734797662356
2050-01-22 12:00:00,2050,1,22,NA,1.27566608938494,5.95316375009417
2050-01-23 12:00:00,2050,1,23,NA,5.24389520190779,7.96348535791249
2050-01-24 12:00:00,2050,1,24,NA,0.681975416085851,5.37113394100483
2050-01-25 12:00:00,2050,1,25,NA,-1.24470166785805,5.83466042058756
2050-01-26 12:00:00,2050,1,26,NA,-4.0474219528064,3.70484808050607
2050-01-27 12:00:00,2050,1,27,NA,-0.441314438748477,6.63804764969714
2050-01-28 12:00:00,2050,1,28,NA,-0.302280349403489,9.64184410906278
2050-01-29 12:00:00,2050,1,29,NA,-0.361980536111209,10.3687054791426
2050-01-30 12:00:00,2050,1,30,NA,3.20988750342907,6.69551122774058
2050-01-31 12:00:00,2050,1,31,NA,-3.62957893924929,3.44978314919632
2050-02-01 12:00:00,2050,2,1,NA,2.37549415159742,5.52497953604435
2050-02-02 12:00:00,2050,2,2,NA,-0.262150025581276,5.74145892822027
2050-02-03 12:00:00,2050,2,3,NA,-0.625512462730549,3.60399623426217
2050-02-04 12:00:00,2050,2,4,NA,3.39831124356582,5.22848946919445
2050-02-05 12:00:00,2050,2,5,NA,7.13376819261635,9.49452575851674
2050-02-06 12:00:00,2050,2,6,NA,3.892974233944,9.56655180076697
2050-02-07 12:00:00,2050,2,7,NA,2.45129724671553,8.41586902786426
2050-02-08 12:00:00,2050,2,8,NA,4.11880788980826,9.03608960057644
2050-02-09 12:00:00,2050,2,9,NA,1.54480310639062,8.80916026805579
2050-02-10 12:00:00,2050,2,10,NA,5.18133774163135,9.32214367301926
2050-02-11 12:00:00,2050,2,11,NA,3.19274202871847,8.86631959554144
2050-02-12 12:00:00,2050,2,12,NA,2.28888686912588,7.21553464208264
2050-02-13 12:00:00,2050,2,13,NA,2.58222295550919,6.8152590159326
2050-02-14 12:00:00,2050,2,14,NA,-1.1185577557388,3.763146880062
2050-02-15 12:00:00,2050,2,15,NA,-3.23017170922222,3.64344394757247
2050-02-16 12:00:00,2050,2,16,NA,1.99552356955199,10.1302377397304
2050-02-17 12:00:00,2050,2,17,NA,3.48299623458853,10.0271634484444
2050-02-18 12:00:00,2050,2,18,NA,0.989971145817921,5.84946587892858
2050-02-19 12:00:00,2050,2,19,NA,2.68344186270882,8.63512058937707
2050-02-20 12:00:00,2050,2,20,NA,5.79902191682609,9.08978906264975
2050-02-21 12:00:00,2050,2,21,NA,5.97294470291033,12.8219481151895
2050-02-22 12:00:00,2050,2,22,NA,3.93734326605799,10.4132259378508
2050-02-23 12:00:00,2050,2,23,NA,3.24224582104233,5.68750693551971
2050-02-24 12:00:00,2050,2,24,NA,0.755767941941385,4.08235863806178
2050-02-25 12:00:00,2050,2,25,NA,2.83470575279827,6.08137034462253
2050-02-26 12:00:00,2050,2,26,NA,-1.8567987470552,5.49170016091766
2050-02-27 12:00:00,2050,2,27,NA,4.93493757390176,9.37108630055403
2050-02-28 12:00:00,2050,2,28,NA,7.95896309760493,15.9816463878511
2050-03-01 12:00:00,2050,3,1,NA,6.61414691123194,16.1686441478449
2050-03-02 12:00:00,2050,3,2,NA,6.77835353753506,17.6293453360449
2050-03-03 12:00:00,2050,3,3,NA,5.39667522944957,17.8915789991108
2050-03-04 12:00:00,2050,3,4,NA,4.33103189439537,11.5853028366383
2050-03-05 12:00:00,2050,3,5,NA,-0.409773051770271,10.8478851799466
2050-03-06 12:00:00,2050,3,6,NA,0.130370352157186,13.1501079377416
2050-03-07 12:00:00,2050,3,7,NA,0.941973485407475,8.40451642891071
2050-03-08 12:00:00,2050,3,8,NA,3.72105524947819,11.0002592380587
2050-03-09 12:00:00,2050,3,9,NA,5.40282336445633,9.63514081706593
2050-03-10 12:00:00,2050,3,10,NA,5.97270932087145,9.52976367486312
2050-03-11 12:00:00,2050,3,11,NA,-0.731963020721473,11.7599038900767
2050-03-12 12:00:00,2050,3,12,NA,-0.351861449872418,9.15752614928605
2050-03-13 12:00:00,2050,3,13,NA,2.4113565260001,8.85368433901481
2050-03-14 12:00:00,2050,3,14,NA,2.36788626208814,8.43099406037772
2050-03-15 12:00:00,2050,3,15,NA,-1.56373708027215,4.68290727420429
2050-03-16 12:00:00,2050,3,16,NA,3.1952753263669,7.46243583090512
2050-03-17 12:00:00,2050,3,17,NA,-1.14753433090002,15.4722230143902
2050-03-18 12:00:00,2050,3,18,NA,-0.739748312387293,13.8165694560526
2050-03-19 12:00:00,2050,3,19,NA,-1.69009472028221,12.8804397507854
2050-03-20 12:00:00,2050,3,20,NA,0.920192079935425,12.8876860095754
2050-03-21 12:00:00,2050,3,21,NA,2.37067273635574,15.0723310067664
2050-03-22 12:00:00,2050,3,22,NA,-0.376208172594488,13.1910798484646
2050-03-23 12:00:00,2050,3,23,NA,7.43094215917218,12.5717991690197
2050-03-24 12:00:00,2050,3,24,NA,7.02450865649788,15.1109603657182
2050-03-25 12:00:00,2050,3,25,NA,8.61407759489004,16.9247851824918
2050-03-26 12:00:00,2050,3,26,NA,7.40055513453198,15.7112627221337
2050-03-27 12:00:00,2050,3,27,NA,3.502203526259,19.35275081821
2050-03-28 12:00:00,2050,3,28,NA,6.40943692624731,18.7958380917656
2050-03-29 12:00:00,2050,3,29,NA,7.06219948167195,16.3309605227553
2050-03-30 12:00:00,2050,3,30,NA,7.42684331950162,19.6194193564035
2050-03-31 12:00:00,2050,3,31,NA,11.8197445423568,18.4333169064696
2050-04-01 12:00:00,2050,4,1,NA,9.46279646835824,16.6134978413336
2050-04-02 12:00:00,2050,4,2,NA,8.94958622482905,18.0043943868259
2050-04-03 12:00:00,2050,4,3,NA,5.95431663829813,20.744701580958
2050-04-04 12:00:00,2050,4,4,NA,8.89926145061305,16.2909232368416
2050-04-05 12:00:00,2050,4,5,NA,5.59189169942085,15.0930477384713
2050-04-06 12:00:00,2050,4,6,NA,-0.966104883767411,16.663668011207
2050-04-07 12:00:00,2050,4,7,NA,5.35934886525313,14.6960291328149
2050-04-08 12:00:00,2050,4,8,NA,7.94090632123383,17.2280057607269
2050-04-09 12:00:00,2050,4,9,NA,7.2089102558185,19.3529935093612
2050-04-10 12:00:00,2050,4,10,NA,5.54878850959953,18.6686396824009
2050-04-11 12:00:00,2050,4,11,NA,6.07322786632609,14.4940170565422
2050-04-12 12:00:00,2050,4,12,NA,6.70078597022479,16.2019420092752
2050-04-13 12:00:00,2050,4,13,NA,3.37030234163277,22.7675579604757
2050-04-14 12:00:00,2050,4,14,NA,6.28829761203992,16.0421679637677
2050-04-15 12:00:00,2050,4,15,NA,0.873021154930623,14.6325328970131
2050-04-16 12:00:00,2050,4,16,NA,-1.32402440871218,19.7833997276779
2050-04-17 12:00:00,2050,4,17,NA,7.62716632166441,16.8339370145372
2050-04-18 12:00:00,2050,4,18,NA,8.10629033356662,21.3379028053237
2050-04-19 12:00:00,2050,4,19,NA,8.32577011896814,17.8250131753661
2050-04-20 12:00:00,2050,4,20,NA,2.26734280312142,15.6500288833213
2050-04-21 12:00:00,2050,4,21,NA,0.0120447860411312,13.4829382297935
2050-04-22 12:00:00,2050,4,22,NA,2.88881141977244,15.2579153979062
2050-04-23 12:00:00,2050,4,23,NA,1.60913366885706,22.084260377389
2050-04-24 12:00:00,2050,4,24,NA,2.62835190631826,19.6103173036454
2050-04-25 12:00:00,2050,4,25,NA,5.59938964071053,22.6075367757025
2050-04-26 12:00:00,2050,4,26,NA,10.2513819426658,27.988175718749
2050-04-27 12:00:00,2050,4,27,NA,12.7838431319837,23.368563980798
2050-04-28 12:00:00,2050,4,28,NA,21.2032893351559,26.2413352854694
2050-04-29 12:00:00,2050,4,29,NA,16.6812444646985,24.5444708829673
2050-04-30 12:00:00,2050,4,30,NA,16.7500460799066,24.8505324124765
2050-05-01 12:00:00,2050,5,1,NA,14.5076162837168,20.8628976825705
2050-05-02 12:00:00,2050,5,2,NA,11.1417304158662,18.5397130489174
2050-05-03 12:00:00,2050,5,3,NA,5.80737955703673,18.909567957945
2050-05-04 12:00:00,2050,5,4,NA,6.48675176677583,23.2063027313074
2050-05-05 12:00:00,2050,5,5,NA,4.10649208123597,22.8860326789182
2050-05-06 12:00:00,2050,5,6,NA,8.35478036432163,19.981090258631
2050-05-07 12:00:00,2050,5,7,NA,6.67528535073347,23.4471981154148
2050-05-08 12:00:00,2050,5,8,NA,6.37221079531234,20.0526810100165
2050-05-09 12:00:00,2050,5,9,NA,1.63803576462961,18.2876465877888
2050-05-10 12:00:00,2050,5,10,NA,10.2509952109739,19.0337151521885
2050-05-11 12:00:00,2050,5,11,NA,6.50373895061685,19.9122016668554
2050-05-12 12:00:00,2050,5,12,NA,3.41872686679069,19.3022487785813
2050-05-13 12:00:00,2050,5,13,NA,5.16030946782651,19.6605243830468
2050-05-14 12:00:00,2050,5,14,NA,6.90093476078596,22.7303471071782
2050-05-15 12:00:00,2050,5,15,NA,12.0259444160151,23.6599720585444
2050-05-16 12:00:00,2050,5,16,NA,7.18250353166956,20.8505306043402
2050-05-17 12:00:00,2050,5,17,NA,9.42565688699657,22.0815637635119
2050-05-18 12:00:00,2050,5,18,NA,12.851420736524,20.665223542136
2050-05-19 12:00:00,2050,5,19,NA,15.0325668997134,21.8921386874447
2050-05-20 12:00:00,2050,5,20,NA,12.6370399717174,20.2333648663087
2050-05-21 12:00:00,2050,5,21,NA,8.03076464764051,17.435190052316
2050-05-22 12:00:00,2050,5,22,NA,9.96449014631118,19.9353605334711
2050-05-23 12:00:00,2050,5,23,NA,12.1601546230014,29.6090755675966
2050-05-24 12:00:00,2050,5,24,NA,11.8393992613542,23.4752827161951
2050-05-25 12:00:00,2050,5,25,NA,14.4517595817767,27.8602222980153
2050-05-26 12:00:00,2050,5,26,NA,15.3311449354577,28.7260137248613
2050-05-27 12:00:00,2050,5,27,NA,15.1365988848293,31.712647110226
2050-05-28 12:00:00,2050,5,28,NA,16.9007736994393,26.3776140020347
2050-05-29 12:00:00,2050,5,29,NA,17.482706871828,27.3619472433383
2050-05-30 12:00:00,2050,5,30,NA,19.8164056655215,32.7087913712341
2050-05-31 12:00:00,2050,5,31,NA,20.2197221590769,28.9952661101119
2050-06-01 12:00:00,2050,6,1,NA,14.320890880674,26.6142772065706
2050-06-02 12:00:00,2050,6,2,NA,13.8501052674233,30.558778142405
2050-06-03 12:00:00,2050,6,3,NA,12.2678008423619,25.5101529557836
2050-06-04 12:00:00,2050,6,4,NA,12.3013467480247,21.5263837435433
2050-06-05 12:00:00,2050,6,5,NA,13.389471534142,20.5504961852042
2050-06-06 12:00:00,2050,6,6,NA,15.444554671992,24.9298778352963
2050-06-07 12:00:00,2050,6,7,NA,15.8127089000992,26.2452676115758
2050-06-08 12:00:00,2050,6,8,NA,13.9888019156647,28.4036579364951
2050-06-09 12:00:00,2050,6,9,NA,12.1040787646028,29.6405933154041
2050-06-10 12:00:00,2050,6,10,NA,17.3446647343412,24.5705150539613
2050-06-11 12:00:00,2050,6,11,NA,16.8847854421214,31.9409105504832
2050-06-12 12:00:00,2050,6,12,NA,17.9118767392779,31.2963428981656
2050-06-13 12:00:00,2050,6,13,NA,18.3676835091366,29.7030479882068
2050-06-14 12:00:00,2050,6,14,NA,15.9895148134345,29.2318669268562
2050-06-15 12:00:00,2050,6,15,NA,10.4794149387436,25.9778165798609
2050-06-16 12:00:00,2050,6,16,NA,12.9294898385414,23.0842995288672
2050-06-17 12:00:00,2050,6,17,NA,16.4245483156534,23.6503986352735
2050-06-18 12:00:00,2050,6,18,NA,14.834833420439,21.2282500159469
2050-06-19 12:00:00,2050,6,19,NA,15.4629376418877,21.771987966176
2050-06-20 12:00:00,2050,6,20,NA,12.4725353199031,23.7795219021856
2050-06-21 12:00:00,2050,6,21,NA,16.8824716390787,28.534138982803
2050-06-22 12:00:00,2050,6,22,NA,21.7322245444598,27.9291049539336
2050-06-23 12:00:00,2050,6,23,NA,20.2745621698381,29.5171140200251
2050-06-24 12:00:00,2050,6,24,NA,18.0611932775632,27.2631361368243
2050-06-25 12:00:00,2050,6,25,NA,20.4316795911839,25.4726120505506
2050-06-26 12:00:00,2050,6,26,NA,19.7135381481994,28.7500269587671
2050-06-27 12:00:00,2050,6,27,NA,17.6573567562757,23.5012188624083
2050-06-28 12:00:00,2050,6,28,NA,7.62950545142496,20.8718575648467
2050-06-29 12:00:00,2050,6,29,NA,6.67864100803505,24.2105734838156
2050-06-30 12:00:00,2050,6,30,NA,13.1768250545765,18.4863662195732
2050-07-01 12:00:00,2050,7,1,NA,10.0041894269503,19.4052351134244
2050-07-02 12:00:00,2050,7,2,NA,8.19825595465527,23.9793853356365
2050-07-03 12:00:00,2050,7,3,NA,13.6102601817722,21.1638924482496
2050-07-04 12:00:00,2050,7,4,NA,13.6808664022694,22.0763892122795
2050-07-05 12:00:00,2050,7,5,NA,14.8282332971231,22.3694453873763
2050-07-06 12:00:00,2050,7,6,NA,15.3581872900275,22.3889619921745
2050-07-07 12:00:00,2050,7,7,NA,14.7897041089547,23.6751208277559
2050-07-08 12:00:00,2050,7,8,NA,14.2987241984009,26.2031081819289
2050-07-09 12:00:00,2050,7,9,NA,13.4179334035583,25.0888731291148
2050-07-10 12:00:00,2050,7,10,NA,9.69655937468136,28.2271761810866
2050-07-11 12:00:00,2050,7,11,NA,14.1492040754462,23.7336610366485
2050-07-12 12:00:00,2050,7,12,NA,17.6079458441099,22.9517605362907
2050-07-13 12:00:00,2050,7,13,NA,17.8504194040689,27.5045954245273
2050-07-14 12:00:00,2050,7,14,NA,16.0149978601592,29.1916674823509
2050-07-15 12:00:00,2050,7,15,NA,20.7793265566032,31.3242933100098
2050-07-16 12:00:00,2050,7,16,NA,21.2343272509795,26.3198437810731
2050-07-17 12:00:00,2050,7,17,NA,20.555792367521,32.0723876009752
2050-07-18 12:00:00,2050,7,18,NA,19.3137120487641,32.1098267959899
2050-07-19 12:00:00,2050,7,19,NA,18.3179641723249,34.0194181121303
2050-07-20 12:00:00,2050,7,20,NA,22.4685893700576,33.9787774156505
2050-07-21 12:00:00,2050,7,21,NA,21.1826990006545,35.3607837707476
2050-07-22 12:00:00,2050,7,22,NA,22.3212934313521,31.1316239360506
2050-07-23 12:00:00,2050,7,23,NA,17.6969166325911,32.8142585046252
2050-07-24 12:00:00,2050,7,24,NA,19.2272479739712,32.4993029137409
2050-07-25 12:00:00,2050,7,25,NA,19.2230575467885,33.9613680154882
2050-07-26 12:00:00,2050,7,26,NA,21.7523119887024,29.2935240789556
2050-07-27 12:00:00,2050,7,27,NA,20.8090691602304,26.7707277437003
2050-07-28 12:00:00,2050,7,28,NA,15.6866485140443,26.0663892399143
2050-07-29 12:00:00,2050,7,29,NA,12.3354632933859,27.352511694833
2050-07-30 12:00:00,2050,7,30,NA,12.3292613498512,26.2018578068161
2050-07-31 12:00:00,2050,7,31,NA,15.4295346603563,22.0380012740982
2050-08-01 12:00:00,2050,8,1,NA,20.4508381700029,24.2643027559057
2050-08-02 12:00:00,2050,8,2,NA,19.0709537121171,26.0502346620891
2050-08-03 12:00:00,2050,8,3,NA,12.2442492828927,27.4259871160191
2050-08-04 12:00:00,2050,8,4,NA,15.1185950780603,24.9368653870973
2050-08-05 12:00:00,2050,8,5,NA,14.3471293566234,18.8295818124748
2050-08-06 12:00:00,2050,8,6,NA,12.0331566576018,15.6640778897651
2050-08-07 12:00:00,2050,8,7,NA,9.44062397715035,16.6302492430587
2050-08-08 12:00:00,2050,8,8,NA,10.7178924869895,17.2144506275926
2050-08-09 12:00:00,2050,8,9,NA,10.760916510373,20.8415254673993
2050-08-10 12:00:00,2050,8,10,NA,12.1520452206241,20.078694117669
2050-08-11 12:00:00,2050,8,11,NA,15.9297137839127,20.4182256499565
2050-08-12 12:00:00,2050,8,12,NA,10.8756348265853,16.8269588534575
2050-08-13 12:00:00,2050,8,13,NA,10.6196020726236,20.5057738494409
2050-08-14 12:00:00,2050,8,14,NA,8.58484050438671,19.7210750196915
2050-08-15 12:00:00,2050,8,15,NA,7.92713945714784,22.5087603829943
2050-08-16 12:00:00,2050,8,16,NA,7.9908079291764,20.5891214644814
2050-08-17 12:00:00,2050,8,17,NA,11.2051896574084,23.2402798842452
2050-08-18 12:00:00,2050,8,18,NA,13.9977112832104,26.0119275753822
2050-08-19 12:00:00,2050,8,19,NA,13.9963764566261,23.6937225196116
2050-08-20 12:00:00,2050,8,20,NA,12.8676392847279,26.4564167518314
2050-08-21 12:00:00,2050,8,21,NA,15.84600398854,21.2786762253392
2050-08-22 12:00:00,2050,8,22,NA,12.0297825950921,21.550077126369
2050-08-23 12:00:00,2050,8,23,NA,16.6818473034821,22.2163063832383
2050-08-24 12:00:00,2050,8,24,NA,18.035363391279,22.5409245648635
2050-08-25 12:00:00,2050,8,25,NA,17.4370232859154,24.7136701163535
2050-08-26 12:00:00,2050,8,26,NA,17.06608561838,23.5626437589831
2050-08-27 12:00:00,2050,8,27,NA,14.0137386476066,21.2594844514552
2050-08-28 12:00:00,2050,8,28,NA,12.0822722120585,24.5780582995111
2050-08-29 12:00:00,2050,8,29,NA,11.4126942318867,24.0110077671918
2050-08-30 12:00:00,2050,8,30,NA,9.3760218253404,24.0443271529981
2050-08-31 12:00:00,2050,8,31,NA,10.387242836187,23.3217934879422
2050-09-01 12:00:00,2050,9,1,NA,9.6946489547028,19.5913356614161
2050-09-02 12:00:00,2050,9,2,NA,5.8430035806661,21.2867788808026
2050-09-03 12:00:00,2050,9,3,NA,5.82906829847824,24.2529169323472
2050-09-04 12:00:00,2050,9,4,NA,7.37768463574594,23.3696346252098
2050-09-05 12:00:00,2050,9,5,NA,8.17632207094821,21.8787386446511
2050-09-06 12:00:00,2050,9,6,NA,5.1756751410158,20.6014767511625
2050-09-07 12:00:00,2050,9,7,NA,1.96860514033532,21.3795690656429
2050-09-08 12:00:00,2050,9,8,NA,8.97965067032331,23.9242915179198
2050-09-09 12:00:00,2050,9,9,NA,14.4462812148841,20.306139402078
2050-09-10 12:00:00,2050,9,10,NA,13.9802771240494,19.9283263074295
2050-09-11 12:00:00,2050,9,11,NA,14.531147132257,22.338676783417
2050-09-12 12:00:00,2050,9,12,NA,14.830138342894,23.968812865418
2050-09-13 12:00:00,2050,9,13,NA,12.5985976673838,17.1599546055903
2050-09-14 12:00:00,2050,9,14,NA,9.02724251528183,18.3278060045923
2050-09-15 12:00:00,2050,9,15,NA,9.40825656227788,17.6352886765901
2050-09-16 12:00:00,2050,9,16,NA,12.9329315118694,23.7660336203177
2050-09-17 12:00:00,2050,9,17,NA,17.5544182238137,22.8965035817901
2050-09-18 12:00:00,2050,9,18,NA,16.676115814225,30.0444620245001
2050-09-19 12:00:00,2050,9,19,NA,16.5179971743026,30.8292032766411
2050-09-20 12:00:00,2050,9,20,NA,14.572463806453,20.330086055364
2050-09-21 12:00:00,2050,9,21,NA,15.1821853617439,23.6112549530523
2050-09-22 12:00:00,2050,9,22,NA,10.4023218071877,24.3035546757503
2050-09-23 12:00:00,2050,9,23,NA,9.38763881916736,20.4943542559635
2050-09-24 12:00:00,2050,9,24,NA,8.12646187581424,17.2134835850628
2050-09-25 12:00:00,2050,9,25,NA,9.57226803114603,19.9422436043762
2050-09-26 12:00:00,2050,9,26,NA,9.27079710127002,20.5527460604385
2050-09-27 12:00:00,2050,9,27,NA,10.6748620640672,19.784152726105
2050-09-28 12:00:00,2050,9,28,NA,10.8300688947352,18.6860824279108
2050-09-29 12:00:00,2050,9,29,NA,8.13709069962523,17.8949641270986
2050-09-30 12:00:00,2050,9,30,NA,11.1833764731398,12.7518799866012
2050-10-01 12:00:00,2050,10,1,NA,8.86659805261429,15.5200388498796
2050-10-02 12:00:00,2050,10,2,NA,9.87839151187979,18.5551757087486
2050-10-03 12:00:00,2050,10,3,NA,8.42000023672412,18.597811207428
2050-10-04 12:00:00,2050,10,4,NA,11.6015031241127,15.8395208993213
2050-10-05 12:00:00,2050,10,5,NA,10.0650280017015,15.3937460064632
2050-10-06 12:00:00,2050,10,6,NA,6.10594038465905,16.960004186149
2050-10-07 12:00:00,2050,10,7,NA,8.03489482545745,12.2656514563693
2050-10-08 12:00:00,2050,10,8,NA,11.0772556965912,13.2494482034899
2050-10-09 12:00:00,2050,10,9,NA,6.22801387242621,14.4155230292092
2050-10-10 12:00:00,2050,10,10,NA,8.58854703503467,20.178794823817
2050-10-11 12:00:00,2050,10,11,NA,7.62468976904521,17.1899771691552
2050-10-12 12:00:00,2050,10,12,NA,7.7226287282899,17.4242753668635
2050-10-13 12:00:00,2050,10,13,NA,5.52076018300402,17.2952921187208
2050-10-14 12:00:00,2050,10,14,NA,10.1621946931308,18.9268905974107
2050-10-15 12:00:00,2050,10,15,NA,13.5317006248667,21.1168320665224
2050-10-16 12:00:00,2050,10,16,NA,16.9270294485887,23.136553690778
2050-10-17 12:00:00,2050,10,17,NA,10.7810337188627,22.0315955400061
2050-10-18 12:00:00,2050,10,18,NA,13.8531807594062,19.1931241174196
2050-10-19 12:00:00,2050,10,19,NA,10.0080415622462,22.2061216989848
2050-10-20 12:00:00,2050,10,20,NA,7.9240853332006,19.4965046544427
2050-10-21 12:00:00,2050,10,21,NA,6.54561016704583,17.2333985821499
2050-10-22 12:00:00,2050,10,22,NA,6.6549334448605,15.3440187653589
2050-10-23 12:00:00,2050,10,23,NA,5.41226508824762,16.2070639621533
2050-10-24 12:00:00,2050,10,24,NA,5.25149446845835,19.300348966945
2050-10-25 12:00:00,2050,10,25,NA,2.92172975836075,14.8313460964779
2050-10-26 12:00:00,2050,10,26,NA,4.47907479553873,11.535934977787
2050-10-27 12:00:00,2050,10,27,NA,9.33344976290793,16.1939604448755
2050-10-28 12:00:00,2050,10,28,NA,12.2126593301516,20.8120735378343
2050-10-29 12:00:00,2050,10,29,NA,8.71628103271387,17.373933129673
2050-10-30 12:00:00,2050,10,30,NA,10.8772524330118,16.2899925665216
2050-10-31 12:00:00,2050,10,31,NA,5.79348677755945,16.4591955699025
2050-11-01 12:00:00,2050,11,1,NA,4.60313090802767,20.3386075549106
2050-11-02 12:00:00,2050,11,2,NA,1.53008363700785,17.8133763677747
2050-11-03 12:00:00,2050,11,3,NA,10.345106806853,14.2102237955624
2050-11-04 12:00:00,2050,11,4,NA,9.29675835298033,17.7589766887288
2050-11-05 12:00:00,2050,11,5,NA,8.42329001681334,14.9571686712671
2050-11-06 12:00:00,2050,11,6,NA,5.13762461786922,12.6840918365374
2050-11-07 12:00:00,2050,11,7,NA,4.43612853156129,8.17044834721224
2050-11-08 12:00:00,2050,11,8,NA,0.816597353000342,6.28878613003789
2050-11-09 12:00:00,2050,11,9,NA,1.71836315236498,7.75889939400071
2050-11-10 12:00:00,2050,11,10,NA,-0.16736609659573,8.58744173654127
2050-11-11 12:00:00,2050,11,11,NA,1.14284650106849,9.65149105810843
2050-11-12 12:00:00,2050,11,12,NA,1.99621320326129,8.81933523195297
2050-11-13 12:00:00,2050,11,13,NA,3.48910468663688,9.22390434415852
2050-11-14 12:00:00,2050,11,14,NA,4.05536065486929,11.6769820785975
2050-11-15 12:00:00,2050,11,15,NA,0.771529758180473,3.73384543113609
2050-11-16 12:00:00,2050,11,16,NA,-3.02397335887317,2.92979337754197
2050-11-17 12:00:00,2050,11,17,NA,-1.96255407404808,4.16524664445967
2050-11-18 12:00:00,2050,11,18,NA,1.8898567394923,7.79169161604556
2050-11-19 12:00:00,2050,11,19,NA,-0.869887887395945,2.87120375131657
2050-11-20 12:00:00,2050,11,20,NA,1.18180688874305,4.90788407193587
2050-11-21 12:00:00,2050,11,21,NA,3.65040313221104,9.61336440704737
2050-11-22 12:00:00,2050,11,22,NA,4.87505487924208,14.2403262915312
2050-11-23 12:00:00,2050,11,23,NA,1.4465300038179,11.7248061910438
2050-11-24 12:00:00,2050,11,24,NA,2.90787952719477,9.79143918041959
2050-11-25 12:00:00,2050,11,25,NA,3.61967030152168,10.5032299547465
2050-11-26 12:00:00,2050,11,26,NA,3.25957250330828,9.86714533956507
2050-11-27 12:00:00,2050,11,27,NA,1.78282925813227,8.53471472613674
2050-11-28 12:00:00,2050,11,28,NA,0.521670075324837,9.92347161255103
2050-11-29 12:00:00,2050,11,29,NA,1.88957264128817,9.34558170290905
2050-11-30 12:00:00,2050,11,30,NA,3.28159782816952,10.406642184692
2050-12-01 12:00:00,2050,12,1,NA,3.21451576810495,12.0119723934419
2050-12-02 12:00:00,2050,12,2,NA,2.17834193504425,8.98077036932633
2050-12-03 12:00:00,2050,12,3,NA,3.10303978633471,6.97016507157936
2050-12-04 12:00:00,2050,12,4,NA,6.37896636022404,9.43299515991924
2050-12-05 12:00:00,2050,12,5,NA,2.82831599310252,6.60577681030886
2050-12-06 12:00:00,2050,12,6,NA,4.19430320494174,6.2167186137968
2050-12-07 12:00:00,2050,12,7,NA,2.4678297278368,3.48764899170849
2050-12-08 12:00:00,2050,12,8,NA,2.69738292500184,5.34113937366724
2050-12-09 12:00:00,2050,12,9,NA,-1.96725255738167,3.23359893152691
2050-12-10 12:00:00,2050,12,10,NA,-2.53095399192566,4.26204895534421
2050-12-11 12:00:00,2050,12,11,NA,0.135802238260451,6.88186456373861
2050-12-12 12:00:00,2050,12,12,NA,0.666344339528368,6.7934711133216
2050-12-13 12:00:00,2050,12,13,NA,-0.373555000536945,7.77622940640165
2050-12-14 12:00:00,2050,12,14,NA,1.23639464237476,11.6390251830839
2050-12-15 12:00:00,2050,12,15,NA,2.51534159323708,7.38084804435937
2050-12-16 12:00:00,2050,12,16,NA,3.89758914437908,5.31299292041655
2050-12-17 12:00:00,2050,12,17,NA,2.3652106942676,7.85442974137752
2050-12-18 12:00:00,2050,12,18,NA,0.324359832335046,6.48247302270844
2050-12-19 12:00:00,2050,12,19,NA,-5.96842844990582,0.148290355523913
2050-12-20 12:00:00,2050,12,20,NA,-3.59559462851859,1.11593503402324
2050-12-21 12:00:00,2050,12,21,NA,-4.83995307156447,1.2677702628454
2050-12-22 12:00:00,2050,12,22,NA,-0.278644743893196,3.70282871351226
2050-12-23 12:00:00,2050,12,23,NA,-1.35645666866432,1.08993107989155
2050-12-24 12:00:00,2050,12,24,NA,-0.368198558065467,2.63959168531193
2050-12-25 12:00:00,2050,12,25,NA,-0.575682066017631,5.29606139943167
2050-12-26 12:00:00,2050,12,26,NA,2.72572930678113,8.78771803038216
2050-12-27 12:00:00,2050,12,27,NA,-3.33822022747158,7.13327054953059
2050-12-28 12:00:00,2050,12,28,NA,-0.221413887060016,6.86752873055057
2050-12-29 12:00:00,2050,12,29,NA,1.22440140829006,4.07129492088812
2050-12-30 12:00:00,2050,12,30,NA,-1.18760909610299,2.83405516479883
2050-12-31 12:00:00,2050,12,31,NA,2.40619954514234,5.45245384004714
2051-01-01 12:00:00,2051,1,1,NA,0.6739018349612,8.35657981756867
2051-01-02 12:00:00,2051,1,2,NA,-0.538194349380526,3.5793135428657
2051-01-03 12:00:00,2051,1,3,NA,-11.455875925208,-4.48594147927516
2051-01-04 12:00:00,2051,1,4,NA,-3.80411636298983,-0.083066024082699
2051-01-05 12:00:00,2051,1,5,NA,-0.791864648840191,6.74434781867143
2051-01-06 12:00:00,2051,1,6,NA,-6.85501960986688,-0.780925394722487
2051-01-07 12:00:00,2051,1,7,NA,-0.341661173388525,3.72148799954975
2051-01-08 12:00:00,2051,1,8,NA,3.2626512400718,9.01065295179851
2051-01-09 12:00:00,2051,1,9,NA,-1.28263969515007,8.60180355279699
2051-01-10 12:00:00,2051,1,10,NA,0.646293129161533,6.9365663797258
2051-01-11 12:00:00,2051,1,11,NA,0.502064371314609,6.9634069086758
2051-01-12 12:00:00,2051,1,12,NA,-0.999839786316673,4.47754837170941
2051-01-13 12:00:00,2051,1,13,NA,-1.2353755158865,1.12805514916695
2051-01-14 12:00:00,2051,1,14,NA,0.391188921393188,3.11457971796569
2051-01-15 12:00:00,2051,1,15,NA,1.79472064740127,2.84050929723188
2051-01-16 12:00:00,2051,1,16,NA,1.54902350357822,7.49338428360148
2051-01-17 12:00:00,2051,1,17,NA,4.07133361164862,11.888035706311
2051-01-18 12:00:00,2051,1,18,NA,4.80049405138934,8.82884378376952
2051-01-19 12:00:00,2051,1,19,NA,2.91208634710379,6.09599395007504
2051-01-20 12:00:00,2051,1,20,NA,4.31955263200525,7.03030999624162
2051-01-21 12:00:00,2051,1,21,NA,3.47963808944419,7.83361104685151
2051-01-22 12:00:00,2051,1,22,NA,4.41042474086347,8.96812284267543
2051-01-23 12:00:00,2051,1,23,NA,4.16828084226447,9.16804214992525
2051-01-24 12:00:00,2051,1,24,NA,3.10646702879337,7.59215963261314
2051-01-25 12:00:00,2051,1,25,NA,-4.0680563822879,3.89551105483593
2051-01-26 12:00:00,2051,1,26,NA,-1.77226659656369,2.53569963584444
2051-01-27 12:00:00,2051,1,27,NA,3.54508414524064,9.29308585696734
2051-01-28 12:00:00,2051,1,28,NA,3.53438879907177,8.75883770465272
2051-01-29 12:00:00,2051,1,29,NA,5.02625340343848,8.02582961634178
2051-01-30 12:00:00,2051,1,30,NA,2.27882732898001,7.35327237691175
2051-01-31 12:00:00,2051,1,31,NA,1.46022700867297,3.34615037251365
2051-02-01 12:00:00,2051,2,1,NA,-2.98965587747725,1.31838355060104
2051-02-02 12:00:00,2051,2,2,NA,-11.4179576377793,-4.88593953230893
2051-02-03 12:00:00,2051,2,3,NA,-9.4284050331305,-0.766945331018333
2051-02-04 12:00:00,2051,2,4,NA,-2.81536648036193,6.72961574273495
2051-02-05 12:00:00,2051,2,5,NA,1.83344560459585,6.57607228432936
2051-02-06 12:00:00,2051,2,6,NA,6.11416042642933,8.57194431905826
2051-02-07 12:00:00,2051,2,7,NA,7.63144275864433,14.5445693191139
2051-02-08 12:00:00,2051,2,8,NA,4.49802062870249,9.56510875021917
2051-02-09 12:00:00,2051,2,9,NA,4.26938048261398,10.7903552968677
2051-02-10 12:00:00,2051,2,10,NA,2.33366041371097,8.34266129820493
2051-02-11 12:00:00,2051,2,11,NA,2.32971018692667,8.11443387428057
2051-02-12 12:00:00,2051,2,12,NA,3.47173572319562,9.32518224579781
2051-02-13 12:00:00,2051,2,13,NA,0.438095289466865,14.2056918168873
2051-02-14 12:00:00,2051,2,14,NA,1.83985180833125,16.052288379736
2051-02-15 12:00:00,2051,2,15,NA,4.8409701740034,15.2484303113457
2051-02-16 12:00:00,2051,2,16,NA,4.79131753269915,9.22746625935142
2051-02-17 12:00:00,2051,2,17,NA,0.691073643585407,7.14947228810485
2051-02-18 12:00:00,2051,2,18,NA,-5.88738492293358,7.02551311824802
2051-02-19 12:00:00,2051,2,19,NA,-3.74459120695708,7.81199647316531
2051-02-20 12:00:00,2051,2,20,NA,3.88412195451501,12.5455816566272
2051-02-21 12:00:00,2051,2,21,NA,9.02745052426529,14.0555250068092
2051-02-22 12:00:00,2051,2,22,NA,6.972025717289,10.2456206781853
2051-02-23 12:00:00,2051,2,23,NA,4.59306135880207,8.64295285526028
2051-02-24 12:00:00,2051,2,24,NA,8.50474375359221,14.2651436595475
2051-02-25 12:00:00,2051,2,25,NA,5.10014520397271,6.73698298252206
2051-02-26 12:00:00,2051,2,26,NA,-0.602562412863515,3.34981664189152
2051-02-27 12:00:00,2051,2,27,NA,-1.68349828011244,4.00236488833669
2051-02-28 12:00:00,2051,2,28,NA,4.0721769185575,7.32720473990683
2051-03-01 12:00:00,2051,3,1,NA,6.52305741531296,8.96032586332584
2051-03-02 12:00:00,2051,3,2,NA,7.29838648850494,8.25286412506493
2051-03-03 12:00:00,2051,3,3,NA,8.08066559418646,11.7139949359865
2051-03-04 12:00:00,2051,3,4,NA,3.79116209952828,8.62270653997328
2051-03-05 12:00:00,2051,3,5,NA,7.36853871812046,10.5406467718413
2051-03-06 12:00:00,2051,3,6,NA,7.62608233863806,12.2101959398615
2051-03-07 12:00:00,2051,3,7,NA,3.24174129619951,9.44227713864817
2051-03-08 12:00:00,2051,3,8,NA,1.78030336472294,8.07088581915291
2051-03-09 12:00:00,2051,3,9,NA,3.95518365940816,9.95653955829963
2051-03-10 12:00:00,2051,3,10,NA,5.97834536107736,9.93537608783638
2051-03-11 12:00:00,2051,3,11,NA,8.64714896938522,10.7045753883845
2051-03-12 12:00:00,2051,3,12,NA,7.34579351473601,14.0480554509836
2051-03-13 12:00:00,2051,3,13,NA,7.3657508005964,9.57797259426959
2051-03-14 12:00:00,2051,3,14,NA,3.34825294923438,11.1252139153567
2051-03-15 12:00:00,2051,3,15,NA,6.7485818309185,9.57375142497596
2051-03-16 12:00:00,2051,3,16,NA,2.08541616440252,9.36462015298308
2051-03-17 12:00:00,2051,3,17,NA,5.59169208579901,11.1990978095633
2051-03-18 12:00:00,2051,3,18,NA,7.01396306527275,12.1310736034602
2051-03-19 12:00:00,2051,3,19,NA,7.28658772577488,11.2436184525339
2051-03-20 12:00:00,2051,3,20,NA,3.22638373911673,9.14582337658091
2051-03-21 12:00:00,2051,3,21,NA,1.81180175352999,8.71398044577905
2051-03-22 12:00:00,2051,3,22,NA,2.84704728611837,11.6711686358591
2051-03-23 12:00:00,2051,3,23,NA,2.64651121132172,14.5886200109117
2051-03-24 12:00:00,2051,3,24,NA,7.99156554461326,16.1957954447732
2051-03-25 12:00:00,2051,3,25,NA,7.90392557743647,10.9953180513239
2051-03-26 12:00:00,2051,3,26,NA,8.52425590237106,10.7311503814628
2051-03-27 12:00:00,2051,3,27,NA,7.34433465368018,11.0483351360081
2051-03-28 12:00:00,2051,3,28,NA,8.25747559607824,12.3554397674914
2051-03-29 12:00:00,2051,3,29,NA,8.84307987467405,12.7393230145823
2051-03-30 12:00:00,2051,3,30,NA,7.2263391041109,11.7091249247067
2051-03-31 12:00:00,2051,3,31,NA,13.3888592713976,16.8172908040433
2051-04-01 12:00:00,2051,4,1,NA,8.93420085204516,18.2781247180851
2051-04-02 12:00:00,2051,4,2,NA,7.64249826545173,10.7686231783595
2051-04-03 12:00:00,2051,4,3,NA,4.34256037127071,9.61197350230273
2051-04-04 12:00:00,2051,4,4,NA,4.5024367547787,10.3969501207778
2051-04-05 12:00:00,2051,4,5,NA,4.5477346540149,10.6068828426193
2051-04-06 12:00:00,2051,4,6,NA,6.34013663469876,9.47312596328283
2051-04-07 12:00:00,2051,4,7,NA,5.38415455066673,10.4779727806277
2051-04-08 12:00:00,2051,4,8,NA,2.26438550011875,12.8513696016411
2051-04-09 12:00:00,2051,4,9,NA,6.94587629022272,16.4371299811981
2051-04-10 12:00:00,2051,4,10,NA,-0.898206022313719,11.2731531695565
2051-04-11 12:00:00,2051,4,11,NA,-1.05031286987279,9.52886261404942
2051-04-12 12:00:00,2051,4,12,NA,-1.06318122791141,8.35696699843037
2051-04-13 12:00:00,2051,4,13,NA,-2.41320493362329,11.3463068084592
2051-04-14 12:00:00,2051,4,14,NA,3.46805919014531,9.16066785395961
2051-04-15 12:00:00,2051,4,15,NA,4.7905319720623,13.9973026649351
2051-04-16 12:00:00,2051,4,16,NA,0.81009983063003,17.5273964848619
2051-04-17 12:00:00,2051,4,17,NA,5.24951941527524,15.5863113192753
2051-04-18 12:00:00,2051,4,18,NA,0.34493528557833,14.45494674364
2051-04-19 12:00:00,2051,4,19,NA,3.9556568750401,13.2427563145332
2051-04-20 12:00:00,2051,4,20,NA,2.91184093350098,14.3778719776934
2051-04-21 12:00:00,2051,4,21,NA,7.15575863195277,12.4146691561593
2051-04-22 12:00:00,2051,4,22,NA,7.07525531099125,17.638318108566
2051-04-23 12:00:00,2051,4,23,NA,6.98258454426372,13.244699137971
2051-04-24 12:00:00,2051,4,24,NA,7.09448967571177,11.3227726963832
2051-04-25 12:00:00,2051,4,25,NA,5.59737857601071,13.9614399874715
2051-04-26 12:00:00,2051,4,26,NA,5.64249056180856,15.143646600859
2051-04-27 12:00:00,2051,4,27,NA,1.59151041468385,19.6834992234335
2051-04-28 12:00:00,2051,4,28,NA,8.224407863394,16.3896215117769
2051-04-29 12:00:00,2051,4,29,NA,8.41766465235043,18.4348831584787
2051-04-30 12:00:00,2051,4,30,NA,7.37509571769916,16.6368434974892
2051-05-01 12:00:00,2051,5,1,NA,11.6259086459762,18.4973791136917
2051-05-02 12:00:00,2051,5,2,NA,9.48216950895939,24.0711245232756
2051-05-03 12:00:00,2051,5,3,NA,6.33550675430535,21.6983184089237
2051-05-04 12:00:00,2051,5,4,NA,8.72335500493725,25.3061469432807
2051-05-05 12:00:00,2051,5,5,NA,9.1461576270107,13.9993637096146
2051-05-06 12:00:00,2051,5,6,NA,5.83654730345728,15.3897895942203
2051-05-07 12:00:00,2051,5,7,NA,11.5974511188632,19.3726265369907
2051-05-08 12:00:00,2051,5,8,NA,10.0847473711817,19.9683722973993
2051-05-09 12:00:00,2051,5,9,NA,15.7588068443472,27.3919378967991
2051-05-10 12:00:00,2051,5,10,NA,13.8906189396065,29.6575600662117
2051-05-11 12:00:00,2051,5,11,NA,13.5071404961166,26.3995262018292
2051-05-12 12:00:00,2051,5,12,NA,13.8977674610156,30.4025844285999
2051-05-13 12:00:00,2051,5,13,NA,14.1970346120786,19.3725599636421
2051-05-14 12:00:00,2051,5,14,NA,10.4217443978664,20.6071677603137
2051-05-15 12:00:00,2051,5,15,NA,7.46329240359395,24.1129032267531
2051-05-16 12:00:00,2051,5,16,NA,10.4249555961967,18.0991670730145
2051-05-17 12:00:00,2051,5,17,NA,8.29613493747972,25.9167332273326
2051-05-18 12:00:00,2051,5,18,NA,10.7863421616993,24.3705025897957
2051-05-19 12:00:00,2051,5,19,NA,16.1895348762211,26.8654382334157
2051-05-20 12:00:00,2051,5,20,NA,16.2354865798802,30.8885604311067
2051-05-21 12:00:00,2051,5,21,NA,17.0101389329264,28.894937883236
2051-05-22 12:00:00,2051,5,22,NA,18.9740714885656,27.7496154396006
2051-05-23 12:00:00,2051,5,23,NA,17.0839862675644,28.2883800821937
2051-05-24 12:00:00,2051,5,24,NA,11.2631585060101,18.5466685284135
2051-05-25 12:00:00,2051,5,25,NA,8.69057218907422,16.6109036507413
2051-05-26 12:00:00,2051,5,26,NA,9.38980167112123,19.3606720582811
2051-05-27 12:00:00,2051,5,27,NA,10.406937641458,18.1955695767998
2051-05-28 12:00:00,2051,5,28,NA,8.59410945873998,23.1413617204681
2051-05-29 12:00:00,2051,5,29,NA,10.2093576048726,22.0501572687087
2051-05-30 12:00:00,2051,5,30,NA,13.720021341267,23.5335188361844
2051-05-31 12:00:00,2051,5,31,NA,15.8898593361918,25.7421339844774
2051-06-01 12:00:00,2051,6,1,NA,16.3738526028674,27.6541494033909
2051-06-02 12:00:00,2051,6,2,NA,18.262055389173,26.3198448898743
2051-06-03 12:00:00,2051,6,3,NA,13.9820099364177,27.2243620498395
2051-06-04 12:00:00,2051,6,4,NA,13.3332208841008,29.588024823406
2051-06-05 12:00:00,2051,6,5,NA,10.7557536243428,28.2914567065251
2051-06-06 12:00:00,2051,6,6,NA,12.7165343543603,25.958886467782
2051-06-07 12:00:00,2051,6,7,NA,15.7162303167532,25.9911011958399
2051-06-08 12:00:00,2051,6,8,NA,14.6374508332434,27.2929019142039
2051-06-09 12:00:00,2051,6,9,NA,15.8180008107545,22.1270511350428
2051-06-10 12:00:00,2051,6,10,NA,16.7744910372651,25.0393508733717
2051-06-11 12:00:00,2051,6,11,NA,10.9790711141849,23.7707049550117
2051-06-12 12:00:00,2051,6,12,NA,20.6815061755253,23.7389985515188
2051-06-13 12:00:00,2051,6,13,NA,16.7390248038195,27.9678172083117
2051-06-14 12:00:00,2051,6,14,NA,13.61834094137,25.9396498878926
2051-06-15 12:00:00,2051,6,15,NA,12.7069198903108,25.9492720037325
2051-06-16 12:00:00,2051,6,16,NA,10.4241971304747,22.7455060769973
2051-06-17 12:00:00,2051,6,17,NA,11.0529856271577,23.419264010724
2051-06-18 12:00:00,2051,6,18,NA,8.75541188179136,22.0744090210345
2051-06-19 12:00:00,2051,6,19,NA,11.4431088693389,21.9568602755209
2051-06-20 12:00:00,2051,6,20,NA,8.39837744194805,26.9709551479609
2051-06-21 12:00:00,2051,6,21,NA,13.676387238952,31.2137959943253
2051-06-22 12:00:00,2051,6,22,NA,12.6150761390612,32.2338387024014
2051-06-23 12:00:00,2051,6,23,NA,16.3045481308925,30.2523394106723
2051-06-24 12:00:00,2051,6,24,NA,17.5224541362756,30.6423193148241
2051-06-25 12:00:00,2051,6,25,NA,22.1030510605128,28.5318087511057
2051-06-26 12:00:00,2051,6,26,NA,18.2331883700995,36.6735868491067
2051-06-27 12:00:00,2051,6,27,NA,21.4568481247096,37.7286848882094
2051-06-28 12:00:00,2051,6,28,NA,22.8562634418809,39.3880863885241
2051-06-29 12:00:00,2051,6,29,NA,18.9969279371047,29.2322928968648
2051-06-30 12:00:00,2051,6,30,NA,17.055093556922,29.2957672651382
2051-07-01 12:00:00,2051,7,1,NA,17.3831297276926,24.513249787944
2051-07-02 12:00:00,2051,7,2,NA,10.1911514618088,25.6685474818873
2051-07-03 12:00:00,2051,7,3,NA,14.3428517866151,24.0630100933219
2051-07-04 12:00:00,2051,7,4,NA,12.6655335041474,24.2733938055339
2051-07-05 12:00:00,2051,7,5,NA,13.3154706799385,24.7146663094963
2051-07-06 12:00:00,2051,7,6,NA,12.0066656264279,24.379276351046
2051-07-07 12:00:00,2051,7,7,NA,8.77241399392299,26.5993804120236
2051-07-08 12:00:00,2051,7,8,NA,8.83637700626001,23.1765238469039
2051-07-09 12:00:00,2051,7,9,NA,13.2389734175729,23.2102338545456
2051-07-10 12:00:00,2051,7,10,NA,8.76883890337525,25.9724114315481
2051-07-11 12:00:00,2051,7,11,NA,16.3018774711451,23.6129286272872
2051-07-12 12:00:00,2051,7,12,NA,18.0006315034419,23.72410008773
2051-07-13 12:00:00,2051,7,13,NA,18.6471358027275,25.666655753401
2051-07-14 12:00:00,2051,7,14,NA,11.8593015315862,23.0659257452748
2051-07-15 12:00:00,2051,7,15,NA,12.0493147261683,22.888239437039
2051-07-16 12:00:00,2051,7,16,NA,16.0661093062718,19.0118607728742
2051-07-17 12:00:00,2051,7,17,NA,11.2500758893496,21.0957916605323
2051-07-18 12:00:00,2051,7,18,NA,15.8106158138975,19.6240803998003
2051-07-19 12:00:00,2051,7,19,NA,16.1951692359384,18.0924163901274
2051-07-20 12:00:00,2051,7,20,NA,16.7414427486637,19.7391605868145
2051-07-21 12:00:00,2051,7,21,NA,17.5926200502682,21.3463325190041
2051-07-22 12:00:00,2051,7,22,NA,14.1176534546321,22.1302982180976
2051-07-23 12:00:00,2051,7,23,NA,15.4497783016298,25.036602119365
2051-07-24 12:00:00,2051,7,24,NA,18.5214206410917,31.7934755808615
2051-07-25 12:00:00,2051,7,25,NA,15.2433764077515,32.2953530518781
2051-07-26 12:00:00,2051,7,26,NA,15.2376578285387,30.4205699297463
2051-07-27 12:00:00,2051,7,27,NA,14.1467535552795,23.7537249664772
2051-07-28 12:00:00,2051,7,28,NA,14.7051826001979,28.6867446895372
2051-07-29 12:00:00,2051,7,29,NA,13.4831888357959,27.3661544300638
2051-07-30 12:00:00,2051,7,30,NA,15.465953683679,23.0900546180772
2051-07-31 12:00:00,2051,7,31,NA,16.8717571530942,21.5861609342198
2051-08-01 12:00:00,2051,8,1,NA,16.4230320341126,20.0591552826928
2051-08-02 12:00:00,2051,8,2,NA,17.1349403292201,20.643323961765
2051-08-03 12:00:00,2051,8,3,NA,16.2361571895624,22.7379739551454
2051-08-04 12:00:00,2051,8,4,NA,13.2617377457732,23.2452037311116
2051-08-05 12:00:00,2051,8,5,NA,12.2961413391145,18.659759343725
2051-08-06 12:00:00,2051,8,6,NA,11.1653455300045,18.4419923604426
2051-08-07 12:00:00,2051,8,7,NA,7.40672649323039,20.8781281339739
2051-08-08 12:00:00,2051,8,8,NA,10.5969255996052,20.4998040615729
2051-08-09 12:00:00,2051,8,9,NA,11.0236766264702,18.2124907016327
2051-08-10 12:00:00,2051,8,10,NA,10.458069709686,18.1166825256909
2051-08-11 12:00:00,2051,8,11,NA,11.3189117450599,17.6626247441838
2051-08-12 12:00:00,2051,8,12,NA,8.42020913716346,18.2825698628951
2051-08-13 12:00:00,2051,8,13,NA,8.51741100337049,22.0659551193576
2051-08-14 12:00:00,2051,8,14,NA,11.1668993794968,21.9265170310446
2051-08-15 12:00:00,2051,8,15,NA,17.1135094053733,23.2045643524415
2051-08-16 12:00:00,2051,8,16,NA,13.3770750917172,19.893033165077
2051-08-17 12:00:00,2051,8,17,NA,15.0411227457301,21.1241803272284
2051-08-18 12:00:00,2051,8,18,NA,12.7582267535562,19.1212019471724
2051-08-19 12:00:00,2051,8,19,NA,12.6709774290491,20.7836058240513
2051-08-20 12:00:00,2051,8,20,NA,14.7888194194662,25.0280108030036
2051-08-21 12:00:00,2051,8,21,NA,12.176947734763,24.0312666900238
2051-08-22 12:00:00,2051,8,22,NA,13.2875549392225,26.5815450633394
2051-08-23 12:00:00,2051,8,23,NA,8.45281525451835,27.1052490928966
2051-08-24 12:00:00,2051,8,24,NA,5.04138610393846,24.2803662073116
2051-08-25 12:00:00,2051,8,25,NA,14.0251376792803,23.3079880275683
2051-08-26 12:00:00,2051,8,26,NA,9.31936858714004,24.5011064202664
2051-08-27 12:00:00,2051,8,27,NA,15.8975594229741,25.4218126574051
2051-08-28 12:00:00,2051,8,28,NA,15.3147928939737,23.4796054599916
2051-08-29 12:00:00,2051,8,29,NA,12.6945840624848,22.1025952404612
2051-08-30 12:00:00,2051,8,30,NA,12.0567621466359,23.9210635470205
2051-08-31 12:00:00,2051,8,31,NA,7.4215516458413,22.9875064177581
2051-09-01 12:00:00,2051,9,1,NA,8.42621178695063,24.1463521396724
2051-09-02 12:00:00,2051,9,2,NA,7.08133626040151,22.7423329859208
2051-09-03 12:00:00,2051,9,3,NA,12.946174700515,19.3923700450348
2051-09-04 12:00:00,2051,9,4,NA,8.87411719903139,21.4220322699431
2051-09-05 12:00:00,2051,9,5,NA,10.0305282025371,19.515477515683
2051-09-06 12:00:00,2051,9,6,NA,10.5321886250257,22.5351543929735
2051-09-07 12:00:00,2051,9,7,NA,9.84685734056071,24.9359024720378
2051-09-08 12:00:00,2051,9,8,NA,10.9263367731854,20.5694187578187
2051-09-09 12:00:00,2051,9,9,NA,9.6944712324158,22.1802547507593
2051-09-10 12:00:00,2051,9,10,NA,14.3495338292829,22.0011364310041
2051-09-11 12:00:00,2051,9,11,NA,6.58192352954173,24.2991458247297
2051-09-12 12:00:00,2051,9,12,NA,7.7883841801894,22.0995902825279
2051-09-13 12:00:00,2051,9,13,NA,10.6376042595544,23.1233877778979
2051-09-14 12:00:00,2051,9,14,NA,10.4314621251094,18.4319622645139
2051-09-15 12:00:00,2051,9,15,NA,12.9188811869261,14.4791797085356
2051-09-16 12:00:00,2051,9,16,NA,15.6737090500329,17.9221474705265
2051-09-17 12:00:00,2051,9,17,NA,13.001931808941,21.6176813691506
2051-09-18 12:00:00,2051,9,18,NA,10.6888282442217,25.7778733756988
2051-09-19 12:00:00,2051,9,19,NA,12.7606457332013,28.2042625002535
2051-09-20 12:00:00,2051,9,20,NA,8.64014121872996,21.9691899829299
2051-09-21 12:00:00,2051,9,21,NA,9.93418300686084,19.5039367477052
2051-09-22 12:00:00,2051,9,22,NA,12.1885264738145,21.9843452887579
2051-09-23 12:00:00,2051,9,23,NA,12.2972595918653,17.632726107512
2051-09-24 12:00:00,2051,9,24,NA,10.3515541342557,17.5863214223242
2051-09-25 12:00:00,2051,9,25,NA,12.5379291709991,16.1257144719107
2051-09-26 12:00:00,2051,9,26,NA,12.8721459975961,14.8141433884129
2051-09-27 12:00:00,2051,9,27,NA,11.5201532155981,13.3193215363394
2051-09-28 12:00:00,2051,9,28,NA,10.0123328349129,14.3359746604901
2051-09-29 12:00:00,2051,9,29,NA,11.372731198406,15.298259267214
2051-09-30 12:00:00,2051,9,30,NA,8.25758715671002,17.595027982804
2051-10-01 12:00:00,2051,10,1,NA,7.15404668431517,22.2430918157922
2051-10-02 12:00:00,2051,10,2,NA,7.69955383635754,24.9765683921521
2051-10-03 12:00:00,2051,10,3,NA,14.8543619322173,21.4036113478805
2051-10-04 12:00:00,2051,10,4,NA,14.9257255745265,20.3157129768356
2051-10-05 12:00:00,2051,10,5,NA,14.2447124650356,20.7939618806988
2051-10-06 12:00:00,2051,10,6,NA,13.8376552835288,19.2503954170386
2051-10-07 12:00:00,2051,10,7,NA,8.71852694564883,16.3158516609789
2051-10-08 12:00:00,2051,10,8,NA,5.03418449693903,11.5148543344231
2051-10-09 12:00:00,2051,10,9,NA,3.4508388764378,15.7664727083068
2051-10-10 12:00:00,2051,10,10,NA,1.49534296385844,13.3818398146639
2051-10-11 12:00:00,2051,10,11,NA,3.03184999414914,14.86860689799
2051-10-12 12:00:00,2051,10,12,NA,5.06473187534807,14.5556641101168
2051-10-13 12:00:00,2051,10,13,NA,7.1088740692586,16.6969578972154
2051-10-14 12:00:00,2051,10,14,NA,5.84873673751176,17.6854936413527
2051-10-15 12:00:00,2051,10,15,NA,6.44005091190525,21.5212134097937
2051-10-16 12:00:00,2051,10,16,NA,9.57711633446321,21.6224746099673
2051-10-17 12:00:00,2051,10,17,NA,8.88412174512024,16.355287104633
2051-10-18 12:00:00,2051,10,18,NA,4.4417778890531,14.7495835949302
2051-10-19 12:00:00,2051,10,19,NA,2.22006973289779,15.1747541889407
2051-10-20 12:00:00,2051,10,20,NA,4.05782393682941,13.3447408093002
2051-10-21 12:00:00,2051,10,21,NA,2.54690413408621,13.0386307448383
2051-10-22 12:00:00,2051,10,22,NA,7.87871844726757,11.617843535533
2051-10-23 12:00:00,2051,10,23,NA,7.04375537516799,13.5069887700867
2051-10-24 12:00:00,2051,10,24,NA,6.2752408007368,14.9643261212352
2051-10-25 12:00:00,2051,10,25,NA,7.40993521650006,17.077248929677
2051-10-26 12:00:00,2051,10,26,NA,8.76379067503906,12.5029157633045
2051-10-27 12:00:00,2051,10,27,NA,7.58224511390801,14.0845821901922
2051-10-28 12:00:00,2051,10,28,NA,5.28649592005516,10.6992360535649
2051-10-29 12:00:00,2051,10,29,NA,5.78401444676076,11.1967545802705
2051-10-30 12:00:00,2051,10,30,NA,5.36311496190692,16.8847969567356
2051-10-31 12:00:00,2051,10,31,NA,5.03668990016735,13.3534827158484
2051-11-01 12:00:00,2051,11,1,NA,3.65745027424386,10.1686464538155
2051-11-02 12:00:00,2051,11,2,NA,3.94358097461292,11.4556564482452
2051-11-03 12:00:00,2051,11,3,NA,3.73271245263399,11.9393953397068
2051-11-04 12:00:00,2051,11,4,NA,7.18090898788828,13.7147876423421
2051-11-05 12:00:00,2051,11,5,NA,6.33737141459394,14.7808218144151
2051-11-06 12:00:00,2051,11,6,NA,7.05461569997459,17.0686716703139
2051-11-07 12:00:00,2051,11,7,NA,12.9981977341079,21.4127628247307
2051-11-08 12:00:00,2051,11,8,NA,11.0055997307898,16.7403993883114
2051-11-09 12:00:00,2051,11,9,NA,11.6307977944714,16.3500678179455
2051-11-10 12:00:00,2051,11,10,NA,7.84258908753537,9.72369553924831
2051-11-11 12:00:00,2051,11,11,NA,8.37174024440866,11.0822824147041
2051-11-12 12:00:00,2051,11,12,NA,8.58898062939678,15.5401679175735
2051-11-13 12:00:00,2051,11,13,NA,9.63820010450349,17.1696685260026
2051-11-14 12:00:00,2051,11,14,NA,10.6787266836427,17.3699869391442
2051-11-15 12:00:00,2051,11,15,NA,10.4695040304746,20.1539417065438
2051-11-16 12:00:00,2051,11,16,NA,11.2126753702351,16.8239751372158
2051-11-17 12:00:00,2051,11,17,NA,10.4159513805276,13.2262775298028
2051-11-18 12:00:00,2051,11,18,NA,8.50307824385774,11.8286984957443
2051-11-19 12:00:00,2051,11,19,NA,8.585997849551,11.4041648740686
2051-11-20 12:00:00,2051,11,20,NA,3.12999743255041,12.6561920131636
2051-11-21 12:00:00,2051,11,21,NA,7.6299656026609,9.56344339041783
2051-11-22 12:00:00,2051,11,22,NA,7.63783576486984,10.0756546496913
2051-11-23 12:00:00,2051,11,23,NA,8.36517187888835,10.956220046348
2051-11-24 12:00:00,2051,11,24,NA,7.2236824352275,10.0308540557073
2051-11-25 12:00:00,2051,11,25,NA,4.83212858890823,7.42317675636783
2051-11-26 12:00:00,2051,11,26,NA,0.176949299000473,4.11340790743567
2051-11-27 12:00:00,2051,11,27,NA,0.802571504423184,3.62168607468053
2051-11-28 12:00:00,2051,11,28,NA,1.64978769745858,5.38447732240509
2051-11-29 12:00:00,2051,11,29,NA,-0.791354075588309,6.30589051040376
2051-11-30 12:00:00,2051,11,30,NA,-1.73910500447907,5.77541721312483
2051-12-01 12:00:00,2051,12,1,NA,0.594378771134512,7.39296853999956
2051-12-02 12:00:00,2051,12,2,NA,0.332497085910011,7.81907594479634
2051-12-03 12:00:00,2051,12,3,NA,5.06211395677793,12.6677121966776
2051-12-04 12:00:00,2051,12,4,NA,6.51193457854349,12.4550274066614
2051-12-05 12:00:00,2051,12,5,NA,8.26669041396531,13.3842096097226
2051-12-06 12:00:00,2051,12,6,NA,3.60638575389161,7.47351103913625
2051-12-07 12:00:00,2051,12,7,NA,2.69611387185044,3.26437837504335
2051-12-08 12:00:00,2051,12,8,NA,-0.381229539959405,3.67622872048312
2051-12-09 12:00:00,2051,12,9,NA,-0.770575287439931,3.45242570878944
2051-12-10 12:00:00,2051,12,10,NA,4.13279446715688,10.9711163415342
2051-12-11 12:00:00,2051,12,11,NA,3.42909841181086,7.42585578332855
2051-12-12 12:00:00,2051,12,12,NA,2.04548410024062,5.08499416111525
2051-12-13 12:00:00,2051,12,13,NA,-1.92031831373983,4.93237780605667
2051-12-14 12:00:00,2051,12,14,NA,-2.42708827071793,10.8189596462279
2051-12-15 12:00:00,2051,12,15,NA,-1.49943465229254,5.55608276681013
2051-12-16 12:00:00,2051,12,16,NA,-0.451137392973116,7.73474234121694
2051-12-17 12:00:00,2051,12,17,NA,-2.76209853595444,0.888491763771831
2051-12-18 12:00:00,2051,12,18,NA,-1.33722766550264,3.86137460175142
2051-12-19 12:00:00,2051,12,19,NA,0.966608908026088,7.06315587977995
2051-12-20 12:00:00,2051,12,20,NA,0.489472416786403,7.61648117747802
2051-12-21 12:00:00,2051,12,21,NA,-0.558311677731727,5.54801474901531
2051-12-22 12:00:00,2051,12,22,NA,0.93253332062967,4.17564761657147
2051-12-23 12:00:00,2051,12,23,NA,-1.84203536660009,1.87814867717682
2051-12-24 12:00:00,2051,12,24,NA,-6.87802848805104,-1.10230339561942
2051-12-25 12:00:00,2051,12,25,NA,-3.46283125717577,0.471934713537929
2051-12-26 12:00:00,2051,12,26,NA,-6.1502465727314,2.00705595693492
2051-12-27 12:00:00,2051,12,27,NA,-4.34161725521288,1.48059748284577
2051-12-28 12:00:00,2051,12,28,NA,-5.81453240778306,-0.363886434323012
2051-12-29 12:00:00,2051,12,29,NA,-8.63935900455801,2.56445713702467
2051-12-30 12:00:00,2051,12,30,NA,-4.65322542878875,3.70480702124553
2051-12-31 12:00:00,2051,12,31,NA,-1.39867436311043,5.33682447965254
2052-01-01 12:00:00,2052,1,1,NA,0.557634570554547,6.77787693486988
2052-01-02 12:00:00,2052,1,2,NA,1.35320761435738,9.90840096368972
2052-01-03 12:00:00,2052,1,3,NA,2.70443824269037,10.0363725992976
2052-01-04 12:00:00,2052,1,4,NA,4.48499125044141,9.07117019386101
2052-01-05 12:00:00,2052,1,5,NA,4.64173468089211,7.72857897100847
2052-01-06 12:00:00,2052,1,6,NA,-1.3909516309303,5.04800240721098
2052-01-07 12:00:00,2052,1,7,NA,2.80959020983596,6.39031275239502
2052-01-08 12:00:00,2052,1,8,NA,3.26237093111733,7.76733936441808
2052-01-09 12:00:00,2052,1,9,NA,1.12890896567797,6.251577712342
2052-01-10 12:00:00,2052,1,10,NA,-0.400629249515536,6.79155185642409
2052-01-11 12:00:00,2052,1,11,NA,-0.554438500052296,3.68750125120262
2052-01-12 12:00:00,2052,1,12,NA,1.25394116244513,3.95399157183138
2052-01-13 12:00:00,2052,1,13,NA,0.189721751240194,4.25287092417847
2052-01-14 12:00:00,2052,1,14,NA,-3.90431761955764,1.58857871588867
2052-01-15 12:00:00,2052,1,15,NA,1.40800472212414,4.24284090000644
2052-01-16 12:00:00,2052,1,16,NA,-4.34039666239153,4.01555294166075
2052-01-17 12:00:00,2052,1,17,NA,4.59002035334889,10.8599795577394
2052-01-18 12:00:00,2052,1,18,NA,6.64087504216597,12.9481173915101
2052-01-19 12:00:00,2052,1,19,NA,8.12258908244502,15.7393580738157
2052-01-20 12:00:00,2052,1,20,NA,8.80056200328335,16.8593278729251
2052-01-21 12:00:00,2052,1,21,NA,7.45066183178465,17.8077243059713
2052-01-22 12:00:00,2052,1,22,NA,10.5162531106319,14.8702260680392
2052-01-23 12:00:00,2052,1,23,NA,9.48643725459698,14.3934442985345
2052-01-24 12:00:00,2052,1,24,NA,5.48218112067631,9.83268055566959
2052-01-25 12:00:00,2052,1,25,NA,2.07638446315341,10.9566282765967
2052-01-26 12:00:00,2052,1,26,NA,-1.02569870549823,11.9729893430042
2052-01-27 12:00:00,2052,1,27,NA,-0.927483963321767,7.04238660503362
2052-01-28 12:00:00,2052,1,28,NA,6.2805927192959,11.250355042345
2052-01-29 12:00:00,2052,1,29,NA,4.1966864497933,10.9505796248532
2052-01-30 12:00:00,2052,1,30,NA,3.63029373175947,11.9536933891746
2052-01-31 12:00:00,2052,1,31,NA,2.19516547953353,13.8881400146346
2052-02-01 12:00:00,2052,2,1,NA,6.12809502394584,10.8941538231744
2052-02-02 12:00:00,2052,2,2,NA,2.16465090362603,9.70086337113765
2052-02-03 12:00:00,2052,2,3,NA,-0.363150744990609,9.14561060387837
2052-02-04 12:00:00,2052,2,4,NA,6.33740293177232,14.458967904318
2052-02-05 12:00:00,2052,2,5,NA,5.20609723642422,13.2870665468508
2052-02-06 12:00:00,2052,2,6,NA,3.86224647727335,9.81392520394161
2052-02-07 12:00:00,2052,2,7,NA,8.51350970381995,13.4573189596207
2052-02-08 12:00:00,2052,2,8,NA,7.48137019334522,13.9832558323519
2052-02-09 12:00:00,2052,2,9,NA,6.34764018597503,11.9954625753763
2052-02-10 12:00:00,2052,2,10,NA,4.29560704207483,13.2527144230657
2052-02-11 12:00:00,2052,2,11,NA,3.01796291285674,12.5942154842022
2052-02-12 12:00:00,2052,2,12,NA,5.41198505831864,18.6500323141162
2052-02-13 12:00:00,2052,2,13,NA,8.86049537357902,11.5681202120158
2052-02-14 12:00:00,2052,2,14,NA,5.1987111046449,7.91798692734181
2052-02-15 12:00:00,2052,2,15,NA,4.55084330836021,7.07925525375832
2052-02-16 12:00:00,2052,2,16,NA,7.81920639939506,10.2518069201364
2052-02-17 12:00:00,2052,2,17,NA,4.87664637504158,6.16296718663211
2052-02-18 12:00:00,2052,2,18,NA,5.34834944518854,7.76708385913341
2052-02-19 12:00:00,2052,2,19,NA,7.13885562239552,9.85813144509243
2052-02-20 12:00:00,2052,2,20,NA,6.48655903148312,11.6472366608226
2052-02-21 12:00:00,2052,2,21,NA,1.22242016201033,5.45545622243375
2052-02-22 12:00:00,2052,2,22,NA,-0.573137059990775,5.94783775426295
2052-02-23 12:00:00,2052,2,23,NA,-1.16869113467711,5.28155176955111
2052-02-24 12:00:00,2052,2,24,NA,3.81154339231131,8.04105208930403
2052-02-25 12:00:00,2052,2,25,NA,1.69105527753644,5.22468982284216
2052-02-26 12:00:00,2052,2,26,NA,-0.110400243897017,8.8639239206464
2052-02-27 12:00:00,2052,2,27,NA,3.95916942957993,9.93609292600496
2052-02-28 12:00:00,2052,2,28,NA,4.43165055025722,11.3447771107268
2052-02-29 12:00:00,2052,2,29,NA,9.07871190956107,11.5328586724747
2052-03-01 12:00:00,2052,3,1,NA,5.52686461819823,9.47924367295326
2052-03-02 12:00:00,2052,3,2,NA,2.06201209168942,8.14163087135645
2052-03-03 12:00:00,2052,3,3,NA,5.3760063307093,8.40526983791297
2052-03-04 12:00:00,2052,3,4,NA,5.33573723087611,8.16090682493357
2052-03-05 12:00:00,2052,3,5,NA,5.51721231828294,11.6900280475457
2052-03-06 12:00:00,2052,3,6,NA,7.04349035227156,13.1676260678483
2052-03-07 12:00:00,2052,3,7,NA,3.17462883824075,11.3982829506426
2052-03-08 12:00:00,2052,3,8,NA,2.90568064011659,11.521550947994
2052-03-09 12:00:00,2052,3,9,NA,1.88816122818942,8.83292946068704
2052-03-10 12:00:00,2052,3,10,NA,0.951433065547047,13.4432999763452
2052-03-11 12:00:00,2052,3,11,NA,3.2592415046495,11.3786578677779
2052-03-12 12:00:00,2052,3,12,NA,3.0815143297013,9.50781782720691
2052-03-13 12:00:00,2052,3,13,NA,4.39039596912008,10.4295125894461
2052-03-14 12:00:00,2052,3,14,NA,2.00257147934945,14.3137601109444
2052-03-15 12:00:00,2052,3,15,NA,-0.368751395431089,13.8713331900749
2052-03-16 12:00:00,2052,3,16,NA,2.41883513883064,13.8968008883039
2052-03-17 12:00:00,2052,3,17,NA,-2.78167593776802,14.9884769505779
2052-03-18 12:00:00,2052,3,18,NA,1.54874520096079,8.84745835199626
2052-03-19 12:00:00,2052,3,19,NA,1.17812279574954,6.38753436062829
2052-03-20 12:00:00,2052,3,20,NA,2.79151431516037,4.74872461165503
2052-03-21 12:00:00,2052,3,21,NA,3.81787664268099,7.52155422639016
2052-03-22 12:00:00,2052,3,22,NA,2.07720520291815,6.4607706477127
2052-03-23 12:00:00,2052,3,23,NA,0.444342021687474,19.3674110230045
2052-03-24 12:00:00,2052,3,24,NA,6.91609032870138,13.6568269440911
2052-03-25 12:00:00,2052,3,25,NA,3.40742175772506,7.04075109952512
2052-03-26 12:00:00,2052,3,26,NA,5.59235339655706,8.33626601866926
2052-03-27 12:00:00,2052,3,27,NA,6.48405290306642,10.7616463473459
2052-03-28 12:00:00,2052,3,28,NA,3.01972737672294,8.13683791491041
2052-03-29 12:00:00,2052,3,29,NA,1.52018752024287,12.9974174261981
2052-03-30 12:00:00,2052,3,30,NA,6.90011307939769,12.0609959232883
2052-03-31 12:00:00,2052,3,31,NA,6.9336937879564,12.048435139719
2052-04-01 12:00:00,2052,4,1,NA,7.99516618480098,10.8747789884388
2052-04-02 12:00:00,2052,4,2,NA,6.86153889674989,14.8744568395147
2052-04-03 12:00:00,2052,4,3,NA,6.23625650147362,13.5007966957597
2052-04-04 12:00:00,2052,4,4,NA,7.12920721607201,16.6192337918473
2052-04-05 12:00:00,2052,4,5,NA,4.18292855776264,17.363925092286
2052-04-06 12:00:00,2052,4,6,NA,4.92421278240395,16.1302812553759
2052-04-07 12:00:00,2052,4,7,NA,4.1420914767469,16.2855934643861
2052-04-08 12:00:00,2052,4,8,NA,6.83223236034329,14.244156533581
2052-04-09 12:00:00,2052,4,9,NA,5.67667078603307,15.7106210785133
2052-04-10 12:00:00,2052,4,10,NA,1.19669013768007,14.3165413104814
2052-04-11 12:00:00,2052,4,11,NA,5.53579361716555,11.6367933458475
2052-04-12 12:00:00,2052,4,12,NA,2.81231010038971,14.9795287920161
2052-04-13 12:00:00,2052,4,13,NA,1.20329323750361,18.0492461964861
2052-04-14 12:00:00,2052,4,14,NA,1.47496790559349,18.6888101403667
2052-04-15 12:00:00,2052,4,15,NA,1.62822453828277,11.0202263755069
2052-04-16 12:00:00,2052,4,16,NA,-3.26229332566004,9.44394402246228
2052-04-17 12:00:00,2052,4,17,NA,0.646837513412273,10.1699358796219
2052-04-18 12:00:00,2052,4,18,NA,1.12777078382732,9.99772656438851
2052-04-19 12:00:00,2052,4,19,NA,0.35386193281937,7.76726129279865
2052-04-20 12:00:00,2052,4,20,NA,3.53001329738,9.80570308267022
2052-04-21 12:00:00,2052,4,21,NA,0.32509870320032,10.4914947975879
2052-04-22 12:00:00,2052,4,22,NA,1.15818008532959,13.8048880407423
2052-04-23 12:00:00,2052,4,23,NA,1.57802705797732,11.6119773504576
2052-04-24 12:00:00,2052,4,24,NA,3.37618554906482,17.6289069523154
2052-04-25 12:00:00,2052,4,25,NA,2.53008232103321,16.0009757647856
2052-04-26 12:00:00,2052,4,26,NA,3.01992985302966,20.0280769880216
2052-04-27 12:00:00,2052,4,27,NA,6.99631380537998,23.5310035773231
2052-04-28 12:00:00,2052,4,28,NA,8.74420123047443,19.9502697034464
2052-04-29 12:00:00,2052,4,29,NA,8.06567302005021,21.2466695545736
2052-04-30 12:00:00,2052,4,30,NA,11.3816132921336,19.9116927547569
2052-05-01 12:00:00,2052,5,1,NA,13.264297450987,22.7419562333567
2052-05-02 12:00:00,2052,5,2,NA,12.2797710009042,21.1497267814654
2052-05-03 12:00:00,2052,5,3,NA,7.38188304656782,17.1413256562216
2052-05-04 12:00:00,2052,5,4,NA,10.3141727148059,19.0534588486904
2052-05-05 12:00:00,2052,5,5,NA,15.4317484197817,27.065776062311
2052-05-06 12:00:00,2052,5,6,NA,13.3976919034254,25.9890315999397
2052-05-07 12:00:00,2052,5,7,NA,6.02193493199724,24.4376322321335
2052-05-08 12:00:00,2052,5,8,NA,8.1601872199768,21.7190195970261
2052-05-09 12:00:00,2052,5,9,NA,8.46461939688203,22.1125301969717
2052-05-10 12:00:00,2052,5,10,NA,15.201956390071,24.755198680834
2052-05-11 12:00:00,2052,5,11,NA,7.82726035041379,22.3658245886986
2052-05-12 12:00:00,2052,5,12,NA,9.22466413961374,23.0907606159923
2052-05-13 12:00:00,2052,5,13,NA,12.081706801577,28.6907405779932
2052-05-14 12:00:00,2052,5,14,NA,10.511771070735,32.6634269304517
2052-05-15 12:00:00,2052,5,15,NA,9.95970840078462,37.8600420608374
2052-05-16 12:00:00,2052,5,16,NA,13.6201799501465,33.0842234560554
2052-05-17 12:00:00,2052,5,17,NA,18.5823357016156,26.3671932125353
2052-05-18 12:00:00,2052,5,18,NA,13.3442716530708,27.8803271320366
2052-05-19 12:00:00,2052,5,19,NA,8.14555498817051,26.1926709599733
2052-05-20 12:00:00,2052,5,20,NA,13.7891113416251,26.6359267140975
2052-05-21 12:00:00,2052,5,21,NA,14.3403260819006,25.2183957334538
2052-05-22 12:00:00,2052,5,22,NA,17.4025151297108,21.2786846668389
2052-05-23 12:00:00,2052,5,23,NA,11.8509338001795,24.4422734966938
2052-05-24 12:00:00,2052,5,24,NA,7.74099508952231,24.4236012703564
2052-05-25 12:00:00,2052,5,25,NA,13.4639348456265,21.2249313155385
2052-05-26 12:00:00,2052,5,26,NA,15.927174524246,18.8448945163665
2052-05-27 12:00:00,2052,5,27,NA,10.9111613844146,18.7149260693386
2052-05-28 12:00:00,2052,5,28,NA,7.67050751281321,21.315954547929
2052-05-29 12:00:00,2052,5,29,NA,13.7720985044696,23.0005342516448
2052-05-30 12:00:00,2052,5,30,NA,15.2067982895364,18.1437419132478
2052-05-31 12:00:00,2052,5,31,NA,14.8944500256157,23.5360527699879
2052-06-01 12:00:00,2052,6,1,NA,11.4425577926404,23.6792799795464
2052-06-02 12:00:00,2052,6,2,NA,11.4377836819006,20.9910259726636
2052-06-03 12:00:00,2052,6,3,NA,9.51787842033144,24.9971527487112
2052-06-04 12:00:00,2052,6,4,NA,8.57669070852705,22.5458232694284
2052-06-05 12:00:00,2052,6,5,NA,7.87111054830017,24.4944093796997
2052-06-06 12:00:00,2052,6,6,NA,8.53115864032043,27.0864901447984
2052-06-07 12:00:00,2052,6,7,NA,11.4786945971628,22.6792653101346
2052-06-08 12:00:00,2052,6,8,NA,10.5647699562873,19.4198938868551
2052-06-09 12:00:00,2052,6,9,NA,10.7947426645563,20.021506115571
2052-06-10 12:00:00,2052,6,10,NA,11.7451707079684,17.9440435756889
2052-06-11 12:00:00,2052,6,11,NA,8.98728842228596,18.0237772328537
2052-06-12 12:00:00,2052,6,12,NA,6.12343251514366,15.6488304339275
2052-06-13 12:00:00,2052,6,13,NA,4.67860236837259,17.9209544817943
2052-06-14 12:00:00,2052,6,14,NA,9.37910776148366,19.5526497557917
2052-06-15 12:00:00,2052,6,15,NA,11.1781788753925,20.4750844955425
2052-06-16 12:00:00,2052,6,16,NA,6.79932761363576,23.2984340752409
2052-06-17 12:00:00,2052,6,17,NA,8.00028468173335,27.5573756027277
2052-06-18 12:00:00,2052,6,18,NA,12.8830486320295,28.7172435240759
2052-06-19 12:00:00,2052,6,19,NA,13.3327342689178,33.7624726026553
2052-06-20 12:00:00,2052,6,20,NA,15.504365886138,29.9070737895827
2052-06-21 12:00:00,2052,6,21,NA,10.2330558968741,26.523974396777
2052-06-22 12:00:00,2052,6,22,NA,14.1760933266405,22.4263406260378
2052-06-23 12:00:00,2052,6,23,NA,15.294228862593,25.7263873006214
2052-06-24 12:00:00,2052,6,24,NA,13.8246078667917,23.9739041754152
2052-06-25 12:00:00,2052,6,25,NA,13.1428346954878,24.3313388528419
2052-06-26 12:00:00,2052,6,26,NA,14.2285760106148,28.2373457833418
2052-06-27 12:00:00,2052,6,27,NA,13.2787668089068,24.5373135851525
2052-06-28 12:00:00,2052,6,28,NA,13.6921172540127,19.9480360052049
2052-06-29 12:00:00,2052,6,29,NA,11.8749416818562,19.0878245197992
2052-06-30 12:00:00,2052,6,30,NA,10.4450843846818,17.6772072683374
2052-07-01 12:00:00,2052,7,1,NA,9.71202082999432,15.9011385813949
2052-07-02 12:00:00,2052,7,2,NA,8.23361612814593,16.1450895860582
2052-07-03 12:00:00,2052,7,3,NA,6.68979799887581,20.6713600882151
2052-07-04 12:00:00,2052,7,4,NA,9.93096412926151,21.0433899955914
2052-07-05 12:00:00,2052,7,5,NA,13.2117651253558,23.53577127616
2052-07-06 12:00:00,2052,7,6,NA,14.3806399271674,25.4817452782808
2052-07-07 12:00:00,2052,7,7,NA,18.0675335885683,27.3891903027012
2052-07-08 12:00:00,2052,7,8,NA,20.9260893601751,24.9832233086766
2052-07-09 12:00:00,2052,7,9,NA,15.4176525241375,22.2603695652345
2052-07-10 12:00:00,2052,7,10,NA,11.0561091175445,21.8502495904503
2052-07-11 12:00:00,2052,7,11,NA,12.72573165229,23.2706984056965
2052-07-12 12:00:00,2052,7,12,NA,11.4316762375291,25.8114479206425
2052-07-13 12:00:00,2052,7,13,NA,15.7032093723486,24.5886260911498
2052-07-14 12:00:00,2052,7,14,NA,10.5356835167412,24.7137682868342
2052-07-15 12:00:00,2052,7,15,NA,8.92317084107997,27.3216246708054
2052-07-16 12:00:00,2052,7,16,NA,8.07103787546276,23.8641636918557
2052-07-17 12:00:00,2052,7,17,NA,8.92834483807782,21.4237279146889
2052-07-18 12:00:00,2052,7,18,NA,10.4932198319555,20.2386267580116
2052-07-19 12:00:00,2052,7,19,NA,9.89536895233223,20.9797891218819
2052-07-20 12:00:00,2052,7,20,NA,11.9947882840587,19.3058394402008
2052-07-21 12:00:00,2052,7,21,NA,9.78432971181187,19.8314712465542
2052-07-22 12:00:00,2052,7,22,NA,6.27534584718782,23.2677580716581
2052-07-23 12:00:00,2052,7,23,NA,7.87994270813422,23.5527418637428
2052-07-24 12:00:00,2052,7,24,NA,10.3528858793839,22.6725517942353
2052-07-25 12:00:00,2052,7,25,NA,14.0006966196043,24.2382970450109
2052-07-26 12:00:00,2052,7,26,NA,13.5245836081888,26.5446098591362
2052-07-27 12:00:00,2052,7,27,NA,20.5027535640307,31.3115736710045
2052-07-28 12:00:00,2052,7,28,NA,19.242763757695,26.8960257232285
2052-07-29 12:00:00,2052,7,29,NA,24.3386604085042,32.9201201066969
2052-07-30 12:00:00,2052,7,30,NA,19.2663960053422,35.040835036367
2052-07-31 12:00:00,2052,7,31,NA,20.8249513609305,33.50729470342
2052-08-01 12:00:00,2052,8,1,NA,19.7682267123146,32.4756254845916
2052-08-02 12:00:00,2052,8,2,NA,19.0157904885416,36.2007175483131
2052-08-03 12:00:00,2052,8,3,NA,20.0795230867636,31.6488089563712
2052-08-04 12:00:00,2052,8,4,NA,21.711903758846,36.4436704455419
2052-08-05 12:00:00,2052,8,5,NA,27.2720357001639,33.6350108937802
2052-08-06 12:00:00,2052,8,6,NA,26.8555619978363,32.3102568788524
2052-08-07 12:00:00,2052,8,7,NA,23.3189794661381,33.484441697108
2052-08-08 12:00:00,2052,8,8,NA,19.6367495490872,30.4041477347573
2052-08-09 12:00:00,2052,8,9,NA,18.0673830909452,22.1890840098919
2052-08-10 12:00:00,2052,8,10,NA,16.7479174071086,21.8784350855712
2052-08-11 12:00:00,2052,8,11,NA,14.3488337294659,23.3398592798382
2052-08-12 12:00:00,2052,8,12,NA,14.7190059722298,26.1644036033754
2052-08-13 12:00:00,2052,8,13,NA,17.3997688879854,27.6490166737703
2052-08-14 12:00:00,2052,8,14,NA,19.6122408640645,25.3174922919968
2052-08-15 12:00:00,2052,8,15,NA,20.6866092388902,24.27258184094
2052-08-16 12:00:00,2052,8,16,NA,16.5865320967791,22.1209911765354
2052-08-17 12:00:00,2052,8,17,NA,19.3590215106958,22.0509530190962
2052-08-18 12:00:00,2052,8,18,NA,14.7238717741412,17.4938357693851
2052-08-19 12:00:00,2052,8,19,NA,9.92588725810267,22.9548917505591
2052-08-20 12:00:00,2052,8,20,NA,8.16814939462108,25.2740706685234
2052-08-21 12:00:00,2052,8,21,NA,11.9615960509758,25.8137208524937
2052-08-22 12:00:00,2052,8,22,NA,15.2702958609464,30.7434836134541
2052-08-23 12:00:00,2052,8,23,NA,15.6700325290178,30.2523204842506
2052-08-24 12:00:00,2052,8,24,NA,21.7948850477084,26.7329848761423
2052-08-25 12:00:00,2052,8,25,NA,18.8055194334864,26.888411551671
2052-08-26 12:00:00,2052,8,26,NA,20.7597943016985,28.1974587268753
2052-08-27 12:00:00,2052,8,27,NA,19.4424094405444,24.8750816773436
2052-08-28 12:00:00,2052,8,28,NA,16.9972380648323,27.836261227574
2052-08-29 12:00:00,2052,8,29,NA,16.459345044083,23.6455144804401
2052-08-30 12:00:00,2052,8,30,NA,15.4669795101286,26.228617080731
2052-08-31 12:00:00,2052,8,31,NA,23.1213255299366,25.8132831915426
2052-09-01 12:00:00,2052,9,1,NA,19.7512057707496,29.8318147277759
2052-09-02 12:00:00,2052,9,2,NA,17.8011929022162,27.7803439855137
2052-09-03 12:00:00,2052,9,3,NA,15.4102534585181,21.2008924213055
2052-09-04 12:00:00,2052,9,4,NA,14.0023671812033,19.9762321679934
2052-09-05 12:00:00,2052,9,5,NA,12.1039166775872,18.6457535334515
2052-09-06 12:00:00,2052,9,6,NA,8.3595197289828,18.519394312851
2052-09-07 12:00:00,2052,9,7,NA,11.0507449569467,20.3513084462572
2052-09-08 12:00:00,2052,9,8,NA,10.4423569503182,20.0239827633321
2052-09-09 12:00:00,2052,9,9,NA,7.98141532123755,20.7756973137931
2052-09-10 12:00:00,2052,9,10,NA,10.9813378534304,21.6789800738171
2052-09-11 12:00:00,2052,9,11,NA,10.0146576551514,19.7777905173403
2052-09-12 12:00:00,2052,9,12,NA,10.7505812126187,23.0766013725189
2052-09-13 12:00:00,2052,9,13,NA,12.8992057456137,23.4241306679857
2052-09-14 12:00:00,2052,9,14,NA,13.2356943606562,20.0552665594634
2052-09-15 12:00:00,2052,9,15,NA,16.7714711889407,24.423073790662
2052-09-16 12:00:00,2052,9,16,NA,14.7466106568841,21.2884475127485
2052-09-17 12:00:00,2052,9,17,NA,14.4172226697197,22.1465171476204
2052-09-18 12:00:00,2052,9,18,NA,8.78205016849213,24.9147708682862
2052-09-19 12:00:00,2052,9,19,NA,15.9612990550684,28.8097649005826
2052-09-20 12:00:00,2052,9,20,NA,18.2826613008737,27.3182543415732
2052-09-21 12:00:00,2052,9,21,NA,17.4248758784004,27.2101589849277
2052-09-22 12:00:00,2052,9,22,NA,14.949677987178,24.7656982736864
2052-09-23 12:00:00,2052,9,23,NA,13.3206726982405,22.1598712622405
2052-09-24 12:00:00,2052,9,24,NA,12.2466797093633,24.6403539704266
2052-09-25 12:00:00,2052,9,25,NA,14.5007361097429,25.1983783301296
2052-09-26 12:00:00,2052,9,26,NA,18.8170208199835,29.8672715662795
2052-09-27 12:00:00,2052,9,27,NA,14.9800535191968,25.9685059873318
2052-09-28 12:00:00,2052,9,28,NA,18.1116687575882,24.0012563497365
2052-09-29 12:00:00,2052,9,29,NA,13.8662919700394,19.1724618939586
2052-09-30 12:00:00,2052,9,30,NA,11.7834705274804,22.6115138040574
2052-10-01 12:00:00,2052,10,1,NA,12.435187240449,25.7624539609424
2052-10-02 12:00:00,2052,10,2,NA,13.2016810740376,22.1933297182624
2052-10-03 12:00:00,2052,10,3,NA,10.5351778865715,18.0667203479072
2052-10-04 12:00:00,2052,10,4,NA,11.3255144134713,15.8112149447551
2052-10-05 12:00:00,2052,10,5,NA,9.14351706545722,16.9046512436591
2052-10-06 12:00:00,2052,10,6,NA,11.1388491606969,16.4548297729174
2052-10-07 12:00:00,2052,10,7,NA,7.70532686291897,9.87138810286959
2052-10-08 12:00:00,2052,10,8,NA,3.07205761645223,10.657189058108
2052-10-09 12:00:00,2052,10,9,NA,5.3185755504769,11.7107019447086
2052-10-10 12:00:00,2052,10,10,NA,9.60065558885911,16.4611662708267
2052-10-11 12:00:00,2052,10,11,NA,8.34389415731256,11.4969082318653
2052-10-12 12:00:00,2052,10,12,NA,5.18089597660562,16.1547282844767
2052-10-13 12:00:00,2052,10,13,NA,6.55708597018875,16.2464568259265
2052-10-14 12:00:00,2052,10,14,NA,12.8700869910063,16.0926128930871
2052-10-15 12:00:00,2052,10,15,NA,10.8075920329411,16.1273965439478
2052-10-16 12:00:00,2052,10,16,NA,10.3780322557227,19.9661160836795
2052-10-17 12:00:00,2052,10,17,NA,13.093644704878,21.4774416833278
2052-10-18 12:00:00,2052,10,18,NA,10.2873936930522,23.1036497314713
2052-10-19 12:00:00,2052,10,19,NA,8.09842810407864,21.8859225177755
2052-10-20 12:00:00,2052,10,20,NA,10.0684120648255,19.0662596409624
2052-10-21 12:00:00,2052,10,21,NA,13.112103464442,19.9526864870104
2052-10-22 12:00:00,2052,10,22,NA,15.9661616621873,22.0367019685355
2052-10-23 12:00:00,2052,10,23,NA,11.2143517838586,15.9374777381004
2052-10-24 12:00:00,2052,10,24,NA,4.22707051369893,13.8151543416557
2052-10-25 12:00:00,2052,10,25,NA,7.23648508361331,14.8292453498401
2052-10-26 12:00:00,2052,10,26,NA,3.16563237762628,16.4182184907337
2052-10-27 12:00:00,2052,10,27,NA,4.38550232193109,16.5321100264634
2052-10-28 12:00:00,2052,10,28,NA,3.61252462585499,16.5745706898
2052-10-29 12:00:00,2052,10,29,NA,6.26328472394036,15.9305984371173
2052-10-30 12:00:00,2052,10,30,NA,11.5981259463913,19.9471798955329
2052-10-31 12:00:00,2052,10,31,NA,15.0247143775631,23.2781149849088
2052-11-01 12:00:00,2052,11,1,NA,14.2847987513641,19.6738821091212
2052-11-02 12:00:00,2052,11,2,NA,11.2477763997562,15.9539154874087
2052-11-03 12:00:00,2052,11,3,NA,9.84887900052066,14.5033558393612
2052-11-04 12:00:00,2052,11,4,NA,10.8741078742405,13.819324571593
2052-11-05 12:00:00,2052,11,5,NA,8.87916384967427,11.9418613428712
2052-11-06 12:00:00,2052,11,6,NA,13.642770994749,15.3158504758425
2052-11-07 12:00:00,2052,11,7,NA,11.1324496981808,14.8547591700484
2052-11-08 12:00:00,2052,11,8,NA,10.187120066991,17.8001623458749
2052-11-09 12:00:00,2052,11,9,NA,10.3932410795811,17.037453566826
2052-11-10 12:00:00,2052,11,10,NA,8.77514035807084,13.9005411801964
2052-11-11 12:00:00,2052,11,11,NA,11.9066497760717,15.6530682971271
2052-11-12 12:00:00,2052,11,12,NA,11.2688129213247,15.4684134727683
2052-11-13 12:00:00,2052,11,13,NA,9.63591560899179,16.9314909178171
2052-11-14 12:00:00,2052,11,14,NA,6.73586977738825,11.578181364763
2052-11-15 12:00:00,2052,11,15,NA,6.86635994008045,9.30417882490188
2052-11-16 12:00:00,2052,11,16,NA,6.95822021534687,7.88430939111379
2052-11-17 12:00:00,2052,11,17,NA,4.42385871516682,8.38128306372815
2052-11-18 12:00:00,2052,11,18,NA,6.52892261565658,13.1114751033196
2052-11-19 12:00:00,2052,11,19,NA,6.95496802217329,12.5776209098531
2052-11-20 12:00:00,2052,11,20,NA,5.87334015689587,11.5885709558345
2052-11-21 12:00:00,2052,11,21,NA,6.8846943854083,14.4161628069074
2052-11-22 12:00:00,2052,11,22,NA,4.50299526780561,11.0700732404996
2052-11-23 12:00:00,2052,11,23,NA,4.67247578121175,11.7814846512508
2052-11-24 12:00:00,2052,11,24,NA,6.13879653771525,18.4530813310424
2052-11-25 12:00:00,2052,11,25,NA,7.49901644409332,16.8818033997412
2052-11-26 12:00:00,2052,11,26,NA,9.38284154725105,11.0559210283445
2052-11-27 12:00:00,2052,11,27,NA,6.97956540770305,10.7350800572951
2052-11-28 12:00:00,2052,11,28,NA,3.77433502452328,11.3222784034114
2052-11-29 12:00:00,2052,11,29,NA,5.32078280632,15.4999035225705
2052-11-30 12:00:00,2052,11,30,NA,6.11079445020643,13.0865539283662
2052-12-01 12:00:00,2052,12,1,NA,1.60100932716736,8.36233095322331
2052-12-02 12:00:00,2052,12,2,NA,6.20830348649206,10.8823462262794
2052-12-03 12:00:00,2052,12,3,NA,3.13909230478825,8.454274657692
2052-12-04 12:00:00,2052,12,4,NA,5.91986774464617,12.8417324050691
2052-12-05 12:00:00,2052,12,5,NA,7.16178021227936,15.3737907532819
2052-12-06 12:00:00,2052,12,6,NA,0.208140754542904,0.776405257735807
2052-12-07 12:00:00,2052,12,7,NA,0.422329696644442,1.39449902528241
2052-12-08 12:00:00,2052,12,8,NA,-0.409562962448365,1.54400312874591
2052-12-09 12:00:00,2052,12,9,NA,-3.79645438642571,-0.756944325551074
2052-12-10 12:00:00,2052,12,10,NA,-5.2882962438978,0.996086997916653
2052-12-11 12:00:00,2052,12,11,NA,0.65561709708689,5.49781993614006
2052-12-12 12:00:00,2052,12,12,NA,2.0659611326893,7.65628719579658
2052-12-13 12:00:00,2052,12,13,NA,0.381395111052166,9.32493327846791
2052-12-14 12:00:00,2052,12,14,NA,1.65802463989559,10.6865559325474
2052-12-15 12:00:00,2052,12,15,NA,5.52653457007327,10.5322290569727
2052-12-16 12:00:00,2052,12,16,NA,3.18413606430148,6.90432010807839
2052-12-17 12:00:00,2052,12,17,NA,4.92432331121698,8.99877983228465
2052-12-18 12:00:00,2052,12,18,NA,4.45406350419296,7.28883386978662
2052-12-19 12:00:00,2052,12,19,NA,4.52647934876935,7.57941351279806
2052-12-20 12:00:00,2052,12,20,NA,0.303125958265033,4.1629560851378
2052-12-21 12:00:00,2052,12,21,NA,-2.42436030197437,1.72866165575685
2052-12-22 12:00:00,2052,12,22,NA,-1.48370117134923,3.81830151150333
2052-12-23 12:00:00,2052,12,23,NA,3.4875777754781,8.41040888751994
2052-12-24 12:00:00,2052,12,24,NA,4.49804827910914,11.3028593253104
2052-12-25 12:00:00,2052,12,25,NA,5.13047252506825,8.17608349109137
2052-12-26 12:00:00,2052,12,26,NA,1.03038945144523,4.83209574610334
2052-12-27 12:00:00,2052,12,27,NA,2.16633861228398,5.03706439964033
2052-12-28 12:00:00,2052,12,28,NA,0.736184866588256,3.836905582051
2052-12-29 12:00:00,2052,12,29,NA,-2.43345480272108,0.932898354369446
2052-12-30 12:00:00,2052,12,30,NA,-2.93438458748891,1.13837090524325
2052-12-31 12:00:00,2052,12,31,NA,-1.78379292353746,1.27237324922446
2053-01-01 12:00:00,2053,1,1,NA,2.2590632618875,6.32820121789941
2053-01-02 12:00:00,2053,1,2,NA,-1.57619237357542,5.44125067310966
2053-01-03 12:00:00,2053,1,3,NA,1.16026306577832,6.23470811371006
2053-01-04 12:00:00,2053,1,4,NA,3.15209974166272,6.76339991978208
2053-01-05 12:00:00,2053,1,5,NA,1.90442480280187,6.07205717500308
2053-01-06 12:00:00,2053,1,6,NA,0.602737052611346,7.8147133388724
2053-01-07 12:00:00,2053,1,7,NA,-1.78547838666602,4.7908631704247
2053-01-08 12:00:00,2053,1,8,NA,-2.05327308322903,7.48525964749918
2053-01-09 12:00:00,2053,1,9,NA,-0.86848791798963,9.19818562286598
2053-01-10 12:00:00,2053,1,10,NA,-3.25716549525672,0.479246415492465
2053-01-11 12:00:00,2053,1,11,NA,-2.20879417931376,0.701874834763089
2053-01-12 12:00:00,2053,1,12,NA,-14.1721573439654,-6.84389697622825
2053-01-13 12:00:00,2053,1,13,NA,-6.62629421062901,-3.96126738921678
2053-01-14 12:00:00,2053,1,14,NA,-7.82141739379862,-3.6406143244967
2053-01-15 12:00:00,2053,1,15,NA,-17.0723204536661,-4.49804312624342
2053-01-16 12:00:00,2053,1,16,NA,-16.7273430107672,-6.01519023804046
2053-01-17 12:00:00,2053,1,17,NA,-12.2703455270399,-4.34311750741138
2053-01-18 12:00:00,2053,1,18,NA,-0.291919220074956,1.93392728410957
2053-01-19 12:00:00,2053,1,19,NA,6.23111262034393,9.84241279846329
2053-01-20 12:00:00,2053,1,20,NA,3.37476973816101,7.72874269556833
2053-01-21 12:00:00,2053,1,21,NA,3.51801498374337,7.82605441182166
2053-01-22 12:00:00,2053,1,22,NA,4.13723643002672,9.87230939240392
2053-01-23 12:00:00,2053,1,23,NA,6.38010461837237,10.7340775757797
2053-01-24 12:00:00,2053,1,24,NA,5.27896818702227,10.7563563450484
2053-01-25 12:00:00,2053,1,25,NA,6.74684090057722,13.1502221841997
2053-01-26 12:00:00,2053,1,26,NA,7.99367626264439,11.5743988052034
2053-01-27 12:00:00,2053,1,27,NA,8.07988388477367,10.1477649463788
2053-01-28 12:00:00,2053,1,28,NA,5.88462823446826,7.79653434095546
2053-01-29 12:00:00,2053,1,29,NA,6.25772905433749,9.96475706378145
2053-01-30 12:00:00,2053,1,30,NA,5.51288808832199,8.77798579182492
2053-01-31 12:00:00,2053,1,31,NA,2.57302296243629,9.85939797011941
2053-02-01 12:00:00,2053,2,1,NA,6.85400888374748,14.1336660608727
2053-02-02 12:00:00,2053,2,2,NA,3.55113955829923,11.5709742902806
2053-02-03 12:00:00,2053,2,3,NA,5.89082560365414,9.99958844532831
2053-02-04 12:00:00,2053,2,4,NA,10.5366971353973,15.8228484490654
2053-02-05 12:00:00,2053,2,5,NA,9.50269520517266,17.293672985038
2053-02-06 12:00:00,2053,2,6,NA,8.94521220820789,16.131681738066
2053-02-07 12:00:00,2053,2,7,NA,9.34545315556583,16.3899666290609
2053-02-08 12:00:00,2053,2,8,NA,7.55411037928269,12.4270316482551
2053-02-09 12:00:00,2053,2,9,NA,4.95063088352105,10.9023096101893
2053-02-10 12:00:00,2053,2,10,NA,3.67869487797313,7.04666223647661
2053-02-11 12:00:00,2053,2,11,NA,6.14633654766109,9.39873752172743
2053-02-12 12:00:00,2053,2,12,NA,6.93570696436633,11.4635323209239
2053-02-13 12:00:00,2053,2,13,NA,4.9960539301741,8.3226446262945
2053-02-14 12:00:00,2053,2,14,NA,5.85482117643789,8.48034097339845
2053-02-15 12:00:00,2053,2,15,NA,1.41054176601369,7.05034443082987
2053-02-16 12:00:00,2053,2,16,NA,5.02709791376236,10.3305064424305
2053-02-17 12:00:00,2053,2,17,NA,3.53864523961788,10.818878919346
2053-02-18 12:00:00,2053,2,18,NA,5.41096033911016,16.9025162205126
2053-02-19 12:00:00,2053,2,19,NA,5.52599609828218,17.0480449110955
2053-02-20 12:00:00,2053,2,20,NA,7.16772165767452,15.1629716404493
2053-02-21 12:00:00,2053,2,21,NA,10.2390181928957,15.115037179289
2053-02-22 12:00:00,2053,2,22,NA,6.21938521576701,18.4620892021229
2053-02-23 12:00:00,2053,2,23,NA,7.33539402034052,18.8846358945107
2053-02-24 12:00:00,2053,2,24,NA,6.70836484796621,17.3122372396082
2053-02-25 12:00:00,2053,2,25,NA,11.0206281545113,15.5876272174951
2053-02-26 12:00:00,2053,2,26,NA,12.775402506567,17.6298280695252
2053-02-27 12:00:00,2053,2,27,NA,8.53015685841859,10.4998639476708
2053-02-28 12:00:00,2053,2,28,NA,3.75625920881102,6.81463465565088
2053-03-01 12:00:00,2053,3,1,NA,2.17184546135618,8.90064514425143
2053-03-02 12:00:00,2053,3,2,NA,0.552454310549854,7.90095321852272
2053-03-03 12:00:00,2053,3,3,NA,3.060484983923,11.5403802787041
2053-03-04 12:00:00,2053,3,4,NA,6.04911197318005,10.2799510603445
2053-03-05 12:00:00,2053,3,5,NA,6.24397682443324,9.87730616623329
2053-03-06 12:00:00,2053,3,6,NA,2.75596693194416,9.39520042217929
2053-03-07 12:00:00,2053,3,7,NA,7.57705436268223,11.8078934498466
2053-03-08 12:00:00,2053,3,8,NA,4.6018682461318,13.7147008876907
2053-03-09 12:00:00,2053,3,9,NA,-0.40209248789226,11.3289683697435
2053-03-10 12:00:00,2053,3,10,NA,2.3452384478765,14.5776437594829
2053-03-11 12:00:00,2053,3,11,NA,4.01547340270388,22.3463209923803
2053-03-12 12:00:00,2053,3,12,NA,7.33512981194793,16.4012879893822
2053-03-13 12:00:00,2053,3,13,NA,6.73048521065696,26.4558114178621
2053-03-14 12:00:00,2053,3,14,NA,10.3895940098561,22.2360592400434
2053-03-15 12:00:00,2053,3,15,NA,11.6745487031232,18.970055540283
2053-03-16 12:00:00,2053,3,16,NA,9.85678611264207,17.9762024757705
2053-03-17 12:00:00,2053,3,17,NA,8.63299027671557,15.6288587679188
2053-03-18 12:00:00,2053,3,18,NA,11.9550381819385,17.615904021908
2053-03-19 12:00:00,2053,3,19,NA,8.60609761294488,12.4541662207427
2053-03-20 12:00:00,2053,3,20,NA,9.78216632251412,13.4154956643142
2053-03-21 12:00:00,2053,3,21,NA,10.1744215214665,15.291532059654
2053-03-22 12:00:00,2053,3,22,NA,7.89508816372878,17.9763052328279
2053-03-23 12:00:00,2053,3,23,NA,6.38197890723937,11.8561105692918
2053-03-24 12:00:00,2053,3,24,NA,1.80981430589703,9.92923066902546
2053-03-25 12:00:00,2053,3,25,NA,3.21028059469188,8.11751035511902
2053-03-26 12:00:00,2053,3,26,NA,1.25864672892447,9.03082029616381
2053-03-27 12:00:00,2053,3,27,NA,4.21231814306441,7.91252886605366
2053-03-28 12:00:00,2053,3,28,NA,2.02766612432874,7.91665269523591
2053-03-29 12:00:00,2053,3,29,NA,1.70559159067939,17.0948225459105
2053-03-30 12:00:00,2053,3,30,NA,3.99006297160416,11.8090837331704
2053-03-31 12:00:00,2053,3,31,NA,1.81823500969889,11.9735360968656
2053-04-01 12:00:00,2053,4,1,NA,-1.44004661285397,9.58168398156103
2053-04-02 12:00:00,2053,4,2,NA,0.687940984609142,7.94221192685209
2053-04-03 12:00:00,2053,4,3,NA,0.261638916488785,18.0194568716463
2053-04-04 12:00:00,2053,4,4,NA,3.52124890249579,15.1532106397016
2053-04-05 12:00:00,2053,4,5,NA,0.23810909873141,12.9106481184439
2053-04-06 12:00:00,2053,4,6,NA,4.41498956997048,8.06141879113893
2053-04-07 12:00:00,2053,4,7,NA,3.50016548009571,10.8069599488715
2053-04-08 12:00:00,2053,4,8,NA,6.48187162060276,12.54780452323
2053-04-09 12:00:00,2053,4,9,NA,9.70105955303115,14.9605594493705
2053-04-10 12:00:00,2053,4,10,NA,7.67000333581497,15.8352169841979
2053-04-11 12:00:00,2053,4,11,NA,6.37212691804236,15.2335631472069
2053-04-12 12:00:00,2053,4,12,NA,5.15672226466345,15.7358977485857
2053-04-13 12:00:00,2053,4,13,NA,12.5185214800992,19.9101832663278
2053-04-14 12:00:00,2053,4,14,NA,9.58051728856681,15.888747368263
2053-04-15 12:00:00,2053,4,15,NA,8.98772693870244,17.4245198049319
2053-04-16 12:00:00,2053,4,16,NA,12.3314525307323,16.9188808955218
2053-04-17 12:00:00,2053,4,17,NA,8.40089451079988,15.3625659838726
2053-04-18 12:00:00,2053,4,18,NA,8.11161461350474,15.1754281060322
2053-04-19 12:00:00,2053,4,19,NA,6.27106016267478,18.7275292724383
2053-04-20 12:00:00,2053,4,20,NA,3.59880171060911,17.3851235018501
2053-04-21 12:00:00,2053,4,21,NA,7.1119403710822,13.0064537370813
2053-04-22 12:00:00,2053,4,22,NA,5.62601778714557,14.7886427155851
2053-04-23 12:00:00,2053,4,23,NA,9.56973559614541,18.7323605245849
2053-04-24 12:00:00,2053,4,24,NA,5.38217831913673,15.7211971350011
2053-04-25 12:00:00,2053,4,25,NA,5.3432635720513,16.5037889555444
2053-04-26 12:00:00,2053,4,26,NA,9.50456516491063,12.6809874397524
2053-04-27 12:00:00,2053,4,27,NA,5.06421497696894,17.7109229323816
2053-04-28 12:00:00,2053,4,28,NA,10.1307497119022,16.0252630779013
2053-04-29 12:00:00,2053,4,29,NA,4.43116645688453,21.4393135918765
2053-04-30 12:00:00,2053,4,30,NA,10.9109156274875,20.1980150669805
2053-05-01 12:00:00,2053,5,1,NA,13.5809826532027,20.7366647357357
2053-05-02 12:00:00,2053,5,2,NA,13.211576795397,21.8357228247752
2053-05-03 12:00:00,2053,5,3,NA,14.5693979596152,27.4162133320876
2053-05-04 12:00:00,2053,5,4,NA,12.1289591127105,23.121970753495
2053-05-05 12:00:00,2053,5,5,NA,9.46503606783982,20.1255458883168
2053-05-06 12:00:00,2053,5,6,NA,7.70999581490936,27.1740393208183
2053-05-07 12:00:00,2053,5,7,NA,13.9463898168142,27.59183685193
2053-05-08 12:00:00,2053,5,8,NA,12.7085627832625,28.3941754440405
2053-05-09 12:00:00,2053,5,9,NA,12.5649080652121,23.218779263747
2053-05-10 12:00:00,2053,5,10,NA,7.73061873414796,23.9659694200435
2053-05-11 12:00:00,2053,5,11,NA,5.14190328683844,19.575512928518
2053-05-12 12:00:00,2053,5,12,NA,6.84684839217744,21.3772439173209
2053-05-13 12:00:00,2053,5,13,NA,4.40771655236261,22.0288276559873
2053-05-14 12:00:00,2053,5,14,NA,9.81590899524234,19.7867793824022
2053-05-15 12:00:00,2053,5,15,NA,11.7073747514474,23.3414023939767
2053-05-16 12:00:00,2053,5,16,NA,10.7592424858334,20.4600188556504
2053-05-17 12:00:00,2053,5,17,NA,16.0283190211718,21.826897264757
2053-05-18 12:00:00,2053,5,18,NA,9.84872983533529,23.6637172558632
2053-05-19 12:00:00,2053,5,19,NA,11.7667238934933,13.7216567641908
2053-05-20 12:00:00,2053,5,20,NA,9.22353229494658,15.4458655860284
2053-05-21 12:00:00,2053,5,21,NA,9.03708859582758,18.8505860907449
2053-05-22 12:00:00,2053,5,22,NA,4.53889583418289,11.6012355846297
2053-05-23 12:00:00,2053,5,23,NA,3.27386272241004,16.9193097575258
2053-05-24 12:00:00,2053,5,24,NA,4.6723923831683,19.1995161150195
2053-05-25 12:00:00,2053,5,25,NA,12.6207366530837,21.4961816707919
2053-05-26 12:00:00,2053,5,26,NA,16.0311469151234,23.0727466961896
2053-05-27 12:00:00,2053,5,27,NA,16.0082522900942,25.7090286599112
2053-05-28 12:00:00,2053,5,28,NA,9.20897863758017,23.8514431629045
2053-05-29 12:00:00,2053,5,29,NA,5.17698313388831,20.9110258589173
2053-05-30 12:00:00,2053,5,30,NA,11.5268340358263,17.7773436535441
2053-05-31 12:00:00,2053,5,31,NA,9.67647535602597,19.8234295273782
2053-06-01 12:00:00,2053,6,1,NA,15.3570050175535,24.2820389204027
2053-06-02 12:00:00,2053,6,2,NA,17.6553717489815,28.3092429475165
2053-06-03 12:00:00,2053,6,3,NA,17.1925175817618,25.4568035150319
2053-06-04 12:00:00,2053,6,4,NA,18.3434022595303,24.4057728352232
2053-06-05 12:00:00,2053,6,5,NA,11.5874274423993,25.3112730695254
2053-06-06 12:00:00,2053,6,6,NA,15.3902629073496,29.8811586383473
2053-06-07 12:00:00,2053,6,7,NA,15.9839798761853,25.7608715567814
2053-06-08 12:00:00,2053,6,8,NA,19.744891864268,29.2702897830519
2053-06-09 12:00:00,2053,6,9,NA,16.6148826528897,18.6673629694781
2053-06-10 12:00:00,2053,6,10,NA,12.5637821564095,19.7896324760296
2053-06-11 12:00:00,2053,6,11,NA,17.7916397214526,23.9807574728531
2053-06-12 12:00:00,2053,6,12,NA,11.8106570629229,21.9841990572309
2053-06-13 12:00:00,2053,6,13,NA,13.6793044745697,23.9684782527776
2053-06-14 12:00:00,2053,6,14,NA,17.3596520748275,25.5860730483888
2053-06-15 12:00:00,2053,6,15,NA,13.9065946843918,19.3607001332743
2053-06-16 12:00:00,2053,6,16,NA,14.7044348127421,19.3148999359322
2053-06-17 12:00:00,2053,6,17,NA,14.7082245555848,18.0304094428997
2053-06-18 12:00:00,2053,6,18,NA,11.7267616052118,18.7247367513226
2053-06-19 12:00:00,2053,6,19,NA,17.1242795852259,26.326222444487
2053-06-20 12:00:00,2053,6,20,NA,14.4445177352646,20.4461606099996
2053-06-21 12:00:00,2053,6,21,NA,9.94911680843032,26.229264333362
2053-06-22 12:00:00,2053,6,22,NA,9.1735346088136,18.3754774680747
2053-06-23 12:00:00,2053,6,23,NA,10.7843818438483,17.9972646817913
2053-06-24 12:00:00,2053,6,24,NA,7.63611312026111,23.4525010214833
2053-06-25 12:00:00,2053,6,25,NA,12.8045070712369,23.0486224491946
2053-06-26 12:00:00,2053,6,26,NA,11.3230527716288,25.7379087924591
2053-06-27 12:00:00,2053,6,27,NA,16.109496402414,26.2582595464156
2053-06-28 12:00:00,2053,6,28,NA,17.0359423571651,23.601154241763
2053-06-29 12:00:00,2053,6,29,NA,14.8271442598431,20.8895148355361
2053-06-30 12:00:00,2053,6,30,NA,13.44824654021,22.6648579833871
2053-07-01 12:00:00,2053,7,1,NA,12.3543769039728,21.5277683686336
2053-07-02 12:00:00,2053,7,2,NA,10.349508146691,19.6350260909568
2053-07-03 12:00:00,2053,7,3,NA,11.2152204291638,22.0093609020697
2053-07-04 12:00:00,2053,7,4,NA,8.77522969963002,23.8925715716641
2053-07-05 12:00:00,2053,7,5,NA,13.3723535674472,26.0546969099368
2053-07-06 12:00:00,2053,7,6,NA,10.0790432299514,24.6334610645904
2053-07-07 12:00:00,2053,7,7,NA,14.8088376163717,19.992646773718
2053-07-08 12:00:00,2053,7,8,NA,11.1672594625731,26.3858653534792
2053-07-09 12:00:00,2053,7,9,NA,12.2319880656454,24.9920195107313
2053-07-10 12:00:00,2053,7,10,NA,15.0227895934462,26.3388507780408
2053-07-11 12:00:00,2053,7,11,NA,17.9769133750254,25.5017689144737
2053-07-12 12:00:00,2053,7,12,NA,17.2997801522567,23.9161102429799
2053-07-13 12:00:00,2053,7,13,NA,15.1013573049087,24.4230140190415
2053-07-14 12:00:00,2053,7,14,NA,10.489014645406,23.6115082585971
2053-07-15 12:00:00,2053,7,15,NA,13.8066998970649,23.1490343389233
2053-07-16 12:00:00,2053,7,16,NA,16.2995980690572,27.9705377946137
2053-07-17 12:00:00,2053,7,17,NA,18.1314275087352,35.327516799153
2053-07-18 12:00:00,2053,7,18,NA,19.1791380845212,33.5192849251651
2053-07-19 12:00:00,2053,7,19,NA,21.9062198986037,37.5790190542122
2053-07-20 12:00:00,2053,7,20,NA,16.9991530532157,37.2727269116228
2053-07-21 12:00:00,2053,7,21,NA,19.9585947060215,35.7815734749603
2053-07-22 12:00:00,2053,7,22,NA,23.1320288027201,34.1065550646782
2053-07-23 12:00:00,2053,7,23,NA,22.7005008768609,35.1444083805737
2053-07-24 12:00:00,2053,7,24,NA,20.580531855797,39.4787478678956
2053-07-25 12:00:00,2053,7,25,NA,20.9493974604587,34.3865624724843
2053-07-26 12:00:00,2053,7,26,NA,18.6683620382569,36.1038304375171
2053-07-27 12:00:00,2053,7,27,NA,24.1685339551644,34.015566612786
2053-07-28 12:00:00,2053,7,28,NA,20.7029968693101,29.1942367267061
2053-07-29 12:00:00,2053,7,29,NA,17.8707741153681,28.490883962307
2053-07-30 12:00:00,2053,7,30,NA,18.114029198145,29.3206534118337
2053-07-31 12:00:00,2053,7,31,NA,21.5165439939565,28.9193333728705
2053-08-01 12:00:00,2053,8,1,NA,17.8506369954864,28.9738659930324
2053-08-02 12:00:00,2053,8,2,NA,14.8173189204064,28.9954036904994
2053-08-03 12:00:00,2053,8,3,NA,17.4250110234439,22.9006187899446
2053-08-04 12:00:00,2053,8,4,NA,13.6013056920935,23.4195760011305
2053-08-05 12:00:00,2053,8,5,NA,12.1024054900292,23.1639696253239
2053-08-06 12:00:00,2053,8,6,NA,10.0429866885248,22.8986565107813
2053-08-07 12:00:00,2053,8,7,NA,9.58913769742565,22.1606554065007
2053-08-08 12:00:00,2053,8,8,NA,12.2333732531948,19.6070996709414
2053-08-09 12:00:00,2053,8,9,NA,13.0384929523842,21.6513823053008
2053-08-10 12:00:00,2053,8,10,NA,11.4615915884605,24.9180240704643
2053-08-11 12:00:00,2053,8,11,NA,15.6154383130678,21.6518019717024
2053-08-12 12:00:00,2053,8,12,NA,16.4962309310282,21.9280831762701
2053-08-13 12:00:00,2053,8,13,NA,14.5454943347868,22.0764272741429
2053-08-14 12:00:00,2053,8,14,NA,12.211870464697,18.1510005664908
2053-08-15 12:00:00,2053,8,15,NA,6.84716715003171,21.7659460717109
2053-08-16 12:00:00,2053,8,16,NA,7.38812498519269,17.2910034471604
2053-08-17 12:00:00,2053,8,17,NA,5.61625373902185,18.6452582314783
2053-08-18 12:00:00,2053,8,18,NA,5.76864592674338,21.5333608537273
2053-08-19 12:00:00,2053,8,19,NA,6.63066472817227,23.0081040190841
2053-08-20 12:00:00,2053,8,20,NA,8.34923893967822,20.2035578949391
2053-08-21 12:00:00,2053,8,21,NA,11.8764917037676,21.8478175966266
2053-08-22 12:00:00,2053,8,22,NA,11.0543178400834,17.6781394673985
2053-08-23 12:00:00,2053,8,23,NA,12.2860058381638,22.5872431873374
2053-08-24 12:00:00,2053,8,24,NA,13.2299286152641,24.0070472123337
2053-08-25 12:00:00,2053,8,25,NA,13.5256021806261,27.2618740237298
2053-08-26 12:00:00,2053,8,26,NA,13.0015055495148,23.2401568337424
2053-08-27 12:00:00,2053,8,27,NA,11.4890823881709,25.0716321780632
2053-08-28 12:00:00,2053,8,28,NA,10.2491976208646,25.9216302517431
2053-08-29 12:00:00,2053,8,29,NA,13.8200120830091,21.478624899014
2053-08-30 12:00:00,2053,8,30,NA,14.0235880362138,22.2783459450122
2053-08-31 12:00:00,2053,8,31,NA,12.5686977240871,21.7231657293406
2053-09-01 12:00:00,2053,9,1,NA,14.5084249768738,21.7267794653832
2053-09-02 12:00:00,2053,9,2,NA,14.3408585530628,22.5835393739147
2053-09-03 12:00:00,2053,9,3,NA,10.7285795226318,19.086061790905
2053-09-04 12:00:00,2053,9,4,NA,13.8347652078225,17.7367480614665
2053-09-05 12:00:00,2053,9,5,NA,13.6795910864204,16.3479464708108
2053-09-06 12:00:00,2053,9,6,NA,7.46483139051505,18.2955068929046
2053-09-07 12:00:00,2053,9,7,NA,7.88445318608858,18.7151286884781
2053-09-08 12:00:00,2053,9,8,NA,8.06535246814368,19.6061536778421
2053-09-09 12:00:00,2053,9,9,NA,9.14102641141401,18.4334515929938
2053-09-10 12:00:00,2053,9,10,NA,9.722569057806,15.3781425198788
2053-09-11 12:00:00,2053,9,11,NA,8.5937605089448,16.0182884268193
2053-09-12 12:00:00,2053,9,12,NA,11.0331373950489,13.7363975058717
2053-09-13 12:00:00,2053,9,13,NA,5.4851274617665,17.4200238796082
2053-09-14 12:00:00,2053,9,14,NA,6.85105741846352,18.8540231864113
2053-09-15 12:00:00,2053,9,15,NA,6.95154957497425,20.3881107403358
2053-09-16 12:00:00,2053,9,16,NA,6.68190200699931,21.7814894100518
2053-09-17 12:00:00,2053,9,17,NA,12.8356448687466,22.1361806120097
2053-09-18 12:00:00,2053,9,18,NA,15.8558128111491,20.3440924228468
2053-09-19 12:00:00,2053,9,19,NA,13.4142365991558,21.641268713468
2053-09-20 12:00:00,2053,9,20,NA,9.91031498512876,24.9313654089558
2053-09-21 12:00:00,2053,9,21,NA,10.3265295405215,27.6195405006402
2053-09-22 12:00:00,2053,9,22,NA,15.1965147594332,24.7681880940202
2053-09-23 12:00:00,2053,9,23,NA,10.7369447019817,24.7643995604951
2053-09-24 12:00:00,2053,9,24,NA,9.94908721971775,22.7287183510751
2053-09-25 12:00:00,2053,9,25,NA,9.64899728102235,22.7359936429129
2053-09-26 12:00:00,2053,9,26,NA,10.1973145278809,20.6437708173745
2053-09-27 12:00:00,2053,9,27,NA,13.2247025503743,19.0086323546408
2053-09-28 12:00:00,2053,9,28,NA,12.5123066286145,16.8359484541917
2053-09-29 12:00:00,2053,9,29,NA,9.74980170854902,19.4894037111257
2053-09-30 12:00:00,2053,9,30,NA,10.6902842410245,20.273911861479
2053-10-01 12:00:00,2053,10,1,NA,8.54330491428471,24.4626746336955
2053-10-02 12:00:00,2053,10,2,NA,8.51212060773933,22.0734319734855
2053-10-03 12:00:00,2053,10,3,NA,13.7590923826676,24.4468807977717
2053-10-04 12:00:00,2053,10,4,NA,19.1800627528672,26.0206457754356
2053-10-05 12:00:00,2053,10,5,NA,17.9749859422506,24.3544065625146
2053-10-06 12:00:00,2053,10,6,NA,19.4332082026413,29.7742207435455
2053-10-07 12:00:00,2053,10,7,NA,18.0826080370747,32.5896777307775
2053-10-08 12:00:00,2053,10,8,NA,17.5871352683636,29.763392583103
2053-10-09 12:00:00,2053,10,9,NA,9.98616990526052,26.1846783604977
2053-10-10 12:00:00,2053,10,10,NA,9.74762489923283,22.5167565738353
2053-10-11 12:00:00,2053,10,11,NA,10.2622156952178,23.4283670112134
2053-10-12 12:00:00,2053,10,12,NA,12.7627931139869,24.2617886903972
2053-10-13 12:00:00,2053,10,13,NA,15.7990026551845,22.7225799403726
2053-10-14 12:00:00,2053,10,14,NA,14.394936729796,22.7951003451638
2053-10-15 12:00:00,2053,10,15,NA,15.4969233339705,21.8522378141894
2053-10-16 12:00:00,2053,10,16,NA,19.2994021482071,22.7100320418857
2053-10-17 12:00:00,2053,10,17,NA,13.9991166248345,25.8870703298024
2053-10-18 12:00:00,2053,10,18,NA,12.5053852740376,21.5984586392405
2053-10-19 12:00:00,2053,10,19,NA,11.3215596371087,19.9428565239723
2053-10-20 12:00:00,2053,10,20,NA,7.91764161711649,24.9406666494181
2053-10-21 12:00:00,2053,10,21,NA,12.029852296514,22.5460674014734
2053-10-22 12:00:00,2053,10,22,NA,13.8602143981548,20.362551474439
2053-10-23 12:00:00,2053,10,23,NA,7.93806440869904,22.9971946317115
2053-10-24 12:00:00,2053,10,24,NA,6.82172682872495,24.3340404981907
2053-10-25 12:00:00,2053,10,25,NA,7.54729095221,20.4138660544
2053-10-26 12:00:00,2053,10,26,NA,11.2820415382376,25.3684779191084
2053-10-27 12:00:00,2053,10,27,NA,2.58599885664663,19.2529181864626
2053-10-28 12:00:00,2053,10,28,NA,10.7001182131568,19.1323467785989
2053-10-29 12:00:00,2053,10,29,NA,7.82224876574581,21.726593217254
2053-10-30 12:00:00,2053,10,30,NA,8.10979340803666,13.44973676605
2053-10-31 12:00:00,2053,10,31,NA,10.4577430275509,15.84773042986
2053-11-01 12:00:00,2053,11,1,NA,8.73962349155125,13.90013900843
2053-11-02 12:00:00,2053,11,2,NA,9.64579488964439,15.8553191318337
2053-11-03 12:00:00,2053,11,3,NA,10.90206264885,14.1806721492275
2053-11-04 12:00:00,2053,11,4,NA,9.15908475033085,13.8254816283874
2053-11-05 12:00:00,2053,11,5,NA,7.37848973733493,8.90367434873313
2053-11-06 12:00:00,2053,11,6,NA,6.39070903223863,10.406763011515
2053-11-07 12:00:00,2053,11,7,NA,5.18935092071225,14.088633525533
2053-11-08 12:00:00,2053,11,8,NA,2.96268285440893,12.276808801444
2053-11-09 12:00:00,2053,11,9,NA,8.29857099573738,12.055115327526
2053-11-10 12:00:00,2053,11,10,NA,12.9171921552329,16.9148630661304
2053-11-11 12:00:00,2053,11,11,NA,7.11299550115846,9.90815447011468
2053-11-12 12:00:00,2053,11,12,NA,2.30904241544025,5.83675029398174
2053-11-13 12:00:00,2053,11,13,NA,2.22061921640278,8.91187947190434
2053-11-14 12:00:00,2053,11,14,NA,5.5243203598077,9.27983500939975
2053-11-15 12:00:00,2053,11,15,NA,6.00660837436333,8.83826637907703
2053-11-16 12:00:00,2053,11,16,NA,7.69783049483124,9.55977094712572
2053-11-17 12:00:00,2053,11,17,NA,7.60380298497282,13.3203555062704
2053-11-18 12:00:00,2053,11,18,NA,11.6312039191862,16.5948702091381
2053-11-19 12:00:00,2053,11,19,NA,9.96653451627115,18.3293607095655
2053-11-20 12:00:00,2053,11,20,NA,10.1058045922495,12.9032713336254
2053-11-21 12:00:00,2053,11,21,NA,9.48943188013233,11.9272507649538
2053-11-22 12:00:00,2053,11,22,NA,4.85503559674304,9.85656392761115
2053-11-23 12:00:00,2053,11,23,NA,1.1243156388955,7.24474500580678
2053-11-24 12:00:00,2053,11,24,NA,5.77364749712704,10.4281243359675
2053-11-25 12:00:00,2053,11,25,NA,5.95147119560959,10.9529995264777
2053-11-26 12:00:00,2053,11,26,NA,5.76642713934267,12.4562138499472
2053-11-27 12:00:00,2053,11,27,NA,3.09850125355012,8.14139362695213
2053-11-28 12:00:00,2053,11,28,NA,0.916922781697462,5.68709357211293
2053-11-29 12:00:00,2053,11,29,NA,-8.29596568999635,-1.4973759211313
2053-11-30 12:00:00,2053,11,30,NA,-5.01765319054977,4.2664415487056
2053-12-01 12:00:00,2053,12,1,NA,-3.23519060273682,2.56894182142557
2053-12-02 12:00:00,2053,12,2,NA,-2.34411899954513,5.187349421954
2053-12-03 12:00:00,2053,12,3,NA,-12.1086256996604,-6.0296630429849
2053-12-04 12:00:00,2053,12,4,NA,-15.0899509965688,-8.86970863225347
2053-12-05 12:00:00,2053,12,5,NA,-8.00369738259184,-2.47479924456969
2053-12-06 12:00:00,2053,12,6,NA,-9.3107938694135,-1.34235145715689
2053-12-07 12:00:00,2053,12,7,NA,-0.426771583554907,4.3967311883507
2053-12-08 12:00:00,2053,12,8,NA,-5.2245930419518,0.881733384795242
2053-12-09 12:00:00,2053,12,9,NA,-2.92631801240812,4.19124336159246
2053-12-10 12:00:00,2053,12,10,NA,-3.26515304543421,7.2115000893626
2053-12-11 12:00:00,2053,12,11,NA,0.673728609909073,12.1361280337482
2053-12-12 12:00:00,2053,12,12,NA,4.42038990515316,9.50932082533518
2053-12-13 12:00:00,2053,12,13,NA,-1.52978500322403,11.7052156889768
2053-12-14 12:00:00,2053,12,14,NA,6.21636876899326,14.0242082321189
2053-12-15 12:00:00,2053,12,15,NA,5.37334802045567,11.4834936668405
2053-12-16 12:00:00,2053,12,16,NA,5.74563312903103,14.300452482722
2053-12-17 12:00:00,2053,12,17,NA,6.17958404975902,13.2961438311567
2053-12-18 12:00:00,2053,12,18,NA,3.80757784522463,10.6602739650211
2053-12-19 12:00:00,2053,12,19,NA,1.62908535976362,9.7703030576477
2053-12-20 12:00:00,2053,12,20,NA,7.63928149628884,16.796488668556
2053-12-21 12:00:00,2053,12,21,NA,8.82079427749136,12.994904281408
2053-12-22 12:00:00,2053,12,22,NA,3.68057159029789,7.50493315604213
2053-12-23 12:00:00,2053,12,23,NA,3.43073417111423,6.18016347576164
2053-12-24 12:00:00,2053,12,24,NA,3.86008047582661,6.07764820545601
2053-12-25 12:00:00,2053,12,25,NA,5.42646517902457,8.36714363432936
2053-12-26 12:00:00,2053,12,26,NA,0.698048334122239,9.7402957281977
2053-12-27 12:00:00,2053,12,27,NA,-1.43292453433034,8.26689637979693
2053-12-28 12:00:00,2053,12,28,NA,4.9849048654648,8.16011075822028
2053-12-29 12:00:00,2053,12,29,NA,2.0459180970126,5.06671173973695
2053-12-30 12:00:00,2053,12,30,NA,8.32576088725856,12.3664438671913
2053-12-31 12:00:00,2053,12,31,NA,6.73836000894937,12.9586023732647
2054-01-01 12:00:00,2054,1,1,NA,9.42937300441258,15.0626262685715
2054-01-02 12:00:00,2054,1,2,NA,9.97225640100226,13.7966179667465
2054-01-03 12:00:00,2054,1,3,NA,8.73339470112948,14.1204731014617
2054-01-04 12:00:00,2054,1,4,NA,7.78415961483228,17.5339296855363
2054-01-05 12:00:00,2054,1,5,NA,5.22826576112569,13.2634690560139
2054-01-06 12:00:00,2054,1,6,NA,5.2437622638041,13.2350309063475
2054-01-07 12:00:00,2054,1,7,NA,6.39147556910309,9.37808387591608
2054-01-08 12:00:00,2054,1,8,NA,5.0524787057361,8.18352908870214
2054-01-09 12:00:00,2054,1,9,NA,3.89064075005463,11.8796271165276
2054-01-10 12:00:00,2054,1,10,NA,4.26044873869154,8.0874999274534
2054-01-11 12:00:00,2054,1,11,NA,2.58009480691214,8.35876796329298
2054-01-12 12:00:00,2054,1,12,NA,3.05554968737262,10.2592066818702
2054-01-13 12:00:00,2054,1,13,NA,2.73763145774301,5.82200451335189
2054-01-14 12:00:00,2054,1,14,NA,1.20922745938351,8.4825718885792
2054-01-15 12:00:00,2054,1,15,NA,4.63341764752171,12.9568173049369
2054-01-16 12:00:00,2054,1,16,NA,7.60939680267369,11.963369760081
2054-01-17 12:00:00,2054,1,17,NA,7.53584538036998,9.32655787181514
2054-01-18 12:00:00,2054,1,18,NA,5.11645891237628,7.7304028631654
2054-01-19 12:00:00,2054,1,19,NA,0.880628826730891,6.10570535991555
2054-01-20 12:00:00,2054,1,20,NA,1.7043144543602,9.76370541614094
2054-01-21 12:00:00,2054,1,21,NA,-3.41012250820392,6.22920009673738
2054-01-22 12:00:00,2054,1,22,NA,-1.40812536653916,4.86101789843903
2054-01-23 12:00:00,2054,1,23,NA,2.82723744763827,5.75805864892538
2054-01-24 12:00:00,2054,1,24,NA,4.60375464735159,6.82960115153612
2054-01-25 12:00:00,2054,1,25,NA,0.781746683959245,8.47502217332616
2054-01-26 12:00:00,2054,1,26,NA,6.89935305182552,12.6780262082064
2054-01-27 12:00:00,2054,1,27,NA,6.22196209994638,11.3626133312105
2054-01-28 12:00:00,2054,1,28,NA,4.35401789046391,6.89518030826736
2054-01-29 12:00:00,2054,1,29,NA,3.63597048352365,7.96937965082573
2054-01-30 12:00:00,2054,1,30,NA,8.84705599881435,11.5578133630507
2054-01-31 12:00:00,2054,1,31,NA,6.24782175427653,14.6163014972851
2054-02-01 12:00:00,2054,2,1,NA,4.26356442585069,11.5499394335338
2054-02-02 12:00:00,2054,2,2,NA,2.12767313481007,4.20553342817951
2054-02-03 12:00:00,2054,2,3,NA,3.59384466333575,7.82688072375917
2054-02-04 12:00:00,2054,2,4,NA,4.11912581640478,8.22788865807894
2054-02-05 12:00:00,2054,2,5,NA,1.23254460290875,12.2283033028465
2054-02-06 12:00:00,2054,2,6,NA,7.95336121076033,13.7380848981142
2054-02-07 12:00:00,2054,2,7,NA,6.40311788727392,8.94255101236446
2054-02-08 12:00:00,2054,2,8,NA,4.19089580652273,9.67403963249296
2054-02-09 12:00:00,2054,2,9,NA,3.10739401562309,5.53419223555784
2054-02-10 12:00:00,2054,2,10,NA,3.2626450461453,7.33035862014161
2054-02-11 12:00:00,2054,2,11,NA,5.48979078531301,8.07345936423824
2054-02-12 12:00:00,2054,2,12,NA,0.57031764848879,4.66862078561933
2054-02-13 12:00:00,2054,2,13,NA,1.45981645883291,7.26728359751587
2054-02-14 12:00:00,2054,2,14,NA,7.29270794686827,11.351193757698
2054-02-15 12:00:00,2054,2,15,NA,11.1645608763947,16.1075827820329
2054-02-16 12:00:00,2054,2,16,NA,10.3528978491343,17.9823368493649
2054-02-17 12:00:00,2054,2,17,NA,8.70487350956132,19.1123336469036
2054-02-18 12:00:00,2054,2,18,NA,8.09125259827386,18.1415646942282
2054-02-19 12:00:00,2054,2,19,NA,8.08758611710341,16.571429683089
2054-02-20 12:00:00,2054,2,20,NA,8.21705308582484,12.616737747411
2054-02-21 12:00:00,2054,2,21,NA,11.4945981501683,16.0019118794994
2054-02-22 12:00:00,2054,2,22,NA,11.4952345494884,16.4530991351292
2054-02-23 12:00:00,2054,2,23,NA,9.9231924993428,13.8129083834397
2054-02-24 12:00:00,2054,2,24,NA,11.9188887680539,15.1924837289501
2054-02-25 12:00:00,2054,2,25,NA,10.3463200795478,17.2594466400174
2054-02-26 12:00:00,2054,2,26,NA,11.2358380178393,19.7691132118709
2054-02-27 12:00:00,2054,2,27,NA,10.9354164105941,20.6591145035352
2054-02-28 12:00:00,2054,2,28,NA,7.69611756764933,15.8335283147845
2054-03-01 12:00:00,2054,3,1,NA,10.0320344000331,16.1312996570699
2054-03-02 12:00:00,2054,3,2,NA,6.66779846057734,13.2750785777034
2054-03-03 12:00:00,2054,3,3,NA,6.82953769557518,16.837116102775
2054-03-04 12:00:00,2054,3,4,NA,8.91639545954587,14.7297976167891
2054-03-05 12:00:00,2054,3,5,NA,8.46712744413737,15.6057115136986
2054-03-06 12:00:00,2054,3,6,NA,4.32492427036818,14.6523180276706
2054-03-07 12:00:00,2054,3,7,NA,6.72476309978156,20.7878728107917
2054-03-08 12:00:00,2054,3,8,NA,8.78113162978224,14.6141624259794
2054-03-09 12:00:00,2054,3,9,NA,5.96165614011771,14.0729566769016
2054-03-10 12:00:00,2054,3,10,NA,5.84335809866107,11.8094653973537
2054-03-11 12:00:00,2054,3,11,NA,9.73668820594688,14.8514295577095
2054-03-12 12:00:00,2054,3,12,NA,7.66968518457838,14.8082692541396
2054-03-13 12:00:00,2054,3,13,NA,8.5391404571494,15.2798770725391
2054-03-14 12:00:00,2054,3,14,NA,4.62983316128349,12.8685506214218
2054-03-15 12:00:00,2054,3,15,NA,3.6895686673061,11.0705724051107
2054-03-16 12:00:00,2054,3,16,NA,5.73676924596541,7.74823195141844
2054-03-17 12:00:00,2054,3,17,NA,4.42093649665329,10.3480404714881
2054-03-18 12:00:00,2054,3,18,NA,3.92839519916301,9.92975109805448
2054-03-19 12:00:00,2054,3,19,NA,4.36287593974585,6.89265087292716
2054-03-20 12:00:00,2054,3,20,NA,4.46704468671188,7.29221428076934
2054-03-21 12:00:00,2054,3,21,NA,1.3360150332336,8.85274196801413
2054-03-22 12:00:00,2054,3,22,NA,-0.419665848543286,9.97940787473051
2054-03-23 12:00:00,2054,3,23,NA,-2.65723817372233,13.1097626011205
2054-03-24 12:00:00,2054,3,24,NA,-0.513606845211829,11.8290190018325
2054-03-25 12:00:00,2054,3,25,NA,1.91571005251303,10.4396842967352
2054-03-26 12:00:00,2054,3,26,NA,3.38399195338925,8.49873330515187
2054-03-27 12:00:00,2054,3,27,NA,4.02931032827302,7.98634105503204
2054-03-28 12:00:00,2054,3,28,NA,-0.795696623178168,9.43927157386267
2054-03-29 12:00:00,2054,3,29,NA,-0.34712840216349,10.7517854869119
2054-03-30 12:00:00,2054,3,30,NA,5.20323664259439,11.1519264071409
2054-03-31 12:00:00,2054,3,31,NA,8.56925415081124,11.9976856834569
2054-04-01 12:00:00,2054,4,1,NA,6.65063089922922,11.5005218994171
2054-04-02 12:00:00,2054,4,2,NA,8.44380778492235,10.833218558168
2054-04-03 12:00:00,2054,4,3,NA,8.09484076919171,16.9647965497529
2054-04-04 12:00:00,2054,4,4,NA,8.05614072832546,16.5062127040061
2054-04-05 12:00:00,2054,4,5,NA,4.00860507192135,17.2155103268342
2054-04-06 12:00:00,2054,4,6,NA,7.6056376573526,16.4755934379138
2054-04-07 12:00:00,2054,4,7,NA,7.18751179569875,15.496002550516
2054-04-08 12:00:00,2054,4,8,NA,2.37782298696702,16.0267012507842
2054-04-09 12:00:00,2054,4,9,NA,6.36893686745203,13.5603439890041
2054-04-10 12:00:00,2054,4,10,NA,2.73532794571342,13.2967401923546
2054-04-11 12:00:00,2054,4,11,NA,2.89070424673636,14.2466326138955
2054-04-12 12:00:00,2054,4,12,NA,-0.203144498976956,15.1001568813981
2054-04-13 12:00:00,2054,4,13,NA,8.0908410703921,16.4868205306364
2054-04-14 12:00:00,2054,4,14,NA,11.5105577793944,17.3605898345872
2054-04-15 12:00:00,2054,4,15,NA,8.42836699583192,16.5109930807214
2054-04-16 12:00:00,2054,4,16,NA,8.89175985548561,14.6424320658728
2054-04-17 12:00:00,2054,4,17,NA,9.36163468438333,17.8668170416149
2054-04-18 12:00:00,2054,4,18,NA,6.37570070547492,18.7448046836086
2054-04-19 12:00:00,2054,4,19,NA,2.64424123320333,20.8449052455469
2054-04-20 12:00:00,2054,4,20,NA,5.7940482130468,21.8505576958305
2054-04-21 12:00:00,2054,4,21,NA,6.05136685644688,22.0046815506077
2054-04-22 12:00:00,2054,4,22,NA,10.2710159222346,18.7761982794661
2054-04-23 12:00:00,2054,4,23,NA,5.55448645887503,18.9236566726323
2054-04-24 12:00:00,2054,4,24,NA,9.10691625638948,17.1413813483677
2054-04-25 12:00:00,2054,4,25,NA,7.73090589993495,13.8207377540278
2054-04-26 12:00:00,2054,4,26,NA,8.09333429780735,14.8679643593144
2054-04-27 12:00:00,2054,4,27,NA,10.1260717584675,18.5158756275978
2054-04-28 12:00:00,2054,4,28,NA,11.9508000621017,17.87691658053
2054-04-29 12:00:00,2054,4,29,NA,7.17613792008863,20.2860908465795
2054-04-30 12:00:00,2054,4,30,NA,10.9161816299988,26.6348832638456
2054-05-01 12:00:00,2054,5,1,NA,12.4789339594032,21.0522204689366
2054-05-02 12:00:00,2054,5,2,NA,9.25410879642246,23.5109810916075
2054-05-03 12:00:00,2054,5,3,NA,10.3512039655776,18.3163316644873
2054-05-04 12:00:00,2054,5,4,NA,8.46176177563139,13.6470720446962
2054-05-05 12:00:00,2054,5,5,NA,6.6695323081925,15.5663416935193
2054-05-06 12:00:00,2054,5,6,NA,6.88352001870399,20.4694786106025
2054-05-07 12:00:00,2054,5,7,NA,5.18481220784915,17.0480856780202
2054-05-08 12:00:00,2054,5,8,NA,5.90769444610797,17.1879912466314
2054-05-09 12:00:00,2054,5,9,NA,11.470272797779,18.1025682251702
2054-05-10 12:00:00,2054,5,10,NA,10.3479748076069,28.3950907794097
2054-05-11 12:00:00,2054,5,11,NA,13.0297121156233,28.7796942979803
2054-05-12 12:00:00,2054,5,12,NA,15.0458303182873,25.9238999698405
2054-05-13 12:00:00,2054,5,13,NA,10.6760525906081,26.1831892636515
2054-05-14 12:00:00,2054,5,14,NA,8.40549821192917,23.7612211957773
2054-05-15 12:00:00,2054,5,15,NA,6.85874709868809,23.4553756456373
2054-05-16 12:00:00,2054,5,16,NA,5.87433933605745,18.5302462125727
2054-05-17 12:00:00,2054,5,17,NA,3.99198935672077,20.5680375821174
2054-05-18 12:00:00,2054,5,18,NA,0.646136536996952,18.0220926530546
2054-05-19 12:00:00,2054,5,19,NA,6.99714866791091,15.8080512850792
2054-05-20 12:00:00,2054,5,20,NA,7.79293084132819,13.6787799283129
2054-05-21 12:00:00,2054,5,21,NA,4.37457600494076,16.9856566555966
2054-05-22 12:00:00,2054,5,22,NA,11.4870683465454,17.2997731904836
2054-05-23 12:00:00,2054,5,23,NA,11.805935855919,17.7486303940799
2054-05-24 12:00:00,2054,5,24,NA,5.86412940775074,21.5817844325667
2054-05-25 12:00:00,2054,5,25,NA,4.01917445456261,21.4629173772712
2054-05-26 12:00:00,2054,5,26,NA,6.78072210000249,24.7644860263339
2054-05-27 12:00:00,2054,5,27,NA,11.3832613062467,30.4886542022749
2054-05-28 12:00:00,2054,5,28,NA,12.1906717802778,30.6063690804141
2054-05-29 12:00:00,2054,5,29,NA,12.2213525790404,28.0830690186736
2054-05-30 12:00:00,2054,5,30,NA,11.3395158519763,23.9704542581558
2054-05-31 12:00:00,2054,5,31,NA,10.071089972627,22.6821706232829
2054-06-01 12:00:00,2054,6,1,NA,9.94700718533159,23.5101943103746
2054-06-02 12:00:00,2054,6,2,NA,13.2665227416226,20.3541220300605
2054-06-03 12:00:00,2054,6,3,NA,13.0873130643147,19.5106342047595
2054-06-04 12:00:00,2054,6,4,NA,12.1307037175197,21.4097048543315
2054-06-05 12:00:00,2054,6,5,NA,10.5127911969868,26.9191615785704
2054-06-06 12:00:00,2054,6,6,NA,16.9954461740332,28.1519769851725
2054-06-07 12:00:00,2054,6,7,NA,14.8900480061746,26.2354331486158
2054-06-08 12:00:00,2054,6,8,NA,12.6758958437614,28.1742974848786
2054-06-09 12:00:00,2054,6,9,NA,15.5866303031914,28.8289824166131
2054-06-10 12:00:00,2054,6,10,NA,16.4934646806097,22.8025150048981
2054-06-11 12:00:00,2054,6,11,NA,11.807780493442,21.98132248775
2054-06-12 12:00:00,2054,6,12,NA,7.31251706467862,21.7707153206347
2054-06-13 12:00:00,2054,6,13,NA,9.23173699708012,19.4549709128865
2054-06-14 12:00:00,2054,6,14,NA,9.96552084124698,20.2456958555566
2054-06-15 12:00:00,2054,6,15,NA,11.3294288321226,19.069781997731
2054-06-16 12:00:00,2054,6,16,NA,13.0246290924374,18.3798295505115
2054-06-17 12:00:00,2054,6,17,NA,14.1278323326345,19.293620793932
2054-06-18 12:00:00,2054,6,18,NA,11.9165197236503,18.0859299252168
2054-06-19 12:00:00,2054,6,19,NA,8.93582521115743,19.1513001586037
2054-06-20 12:00:00,2054,6,20,NA,2.75552475159534,21.4662840278223
2054-06-21 12:00:00,2054,6,21,NA,4.55859103271139,24.1086225877424
2054-06-22 12:00:00,2054,6,22,NA,7.44272625141692,24.9616229862603
2054-06-23 12:00:00,2054,6,23,NA,12.4836644644642,23.847408385121
2054-06-24 12:00:00,2054,6,24,NA,16.6217103598253,28.6851919277625
2054-06-25 12:00:00,2054,6,25,NA,15.5108435344566,29.9298687529969
2054-06-26 12:00:00,2054,6,26,NA,11.1739500853455,27.8755286386849
2054-06-27 12:00:00,2054,6,27,NA,15.2257410664853,25.555497835097
2054-06-28 12:00:00,2054,6,28,NA,11.883005607298,26.012340661308
2054-06-29 12:00:00,2054,6,29,NA,14.091922438279,24.3073973857252
2054-06-30 12:00:00,2054,6,30,NA,13.460993069348,20.8545573399478
2054-07-01 12:00:00,2054,7,1,NA,14.6618876736584,27.2631627129559
2054-07-02 12:00:00,2054,7,2,NA,12.0184719307885,28.5175783923936
2054-07-03 12:00:00,2054,7,3,NA,16.9161477650331,26.0771209967579
2054-07-04 12:00:00,2054,7,4,NA,16.7094180984097,24.2500336439999
2054-07-05 12:00:00,2054,7,5,NA,13.5086618983849,27.3812583553498
2054-07-06 12:00:00,2054,7,6,NA,13.0126209515642,28.0767586490106
2054-07-07 12:00:00,2054,7,7,NA,17.177941194571,27.6666606092301
2054-07-08 12:00:00,2054,7,8,NA,16.469208255334,27.4437429378082
2054-07-09 12:00:00,2054,7,9,NA,15.4058419568499,33.2325228080307
2054-07-10 12:00:00,2054,7,10,NA,10.6669808058227,29.9234383076308
2054-07-11 12:00:00,2054,7,11,NA,11.0695739331401,31.3894111276362
2054-07-12 12:00:00,2054,7,12,NA,15.0500045189985,33.0519756244827
2054-07-13 12:00:00,2054,7,13,NA,15.7726702104622,30.4710653860873
2054-07-14 12:00:00,2054,7,14,NA,20.2958241475721,27.1385411886691
2054-07-15 12:00:00,2054,7,15,NA,17.1338258369375,28.741686138324
2054-07-16 12:00:00,2054,7,16,NA,21.1008188860435,26.1197377496791
2054-07-17 12:00:00,2054,7,17,NA,15.3818368972734,25.1182124132471
2054-07-18 12:00:00,2054,7,18,NA,17.2166515615797,22.1720037117555
2054-07-19 12:00:00,2054,7,19,NA,12.9815115450073,25.3442095600655
2054-07-20 12:00:00,2054,7,20,NA,16.3593087249509,23.9360658613363
2054-07-21 12:00:00,2054,7,21,NA,10.0646182817805,24.4047651224244
2054-07-22 12:00:00,2054,7,22,NA,13.5856884628677,24.3309227994143
2054-07-23 12:00:00,2054,7,23,NA,15.736013228485,22.4974004265987
2054-07-24 12:00:00,2054,7,24,NA,12.3481328857501,24.3824189525983
2054-07-25 12:00:00,2054,7,25,NA,14.5492483486649,25.4775468204031
2054-07-26 12:00:00,2054,7,26,NA,10.3319635017727,28.427760438711
2054-07-27 12:00:00,2054,7,27,NA,13.0287598490594,24.1131800186091
2054-07-28 12:00:00,2054,7,28,NA,12.48041837129,27.5359710162075
2054-07-29 12:00:00,2054,7,29,NA,11.1215235730275,28.5667393315394
2054-07-30 12:00:00,2054,7,30,NA,9.33467464968203,26.5263932061757
2054-07-31 12:00:00,2054,7,31,NA,9.97715024118865,27.0436183327069
2054-08-01 12:00:00,2054,8,1,NA,18.567973052129,24.3027150966455
2054-08-02 12:00:00,2054,8,2,NA,15.2863387901061,21.867045183515
2054-08-03 12:00:00,2054,8,3,NA,15.3173566748562,21.6803318684724
2054-08-04 12:00:00,2054,8,4,NA,19.4592025235738,22.1511340319741
2054-08-05 12:00:00,2054,8,5,NA,16.2785326766999,22.6051243303307
2054-08-06 12:00:00,2054,8,6,NA,18.5027349504618,24.8004998069799
2054-08-07 12:00:00,2054,8,7,NA,17.6854930650715,26.062584638001
2054-08-08 12:00:00,2054,8,8,NA,14.7046003619801,25.0522417960909
2054-08-09 12:00:00,2054,8,9,NA,12.7519838189918,21.0952686688812
2054-08-10 12:00:00,2054,8,10,NA,8.17914819443352,24.3612700064571
2054-08-11 12:00:00,2054,8,11,NA,9.48101242948239,19.6492199655639
2054-08-12 12:00:00,2054,8,12,NA,12.1967420726003,19.1933395291076
2054-08-13 12:00:00,2054,8,13,NA,10.0411560805908,22.8552374462975
2054-08-14 12:00:00,2054,8,14,NA,13.3140790638935,17.9280032083397
2054-08-15 12:00:00,2054,8,15,NA,15.3706047433167,18.062536251717
2054-08-16 12:00:00,2054,8,16,NA,15.4353794658267,18.1583215923216
2054-08-17 12:00:00,2054,8,17,NA,14.0597501328445,18.6503071936388
2054-08-18 12:00:00,2054,8,18,NA,10.9885932128075,23.0236834396443
2054-08-19 12:00:00,2054,8,19,NA,14.9648831889378,21.2572133619235
2054-08-20 12:00:00,2054,8,20,NA,19.022840866236,21.7457829927309
2054-08-21 12:00:00,2054,8,21,NA,17.3815653557125,25.4529625360424
2054-08-22 12:00:00,2054,8,22,NA,16.8134860331928,25.0443902045402
2054-08-23 12:00:00,2054,8,23,NA,14.5855778155756,27.6399819360605
2054-08-24 12:00:00,2054,8,24,NA,13.6015084292394,30.3910980101496
2054-08-25 12:00:00,2054,8,25,NA,13.5869127997747,29.7704043258112
2054-08-26 12:00:00,2054,8,26,NA,16.0246514891805,32.9994770881424
2054-08-27 12:00:00,2054,8,27,NA,18.1221828995785,33.8051239761954
2054-08-28 12:00:00,2054,8,28,NA,18.9409744056672,35.7964584313657
2054-08-29 12:00:00,2054,8,29,NA,14.4390105675524,30.1114431984309
2054-08-30 12:00:00,2054,8,30,NA,14.8474943907585,26.8825846175954
2054-08-31 12:00:00,2054,8,31,NA,14.0978641187064,24.8574817702541
2054-09-01 12:00:00,2054,9,1,NA,13.5828804564903,21.9088473895189
2054-09-02 12:00:00,2054,9,2,NA,12.671092809546,19.5128450632376
2054-09-03 12:00:00,2054,9,3,NA,8.64876053488588,20.3724672640036
2054-09-04 12:00:00,2054,9,4,NA,11.9606968980278,21.9645100423354
2054-09-05 12:00:00,2054,9,5,NA,9.35321625222198,22.4402126141125
2054-09-06 12:00:00,2054,9,6,NA,13.3239072239687,15.9922626083591
2054-09-07 12:00:00,2054,9,7,NA,11.316968303757,18.9225294910195
2054-09-08 12:00:00,2054,9,8,NA,14.2448337991844,17.8365928675812
2054-09-09 12:00:00,2054,9,9,NA,13.6466118333171,20.549216752245
2054-09-10 12:00:00,2054,9,10,NA,12.6470942180021,23.0585337769491
2054-09-11 12:00:00,2054,9,11,NA,11.047106619384,23.0519401257274
2054-09-12 12:00:00,2054,9,12,NA,15.292043391943,22.8976045792055
2054-09-13 12:00:00,2054,9,13,NA,10.6026321738208,27.5812173405416
2054-09-14 12:00:00,2054,9,14,NA,12.4038293310641,25.7278957965625
2054-09-15 12:00:00,2054,9,15,NA,15.1343044934938,28.5599356695679
2054-09-16 12:00:00,2054,9,16,NA,15.1666257242899,29.0115170245691
2054-09-17 12:00:00,2054,9,17,NA,14.008483587632,23.771616449821
2054-09-18 12:00:00,2054,9,18,NA,16.118484106844,23.8477785847447
2054-09-19 12:00:00,2054,9,19,NA,16.4304545624701,20.4787904357854
2054-09-20 12:00:00,2054,9,20,NA,16.891740657545,21.3564803211631
2054-09-21 12:00:00,2054,9,21,NA,14.0866011708368,17.618555977923
2054-09-22 12:00:00,2054,9,22,NA,10.6203021570005,19.7295928190383
2054-09-23 12:00:00,2054,9,23,NA,9.43904068219823,19.8854969716919
2054-09-24 12:00:00,2054,9,24,NA,10.9368223538926,21.0966969377608
2054-09-25 12:00:00,2054,9,25,NA,11.8663113221111,21.3326809115983
2054-09-26 12:00:00,2054,9,26,NA,11.3330277041257,21.2933408721735
2054-09-27 12:00:00,2054,9,27,NA,12.7261317929683,22.5855333592426
2054-09-28 12:00:00,2054,9,28,NA,14.8288098487893,18.4924484330265
2054-09-29 12:00:00,2054,9,29,NA,11.9153380299491,21.6639490144257
2054-09-30 12:00:00,2054,9,30,NA,11.5417211403389,26.9060576876635
2054-10-01 12:00:00,2054,10,1,NA,16.5596559902205,24.2532032919612
2054-10-02 12:00:00,2054,10,2,NA,15.9768791432339,24.8350648810003
2054-10-03 12:00:00,2054,10,3,NA,17.1897896553231,22.5797770576322
2054-10-04 12:00:00,2054,10,4,NA,17.3527186703565,28.3756698088451
2054-10-05 12:00:00,2054,10,5,NA,11.3929892656385,17.6343403695129
2054-10-06 12:00:00,2054,10,6,NA,14.9188603359515,22.0758599568041
2054-10-07 12:00:00,2054,10,7,NA,11.7225803398071,17.0960660310551
2054-10-08 12:00:00,2054,10,8,NA,11.6056017273282,14.8630894202722
2054-10-09 12:00:00,2054,10,9,NA,12.7889719285433,17.8366613326464
2054-10-10 12:00:00,2054,10,10,NA,13.5375409002622,20.8424395856685
2054-10-11 12:00:00,2054,10,11,NA,13.1615415749702,20.9226757531721
2054-10-12 12:00:00,2054,10,12,NA,13.1831578313807,19.6638276688648
2054-10-13 12:00:00,2054,10,13,NA,12.9244827430251,15.343648777056
2054-10-14 12:00:00,2054,10,14,NA,9.98389635764021,12.1440839120113
2054-10-15 12:00:00,2054,10,15,NA,9.44838588104369,14.2856189741129
2054-10-16 12:00:00,2054,10,16,NA,4.94944234919814,14.9343215355183
2054-10-17 12:00:00,2054,10,17,NA,7.10417181542903,12.5169119489388
2054-10-18 12:00:00,2054,10,18,NA,10.629092879921,16.0418330134307
2054-10-19 12:00:00,2054,10,19,NA,7.40490394920373,19.3310296135219
2054-10-20 12:00:00,2054,10,20,NA,6.94142925675614,16.6820699140085
2054-10-21 12:00:00,2054,10,21,NA,8.09208549990213,17.5314165445069
2054-10-22 12:00:00,2054,10,22,NA,8.51377492503623,16.1849314483436
2054-10-23 12:00:00,2054,10,23,NA,8.34655655560086,16.9592849349118
2054-10-24 12:00:00,2054,10,24,NA,7.97202109574727,15.9596029267843
2054-10-25 12:00:00,2054,10,25,NA,7.60620060957598,16.8556228032697
2054-10-26 12:00:00,2054,10,26,NA,10.4033396004425,23.2699147026324
2054-10-27 12:00:00,2054,10,27,NA,12.9450437560424,25.3516081891695
2054-10-28 12:00:00,2054,10,28,NA,12.5136641475099,19.9662366125564
2054-10-29 12:00:00,2054,10,29,NA,10.699697343915,20.4403380011673
2054-10-30 12:00:00,2054,10,30,NA,11.6749729888597,17.884497231049
2054-10-31 12:00:00,2054,10,31,NA,6.52642912882763,15.8996391199169
2054-11-01 12:00:00,2054,11,1,NA,4.76003807924822,14.4884582906285
2054-11-02 12:00:00,2054,11,2,NA,3.91764635775018,13.0107197229531
2054-11-03 12:00:00,2054,11,3,NA,12.4862564136406,17.9584451906781
2054-11-04 12:00:00,2054,11,4,NA,11.1503920346504,16.7616918016311
2054-11-05 12:00:00,2054,11,5,NA,14.3396764674488,18.2310203190778
2054-11-06 12:00:00,2054,11,6,NA,11.9245802831407,14.7171470329251
2054-11-07 12:00:00,2054,11,7,NA,8.69971853080827,15.5834944577522
2054-11-08 12:00:00,2054,11,8,NA,6.56041356964489,14.8482092115082
2054-11-09 12:00:00,2054,11,9,NA,7.66758361818728,14.2527959477198
2054-11-10 12:00:00,2054,11,10,NA,6.72830257645382,12.1475079346744
2054-11-11 12:00:00,2054,11,11,NA,2.44312811969578,11.4225217366309
2054-11-12 12:00:00,2054,11,12,NA,7.28030707729135,11.9543498170787
2054-11-13 12:00:00,2054,11,13,NA,6.33999139784065,11.9450183190701
2054-11-14 12:00:00,2054,11,14,NA,6.07498291782738,10.430687441538
2054-11-15 12:00:00,2054,11,15,NA,3.87577420214038,11.6117591386474
2054-11-16 12:00:00,2054,11,16,NA,0.740620042759828,6.35685917949722
2054-11-17 12:00:00,2054,11,17,NA,-1.84960988366174,8.87751880156405
2054-11-18 12:00:00,2054,11,18,NA,1.91958552347525,5.92650345646754
2054-11-19 12:00:00,2054,11,19,NA,2.3785468884315,4.33171911996926
2054-11-20 12:00:00,2054,11,20,NA,1.8023762011069,3.7430638407128
2054-11-21 12:00:00,2054,11,21,NA,0.295915916825793,5.90520815957104
2054-11-22 12:00:00,2054,11,22,NA,3.24448753249961,5.12691831384718
2054-11-23 12:00:00,2054,11,23,NA,3.51820003196835,11.0310647522076
2054-11-24 12:00:00,2054,11,24,NA,1.15036214746711,13.1778879240762
2054-11-25 12:00:00,2054,11,25,NA,3.69927848703658,11.2910881228312
2054-11-26 12:00:00,2054,11,26,NA,9.05106528399171,12.780413785482
2054-11-27 12:00:00,2054,11,27,NA,7.01409861238398,11.760421864409
2054-11-28 12:00:00,2054,11,28,NA,5.02257075148224,10.633870518463
2054-11-29 12:00:00,2054,11,29,NA,2.82844662747002,10.5533585758642
2054-11-30 12:00:00,2054,11,30,NA,9.27168636623547,12.1034778608123
2054-12-01 12:00:00,2054,12,1,NA,7.79937640361054,12.9853864156404
2054-12-02 12:00:00,2054,12,2,NA,6.9881338662969,12.5994336332776
2054-12-03 12:00:00,2054,12,3,NA,7.47164082136275,16.4009954778699
2054-12-04 12:00:00,2054,12,4,NA,7.15307803866385,15.3814285801226
2054-12-05 12:00:00,2054,12,5,NA,6.96338974266786,11.805592581721
2054-12-06 12:00:00,2054,12,6,NA,10.3399390801065,21.8327538748427
2054-12-07 12:00:00,2054,12,7,NA,9.72615569663587,16.8598456829417
2054-12-08 12:00:00,2054,12,8,NA,9.0028797580205,13.2258807542499
2054-12-09 12:00:00,2054,12,9,NA,9.01471515724332,14.1035459623538
2054-12-10 12:00:00,2054,12,10,NA,7.58390756610503,14.6243195257563
2054-12-11 12:00:00,2054,12,11,NA,8.1520607316295,18.4568268726379
2054-12-12 12:00:00,2054,12,12,NA,9.60360255099308,12.6565367150218
2054-12-13 12:00:00,2054,12,13,NA,6.77464239821278,11.4622357715663
2054-12-14 12:00:00,2054,12,14,NA,6.37976092765827,12.3514581592299
2054-12-15 12:00:00,2054,12,15,NA,9.33416373038825,14.1763665694414
2054-12-16 12:00:00,2054,12,16,NA,8.19845495101474,12.2559132114573
2054-12-17 12:00:00,2054,12,17,NA,4.5201662830338,9.32986940215492
2054-12-18 12:00:00,2054,12,18,NA,5.3608611000491,8.48715672142147
2054-12-19 12:00:00,2054,12,19,NA,6.18245626927089,9.74826674277687
2054-12-20 12:00:00,2054,12,20,NA,3.50948909983411,8.26285821860247
2054-12-21 12:00:00,2054,12,21,NA,5.06058853077232,9.08225279167415
2054-12-22 12:00:00,2054,12,22,NA,3.59377632056036,6.72007194193273
2054-12-23 12:00:00,2054,12,23,NA,1.33622805661825,4.38621356590524
2054-12-24 12:00:00,2054,12,24,NA,-0.0680136781604959,6.77465346373179
2054-12-25 12:00:00,2054,12,25,NA,2.17252073480604,7.13334785531737
2054-12-26 12:00:00,2054,12,26,NA,-2.59833946153895,3.34475336657894
2054-12-27 12:00:00,2054,12,27,NA,-0.777441071343617,5.30152158533188
2054-12-28 12:00:00,2054,12,28,NA,-0.239015516477062,9.17597650546452
2054-12-29 12:00:00,2054,12,29,NA,-1.79902275867369,5.16815557263634
2054-12-30 12:00:00,2054,12,30,NA,-1.12350944215458,5.21285060422356
2054-12-31 12:00:00,2054,12,31,NA,-3.21163674798504,4.92958094989905
2055-01-01 12:00:00,2055,1,1,NA,-0.910320961883963,4.05050615862736
2055-01-02 12:00:00,2055,1,2,NA,1.10010021807087,6.9860331557254
2055-01-03 12:00:00,2055,1,3,NA,4.17056734284711,10.6319098802083
2055-01-04 12:00:00,2055,1,4,NA,6.21886634833407,7.22691634464605
2055-01-05 12:00:00,2055,1,5,NA,4.79922115170172,5.97567485932245
2055-01-06 12:00:00,2055,1,6,NA,3.94528942509052,5.46466234340354
2055-01-07 12:00:00,2055,1,7,NA,3.59071731252658,8.53311293393242
2055-01-08 12:00:00,2055,1,8,NA,4.71069082161775,10.1489315368047
2055-01-09 12:00:00,2055,1,9,NA,4.06440193776214,14.1994455510077
2055-01-10 12:00:00,2055,1,10,NA,7.54967075350201,12.3157295527305
2055-01-11 12:00:00,2055,1,11,NA,4.87083251839653,9.23776419903786
2055-01-12 12:00:00,2055,1,12,NA,4.64803216011717,7.79751754456409
2055-01-13 12:00:00,2055,1,13,NA,-1.333836835753,2.71870988552875
2055-01-14 12:00:00,2055,1,14,NA,0.964606871971887,7.53892257100782
2055-01-15 12:00:00,2055,1,15,NA,4.05984683250652,10.5918649379769
2055-01-16 12:00:00,2055,1,16,NA,4.55213675447118,10.9910907926125
2055-01-17 12:00:00,2055,1,17,NA,5.53431164095398,11.6084058560984
2055-01-18 12:00:00,2055,1,18,NA,5.38652668505084,9.48851794039476
2055-01-19 12:00:00,2055,1,19,NA,2.60806273539628,10.5716301725201
2055-01-20 12:00:00,2055,1,20,NA,5.79106950631588,10.5614702046103
2055-01-21 12:00:00,2055,1,21,NA,1.97079609199523,9.19737067263073
2055-01-22 12:00:00,2055,1,22,NA,0.562016908377397,9.20855873554087
2055-01-23 12:00:00,2055,1,23,NA,0.0217730233877198,5.82550854552481
2055-01-24 12:00:00,2055,1,24,NA,-0.343740901809363,6.9691718214724
2055-01-25 12:00:00,2055,1,25,NA,5.51759312753112,11.2720127583943
2055-01-26 12:00:00,2055,1,26,NA,5.00991667807974,11.4132979617022
2055-01-27 12:00:00,2055,1,27,NA,4.29180513984607,9.09491975821162
2055-01-28 12:00:00,2055,1,28,NA,6.50686927807816,13.3322858749151
2055-01-29 12:00:00,2055,1,29,NA,4.78695144941947,8.81530118179964
2055-01-30 12:00:00,2055,1,30,NA,6.56772707693568,11.0534196807555
2055-01-31 12:00:00,2055,1,31,NA,0.798892889892936,6.02334179547388
2055-02-01 12:00:00,2055,2,1,NA,5.84431747588432,8.97928933815114
2055-02-02 12:00:00,2055,2,2,NA,10.5927109112913,12.6639201252171
2055-02-03 12:00:00,2055,2,3,NA,8.48053554916733,11.0623959976924
2055-02-04 12:00:00,2055,2,4,NA,11.3228098845478,14.2824522679683
2055-02-05 12:00:00,2055,2,5,NA,8.9413596931371,11.5232201416622
2055-02-06 12:00:00,2055,2,6,NA,5.37620648921604,7.42113488459001
2055-02-07 12:00:00,2055,2,7,NA,2.17919411175061,12.5634414049102
2055-02-08 12:00:00,2055,2,8,NA,2.42109459627465,6.52985743794882
2055-02-09 12:00:00,2055,2,9,NA,0.93073922665457,8.5150530849818
2055-02-10 12:00:00,2055,2,10,NA,3.60679393063499,10.0570368348632
2055-02-11 12:00:00,2055,2,11,NA,5.94418222131736,10.13184337111
2055-02-12 12:00:00,2055,2,12,NA,3.43046334471045,8.67383899959852
2055-02-13 12:00:00,2055,2,13,NA,0.466850320565679,5.40470442079099
2055-02-14 12:00:00,2055,2,14,NA,-0.312404514506882,4.46917446854159
2055-02-15 12:00:00,2055,2,15,NA,2.76700579440598,7.52160951149213
2055-02-16 12:00:00,2055,2,16,NA,1.73824400853132,5.87904993991924
2055-02-17 12:00:00,2055,2,17,NA,2.11258136722522,8.8244447216045
2055-02-18 12:00:00,2055,2,18,NA,4.05566483517513,12.8246908901897
2055-02-19 12:00:00,2055,2,19,NA,4.20825178135847,11.659248756469
2055-02-20 12:00:00,2055,2,20,NA,3.9859893003242,12.5363423696217
2055-02-21 12:00:00,2055,2,21,NA,4.70279751472725,12.698047497502
2055-02-22 12:00:00,2055,2,22,NA,6.30329270266164,8.73513975663967
2055-02-23 12:00:00,2055,2,23,NA,3.73530116334475,8.84147211391815
2055-02-24 12:00:00,2055,2,24,NA,0.545108853428666,10.0900910765255
2055-02-25 12:00:00,2055,2,25,NA,9.40758182526475,18.9620790618777
2055-02-26 12:00:00,2055,2,26,NA,9.93740775144344,13.3516923098656
2055-02-27 12:00:00,2055,2,27,NA,9.72115690683285,17.1051620558482
2055-02-28 12:00:00,2055,2,28,NA,8.1629811352585,12.9926601241581
2055-03-01 12:00:00,2055,3,1,NA,8.35022777182998,15.8692479612219
2055-03-02 12:00:00,2055,3,2,NA,11.8849946576827,19.1703692738344
2055-03-03 12:00:00,2055,3,3,NA,9.33650859298885,18.5696188600575
2055-03-04 12:00:00,2055,3,4,NA,4.3527370476793,13.8144098840146
2055-03-05 12:00:00,2055,3,5,NA,4.05270293829127,12.8668321863795
2055-03-06 12:00:00,2055,3,6,NA,0.212857255074564,5.76737240002033
2055-03-07 12:00:00,2055,3,7,NA,3.29285995980991,9.46567568907268
2055-03-08 12:00:00,2055,3,8,NA,4.29466265407991,8.21669801331644
2055-03-09 12:00:00,2055,3,9,NA,3.82519992365285,6.41370286971382
2055-03-10 12:00:00,2055,3,10,NA,3.44292911140292,12.0209052785567
2055-03-11 12:00:00,2055,3,11,NA,4.1016455823445,11.5586872870509
2055-03-12 12:00:00,2055,3,12,NA,6.66011699158661,12.7445119633813
2055-03-13 12:00:00,2055,3,13,NA,5.88828729855698,12.1978401937745
2055-03-14 12:00:00,2055,3,14,NA,3.99424458644294,9.68106829789694
2055-03-15 12:00:00,2055,3,15,NA,5.81908781135337,10.3692397263675
2055-03-16 12:00:00,2055,3,16,NA,5.5267162047179,8.62072846684428
2055-03-17 12:00:00,2055,3,17,NA,9.21247747930603,13.1345128385426
2055-03-18 12:00:00,2055,3,18,NA,10.839266260589,17.0398021030376
2055-03-19 12:00:00,2055,3,19,NA,9.14128218036801,17.6122281354433
2055-03-20 12:00:00,2055,3,20,NA,9.89635065043039,16.0520826062883
2055-03-21 12:00:00,2055,3,21,NA,10.3344675947859,15.8889827397316
2055-03-22 12:00:00,2055,3,22,NA,8.11271819268831,16.2871035790718
2055-03-23 12:00:00,2055,3,23,NA,4.50572009866369,16.6982961355656
2055-03-24 12:00:00,2055,3,24,NA,11.9402185621343,21.4018913984696
2055-03-25 12:00:00,2055,3,25,NA,9.17206929854148,17.7350446466139
2055-03-26 12:00:00,2055,3,26,NA,7.51007301444833,15.3290937760146
2055-03-27 12:00:00,2055,3,27,NA,9.52910191237968,19.4371204865697
2055-03-28 12:00:00,2055,3,28,NA,9.29865814701512,16.6169785486341
2055-03-29 12:00:00,2055,3,29,NA,8.62349688831833,21.6255500818571
2055-03-30 12:00:00,2055,3,30,NA,11.4530941637411,16.5678355155037
2055-03-31 12:00:00,2055,3,31,NA,7.14871054579749,16.5006717993068
2055-04-01 12:00:00,2055,4,1,NA,8.24406274919541,18.9304051384803
2055-04-02 12:00:00,2055,4,2,NA,9.97726973399709,22.9850111250904
2055-04-03 12:00:00,2055,4,3,NA,9.10293796537874,25.7712906154046
2055-04-04 12:00:00,2055,4,4,NA,12.3228772699399,17.4166954999008
2055-04-05 12:00:00,2055,4,5,NA,6.35939101178196,12.5063558744785
2055-04-06 12:00:00,2055,4,6,NA,2.43308272181816,10.598296370201
2055-04-07 12:00:00,2055,4,7,NA,-0.0244141727302729,13.1459511434286
2055-04-08 12:00:00,2055,4,8,NA,-3.4734356899699,13.940677190611
2055-04-09 12:00:00,2055,4,9,NA,1.61104288938653,10.030503658643
2055-04-10 12:00:00,2055,4,10,NA,4.17059896412249,12.5504637741403
2055-04-11 12:00:00,2055,4,11,NA,2.23862558529426,10.2540406942319
2055-04-12 12:00:00,2055,4,12,NA,7.93789785665477,14.0277297107476
2055-04-13 12:00:00,2055,4,13,NA,8.22694873879464,14.3208219741062
2055-04-14 12:00:00,2055,4,14,NA,4.11882900738668,16.2268623156404
2055-04-15 12:00:00,2055,4,15,NA,6.00034789076727,15.3903524209138
2055-04-16 12:00:00,2055,4,16,NA,6.65029413633331,10.8667191411475
2055-04-17 12:00:00,2055,4,17,NA,2.21034919652026,15.9748008049936
2055-04-18 12:00:00,2055,4,18,NA,7.79254235359892,10.9604079343466
2055-04-19 12:00:00,2055,4,19,NA,5.80514230869665,11.0868562227816
2055-04-20 12:00:00,2055,4,20,NA,8.39272174751794,11.4447535091363
2055-04-21 12:00:00,2055,4,21,NA,6.61242188369996,9.71804332679303
2055-04-22 12:00:00,2055,4,22,NA,9.65625151197775,14.9471094734157
2055-04-23 12:00:00,2055,4,23,NA,8.52950461339521,17.866184880957
2055-04-24 12:00:00,2055,4,24,NA,9.34320870553358,18.5499793984064
2055-04-25 12:00:00,2055,4,25,NA,9.04019210253827,17.0280878911916
2055-04-26 12:00:00,2055,4,26,NA,5.696689419746,15.1978454587964
2055-04-27 12:00:00,2055,4,27,NA,3.41078184580661,14.8797279994121
2055-04-28 12:00:00,2055,4,28,NA,0.342584101483808,18.2665314615954
2055-04-29 12:00:00,2055,4,29,NA,1.88916471422357,13.3236616390067
2055-04-30 12:00:00,2055,4,30,NA,1.8078280399179,17.8113254045314
2055-05-01 12:00:00,2055,5,1,NA,6.01198278433828,14.4365066328987
2055-05-02 12:00:00,2055,5,2,NA,4.04896852484411,12.5159102130035
2055-05-03 12:00:00,2055,5,3,NA,3.63397515101387,20.197002040604
2055-05-04 12:00:00,2055,5,4,NA,0.0771839292490206,18.9169234341125
2055-05-05 12:00:00,2055,5,5,NA,2.96062546457452,17.8908909157984
2055-05-06 12:00:00,2055,5,6,NA,1.61431343638156,17.2628419740777
2055-05-07 12:00:00,2055,5,7,NA,3.41156631274976,17.971301855769
2055-05-08 12:00:00,2055,5,8,NA,9.58785721707012,16.4474290048015
2055-05-09 12:00:00,2055,5,9,NA,9.38388253473484,18.3130045865896
2055-05-10 12:00:00,2055,5,10,NA,4.13151056467609,17.8632331955235
2055-05-11 12:00:00,2055,5,11,NA,7.57594708638013,17.0557570930067
2055-05-12 12:00:00,2055,5,12,NA,4.29849863860526,17.9729190803262
2055-05-13 12:00:00,2055,5,13,NA,2.88811393456392,17.7116361339419
2055-05-14 12:00:00,2055,5,14,NA,2.68472140014603,17.2160787692361
2055-05-15 12:00:00,2055,5,15,NA,6.49175891350291,14.8049376012824
2055-05-16 12:00:00,2055,5,16,NA,3.26981941501025,16.2819877749376
2055-05-17 12:00:00,2055,5,17,NA,3.71759903934097,15.4461430064751
2055-05-18 12:00:00,2055,5,18,NA,1.80297712295928,16.3343344920493
2055-05-19 12:00:00,2055,5,19,NA,9.13600939659432,14.9860255957497
2055-05-20 12:00:00,2055,5,20,NA,11.6783832011701,15.6207538481394
2055-05-21 12:00:00,2055,5,21,NA,13.8289940829589,15.0947511901368
2055-05-22 12:00:00,2055,5,22,NA,11.6667809939677,16.51437482129
2055-05-23 12:00:00,2055,5,23,NA,10.8285230603482,18.9656156894542
2055-05-24 12:00:00,2055,5,24,NA,12.8770374028746,15.794757394995
2055-05-25 12:00:00,2055,5,25,NA,10.553235196255,14.4975793002756
2055-05-26 12:00:00,2055,5,26,NA,9.14479852947948,16.9298092258553
2055-05-27 12:00:00,2055,5,27,NA,8.20667333013437,19.4057998831874
2055-05-28 12:00:00,2055,5,28,NA,7.74123176698121,22.2884840287093
2055-05-29 12:00:00,2055,5,29,NA,11.3783702629604,25.0453711811409
2055-05-30 12:00:00,2055,5,30,NA,12.8570384431378,27.4528629068448
2055-05-31 12:00:00,2055,5,31,NA,14.6366973686015,24.5094749106896
2055-06-01 12:00:00,2055,6,1,NA,18.5128508400035,24.3921730496432
2055-06-02 12:00:00,2055,6,2,NA,19.9960825186768,28.9211164215261
2055-06-03 12:00:00,2055,6,3,NA,13.4344811608063,29.1413300900671
2055-06-04 12:00:00,2055,6,4,NA,15.7372402682318,30.7147687942078
2055-06-05 12:00:00,2055,6,5,NA,13.6088599176512,25.9946761008474
2055-06-06 12:00:00,2055,6,6,NA,16.069031232842,30.4880564513822
2055-06-07 12:00:00,2055,6,7,NA,17.9770572963352,27.1765839208915
2055-06-08 12:00:00,2055,6,8,NA,15.7754154886271,26.9759862015989
2055-06-09 12:00:00,2055,6,9,NA,12.8582073606262,27.3224302742236
2055-06-10 12:00:00,2055,6,10,NA,9.43953195491157,25.0418873438019
2055-06-11 12:00:00,2055,6,11,NA,8.0129194315983,18.2000598058819
2055-06-12 12:00:00,2055,6,12,NA,8.0415758607623,26.2364201680436
2055-06-13 12:00:00,2055,6,13,NA,8.65688355261297,27.3676428288399
2055-06-14 12:00:00,2055,6,14,NA,13.8782336532927,30.2846040348763
2055-06-15 12:00:00,2055,6,15,NA,16.3388496978184,25.5407925570795
2055-06-16 12:00:00,2055,6,16,NA,18.3869572064926,23.6360686506413
2055-06-17 12:00:00,2055,6,17,NA,14.3573998362891,26.0090671800133
2055-06-18 12:00:00,2055,6,18,NA,13.1202613137196,25.5153977074725
2055-06-19 12:00:00,2055,6,19,NA,11.7446949597233,26.891545898338
2055-06-20 12:00:00,2055,6,20,NA,11.4892037808748,25.835561279943
2055-06-21 12:00:00,2055,6,21,NA,11.1108943168284,26.5600943602784
2055-06-22 12:00:00,2055,6,22,NA,13.220559848671,21.4708071480683
2055-06-23 12:00:00,2055,6,23,NA,11.043192455544,22.3501790378265
2055-06-24 12:00:00,2055,6,24,NA,11.0766412170355,24.2492338425066
2055-06-25 12:00:00,2055,6,25,NA,15.3481725471802,32.6152257933055
2055-06-26 12:00:00,2055,6,26,NA,15.6535194649861,35.2106103859804
2055-06-27 12:00:00,2055,6,27,NA,13.4827908558173,32.0689103622307
2055-06-28 12:00:00,2055,6,28,NA,10.8294099364576,28.1905039373614
2055-06-29 12:00:00,2055,6,29,NA,17.681343227305,24.8114632875564
2055-06-30 12:00:00,2055,6,30,NA,14.6669208668279,20.9633215544673
2055-07-01 12:00:00,2055,7,1,NA,13.0276169824475,24.3604281473903
2055-07-02 12:00:00,2055,7,2,NA,12.7817871229284,25.9960851378799
2055-07-03 12:00:00,2055,7,3,NA,10.8902507527103,25.5760830958536
2055-07-04 12:00:00,2055,7,4,NA,8.61937838877773,25.6328310372897
2055-07-05 12:00:00,2055,7,5,NA,8.25804743377085,27.9353127236398
2055-07-06 12:00:00,2055,7,6,NA,12.7529191996719,25.7839423295499
2055-07-07 12:00:00,2055,7,7,NA,17.470716104903,31.8529558809936
2055-07-08 12:00:00,2055,7,8,NA,19.7482623603189,29.6610801357491
2055-07-09 12:00:00,2055,7,9,NA,14.6615927293398,33.173041391145
2055-07-10 12:00:00,2055,7,10,NA,19.6871167890457,34.8760994116059
2055-07-11 12:00:00,2055,7,11,NA,19.5781386573136,28.8997953714465
2055-07-12 12:00:00,2055,7,12,NA,23.7253390473832,27.538803633286
2055-07-13 12:00:00,2055,7,13,NA,19.1508359060992,28.870994212806
2055-07-14 12:00:00,2055,7,14,NA,19.728448329467,26.9271943850921
2055-07-15 12:00:00,2055,7,15,NA,18.6828751555582,24.6641387326273
2055-07-16 12:00:00,2055,7,16,NA,17.8007383531335,25.7609506017787
2055-07-17 12:00:00,2055,7,17,NA,17.6788829198023,25.6219544646253
2055-07-18 12:00:00,2055,7,18,NA,20.292889541053,27.7686736862589
2055-07-19 12:00:00,2055,7,19,NA,18.7414011980418,26.3655021324401
2055-07-20 12:00:00,2055,7,20,NA,21.1591709107547,26.9248911891178
2055-07-21 12:00:00,2055,7,21,NA,18.3249265719728,29.082009754911
2055-07-22 12:00:00,2055,7,22,NA,22.3411828228729,32.8861495762795
2055-07-23 12:00:00,2055,7,23,NA,21.984515895531,32.6046257424699
2055-07-24 12:00:00,2055,7,24,NA,17.605340335057,32.638432783892
2055-07-25 12:00:00,2055,7,25,NA,19.6625825880942,29.1830165483948
2055-07-26 12:00:00,2055,7,26,NA,13.5977874066162,26.6500884968786
2055-07-27 12:00:00,2055,7,27,NA,11.8329679210555,31.1014562993625
2055-07-28 12:00:00,2055,7,28,NA,11.925991853699,25.0569263739382
2055-07-29 12:00:00,2055,7,29,NA,12.9001246280587,22.7635723493384
2055-07-30 12:00:00,2055,7,30,NA,11.5754803735988,23.5971509237068
2055-07-31 12:00:00,2055,7,31,NA,20.3338423982767,27.0657036545302
2055-08-01 12:00:00,2055,8,1,NA,15.5754167685439,21.7904573967128
2055-08-02 12:00:00,2055,8,2,NA,11.8303711273114,21.3234082847487
2055-08-03 12:00:00,2055,8,3,NA,14.1931523098609,20.816973937176
2055-08-04 12:00:00,2055,8,4,NA,17.3771125385887,23.8425433843006
2055-08-05 12:00:00,2055,8,5,NA,14.994651811104,25.2438995968889
2055-08-06 12:00:00,2055,8,6,NA,16.5541934605463,26.4591941874382
2055-08-07 12:00:00,2055,8,7,NA,15.3254526411852,25.313206565492
2055-08-08 12:00:00,2055,8,8,NA,19.7759514219978,25.3079780027789
2055-08-09 12:00:00,2055,8,9,NA,18.3172392377919,23.7499114745911
2055-08-10 12:00:00,2055,8,10,NA,17.4491676294974,24.0729892568125
2055-08-11 12:00:00,2055,8,11,NA,14.0222110430769,23.0445181869717
2055-08-12 12:00:00,2055,8,12,NA,13.0477042963027,23.1367757541772
2055-08-13 12:00:00,2055,8,13,NA,11.3065665884511,26.5564023149226
2055-08-14 12:00:00,2055,8,14,NA,13.1956059956272,26.1350569079586
2055-08-15 12:00:00,2055,8,15,NA,15.1855985442885,26.8602870369755
2055-08-16 12:00:00,2055,8,16,NA,13.0323666859312,27.6888250452564
2055-08-17 12:00:00,2055,8,17,NA,9.87222124359967,21.9073114704365
2055-08-18 12:00:00,2055,8,18,NA,12.2103495734511,19.620599234206
2055-08-19 12:00:00,2055,8,19,NA,15.41904218965,22.1033183596797
2055-08-20 12:00:00,2055,8,20,NA,11.5743347554053,26.6849274669378
2055-08-21 12:00:00,2055,8,21,NA,16.8800214051858,26.761295247188
2055-08-22 12:00:00,2055,8,22,NA,15.2810200858712,23.1667271006403
2055-08-23 12:00:00,2055,8,23,NA,14.9272100470954,20.3147428449807
2055-08-24 12:00:00,2055,8,24,NA,12.0668675850493,18.7511437550791
2055-08-25 12:00:00,2055,8,25,NA,11.0126640987349,19.372049541968
2055-08-26 12:00:00,2055,8,26,NA,10.9564168951152,18.3821146343899
2055-08-27 12:00:00,2055,8,27,NA,7.35268757222254,20.8004986327114
2055-08-28 12:00:00,2055,8,28,NA,10.4558533095199,20.4449667585159
2055-08-29 12:00:00,2055,8,29,NA,11.5620992244518,16.9496320223371
2055-08-30 12:00:00,2055,8,30,NA,8.63532652906832,18.8745179126057
2055-08-31 12:00:00,2055,8,31,NA,10.6845242124622,16.164600360544
2055-09-01 12:00:00,2055,9,1,NA,8.46089347387046,16.5276153163829
2055-09-02 12:00:00,2055,9,2,NA,7.13198953474616,17.9710126974879
2055-09-03 12:00:00,2055,9,3,NA,2.33893280838738,19.5294606722348
2055-09-04 12:00:00,2055,9,4,NA,0.973909756239719,20.3848736815473
2055-09-05 12:00:00,2055,9,5,NA,4.8665432752877,23.1203761336504
2055-09-06 12:00:00,2055,9,6,NA,2.21750457533375,19.8818573937089
2055-09-07 12:00:00,2055,9,7,NA,6.9092404299813,21.0805018474357
2055-09-08 12:00:00,2055,9,8,NA,6.94091028864302,19.4266938069865
2055-09-09 12:00:00,2055,9,9,NA,9.36152950610228,19.9982873275609
2055-09-10 12:00:00,2055,9,10,NA,16.5992918799302,20.5542656285227
2055-09-11 12:00:00,2055,9,11,NA,13.5085984725017,21.3563446077876
2055-09-12 12:00:00,2055,9,12,NA,16.9551263834711,20.7123048908227
2055-09-13 12:00:00,2055,9,13,NA,13.8619517079719,24.332730685263
2055-09-14 12:00:00,2055,9,14,NA,16.6079322752018,27.9506113446987
2055-09-15 12:00:00,2055,9,15,NA,18.6705747375009,29.0405503107311
2055-09-16 12:00:00,2055,9,16,NA,18.1612478613967,29.7284364230762
2055-09-17 12:00:00,2055,9,17,NA,14.7139695589437,25.2388944813157
2055-09-18 12:00:00,2055,9,18,NA,15.1956578749574,17.4404427952446
2055-09-19 12:00:00,2055,9,19,NA,13.5530758320217,17.6014117053369
2055-09-20 12:00:00,2055,9,20,NA,10.6773331089717,22.3111932650551
2055-09-21 12:00:00,2055,9,21,NA,11.0282349995686,18.2080090850119
2055-09-22 12:00:00,2055,9,22,NA,11.9834800791589,21.2840435684693
2055-09-23 12:00:00,2055,9,23,NA,13.4485211525785,23.244339967522
2055-09-24 12:00:00,2055,9,24,NA,11.0982210704867,23.1609551917768
2055-09-25 12:00:00,2055,9,25,NA,8.55747954541616,20.9602430690481
2055-09-26 12:00:00,2055,9,26,NA,10.9129802409871,20.6353603904234
2055-09-27 12:00:00,2055,9,27,NA,8.70742714202499,20.7139538583459
2055-09-28 12:00:00,2055,9,28,NA,6.04893526722001,17.5479643324852
2055-09-29 12:00:00,2055,9,29,NA,12.233393879888,20.4237092118373
2055-09-30 12:00:00,2055,9,30,NA,8.2545596977015,18.2142331401355
2055-10-01 12:00:00,2055,10,1,NA,12.3719988621415,18.2318570493355
2055-10-02 12:00:00,2055,10,2,NA,11.8841172166463,26.7268382638766
2055-10-03 12:00:00,2055,10,3,NA,14.4974537599494,26.3839506107548
2055-10-04 12:00:00,2055,10,4,NA,11.7170774802846,19.388234003592
2055-10-05 12:00:00,2055,10,5,NA,12.963563203439,20.4072509454779
2055-10-06 12:00:00,2055,10,6,NA,14.0112214007884,24.0664694317028
2055-10-07 12:00:00,2055,10,7,NA,14.6105084969613,21.3953717985922
2055-10-08 12:00:00,2055,10,8,NA,12.6051785470566,20.152325496917
2055-10-09 12:00:00,2055,10,9,NA,9.08425838561058,20.6588269867715
2055-10-10 12:00:00,2055,10,10,NA,11.1467963764299,19.7754779754453
2055-10-11 12:00:00,2055,10,11,NA,11.710115675338,20.6531518501652
2055-10-12 12:00:00,2055,10,12,NA,13.9094720194294,18.1729571802633
2055-10-13 12:00:00,2055,10,13,NA,13.9496103717751,19.279794852427
2055-10-14 12:00:00,2055,10,14,NA,11.6361196807472,21.4147122514507
2055-10-15 12:00:00,2055,10,15,NA,15.19235927992,22.1734212443597
2055-10-16 12:00:00,2055,10,16,NA,12.3376017818238,19.9227332234796
2055-10-17 12:00:00,2055,10,17,NA,9.8915470046679,20.6243056258338
2055-10-18 12:00:00,2055,10,18,NA,12.1993485819551,23.4499104030985
2055-10-19 12:00:00,2055,10,19,NA,12.043824143829,24.910399246019
2055-10-20 12:00:00,2055,10,20,NA,10.7896755991744,25.1258964642179
2055-10-21 12:00:00,2055,10,21,NA,11.6979910327897,21.4739629285622
2055-10-22 12:00:00,2055,10,22,NA,10.9661725586237,19.0312075133598
2055-10-23 12:00:00,2055,10,23,NA,11.1177501770362,17.9782608590038
2055-10-24 12:00:00,2055,10,24,NA,5.39647253069423,16.6470343518376
2055-10-25 12:00:00,2055,10,25,NA,5.03646181744954,14.8298689020914
2055-10-26 12:00:00,2055,10,26,NA,11.0834654026077,19.1485003573438
2055-10-27 12:00:00,2055,10,27,NA,8.92475734467436,14.5726581223776
2055-10-28 12:00:00,2055,10,28,NA,7.12549667351556,16.904089244219
2055-10-29 12:00:00,2055,10,29,NA,3.41302890574595,17.4158232014681
2055-10-30 12:00:00,2055,10,30,NA,4.30184012325655,12.8514247585334
2055-10-31 12:00:00,2055,10,31,NA,4.63854470198721,14.6816717524735
2055-11-01 12:00:00,2055,11,1,NA,7.4749572102161,15.5399921649523
2055-11-02 12:00:00,2055,11,2,NA,6.10368481134464,17.587661715762
2055-11-03 12:00:00,2055,11,3,NA,5.16526924998921,19.5985605103278
2055-11-04 12:00:00,2055,11,4,NA,5.21335254577655,14.5952954108038
2055-11-05 12:00:00,2055,11,5,NA,13.2062233607998,19.7411941296702
2055-11-06 12:00:00,2055,11,6,NA,9.62598667611135,15.419830464193
2055-11-07 12:00:00,2055,11,7,NA,9.46309536922423,14.1187948328719
2055-11-08 12:00:00,2055,11,8,NA,8.72828344275133,15.2406444717141
2055-11-09 12:00:00,2055,11,9,NA,9.1723109917867,13.2309826687307
2055-11-10 12:00:00,2055,11,10,NA,9.40818555184129,14.4229117152331
2055-11-11 12:00:00,2055,11,11,NA,7.21467535422753,15.3957184142476
2055-11-12 12:00:00,2055,11,12,NA,10.9512442084581,13.9208891150912
2055-11-13 12:00:00,2055,11,13,NA,8.7949442555832,15.5973726898653
2055-11-14 12:00:00,2055,11,14,NA,4.59285718402329,13.3903138093603
2055-11-15 12:00:00,2055,11,15,NA,5.96514576052695,14.3684363164006
2055-11-16 12:00:00,2055,11,16,NA,8.81307806637841,14.6045993520763
2055-11-17 12:00:00,2055,11,17,NA,9.44086137814132,16.9713657999168
2055-11-18 12:00:00,2055,11,18,NA,6.02231336067503,11.4145340532346
2055-11-19 12:00:00,2055,11,19,NA,7.37524708577157,13.3290138221867
2055-11-20 12:00:00,2055,11,20,NA,6.9260280145367,15.3826489693444
2055-11-21 12:00:00,2055,11,21,NA,2.25713867925623,16.1430123700513
2055-11-22 12:00:00,2055,11,22,NA,2.52418325376835,16.5133144865006
2055-11-23 12:00:00,2055,11,23,NA,3.89299247924748,15.7571131047134
2055-11-24 12:00:00,2055,11,24,NA,4.69011972092207,11.2425369350941
2055-11-25 12:00:00,2055,11,25,NA,3.76265348180695,8.33316779494006
2055-11-26 12:00:00,2055,11,26,NA,3.79237455506974,9.41460327380223
2055-11-27 12:00:00,2055,11,27,NA,5.37612227704588,8.64550165767487
2055-11-28 12:00:00,2055,11,28,NA,5.93621280497039,12.2264771977634
2055-11-29 12:00:00,2055,11,29,NA,2.17770055821073,4.99586758272836
2055-11-30 12:00:00,2055,11,30,NA,4.8669893367509,8.665934563734
2055-12-01 12:00:00,2055,12,1,NA,0.237696945706228,3.97537179711874
2055-12-02 12:00:00,2055,12,2,NA,0.535076975202151,6.39952742994888
2055-12-03 12:00:00,2055,12,3,NA,6.41623429749368,9.4516370577832
2055-12-04 12:00:00,2055,12,4,NA,6.30463934650838,10.0821001637147
2055-12-05 12:00:00,2055,12,5,NA,5.64654011360256,7.57815880560317
2055-12-06 12:00:00,2055,12,6,NA,3.3625964950143,9.37801977890015
2055-12-07 12:00:00,2055,12,7,NA,5.40118399518581,11.7407119564728
2055-12-08 12:00:00,2055,12,8,NA,7.60103866153971,12.561865782051
2055-12-09 12:00:00,2055,12,9,NA,5.30780193292851,10.4040736416933
2055-12-10 12:00:00,2055,12,10,NA,3.08245505937247,10.8773230280114
2055-12-11 12:00:00,2055,12,11,NA,6.03617835083956,11.1119805752835
2055-12-12 12:00:00,2055,12,12,NA,3.90693545609986,9.49530190999053
2055-12-13 12:00:00,2055,12,13,NA,4.14546757496305,7.71127804846902
2055-12-14 12:00:00,2055,12,14,NA,3.49267120426388,11.4611136165205
2055-12-15 12:00:00,2055,12,15,NA,6.51076333851045,11.5619616480376
2055-12-16 12:00:00,2055,12,16,NA,8.31528778929652,10.1255579254292
2055-12-17 12:00:00,2055,12,17,NA,4.19076421565225,7.291484931115
2055-12-18 12:00:00,2055,12,18,NA,2.93352500059359,5.97965763608813
2055-12-19 12:00:00,2055,12,19,NA,4.61635560914973,8.4761857360225
2055-12-20 12:00:00,2055,12,20,NA,-1.14983321805928,2.91599249766224
2055-12-21 12:00:00,2055,12,21,NA,-0.766583178822672,6.86070115188316
2055-12-22 12:00:00,2055,12,22,NA,-5.78913076061454,4.16897259203549
2055-12-23 12:00:00,2055,12,23,NA,-1.17024614191597,6.45703818878986
2055-12-24 12:00:00,2055,12,24,NA,-0.681417147790274,4.36868496579905
2055-12-25 12:00:00,2055,12,25,NA,-0.955557327983479,2.79394330934725
2055-12-26 12:00:00,2055,12,26,NA,-5.23707328635493,0.706019541762956
2055-12-27 12:00:00,2055,12,27,NA,-5.38509789768591,-2.93871014913004
2055-12-28 12:00:00,2055,12,28,NA,-7.62293655878408,-3.01219659564442
2055-12-29 12:00:00,2055,12,29,NA,-6.40947519154911,-2.44910481128522
2055-12-30 12:00:00,2055,12,30,NA,-5.87538303863426,-0.78285690367046
2055-12-31 12:00:00,2055,12,31,NA,-2.39580835892404,0.639594401365488
2056-01-01 12:00:00,2056,1,1,NA,1.34814417183754,5.39728906795202
2056-01-02 12:00:00,2056,1,2,NA,-0.877029122982919,0.0944700455225937
2056-01-03 12:00:00,2056,1,3,NA,-0.0897738596479322,0.611242496581114
2056-01-04 12:00:00,2056,1,4,NA,2.77105381666663,2.6655969353339
2056-01-05 12:00:00,2056,1,5,NA,1.78593270596047,6.25394690310918
2056-01-06 12:00:00,2056,1,6,NA,-2.24529214403118,5.37147684733952
2056-01-07 12:00:00,2056,1,7,NA,-2.12026604996963,6.20858135710263
2056-01-08 12:00:00,2056,1,8,NA,-2.4530057047061,2.1331732387135
2056-01-09 12:00:00,2056,1,9,NA,-1.56175086747443,4.59304661397542
2056-01-10 12:00:00,2056,1,10,NA,0.618725037871775,6.85352343265033
2056-01-11 12:00:00,2056,1,11,NA,0.79126252372679,7.08153577429106
2056-01-12 12:00:00,2056,1,12,NA,1.08436190809856,5.76699266347113
2056-01-13 12:00:00,2056,1,13,NA,1.70062497268471,4.82543834732212
2056-01-14 12:00:00,2056,1,14,NA,2.12808351447428,9.90079131447672
2056-01-15 12:00:00,2056,1,15,NA,3.80955470156878,9.84696166830239
2056-01-16 12:00:00,2056,1,16,NA,3.31619194760428,8.38284531885646
2056-01-17 12:00:00,2056,1,17,NA,0.590240925598079,5.07593352941785
2056-01-18 12:00:00,2056,1,18,NA,0.541795540089647,3.41494934924554
2056-01-19 12:00:00,2056,1,19,NA,0.00859254742261628,3.71562055686658
2056-01-20 12:00:00,2056,1,20,NA,-1.90299705326339,3.03939856814245
2056-01-21 12:00:00,2056,1,21,NA,-2.72785252717673,3.7937727582072
2056-01-22 12:00:00,2056,1,22,NA,-2.07486327384465,7.27885734652285
2056-01-23 12:00:00,2056,1,23,NA,2.13169616511828,9.2110582535639
2056-01-24 12:00:00,2056,1,24,NA,4.43831899743191,9.38071461883775
2056-01-25 12:00:00,2056,1,25,NA,4.71784348629939,8.88581690524034
2056-01-26 12:00:00,2056,1,26,NA,3.36637415633167,7.20845011929271
2056-01-27 12:00:00,2056,1,27,NA,3.92824108530552,9.07393032788079
2056-01-28 12:00:00,2056,1,28,NA,3.8544269587424,11.8179943958662
2056-01-29 12:00:00,2056,1,29,NA,7.78370001477408,16.2687598325265
2056-01-30 12:00:00,2056,1,30,NA,2.43303452504655,8.18103623677325
2056-01-31 12:00:00,2056,1,31,NA,5.46169395211914,10.2793925172537
2056-02-01 12:00:00,2056,2,1,NA,3.5698388089236,8.77988273234141
2056-02-02 12:00:00,2056,2,2,NA,3.08599849316999,11.3042614496594
2056-02-03 12:00:00,2056,2,3,NA,5.10206040149467,7.96598611874956
2056-02-04 12:00:00,2056,2,4,NA,1.95326582743783,6.30237980816553
2056-02-05 12:00:00,2056,2,5,NA,3.27162566428041,9.16305123223663
2056-02-06 12:00:00,2056,2,6,NA,2.15111595939149,6.30333542597691
2056-02-07 12:00:00,2056,2,7,NA,6.34275183635448,10.4515146780286
2056-02-08 12:00:00,2056,2,8,NA,-0.437596415836933,4.1333469744121
2056-02-09 12:00:00,2056,2,9,NA,0.075320139867542,4.12046744076644
2056-02-10 12:00:00,2056,2,10,NA,-2.41575936990777,2.52209473031754
2056-02-11 12:00:00,2056,2,11,NA,0.482091876911174,6.29821585312378
2056-02-12 12:00:00,2056,2,12,NA,6.40920898803351,12.9113561237362
2056-02-13 12:00:00,2056,2,13,NA,10.399276193579,15.3571407792197
2056-02-14 12:00:00,2056,2,14,NA,7.67690231980814,11.8177082511961
2056-02-15 12:00:00,2056,2,15,NA,7.93440677515837,11.881612402308
2056-02-16 12:00:00,2056,2,16,NA,4.83778576877242,10.5236489372215
2056-02-17 12:00:00,2056,2,17,NA,2.80262989178404,10.9237559004589
2056-02-18 12:00:00,2056,2,18,NA,6.60267885078632,9.84934344261059
2056-02-19 12:00:00,2056,2,19,NA,5.09320190818409,9.20196474985826
2056-02-20 12:00:00,2056,2,20,NA,-0.774877833863268,6.13824872660629
2056-02-21 12:00:00,2056,2,21,NA,3.60764004912287,13.9918873422824
2056-02-22 12:00:00,2056,2,22,NA,2.00115682599768,11.929487851989
2056-02-23 12:00:00,2056,2,23,NA,6.35820470485391,14.4251913725155
2056-02-24 12:00:00,2056,2,24,NA,6.7425893680731,16.0185547114675
2056-02-25 12:00:00,2056,2,25,NA,7.91792647414484,13.0397399188575
2056-02-26 12:00:00,2056,2,26,NA,8.25562810531282,15.5019268655956
2056-02-27 12:00:00,2056,2,27,NA,6.23251582529447,12.6862061897367
2056-02-28 12:00:00,2056,2,28,NA,2.06913137020135,12.6092282990693
2056-02-29 12:00:00,2056,2,29,NA,6.47388860272377,15.3981575475512
2056-03-01 12:00:00,2056,3,1,NA,6.87932952575158,15.9131591373382
2056-03-02 12:00:00,2056,3,2,NA,4.89108913764674,12.8575261998342
2056-03-03 12:00:00,2056,3,3,NA,3.42444252514949,16.6902236202255
2056-03-04 12:00:00,2056,3,4,NA,-1.11038239496729,16.001015322633
2056-03-05 12:00:00,2056,3,5,NA,2.8588997067238,15.7011846725072
2056-03-06 12:00:00,2056,3,6,NA,5.95783025560013,15.2867735499616
2056-03-07 12:00:00,2056,3,7,NA,6.60218856710798,21.6387095158757
2056-03-08 12:00:00,2056,3,8,NA,6.66099568077631,19.3513058222777
2056-03-09 12:00:00,2056,3,9,NA,8.08224209527792,20.3581714039941
2056-03-10 12:00:00,2056,3,10,NA,6.60815816523933,10.5651888919983
2056-03-11 12:00:00,2056,3,11,NA,6.66994432855898,9.05935510180462
2056-03-12 12:00:00,2056,3,12,NA,2.65242168242178,5.57475525735884
2056-03-13 12:00:00,2056,3,13,NA,7.15043397549363,10.3225420292145
2056-03-14 12:00:00,2056,3,14,NA,10.5823027686836,14.2156321104837
2056-03-15 12:00:00,2056,3,15,NA,9.70772704857269,13.6361528504687
2056-03-16 12:00:00,2056,3,16,NA,7.96958469053359,16.4494799853147
2056-03-17 12:00:00,2056,3,17,NA,3.40419866875237,11.5236150318808
2056-03-18 12:00:00,2056,3,18,NA,6.97098772255633,17.3978837253298
2056-03-19 12:00:00,2056,3,19,NA,13.5007256112934,15.3322673786084
2056-03-20 12:00:00,2056,3,20,NA,7.24653219985561,16.5884222604524
2056-03-21 12:00:00,2056,3,21,NA,4.67609174690682,9.79320228509429
2056-03-22 12:00:00,2056,3,22,NA,2.00377769479132,8.03695220448095
2056-03-23 12:00:00,2056,3,23,NA,7.49329725112447,12.995424726542
2056-03-24 12:00:00,2056,3,24,NA,4.77411268472408,10.7754685836155
2056-03-25 12:00:00,2056,3,25,NA,5.45066289735238,12.7298668859329
2056-03-26 12:00:00,2056,3,26,NA,6.7329229354196,15.8531545051915
2056-03-27 12:00:00,2056,3,27,NA,7.36174251472675,15.4730430515106
2056-03-28 12:00:00,2056,3,28,NA,11.5081614314097,15.7753219359479
2056-03-29 12:00:00,2056,3,29,NA,8.77735557924706,17.897587149019
2056-03-30 12:00:00,2056,3,30,NA,9.7927516706734,19.025861937742
2056-03-31 12:00:00,2056,3,31,NA,8.66412850877434,19.4977472916061
2056-04-01 12:00:00,2056,4,1,NA,9.13405942063804,16.4327725716735
2056-04-02 12:00:00,2056,4,2,NA,7.64999877706965,11.3033828875067
2056-04-03 12:00:00,2056,4,3,NA,5.01297374392721,16.1881459948511
2056-04-04 12:00:00,2056,4,4,NA,3.40753165926125,22.3011042763786
2056-04-05 12:00:00,2056,4,5,NA,5.22291337671929,21.9339882479943
2056-04-06 12:00:00,2056,4,6,NA,2.13550967411423,16.8930424300988
2056-04-07 12:00:00,2056,4,7,NA,4.97196496971931,21.094803731838
2056-04-08 12:00:00,2056,4,8,NA,9.90996685864737,24.6727292410351
2056-04-09 12:00:00,2056,4,9,NA,9.37549437846741,26.2543731955675
2056-04-10 12:00:00,2056,4,10,NA,10.344513474517,25.6261039659469
2056-04-11 12:00:00,2056,4,11,NA,7.67867091508536,25.6385238569037
2056-04-12 12:00:00,2056,4,12,NA,10.3528692787636,19.6399687182567
2056-04-13 12:00:00,2056,4,13,NA,6.3274450856126,21.6090355770425
2056-04-14 12:00:00,2056,4,14,NA,8.93551413816449,16.2423086069402
2056-04-15 12:00:00,2056,4,15,NA,0.333909515291797,19.246472072268
2056-04-16 12:00:00,2056,4,16,NA,3.83857652042217,22.0284252379473
2056-04-17 12:00:00,2056,4,17,NA,6.17423001629461,17.6087269410777
2056-04-18 12:00:00,2056,4,18,NA,-0.320445577649846,17.4163481984334
2056-04-19 12:00:00,2056,4,19,NA,-0.727262273893853,16.9750882505131
2056-04-20 12:00:00,2056,4,20,NA,1.76276897351468,22.4476355008611
2056-04-21 12:00:00,2056,4,21,NA,6.93600192012968,21.1887233233803
2056-04-22 12:00:00,2056,4,22,NA,6.27351785967035,25.2852372720085
2056-04-23 12:00:00,2056,4,23,NA,7.70522109718513,18.2666333438263
2056-04-24 12:00:00,2056,4,24,NA,5.14894525672611,23.3387939742512
2056-04-25 12:00:00,2056,4,25,NA,4.24195057114347,24.5252292358308
2056-04-26 12:00:00,2056,4,26,NA,5.17582927846601,19.1077666888182
2056-04-27 12:00:00,2056,4,27,NA,9.47051446186656,22.8532005420665
2056-04-28 12:00:00,2056,4,28,NA,10.8131849208778,19.6746211500424
2056-04-29 12:00:00,2056,4,29,NA,6.27714498551663,18.0517209976388
2056-04-30 12:00:00,2056,4,30,NA,10.6473400006283,25.9289304920582
2056-05-01 12:00:00,2056,5,1,NA,15.1337675798694,21.1929157684738
2056-05-02 12:00:00,2056,5,2,NA,18.2710039189983,26.8782926824722
2056-05-03 12:00:00,2056,5,3,NA,14.6442237547737,24.3323166354398
2056-05-04 12:00:00,2056,5,4,NA,19.8314026826368,26.7298585427689
2056-05-05 12:00:00,2056,5,5,NA,16.7856775485841,27.4910114303578
2056-05-06 12:00:00,2056,5,6,NA,14.6534575774677,25.9337543779912
2056-05-07 12:00:00,2056,5,7,NA,11.0402923120572,26.5372401696134
2056-05-08 12:00:00,2056,5,8,NA,13.0412009342546,22.6332608221852
2056-05-09 12:00:00,2056,5,9,NA,13.0645989202411,20.6118146680275
2056-05-10 12:00:00,2056,5,10,NA,7.09171650204227,17.7455877005772
2056-05-11 12:00:00,2056,5,11,NA,4.84817854030297,19.2817881819825
2056-05-12 12:00:00,2056,5,12,NA,8.43648485273748,16.3568163144046
2056-05-13 12:00:00,2056,5,13,NA,3.86926042028624,17.6842478408141
2056-05-14 12:00:00,2056,5,14,NA,4.86753123645611,19.4633557001631
2056-05-15 12:00:00,2056,5,15,NA,7.41634661905588,17.0084065069864
2056-05-16 12:00:00,2056,5,16,NA,7.72042787552109,15.5241925604451
2056-05-17 12:00:00,2056,5,17,NA,4.57614835185898,15.2727831412289
2056-05-18 12:00:00,2056,5,18,NA,1.54707001413443,17.1543419641673
2056-05-19 12:00:00,2056,5,19,NA,5.94345875902272,20.7669809584007
2056-05-20 12:00:00,2056,5,20,NA,5.9812898471989,19.6585704809878
2056-05-21 12:00:00,2056,5,21,NA,2.61806006422098,20.0618029869296
2056-05-22 12:00:00,2056,5,22,NA,5.15434854854671,22.9075627939571
2056-05-23 12:00:00,2056,5,23,NA,13.0961138129513,19.4418449576331
2056-05-24 12:00:00,2056,5,24,NA,10.4356024567996,24.1350488325316
2056-05-25 12:00:00,2056,5,25,NA,8.61485185364322,24.4110684320039
2056-05-26 12:00:00,2056,5,26,NA,11.4734164148678,28.123027238027
2056-05-27 12:00:00,2056,5,27,NA,12.5173936049925,27.0487509740825
2056-05-28 12:00:00,2056,5,28,NA,9.63498724298131,24.1649554299325
2056-05-29 12:00:00,2056,5,29,NA,11.1008993494794,26.9626157891126
2056-05-30 12:00:00,2056,5,30,NA,9.39816157628808,28.2379010811515
2056-05-31 12:00:00,2056,5,31,NA,16.6446276243789,28.2786552669082
2056-06-01 12:00:00,2056,6,1,NA,19.2483478890312,25.2039308355238
2056-06-02 12:00:00,2056,6,2,NA,16.9450701672755,26.0310666775491
2056-06-03 12:00:00,2056,6,3,NA,13.4059275791383,22.7038948628923
2056-06-04 12:00:00,2056,6,4,NA,15.5430389803535,30.3933187597525
2056-06-05 12:00:00,2056,6,5,NA,18.4515760539794,23.8067765120535
2056-06-06 12:00:00,2056,6,6,NA,16.5004166858087,21.6527997462004
2056-06-07 12:00:00,2056,6,7,NA,14.4128947856251,28.5668869880336
2056-06-08 12:00:00,2056,6,8,NA,16.5131253996527,25.7556772498397
2056-06-09 12:00:00,2056,6,9,NA,16.8614166889543,24.0872670085744
2056-06-10 12:00:00,2056,6,10,NA,16.4596857827637,24.4625763030428
2056-06-11 12:00:00,2056,6,11,NA,15.9672223922381,26.2969791608498
2056-06-12 12:00:00,2056,6,12,NA,14.9802627078682,27.1650197916906
2056-06-13 12:00:00,2056,6,13,NA,20.2412768858483,30.7550282920303
2056-06-14 12:00:00,2056,6,14,NA,20.4402607210057,33.5679973281214
2056-06-15 12:00:00,2056,6,15,NA,12.6172863980983,23.8706862752658
2056-06-16 12:00:00,2056,6,16,NA,13.1394432904327,26.2814977752635
2056-06-17 12:00:00,2056,6,17,NA,14.0885319672385,24.4141884238288
2056-06-18 12:00:00,2056,6,18,NA,13.8050979352616,28.219953956092
2056-06-19 12:00:00,2056,6,19,NA,13.9278453857153,32.0708635752294
2056-06-20 12:00:00,2056,6,20,NA,18.8900831588862,26.8588167392731
2056-06-21 12:00:00,2056,6,21,NA,15.3251714310651,28.5675235444868
2056-06-22 12:00:00,2056,6,22,NA,19.4036061367094,27.6518186432356
2056-06-23 12:00:00,2056,6,23,NA,9.4650373640996,29.0221282850939
2056-06-24 12:00:00,2056,6,24,NA,15.4412233708986,31.6136959028237
2056-06-25 12:00:00,2056,6,25,NA,22.1149666851506,28.544075263433
2056-06-26 12:00:00,2056,6,26,NA,23.7117765824769,32.8806212677097
2056-06-27 12:00:00,2056,6,27,NA,22.6075885794586,29.8204714174016
2056-06-28 12:00:00,2056,6,28,NA,13.2459266040425,28.7364407831285
2056-06-29 12:00:00,2056,6,29,NA,18.7536821393951,24.8600577454461
2056-06-30 12:00:00,2056,6,30,NA,14.351201178027,23.5774085349693
2056-07-01 12:00:00,2056,7,1,NA,11.4150355920287,29.1943841202283
2056-07-02 12:00:00,2056,7,2,NA,10.4280774198177,27.7891714207216
2056-07-03 12:00:00,2056,7,3,NA,19.3994470903,31.4013526879577
2056-07-04 12:00:00,2056,7,4,NA,17.0662802245315,31.0478423138709
2056-07-05 12:00:00,2056,7,5,NA,13.6102101591573,29.5372770372142
2056-07-06 12:00:00,2056,7,6,NA,15.8566479227884,28.7131767480494
2056-07-07 12:00:00,2056,7,7,NA,14.4275189468079,31.6124460065794
2056-07-08 12:00:00,2056,7,8,NA,15.0289602978551,29.8946475297904
2056-07-09 12:00:00,2056,7,9,NA,16.8494701165039,26.5075339918645
2056-07-10 12:00:00,2056,7,10,NA,14.7311382971042,25.0551444479083
2056-07-11 12:00:00,2056,7,11,NA,17.408636808146,28.9597761790624
2056-07-12 12:00:00,2056,7,12,NA,12.5608487247377,28.5242300391863
2056-07-13 12:00:00,2056,7,13,NA,11.5846496191969,27.5639498954447
2056-07-14 12:00:00,2056,7,14,NA,10.1415281807276,30.3083075816196
2056-07-15 12:00:00,2056,7,15,NA,9.00707065858946,27.9618860428043
2056-07-16 12:00:00,2056,7,16,NA,13.3584773585036,27.340039447843
2056-07-17 12:00:00,2056,7,17,NA,15.0418922831233,27.485799786836
2056-07-18 12:00:00,2056,7,18,NA,12.0483645913808,28.50781279957
2056-07-19 12:00:00,2056,7,19,NA,13.714249269791,26.570778095052
2056-07-20 12:00:00,2056,7,20,NA,13.1454250611686,28.2303198929992
2056-07-21 12:00:00,2056,7,21,NA,13.4158124649244,27.7559593055683
2056-07-22 12:00:00,2056,7,22,NA,14.3562623795268,29.4411572113573
2056-07-23 12:00:00,2056,7,23,NA,14.601303859574,25.495842152823
2056-07-24 12:00:00,2056,7,24,NA,18.1995546952688,30.6434621989815
2056-07-25 12:00:00,2056,7,25,NA,17.3195101970888,31.3707962811227
2056-07-26 12:00:00,2056,7,26,NA,15.94465431028,28.0032798275523
2056-07-27 12:00:00,2056,7,27,NA,12.2902718558647,30.5015220788228
2056-07-28 12:00:00,2056,7,28,NA,16.6462458465084,27.1252778966285
2056-07-29 12:00:00,2056,7,29,NA,18.6124450579183,23.4077435611797
2056-07-30 12:00:00,2056,7,30,NA,11.9377545966127,22.5998105651725
2056-07-31 12:00:00,2056,7,31,NA,11.0797199495817,23.9037502210383
2056-08-01 12:00:00,2056,8,1,NA,15.6938023881232,28.5503312133842
2056-08-02 12:00:00,2056,8,2,NA,16.9677640419459,27.0734053406738
2056-08-03 12:00:00,2056,8,3,NA,19.1545009316755,27.5908806788746
2056-08-04 12:00:00,2056,8,4,NA,17.4101540727215,25.7504567762161
2056-08-05 12:00:00,2056,8,5,NA,17.0544167975899,26.1517911104511
2056-08-06 12:00:00,2056,8,6,NA,18.7408506542868,25.2426674198699
2056-08-07 12:00:00,2056,8,7,NA,16.3264740617924,23.5722198656411
2056-08-08 12:00:00,2056,8,8,NA,15.6394389695407,20.2170936268313
2056-08-09 12:00:00,2056,8,9,NA,14.2524733787435,19.8132253979324
2056-08-10 12:00:00,2056,8,10,NA,10.7559078364154,21.0629317834554
2056-08-11 12:00:00,2056,8,11,NA,9.08608201056779,19.4125909210754
2056-08-12 12:00:00,2056,8,12,NA,8.07560484100141,20.6250350660256
2056-08-13 12:00:00,2056,8,13,NA,10.1148606114328,23.915419478141
2056-08-14 12:00:00,2056,8,14,NA,13.4504306532433,22.4341695965402
2056-08-15 12:00:00,2056,8,15,NA,9.64134096280397,24.428007095042
2056-08-16 12:00:00,2056,8,16,NA,14.2774705521546,21.6570315391929
2056-08-17 12:00:00,2056,8,17,NA,15.8732472155947,21.9563047970929
2056-08-18 12:00:00,2056,8,18,NA,18.3747697414703,21.9676768169048
2056-08-19 12:00:00,2056,8,19,NA,19.7336098850224,24.9593709604349
2056-08-20 12:00:00,2056,8,20,NA,12.8342094345354,19.1241203432531
2056-08-21 12:00:00,2056,8,21,NA,13.4563950335629,28.9295827860706
2056-08-22 12:00:00,2056,8,22,NA,17.4019959387677,26.0148852916843
2056-08-23 12:00:00,2056,8,23,NA,17.3962858903124,22.5268035687751
2056-08-24 12:00:00,2056,8,24,NA,13.7309488918433,21.1686133170201
2056-08-25 12:00:00,2056,8,25,NA,10.0248691331669,21.1758417151385
2056-08-26 12:00:00,2056,8,26,NA,8.9202585589737,24.5014384911231
2056-08-27 12:00:00,2056,8,27,NA,6.7219452286238,24.3540379714408
2056-08-28 12:00:00,2056,8,28,NA,13.298951615091,21.1719460968357
2056-08-29 12:00:00,2056,8,29,NA,8.83233577491362,24.2866064175228
2056-08-30 12:00:00,2056,8,30,NA,11.2409622247697,20.2247011680665
2056-08-31 12:00:00,2056,8,31,NA,9.58443331904555,23.055834959789
2056-09-01 12:00:00,2056,9,1,NA,9.05889044520869,22.9110152467266
2056-09-02 12:00:00,2056,9,2,NA,8.50116962327455,19.5186429749745
2056-09-03 12:00:00,2056,9,3,NA,9.39031689713372,19.1251436772181
2056-09-04 12:00:00,2056,9,4,NA,7.6848052846038,21.7122601431171
2056-09-05 12:00:00,2056,9,5,NA,9.43276357774512,21.9185470960886
2056-09-06 12:00:00,2056,9,6,NA,8.78900374587099,23.1451297136358
2056-09-07 12:00:00,2056,9,7,NA,13.8265017531021,18.5593726277042
2056-09-08 12:00:00,2056,9,8,NA,12.8689641649742,19.7886739789054
2056-09-09 12:00:00,2056,9,9,NA,9.50720492110438,17.4031217099684
2056-09-10 12:00:00,2056,9,10,NA,7.41757724992564,20.5404594628805
2056-09-11 12:00:00,2056,9,11,NA,8.66221117125798,16.5528260686456
2056-09-12 12:00:00,2056,9,12,NA,10.1016823913607,17.6019389253819
2056-09-13 12:00:00,2056,9,13,NA,16.6892968017684,22.5491549889623
2056-09-14 12:00:00,2056,9,14,NA,12.7016354879255,28.653682541182
2056-09-15 12:00:00,2056,9,15,NA,9.1637026421003,29.5181619657023
2056-09-16 12:00:00,2056,9,16,NA,16.5706391011718,24.1762002884344
2056-09-17 12:00:00,2056,9,17,NA,14.0362449824772,24.4062205557074
2056-09-18 12:00:00,2056,9,18,NA,13.3585254789856,22.6590889682961
2056-09-19 12:00:00,2056,9,19,NA,11.6960901883393,24.8638932351343
2056-09-20 12:00:00,2056,9,20,NA,10.1969197348141,23.1109711954982
2056-09-21 12:00:00,2056,9,21,NA,11.0054089710288,23.4779924878986
2056-09-22 12:00:00,2056,9,22,NA,11.124642077559,24.2475242905138
2056-09-23 12:00:00,2056,9,23,NA,11.1603580506047,23.4863782105049
2056-09-24 12:00:00,2056,9,24,NA,11.1039224681514,19.2700784881421
2056-09-25 12:00:00,2056,9,25,NA,10.8924192294253,20.3587888189124
2056-09-26 12:00:00,2056,9,26,NA,9.56096275691736,22.9865939329914
2056-09-27 12:00:00,2056,9,27,NA,9.92345499510182,23.613962531355
2056-09-28 12:00:00,2056,9,28,NA,5.09500691233358,19.3000480331874
2056-09-29 12:00:00,2056,9,29,NA,5.43560879750886,20.8560422514898
2056-09-30 12:00:00,2056,9,30,NA,11.5068945056308,18.9314224235053
2056-10-01 12:00:00,2056,10,1,NA,8.4558720534909,21.081337300283
2056-10-02 12:00:00,2056,10,2,NA,9.18662728092793,23.4978333832664
2056-10-03 12:00:00,2056,10,3,NA,10.7538225306223,19.2705138447314
2056-10-04 12:00:00,2056,10,4,NA,10.2828546778779,18.9719399983763
2056-10-05 12:00:00,2056,10,5,NA,7.91256884615732,18.8864011540284
2056-10-06 12:00:00,2056,10,6,NA,11.0446145745228,15.2000290024129
2056-10-07 12:00:00,2056,10,7,NA,10.5138574420689,17.9614176562519
2056-10-08 12:00:00,2056,10,8,NA,9.01346326703788,20.0908530435119
2056-10-09 12:00:00,2056,10,9,NA,6.40636980001243,21.1277007821459
2056-10-10 12:00:00,2056,10,10,NA,8.13099144134426,17.9243985259861
2056-10-11 12:00:00,2056,10,11,NA,10.0445238233644,18.3613166390455
2056-10-12 12:00:00,2056,10,12,NA,8.01498478984669,24.6819041196627
2056-10-13 12:00:00,2056,10,13,NA,8.73276019416129,22.403949135707
2056-10-14 12:00:00,2056,10,14,NA,11.9127328155717,15.3233627092502
2056-10-15 12:00:00,2056,10,15,NA,7.95743596410416,17.6247496772811
2056-10-16 12:00:00,2056,10,16,NA,6.32885528764647,16.7105994796963
2056-10-17 12:00:00,2056,10,17,NA,6.21504071009021,18.0517976139311
2056-10-18 12:00:00,2056,10,18,NA,3.54157270728181,18.8644247980019
2056-10-19 12:00:00,2056,10,19,NA,7.45445866675546,20.3210337689454
2056-10-20 12:00:00,2056,10,20,NA,9.28992405663865,19.345172087553
2056-10-21 12:00:00,2056,10,21,NA,7.69684208790805,15.2644429040032
2056-10-22 12:00:00,2056,10,22,NA,7.74634793902198,16.1465115543897
2056-10-23 12:00:00,2056,10,23,NA,4.65359546093809,16.490352364779
2056-10-24 12:00:00,2056,10,24,NA,8.11033047750369,19.9986942027958
2056-10-25 12:00:00,2056,10,25,NA,10.6901125303332,20.1290301727128
2056-10-26 12:00:00,2056,10,26,NA,12.2132829039966,18.454634007871
2056-10-27 12:00:00,2056,10,27,NA,7.54060325387966,13.0460483281603
2056-10-28 12:00:00,2056,10,28,NA,5.06883726192236,12.9914280700466
2056-10-29 12:00:00,2056,10,29,NA,5.44654463518713,16.4203769430582
2056-10-30 12:00:00,2056,10,30,NA,10.3413727597454,13.752002653424
2056-10-31 12:00:00,2056,10,31,NA,8.69593800546546,18.9339421040884
2056-11-01 12:00:00,2056,11,1,NA,12.9922507638913,23.3620170071908
2056-11-02 12:00:00,2056,11,2,NA,12.2192756478983,26.3057120287692
2056-11-03 12:00:00,2056,11,3,NA,15.1873939843936,17.625212869215
2056-11-04 12:00:00,2056,11,4,NA,16.4886534323511,20.3941894096033
2056-11-05 12:00:00,2056,11,5,NA,13.8892169114327,16.5741799038727
2056-11-06 12:00:00,2056,11,6,NA,13.1713486861656,18.4215087546645
2056-11-07 12:00:00,2056,11,7,NA,12.1182780836273,17.0427595097781
2056-11-08 12:00:00,2056,11,8,NA,13.2056735999306,16.9611882495227
2056-11-09 12:00:00,2056,11,9,NA,10.6020282554425,15.4443398428172
2056-11-10 12:00:00,2056,11,10,NA,11.3752012603204,13.8385299618209
2056-11-11 12:00:00,2056,11,11,NA,6.98777097531032,9.78523771668622
2056-11-12 12:00:00,2056,11,12,NA,10.1698223712481,15.7920510899806
2056-11-13 12:00:00,2056,11,13,NA,8.09871441195007,13.5709031889876
2056-11-14 12:00:00,2056,11,14,NA,9.40807999118694,13.3602181062517
2056-11-15 12:00:00,2056,11,15,NA,7.97061469996738,14.1472793188457
2056-11-16 12:00:00,2056,11,16,NA,5.98987424935748,10.0035679427918
2056-11-17 12:00:00,2056,11,17,NA,2.75974592457529,10.3515555603699
2056-11-18 12:00:00,2056,11,18,NA,8.5468583384647,14.4113087932114
2056-11-19 12:00:00,2056,11,19,NA,9.08694265216725,18.4688855171945
2056-11-20 12:00:00,2056,11,20,NA,10.3679458786084,19.4923681616282
2056-11-21 12:00:00,2056,11,21,NA,9.58527691370588,15.5992230316857
2056-11-22 12:00:00,2056,11,22,NA,5.54509712640131,13.0756015481768
2056-11-23 12:00:00,2056,11,23,NA,4.74469469811114,7.23698725416282
2056-11-24 12:00:00,2056,11,24,NA,2.70870977323379,4.7653063290633
2056-11-25 12:00:00,2056,11,25,NA,2.41333212740969,5.60650470243832
2056-11-26 12:00:00,2056,11,26,NA,0.73043332428835,7.67263863822546
2056-11-27 12:00:00,2056,11,27,NA,-2.09730750634561,3.86565376849072
2056-11-28 12:00:00,2056,11,28,NA,1.28869012889628,9.02467506540331
2056-11-29 12:00:00,2056,11,29,NA,-2.94203999515575,4.5884644266197
2056-11-30 12:00:00,2056,11,30,NA,-0.6512196184909,6.15120881579118
2056-12-01 12:00:00,2056,12,1,NA,4.13842300366598,9.2640775282069
2056-12-02 12:00:00,2056,12,2,NA,0.499542864383762,9.88232982003165
2056-12-03 12:00:00,2056,12,3,NA,1.54969873370706,6.64597044247186
2056-12-04 12:00:00,2056,12,4,NA,1.81178338177095,5.98589338568754
2056-12-05 12:00:00,2056,12,5,NA,3.17869000076502,7.35280000468161
2056-12-06 12:00:00,2056,12,6,NA,-1.35308274929763,1.11620162615227
2056-12-07 12:00:00,2056,12,7,NA,0.346057740314593,4.42243989687517
2056-12-08 12:00:00,2056,12,8,NA,3.31548855972604,6.35499862060067
2056-12-09 12:00:00,2056,12,9,NA,3.26983745347717,8.3685050875604
2056-12-10 12:00:00,2056,12,10,NA,5.1248660011217,8.4082517118059
2056-12-11 12:00:00,2056,12,11,NA,3.05506391475375,5.9019574273518
2056-12-12 12:00:00,2056,12,12,NA,3.27268518401633,10.3937115764925
2056-12-13 12:00:00,2056,12,13,NA,0.642591209903237,8.38399754399636
2056-12-14 12:00:00,2056,12,14,NA,2.07317248621194,7.52381845967199
2056-12-15 12:00:00,2056,12,15,NA,2.73654935281257,5.29887484317896
2056-12-16 12:00:00,2056,12,16,NA,1.46221351041287,5.51967177085539
2056-12-17 12:00:00,2056,12,17,NA,0.433900206954943,2.34559527720661
2056-12-18 12:00:00,2056,12,18,NA,-4.19208940337535,0.902513940664162
2056-12-19 12:00:00,2056,12,19,NA,4.4585220012807,5.43412387982432
2056-12-20 12:00:00,2056,12,20,NA,5.74103988600884,7.1564436620463
2056-12-21 12:00:00,2056,12,21,NA,4.95060899674936,6.85025682429454
2056-12-22 12:00:00,2056,12,22,NA,2.66734529341516,5.24057193409145
2056-12-23 12:00:00,2056,12,23,NA,0.746180090806183,5.49954920957454
2056-12-24 12:00:00,2056,12,24,NA,2.51880271587329,8.43646332007117
2056-12-25 12:00:00,2056,12,25,NA,1.35912897155733,8.23689081571191
2056-12-26 12:00:00,2056,12,26,NA,-2.22861785650054,3.85034480017496
2056-12-27 12:00:00,2056,12,27,NA,1.94882198349831,4.89194001606489
2056-12-28 12:00:00,2056,12,28,NA,3.11581293410288,8.01060678898957
2056-12-29 12:00:00,2056,12,29,NA,-0.607946776493664,7.19989268663196
2056-12-30 12:00:00,2056,12,30,NA,-1.61739476825948,3.5834567206491
2056-12-31 12:00:00,2056,12,31,NA,1.83685218973634,7.26321319023335
2057-01-01 12:00:00,2057,1,1,NA,1.72754222003679,12.4835558291472
2057-01-02 12:00:00,2057,1,2,NA,5.2776349484128,14.9897598886916
2057-01-03 12:00:00,2057,1,3,NA,3.26103604238721,10.7086277565332
2057-01-04 12:00:00,2057,1,4,NA,2.12937702301556,10.0284844346254
2057-01-05 12:00:00,2057,1,5,NA,2.45629233971135,8.67099300746401
2057-01-06 12:00:00,2057,1,6,NA,5.37046996141464,8.07052037080089
2057-01-07 12:00:00,2057,1,7,NA,6.09853667732143,10.2005279326653
2057-01-08 12:00:00,2057,1,8,NA,2.17105124342477,8.98415822085865
2057-01-09 12:00:00,2057,1,9,NA,-2.10019572041612,5.82703229921244
2057-01-10 12:00:00,2057,1,10,NA,-0.537674199321978,4.95962211725761
2057-01-11 12:00:00,2057,1,11,NA,-0.923178801646323,2.21179306062049
2057-01-12 12:00:00,2057,1,12,NA,1.60004644595336,5.95054588094663
2057-01-13 12:00:00,2057,1,13,NA,4.30704273327759,6.26607655908593
2057-01-14 12:00:00,2057,1,14,NA,2.42432708729463,4.1230369579067
2057-01-15 12:00:00,2057,1,15,NA,0.442419390542189,3.1411859215442
2057-01-16 12:00:00,2057,1,16,NA,0.809951345411717,4.46310023510023
2057-01-17 12:00:00,2057,1,17,NA,-1.24903677874806,1.85800229479943
2057-01-18 12:00:00,2057,1,18,NA,0.307781766648322,1.24171281569279
2057-01-19 12:00:00,2057,1,19,NA,-5.99368021967382,-3.96641858591908
2057-01-20 12:00:00,2057,1,20,NA,1.42946407124718,5.45781380362735
2057-01-21 12:00:00,2057,1,21,NA,4.09455399697516,10.249351478425
2057-01-22 12:00:00,2057,1,22,NA,3.86089980101425,10.3949618080287
2057-01-23 12:00:00,2057,1,23,NA,6.08389193510806,11.061055371899
2057-01-24 12:00:00,2057,1,24,NA,5.41578554862201,9.18482339495726
2057-01-25 12:00:00,2057,1,25,NA,3.36377130141645,7.40140040639966
2057-01-26 12:00:00,2057,1,26,NA,3.63816719896728,8.86261610454823
2057-01-27 12:00:00,2057,1,27,NA,2.90383266516742,11.3888924829198
2057-01-28 12:00:00,2057,1,28,NA,2.78555366870093,13.6199217035308
2057-01-29 12:00:00,2057,1,29,NA,6.54913191652398,13.99672363067
2057-01-30 12:00:00,2057,1,30,NA,4.87263843648774,15.1717825695379
2057-01-31 12:00:00,2057,1,31,NA,8.50860175439381,13.8706535847823
2057-02-01 12:00:00,2057,2,1,NA,7.81617920989458,14.9918442086843
2057-02-02 12:00:00,2057,2,2,NA,4.76226601704898,11.1656473006715
2057-02-03 12:00:00,2057,2,3,NA,4.498975140334,10.251188826736
2057-02-04 12:00:00,2057,2,4,NA,-0.353731412561511,4.9496771161066
2057-02-05 12:00:00,2057,2,5,NA,2.64336325459806,6.91574380862073
2057-02-06 12:00:00,2057,2,6,NA,2.53392856242007,9.06116133615541
2057-02-07 12:00:00,2057,2,7,NA,-2.0646912910396,11.8664298013677
2057-02-08 12:00:00,2057,2,8,NA,4.14390796833068,21.3359063452929
2057-02-09 12:00:00,2057,2,9,NA,6.09901194980787,19.8666084772283
2057-02-10 12:00:00,2057,2,10,NA,11.9712857616808,16.2007944586735
2057-02-11 12:00:00,2057,2,11,NA,6.12668731510253,16.0550183410939
2057-02-12 12:00:00,2057,2,12,NA,7.51147391785194,16.0324239956966
2057-02-13 12:00:00,2057,2,13,NA,3.38160702736283,16.3092515057596
2057-02-14 12:00:00,2057,2,14,NA,7.08610484223627,10.8821617674033
2057-02-15 12:00:00,2057,2,15,NA,5.59042458908128,9.73324374442639
2057-02-16 12:00:00,2057,2,16,NA,4.39212033952823,6.02140620872542
2057-02-17 12:00:00,2057,2,17,NA,-1.2106663015746,2.67904958252228
2057-02-18 12:00:00,2057,2,18,NA,3.02868039058632,6.29059885082146
2057-02-19 12:00:00,2057,2,19,NA,5.22448502133979,8.04867494248394
2057-02-20 12:00:00,2057,2,20,NA,2.1952754733755,7.48142678704358
2057-02-21 12:00:00,2057,2,21,NA,4.34570809975253,10.0315712682017
2057-02-22 12:00:00,2057,2,22,NA,5.79123449248144,10.8208835768769
2057-02-23 12:00:00,2057,2,23,NA,6.80044968316425,9.21918409710912
2057-02-24 12:00:00,2057,2,24,NA,7.81298358148664,9.05800194992588
2057-02-25 12:00:00,2057,2,25,NA,4.14018612641804,6.58351626217011
2057-02-26 12:00:00,2057,2,26,NA,2.61007538811445,4.22862691409491
2057-02-27 12:00:00,2057,2,27,NA,1.55973229122789,5.61821810205762
2057-02-28 12:00:00,2057,2,28,NA,2.37354559688298,8.52871712350254
2057-03-01 12:00:00,2057,3,1,NA,1.82648879488571,11.5501868878268
2057-03-02 12:00:00,2057,3,2,NA,6.27528301594186,15.9592793265335
2057-03-03 12:00:00,2057,3,3,NA,5.49341823295059,12.8487495525464
2057-03-04 12:00:00,2057,3,4,NA,6.26254353295374,13.5168144751967
2057-03-05 12:00:00,2057,3,5,NA,2.12932683433172,15.5155445136252
2057-03-06 12:00:00,2057,3,6,NA,3.94257465997573,9.89126442452224
2057-03-07 12:00:00,2057,3,7,NA,5.15991269137167,9.99694521927097
2057-03-08 12:00:00,2057,3,8,NA,1.4852814900803,9.03730416651907
2057-03-09 12:00:00,2057,3,9,NA,-1.7177166566474,12.8572822379691
2057-03-10 12:00:00,2057,3,10,NA,-0.24511570260024,14.3298831920163
2057-03-11 12:00:00,2057,3,11,NA,1.93782848430899,17.9212525455808
2057-03-12 12:00:00,2057,3,12,NA,6.99496681695028,14.4520085216567
2057-03-13 12:00:00,2057,3,13,NA,4.68752540492397,9.87302380125332
2057-03-14 12:00:00,2057,3,14,NA,6.89919106798996,8.75912699977352
2057-03-15 12:00:00,2057,3,15,NA,5.18582172447629,9.98892225507786
2057-03-16 12:00:00,2057,3,16,NA,4.99817297326701,12.050068965679
2057-03-17 12:00:00,2057,3,17,NA,3.52445157782556,15.276518958482
2057-03-18 12:00:00,2057,3,18,NA,7.16029221894657,11.5215150459288
2057-03-19 12:00:00,2057,3,19,NA,3.47734509739647,12.2488461805768
2057-03-20 12:00:00,2057,3,20,NA,6.55476914969542,18.8576485766766
2057-03-21 12:00:00,2057,3,21,NA,6.53543103307524,15.1250893127189
2057-03-22 12:00:00,2057,3,22,NA,2.41099572760064,11.4658038895974
2057-03-23 12:00:00,2057,3,23,NA,1.86227524752937,9.40855827884685
2057-03-24 12:00:00,2057,3,24,NA,2.86654410055424,9.55665071973563
2057-03-25 12:00:00,2057,3,25,NA,0.765685018241696,10.2286984525575
2057-03-26 12:00:00,2057,3,26,NA,-1.44831389838472,12.4061032113199
2057-03-27 12:00:00,2057,3,27,NA,-0.228180691621395,7.31810233969609
2057-03-28 12:00:00,2057,3,28,NA,4.14991633284167,7.24392859496805
2057-03-29 12:00:00,2057,3,29,NA,5.12035364483672,8.88184546096525
2057-03-30 12:00:00,2057,3,30,NA,4.5358733954687,13.2613732608827
2057-03-31 12:00:00,2057,3,31,NA,1.81698810608709,13.7844820357271
2057-04-01 12:00:00,2057,4,1,NA,4.03048764798184,11.5472145827624
2057-04-02 12:00:00,2057,4,2,NA,0.42388516919246,14.3895021450913
2057-04-03 12:00:00,2057,4,3,NA,-3.85259035207118,14.1280373398133
2057-04-04 12:00:00,2057,4,4,NA,1.63598098467677,13.2679427218826
2057-04-05 12:00:00,2057,4,5,NA,5.33537947101207,13.6602811985754
2057-04-06 12:00:00,2057,4,6,NA,6.33969403999263,12.5436547282312
2057-04-07 12:00:00,2057,4,7,NA,7.6283208752043,14.7500515236562
2057-04-08 12:00:00,2057,4,8,NA,4.75218361351066,16.9235428053809
2057-04-09 12:00:00,2057,4,9,NA,12.0897473096334,22.6566272407211
2057-04-10 12:00:00,2057,4,10,NA,10.7558675226388,21.31727976928
2057-04-11 12:00:00,2057,4,11,NA,8.24157113002815,18.3806915117892
2057-04-12 12:00:00,2057,4,12,NA,10.0506848303919,17.6306335369674
2057-04-13 12:00:00,2057,4,13,NA,12.2055408959238,21.3449997663006
2057-04-14 12:00:00,2057,4,14,NA,8.10787821516943,21.8673899572519
2057-04-15 12:00:00,2057,4,15,NA,3.11429631705584,19.0676110112166
2057-04-16 12:00:00,2057,4,16,NA,6.77879335822423,12.0605072723092
2057-04-17 12:00:00,2057,4,17,NA,3.37356427108076,12.4849158802229
2057-04-18 12:00:00,2057,4,18,NA,-4.3672787612048,16.7100863784445
2057-04-19 12:00:00,2057,4,19,NA,6.16026652130272,20.4129879245533
2057-04-20 12:00:00,2057,4,20,NA,7.39533190903147,22.071519593354
2057-04-21 12:00:00,2057,4,21,NA,2.24242969681116,23.2471352756417
2057-04-22 12:00:00,2057,4,22,NA,5.30813189927999,25.1475608802411
2057-04-23 12:00:00,2057,4,23,NA,9.73774249576492,27.9367805510752
2057-04-24 12:00:00,2057,4,24,NA,11.6241654613628,26.7660281353479
2057-04-25 12:00:00,2057,4,25,NA,7.51668288613959,24.3738911684405
2057-04-26 12:00:00,2057,4,26,NA,4.20331435481763,19.6416018270931
2057-04-27 12:00:00,2057,4,27,NA,10.5062030620517,14.7412388213135
2057-04-28 12:00:00,2057,4,28,NA,4.97940262115841,13.4434972146353
2057-04-29 12:00:00,2057,4,29,NA,6.23971683730416,14.2741819292824
2057-04-30 12:00:00,2057,4,30,NA,7.86980921435997,21.0508057488833
2057-05-01 12:00:00,2057,5,1,NA,11.3421689006731,19.6534880409789
2057-05-02 12:00:00,2057,5,2,NA,11.6610724679199,22.0913842136399
2057-05-03 12:00:00,2057,5,3,NA,8.55892677165327,17.4343717893615
2057-05-04 12:00:00,2057,5,4,NA,9.80894554649899,17.742569946918
2057-05-05 12:00:00,2057,5,5,NA,12.3538523914684,25.7560230052272
2057-05-06 12:00:00,2057,5,6,NA,7.10825695616921,23.9909071399981
2057-05-07 12:00:00,2057,5,7,NA,7.79125718762158,18.4878919769915
2057-05-08 12:00:00,2057,5,8,NA,3.72925456073192,21.1781755053271
2057-05-09 12:00:00,2057,5,9,NA,8.59693713289854,21.6831432347624
2057-05-10 12:00:00,2057,5,10,NA,9.44547775135459,16.3668491731736
2057-05-11 12:00:00,2057,5,11,NA,12.6889276110429,22.4209795663818
2057-05-12 12:00:00,2057,5,12,NA,7.94678961168468,19.1459161647377
2057-05-13 12:00:00,2057,5,13,NA,8.95736048490671,16.7611251698307
2057-05-14 12:00:00,2057,5,14,NA,6.95948937088789,15.805468075524
2057-05-15 12:00:00,2057,5,15,NA,7.08827330455015,15.0086047662173
2057-05-16 12:00:00,2057,5,16,NA,9.70739999055223,20.4815693439732
2057-05-17 12:00:00,2057,5,17,NA,6.58344887423322,19.194529524889
2057-05-18 12:00:00,2057,5,18,NA,6.95095786762763,18.155351682257
2057-05-19 12:00:00,2057,5,19,NA,5.59441709434354,21.1523340889398
2057-05-20 12:00:00,2057,5,20,NA,10.8037516035527,20.928860944611
2057-05-21 12:00:00,2057,5,21,NA,5.25628675752958,18.0350779435858
2057-05-22 12:00:00,2057,5,22,NA,6.6303868115363,20.1935739365793
2057-05-23 12:00:00,2057,5,23,NA,12.2198895763392,25.1122752820518
2057-05-24 12:00:00,2057,5,24,NA,7.51160664876037,25.0626882509689
2057-05-25 12:00:00,2057,5,25,NA,10.9549123220294,17.8859589126386
2057-05-26 12:00:00,2057,5,26,NA,17.9391039106696,20.871947131969
2057-05-27 12:00:00,2057,5,27,NA,19.2068004833644,22.1437441070758
2057-05-28 12:00:00,2057,5,28,NA,15.5806914565822,21.524304112128
2057-05-29 12:00:00,2057,5,29,NA,16.1419466816163,19.0637440881218
2057-05-30 12:00:00,2057,5,30,NA,17.4450765993485,20.3779198206479
2057-05-31 12:00:00,2057,5,31,NA,16.4712932161116,20.4136638630808
2057-06-01 12:00:00,2057,6,1,NA,13.0398366706008,17.887430497923
2057-06-02 12:00:00,2057,6,2,NA,8.72554335314199,24.302800659113
2057-06-03 12:00:00,2057,6,3,NA,8.70690162042571,20.0422660994959
2057-06-04 12:00:00,2057,6,4,NA,9.01744796945414,18.1862926546869
2057-06-05 12:00:00,2057,6,5,NA,10.7452109936307,21.0522378030999
2057-06-06 12:00:00,2057,6,6,NA,12.4542981667175,21.6709096098947
2057-06-07 12:00:00,2057,6,7,NA,13.2135580488054,26.2232248105928
2057-06-08 12:00:00,2057,6,8,NA,12.2273393724551,29.7519752583005
2057-06-09 12:00:00,2057,6,9,NA,12.640392725309,32.1545446798072
2057-06-10 12:00:00,2057,6,10,NA,16.9086774387334,28.6599655891097
2057-06-11 12:00:00,2057,6,11,NA,10.2552733341841,27.6163673350879
2057-06-12 12:00:00,2057,6,12,NA,17.0947477979546,33.6265707445978
2057-06-13 12:00:00,2057,6,13,NA,16.3100236684316,32.8380646568838
2057-06-14 12:00:00,2057,6,14,NA,14.9836820620865,32.4646567855834
2057-06-15 12:00:00,2057,6,15,NA,17.0337288039352,26.2025734891679
2057-06-16 12:00:00,2057,6,16,NA,14.8729005357166,31.3984460098174
2057-06-17 12:00:00,2057,6,17,NA,15.1086797312208,28.4975106355376
2057-06-18 12:00:00,2057,6,18,NA,15.8793623461979,26.0325460602659
2057-06-19 12:00:00,2057,6,19,NA,15.5294543923269,23.7169694612862
2057-06-20 12:00:00,2057,6,20,NA,17.0260965281028,22.1819104006506
2057-06-21 12:00:00,2057,6,21,NA,15.8591629327274,31.2876002539197
2057-06-22 12:00:00,2057,6,22,NA,15.5583428373123,27.8796517838349
2057-06-23 12:00:00,2057,6,23,NA,15.2367691982127,31.0709640902592
2057-06-24 12:00:00,2057,6,24,NA,16.3186573653037,25.6155629854537
2057-06-25 12:00:00,2057,6,25,NA,17.6751740838119,26.7116628943797
2057-06-26 12:00:00,2057,6,26,NA,14.8019793196832,30.6183672209054
2057-06-27 12:00:00,2057,6,27,NA,12.1408614620244,29.6782702173977
2057-06-28 12:00:00,2057,6,28,NA,11.1300091479059,24.5563717334123
2057-06-29 12:00:00,2057,6,29,NA,9.82136873576456,27.5477819683154
2057-06-30 12:00:00,2057,6,30,NA,10.0804451476901,26.329393690778
2057-07-01 12:00:00,2057,7,1,NA,9.67351599334616,19.8470579876542
2057-07-02 12:00:00,2057,7,2,NA,8.02192394941209,21.9697152291918
2057-07-03 12:00:00,2057,7,3,NA,11.5345338838106,20.7095318825517
2057-07-04 12:00:00,2057,7,4,NA,15.7752190356573,21.6950898315633
2057-07-05 12:00:00,2057,7,5,NA,11.769520041397,23.3206594123134
2057-07-06 12:00:00,2057,7,6,NA,16.3907220513993,23.089680383989
2057-07-07 12:00:00,2057,7,7,NA,12.7166812027881,27.8340230748222
2057-07-08 12:00:00,2057,7,8,NA,10.9981824159027,25.8638696478381
2057-07-09 12:00:00,2057,7,9,NA,15.7481005194736,21.1798639095254
2057-07-10 12:00:00,2057,7,10,NA,11.2420384480148,25.5821852886587
2057-07-11 12:00:00,2057,7,11,NA,15.0196003318733,26.8837201625397
2057-07-12 12:00:00,2057,7,12,NA,17.9109654588779,26.0142957970819
2057-07-13 12:00:00,2057,7,13,NA,20.1317769862694,26.9470466084199
2057-07-14 12:00:00,2057,7,14,NA,20.9590503619376,28.9691164327129
2057-07-15 12:00:00,2057,7,15,NA,18.9089899832608,24.1726506846162
2057-07-16 12:00:00,2057,7,16,NA,20.1083232188508,27.8009211011113
2057-07-17 12:00:00,2057,7,17,NA,20.8115637695918,29.4745609236822
2057-07-18 12:00:00,2057,7,18,NA,17.6251076045858,25.249208538984
2057-07-19 12:00:00,2057,7,19,NA,15.7485105872485,26.3607290198357
2057-07-20 12:00:00,2057,7,20,NA,9.78174310009588,26.7741553245662
2057-07-21 12:00:00,2057,7,21,NA,13.9315704392775,24.476537192684
2057-07-22 12:00:00,2057,7,22,NA,14.6263944232244,25.4679818205273
2057-07-23 12:00:00,2057,7,23,NA,13.7295916140799,23.3234568314637
2057-07-24 12:00:00,2057,7,24,NA,8.69551141541217,26.7913083523504
2057-07-25 12:00:00,2057,7,25,NA,12.1500001324146,31.3677168437631
2057-07-26 12:00:00,2057,7,26,NA,12.5559952815214,30.0975019144422
2057-07-27 12:00:00,2057,7,27,NA,17.0904464160913,24.6153019555396
2057-07-28 12:00:00,2057,7,28,NA,13.508899752144,23.8329059029482
2057-07-29 12:00:00,2057,7,29,NA,13.8790401760385,25.7460927641855
2057-07-30 12:00:00,2057,7,30,NA,11.1380327471586,27.3536119004309
2057-07-31 12:00:00,2057,7,31,NA,14.5231995239426,22.5618225068924
2057-08-01 12:00:00,2057,8,1,NA,12.4910020400635,23.6142310376095
2057-08-02 12:00:00,2057,8,2,NA,9.5322177190101,26.977433477522
2057-08-03 12:00:00,2057,8,3,NA,9.06289485516983,25.8066842678764
2057-08-04 12:00:00,2057,8,4,NA,16.1902741971121,23.3790882722746
2057-08-05 12:00:00,2057,8,5,NA,14.4639847761567,22.3369792579014
2057-08-06 12:00:00,2057,8,6,NA,16.4021834514783,22.1361443950989
2057-08-07 12:00:00,2057,8,7,NA,14.7830802164851,24.4804262794706
2057-08-08 12:00:00,2057,8,8,NA,10.8855351679856,22.621706910067
2057-08-09 12:00:00,2057,8,9,NA,13.6337904682399,22.4666358726808
2057-08-10 12:00:00,2057,8,10,NA,12.9028217292311,20.561434545236
2057-08-11 12:00:00,2057,8,11,NA,11.2309785650801,24.1655292168353
2057-08-12 12:00:00,2057,8,12,NA,13.5129681770897,23.6212225494502
2057-08-13 12:00:00,2057,8,13,NA,18.4371882979109,25.644695595158
2057-08-14 12:00:00,2057,8,14,NA,16.5632584019031,29.1413269310521
2057-08-15 12:00:00,2057,8,15,NA,21.3920186908593,24.1473993433001
2057-08-16 12:00:00,2057,8,16,NA,17.7743985124411,27.9426060485226
2057-08-17 12:00:00,2057,8,17,NA,17.5330551749462,22.783009270566
2057-08-18 12:00:00,2057,8,18,NA,16.6859874300508,24.57169444482
2057-08-19 12:00:00,2057,8,19,NA,13.5399904634216,28.456653506582
2057-08-20 12:00:00,2057,8,20,NA,15.797139243366,30.0494066714111
2057-08-21 12:00:00,2057,8,21,NA,15.4567511490508,28.400092728699
2057-08-22 12:00:00,2057,8,22,NA,14.0781424060053,23.221902862501
2057-08-23 12:00:00,2057,8,23,NA,7.93899042617989,26.310449276772
2057-08-24 12:00:00,2057,8,24,NA,11.7750811111956,25.4784557906742
2057-08-25 12:00:00,2057,8,25,NA,11.973070567676,25.7093424107798
2057-08-26 12:00:00,2057,8,26,NA,11.1490792207866,25.0861322341783
2057-08-27 12:00:00,2057,8,27,NA,16.2214450092643,21.7821970284532
2057-08-28 12:00:00,2057,8,28,NA,16.9708330746955,22.6119878235258
2057-08-29 12:00:00,2057,8,29,NA,15.4879449685728,26.7685239418152
2057-08-30 12:00:00,2057,8,30,NA,13.0326162078039,17.5150686636553
2057-08-31 12:00:00,2057,8,31,NA,12.6973787309313,14.5181783602979
2057-09-01 12:00:00,2057,9,1,NA,7.50554260806794,16.5535073423842
2057-09-02 12:00:00,2057,9,2,NA,6.73854944762449,17.6088049278989
2057-09-03 12:00:00,2057,9,3,NA,11.3026478651845,17.9560886624498
2057-09-04 12:00:00,2057,9,4,NA,10.7566769597898,17.259854553764
2057-09-05 12:00:00,2057,9,5,NA,14.6223429960171,19.3038934405172
2057-09-06 12:00:00,2057,9,6,NA,8.67111302494349,21.1920548057489
2057-09-07 12:00:00,2057,9,7,NA,15.9162667982835,18.3089633719822
2057-09-08 12:00:00,2057,9,8,NA,12.6536629392147,18.4375927434812
2057-09-09 12:00:00,2057,9,9,NA,14.7549854831578,20.9551635182995
2057-09-10 12:00:00,2057,9,10,NA,10.9501647622412,18.683306638033
2057-09-11 12:00:00,2057,9,11,NA,8.5807347029824,16.5213147487287
2057-09-12 12:00:00,2057,9,12,NA,5.13455423557649,20.1718665334841
2057-09-13 12:00:00,2057,9,13,NA,10.0017544985206,22.5496695694323
2057-09-14 12:00:00,2057,9,14,NA,14.45499636879,21.6822768051962
2057-09-15 12:00:00,2057,9,15,NA,14.2156537372802,22.3416337408004
2057-09-16 12:00:00,2057,9,16,NA,11.1575166027847,20.4540042373042
2057-09-17 12:00:00,2057,9,17,NA,12.3211844386696,22.161891436331
2057-09-18 12:00:00,2057,9,18,NA,11.4011480204601,20.077932217329
2057-09-19 12:00:00,2057,9,19,NA,7.29008467736615,24.5830956374849
2057-09-20 12:00:00,2057,9,20,NA,11.8491666796459,26.2787107643207
2057-09-21 12:00:00,2057,9,21,NA,12.386489663924,23.43674041022
2057-09-22 12:00:00,2057,9,22,NA,11.2107871990799,26.020470506616
2057-09-23 12:00:00,2057,9,23,NA,10.1609696588564,26.2936903586505
2057-09-24 12:00:00,2057,9,24,NA,13.884729260299,29.0362740117138
2057-09-25 12:00:00,2057,9,25,NA,13.0243808881136,26.8692721883928
2057-09-26 12:00:00,2057,9,26,NA,13.813904929832,22.187432393386
2057-09-27 12:00:00,2057,9,27,NA,10.8378541978863,19.6770527618863
2057-09-28 12:00:00,2057,9,28,NA,9.28796149285554,20.1939377553544
2057-09-29 12:00:00,2057,9,29,NA,10.6097370859408,21.2464949073994
2057-09-30 12:00:00,2057,9,30,NA,9.17124309531965,20.3189120722965
2057-10-01 12:00:00,2057,10,1,NA,17.76887854997,20.4721386607928
2057-10-02 12:00:00,2057,10,2,NA,20.2181709299704,22.5618424692149
2057-10-03 12:00:00,2057,10,3,NA,15.455248720207,27.3648650583242
2057-10-04 12:00:00,2057,10,4,NA,14.8887304456025,24.2594402000882
2057-10-05 12:00:00,2057,10,5,NA,16.0336064572268,27.5175833616442
2057-10-06 12:00:00,2057,10,6,NA,14.2351802432549,30.7316319305298
2057-10-07 12:00:00,2057,10,7,NA,11.6040452787461,27.6356041736027
2057-10-08 12:00:00,2057,10,8,NA,9.75407488373536,24.7082019781953
2057-10-09 12:00:00,2057,10,9,NA,9.92852204016894,22.6976537147714
2057-10-10 12:00:00,2057,10,10,NA,10.6319155482142,24.4466730164324
2057-10-11 12:00:00,2057,10,11,NA,13.0436309981095,25.5362649630346
2057-10-12 12:00:00,2057,10,12,NA,11.3444199245867,29.2799978245285
2057-10-13 12:00:00,2057,10,13,NA,10.7089905822551,22.5338066520389
2057-10-14 12:00:00,2057,10,14,NA,14.085268090202,25.7262977037647
2057-10-15 12:00:00,2057,10,15,NA,15.9573117467289,20.6389582412939
2057-10-16 12:00:00,2057,10,16,NA,18.5541004807345,23.8620105671772
2057-10-17 12:00:00,2057,10,17,NA,15.9513406290017,19.3682243954939
2057-10-18 12:00:00,2057,10,18,NA,13.2526907429481,15.4088107913237
2057-10-19 12:00:00,2057,10,19,NA,2.43960868439724,12.8726522045677
2057-10-20 12:00:00,2057,10,20,NA,3.3823911079554,17.0476161387706
2057-10-21 12:00:00,2057,10,21,NA,8.57520695873766,20.9083894503967
2057-10-22 12:00:00,2057,10,22,NA,9.14040792077384,22.5208003180802
2057-10-23 12:00:00,2057,10,23,NA,7.91089822589091,19.7476551297318
2057-10-24 12:00:00,2057,10,24,NA,7.7665368843761,17.5071775416284
2057-10-25 12:00:00,2057,10,25,NA,6.61733449309645,16.2968589340085
2057-10-26 12:00:00,2057,10,26,NA,4.4895201442354,18.7608498051224
2057-10-27 12:00:00,2057,10,27,NA,11.4390065157609,21.9736040623177
2057-10-28 12:00:00,2057,10,28,NA,8.29596943012263,14.0335117351092
2057-10-29 12:00:00,2057,10,29,NA,6.54211223001539,14.3032464082172
2057-10-30 12:00:00,2057,10,30,NA,7.36915084640299,10.556787971103
2057-10-31 12:00:00,2057,10,31,NA,8.65367362708676,11.8936978508419
2057-11-01 12:00:00,2057,11,1,NA,6.45797622866784,12.8810652832314
2057-11-02 12:00:00,2057,11,2,NA,2.15158836121688,13.2074205809789
2057-11-03 12:00:00,2057,11,3,NA,-0.37786053676529,6.71938404922678
2057-11-04 12:00:00,2057,11,4,NA,2.7554437767205,12.9934378237122
2057-11-05 12:00:00,2057,11,5,NA,4.88659223389246,13.3095503678771
2057-11-06 12:00:00,2057,11,6,NA,10.292372735851,13.1713154311926
2057-11-07 12:00:00,2057,11,7,NA,10.8910568990957,16.0217486476658
2057-11-08 12:00:00,2057,11,8,NA,10.6137379696524,11.5614117950447
2057-11-09 12:00:00,2057,11,9,NA,10.9562327412675,11.8945411647745
2057-11-10 12:00:00,2057,11,10,NA,4.5362347286924,10.0084235057299
2057-11-11 12:00:00,2057,11,11,NA,6.52340889529163,9.38478300231804
2057-11-12 12:00:00,2057,11,12,NA,4.81311963619109,8.53664947510982
2057-11-13 12:00:00,2057,11,13,NA,4.64452604612736,7.50590015315378
2057-11-14 12:00:00,2057,11,14,NA,-0.469023890827382,0.681913213493117
2057-11-15 12:00:00,2057,11,15,NA,-3.19743388004264,4.89605611226438
2057-11-16 12:00:00,2057,11,16,NA,-4.41444703482587,6.06866922726399
2057-11-17 12:00:00,2057,11,17,NA,-2.70568320060566,6.69611833662052
2057-11-18 12:00:00,2057,11,18,NA,-3.20121042975422,7.44913433954182
2057-11-19 12:00:00,2057,11,19,NA,-0.63919845102497,8.59547050151403
2057-11-20 12:00:00,2057,11,20,NA,5.38902672395497,12.18761649282
2057-11-21 12:00:00,2057,11,21,NA,2.99629271744867,13.2745689046745
2057-11-22 12:00:00,2057,11,22,NA,9.21569383191414,13.9359570532991
2057-11-23 12:00:00,2057,11,23,NA,4.30665736366779,14.5421431832213
2057-11-24 12:00:00,2057,11,24,NA,8.24512534345566,15.2481990567595
2057-11-25 12:00:00,2057,11,25,NA,4.44969021514504,12.7767223611645
2057-11-26 12:00:00,2057,11,26,NA,8.57709505038692,14.2934340917068
2057-11-27 12:00:00,2057,11,27,NA,6.41010896057269,11.1564322125977
2057-11-28 12:00:00,2057,11,28,NA,9.26766345272609,14.0997921238099
2057-11-29 12:00:00,2057,11,29,NA,6.72422462624788,10.6155684778769
2057-11-30 12:00:00,2057,11,30,NA,3.84416832644534,13.8919267743632
2057-12-01 12:00:00,2057,12,1,NA,3.60305584459991,13.9164400946288
2057-12-02 12:00:00,2057,12,2,NA,2.53911270048833,11.6557445217726
2057-12-03 12:00:00,2057,12,3,NA,4.09989288491213,9.62879102293427
2057-12-04 12:00:00,2057,12,4,NA,4.26934435747652,8.83071932799859
2057-12-05 12:00:00,2057,12,5,NA,5.4321775792825,10.2286591609895
2057-12-06 12:00:00,2057,12,6,NA,6.32154029504153,15.2650784624573
2057-12-07 12:00:00,2057,12,7,NA,3.6965959062551,11.6402773413259
2057-12-08 12:00:00,2057,12,8,NA,3.42886625889444,9.8494188839217
2057-12-09 12:00:00,2057,12,9,NA,-1.0375846745566,1.92891398853376
2057-12-10 12:00:00,2057,12,10,NA,-2.04318916878527,1.05815425772351
2057-12-11 12:00:00,2057,12,11,NA,-10.9774845001142,-8.31824663689051
2057-12-12 12:00:00,2057,12,12,NA,-12.234808243755,-3.30545358724786
2057-12-13 12:00:00,2057,12,13,NA,-5.04422514312378,5.15366982767647
2057-12-14 12:00:00,2057,12,14,NA,5.48784313608417,11.8273710973712
2057-12-15 12:00:00,2057,12,15,NA,5.11201874015578,9.16641763766893
2057-12-16 12:00:00,2057,12,16,NA,3.76749113942439,9.68515174362227
2057-12-17 12:00:00,2057,12,17,NA,7.56014157261306,11.3376023898194
2057-12-18 12:00:00,2057,12,18,NA,3.10349480329424,8.02632591533608
2057-12-19 12:00:00,2057,12,19,NA,5.48229396125991,10.043668931782
2057-12-20 12:00:00,2057,12,20,NA,4.53729010492754,9.96365110542455
2057-12-21 12:00:00,2057,12,21,NA,1.53534372814341,7.20924078839283
2057-12-22 12:00:00,2057,12,22,NA,0.0238217549335866,8.23583229593611
2057-12-23 12:00:00,2057,12,23,NA,0.9713311302928,9.63084396662732
2057-12-24 12:00:00,2057,12,24,NA,-2.03540822563256,9.16348136264025
2057-12-25 12:00:00,2057,12,25,NA,1.49838199703488,8.02220711523458
2057-12-26 12:00:00,2057,12,26,NA,1.23251551964286,6.25862425788534
2057-12-27 12:00:00,2057,12,27,NA,0.0903277997916785,9.70725425127812
2057-12-28 12:00:00,2057,12,28,NA,1.0674555798073,9.62227493349828
2057-12-29 12:00:00,2057,12,29,NA,4.11762338758021,11.7859572981663
2057-12-30 12:00:00,2057,12,30,NA,5.33528249741553,10.0886516161839
2057-12-31 12:00:00,2057,12,31,NA,3.2426088758913,14.6679192240963
2058-01-01 12:00:00,2058,1,1,NA,8.63011817772201,13.5950486429753
2058-01-02 12:00:00,2058,1,2,NA,7.23917611411562,12.3378437481988
2058-01-03 12:00:00,2058,1,3,NA,5.04594535752939,13.5208413340685
2058-01-04 12:00:00,2058,1,4,NA,4.97416714293884,6.98143198101119
2058-01-05 12:00:00,2058,1,5,NA,4.37716092492228,6.4483701388481
2058-01-06 12:00:00,2058,1,6,NA,2.52330054696588,3.415854759041
2058-01-07 12:00:00,2058,1,7,NA,1.18145348839907,2.10643950321882
2058-01-08 12:00:00,2058,1,8,NA,0.190384861534518,2.19454461620153
2058-01-09 12:00:00,2058,1,9,NA,3.09969602735776,2.99423914602503
2058-01-10 12:00:00,2058,1,10,NA,-0.917332802250309,0.1284558475803
2058-01-11 12:00:00,2058,1,11,NA,-4.94221322383575,-1.85536893371939
2058-01-12 12:00:00,2058,1,12,NA,-8.03997342362326,-0.960611335177647
2058-01-13 12:00:00,2058,1,13,NA,-0.304983941178557,5.57954301553644
2058-01-14 12:00:00,2058,1,14,NA,-3.36975106582091,-1.00632040076746
2058-01-15 12:00:00,2058,1,15,NA,-4.29703989045005,-0.0551001391951345
2058-01-16 12:00:00,2058,1,16,NA,-5.44884045619398,0.526395890369301
2058-01-17 12:00:00,2058,1,17,NA,-6.3911759399532,-1.88620750665245
2058-01-18 12:00:00,2058,1,18,NA,1.91050070141403,6.98595525014935
2058-01-19 12:00:00,2058,1,19,NA,0.409412236381039,8.12348030415111
2058-01-20 12:00:00,2058,1,20,NA,1.47359264308034,4.6200756236334
2058-01-21 12:00:00,2058,1,21,NA,4.01534153465121,7.78683696291682
2058-01-22 12:00:00,2058,1,22,NA,8.04342787524257,12.2374361194589
2058-01-23 12:00:00,2058,1,23,NA,10.6301626548787,14.4572138436405
2058-01-24 12:00:00,2058,1,24,NA,10.7184835115215,16.9268937125123
2058-01-25 12:00:00,2058,1,25,NA,6.15215189160087,16.0962763500671
2058-01-26 12:00:00,2058,1,26,NA,9.59902219826332,21.0521781129526
2058-01-27 12:00:00,2058,1,27,NA,10.493329491725,15.8196596202526
2058-01-28 12:00:00,2058,1,28,NA,8.89179996036144,12.5031001384808
2058-01-29 12:00:00,2058,1,29,NA,7.99934370255356,14.2896169531178
2058-01-30 12:00:00,2058,1,30,NA,10.1384958244911,16.6705139299615
2058-01-31 12:00:00,2058,1,31,NA,6.57212211612679,17.3028081313806
2058-02-01 12:00:00,2058,2,1,NA,6.02387260124165,16.3809350754283
2058-02-02 12:00:00,2058,2,2,NA,8.22784800886642,12.4249492930802
2058-02-03 12:00:00,2058,2,3,NA,3.24065330505391,5.28558170042788
2058-02-04 12:00:00,2058,2,4,NA,-0.584352399120967,7.49730093968858
2058-02-05 12:00:00,2058,2,5,NA,8.94661715607036,13.8638988668385
2058-02-06 12:00:00,2058,2,6,NA,4.89797021750878,11.9240822078659
2058-02-07 12:00:00,2058,2,7,NA,4.52902554005085,11.5600703160694
2058-02-08 12:00:00,2058,2,8,NA,6.28489702622209,14.3707572178787
2058-02-09 12:00:00,2058,2,9,NA,7.87151520921012,12.3076639358624
2058-02-10 12:00:00,2058,2,10,NA,5.84233896860458,9.98395245966949
2058-02-11 12:00:00,2058,2,11,NA,6.44213072223384,13.9438752858257
2058-02-12 12:00:00,2058,2,12,NA,2.17315033086694,7.41652598575501
2058-02-13 12:00:00,2058,2,13,NA,5.54744374957556,9.64607428051359
2058-02-14 12:00:00,2058,2,14,NA,-2.45880667833348,4.04307896067319
2058-02-15 12:00:00,2058,2,15,NA,3.04075901579767,6.11418058340831
2058-02-16 12:00:00,2058,2,16,NA,3.78010095792923,7.18583264532697
2058-02-17 12:00:00,2058,2,17,NA,2.92412277675151,6.97891779056102
2058-02-18 12:00:00,2058,2,18,NA,-0.397273873896864,7.89937536766379
2058-02-19 12:00:00,2058,2,19,NA,4.41060879083727,8.93843414739487
2058-02-20 12:00:00,2058,2,20,NA,3.48572495375025,6.73238954557452
2058-02-21 12:00:00,2058,2,21,NA,-1.10037105461095,4.53615749493513
2058-02-22 12:00:00,2058,2,22,NA,-2.29498999965575,3.6271701637016
2058-02-23 12:00:00,2058,2,23,NA,0.790067737108451,3.36527320073791
2058-02-24 12:00:00,2058,2,24,NA,-1.08846547023612,3.14457059018729
2058-02-25 12:00:00,2058,2,25,NA,-4.3878079520318,-1.72698840362657
2058-02-26 12:00:00,2058,2,26,NA,-3.54710309942695,3.69415754748556
2058-02-27 12:00:00,2058,2,27,NA,-6.62482213509177,3.16886204673721
2058-02-28 12:00:00,2058,2,28,NA,0.7464198024047,5.62126112913277
2058-03-01 12:00:00,2058,3,1,NA,-1.16723834496354,4.78444038170472
2058-03-02 12:00:00,2058,3,2,NA,0.580275359956978,9.85624070335141
2058-03-03 12:00:00,2058,3,3,NA,0.385513110602264,9.69401570214087
2058-03-04 12:00:00,2058,3,4,NA,-3.17055778670245,4.64846297486379
2058-03-05 12:00:00,2058,3,5,NA,-2.06410270798519,10.5009559897805
2058-03-06 12:00:00,2058,3,6,NA,-4.89947068278083,15.5205951005061
2058-03-07 12:00:00,2058,3,7,NA,-3.1080161494868,12.9076083480149
2058-03-08 12:00:00,2058,3,8,NA,-2.62995608933117,10.1041681357328
2058-03-09 12:00:00,2058,3,9,NA,2.65618841842874,9.09037824570829
2058-03-10 12:00:00,2058,3,10,NA,4.8734748405377,9.99058537872517
2058-03-11 12:00:00,2058,3,11,NA,1.48582221622096,14.3281071820044
2058-03-12 12:00:00,2058,3,12,NA,3.52973760709518,9.48782527941382
2058-03-13 12:00:00,2058,3,13,NA,1.29155197925947,8.75409492276271
2058-03-14 12:00:00,2058,3,14,NA,3.32995692863111,10.1256251792706
2058-03-15 12:00:00,2058,3,15,NA,-0.0246776054086926,17.3035557686687
2058-03-16 12:00:00,2058,3,16,NA,0.109614540019333,18.7613155159817
2058-03-17 12:00:00,2058,3,17,NA,9.09508325512676,17.7109535630042
2058-03-18 12:00:00,2058,3,18,NA,4.08963465390032,12.1025525966651
2058-03-19 12:00:00,2058,3,19,NA,2.66000665868659,14.8525826955885
2058-03-20 12:00:00,2058,3,20,NA,2.93634094484874,15.9552947620385
2058-03-21 12:00:00,2058,3,21,NA,3.206159366401,23.3849848122708
2058-03-22 12:00:00,2058,3,22,NA,9.16401484848012,19.3562921691059
2058-03-23 12:00:00,2058,3,23,NA,11.8615755494033,16.023818840472
2058-03-24 12:00:00,2058,3,24,NA,11.0275254696767,17.1119204414714
2058-03-25 12:00:00,2058,3,25,NA,8.23393869269175,16.8498090005692
2058-03-26 12:00:00,2058,3,26,NA,8.10604555568334,12.5419037216538
2058-03-27 12:00:00,2058,3,27,NA,4.43860524682614,9.8319310395116
2058-03-28 12:00:00,2058,3,28,NA,0.026776823261331,18.3161710382592
2058-03-29 12:00:00,2058,3,29,NA,6.93341145075213,14.3904531554586
2058-03-30 12:00:00,2058,3,30,NA,4.77774842381596,13.5032482892299
2058-03-31 12:00:00,2058,3,31,NA,4.9490560876806,10.9504119865721
2058-04-01 12:00:00,2058,4,1,NA,5.96920661972994,12.0536015915246
2058-04-02 12:00:00,2058,4,2,NA,2.11830730569674,14.8086174471981
2058-04-03 12:00:00,2058,4,3,NA,0.86872619302655,13.5503297368556
2058-04-04 12:00:00,2058,4,4,NA,-0.747490066049872,15.6078679869395
2058-04-05 12:00:00,2058,4,5,NA,-0.214735019981359,11.3753042273397
2058-04-06 12:00:00,2058,4,6,NA,-0.765073892320029,16.6591659176897
2058-04-07 12:00:00,2058,4,7,NA,3.32941474034419,16.7121008205441
2058-04-08 12:00:00,2058,4,8,NA,10.0359090099542,30.1260635213892
2058-04-09 12:00:00,2058,4,9,NA,10.4368679949182,25.1277423825375
2058-04-10 12:00:00,2058,4,10,NA,12.8957979414212,22.0584228698608
2058-04-11 12:00:00,2058,4,11,NA,13.8965986849485,22.2188355920791
2058-04-12 12:00:00,2058,4,12,NA,14.9458281032687,23.8072643324333
2058-04-13 12:00:00,2058,4,13,NA,6.55825987823373,26.3673165583177
2058-04-14 12:00:00,2058,4,14,NA,10.3796376818165,20.2023660299735
2058-04-15 12:00:00,2058,4,15,NA,8.32766987425989,18.8890821209011
2058-04-16 12:00:00,2058,4,16,NA,4.68570113139417,22.604303019517
2058-04-17 12:00:00,2058,4,17,NA,7.92118215918226,21.6396949854723
2058-04-18 12:00:00,2058,4,18,NA,5.41345855700909,26.6344465803916
2058-04-19 12:00:00,2058,4,19,NA,9.9161423635786,29.0464158362355
2058-04-20 12:00:00,2058,4,20,NA,8.23741110740578,25.6616509174155
2058-04-21 12:00:00,2058,4,21,NA,6.51055738055865,23.5187045155506
2058-04-22 12:00:00,2058,4,22,NA,3.70138738673349,24.563129296862
2058-04-23 12:00:00,2058,4,23,NA,1.66620004366433,16.8513082289552
2058-04-24 12:00:00,2058,4,24,NA,7.7148733141097,18.8753986976028
2058-04-25 12:00:00,2058,4,25,NA,2.48470924457644,20.6745579621015
2058-04-26 12:00:00,2058,4,26,NA,5.53494921948042,22.4701595612404
2058-04-27 12:00:00,2058,4,27,NA,8.04664863721842,17.7717786156916
2058-04-28 12:00:00,2058,4,28,NA,10.2407371000781,18.4059507484609
2058-04-29 12:00:00,2058,4,29,NA,9.51219735756471,15.5793524425307
2058-04-30 12:00:00,2058,4,30,NA,7.3012259716469,18.8397210175983
2058-05-01 12:00:00,2058,5,1,NA,5.20174502919812,16.9192565101814
2058-05-02 12:00:00,2058,5,2,NA,8.6037430293222,17.0538150050029
2058-05-03 12:00:00,2058,5,3,NA,13.0637401869859,18.9329837163852
2058-05-04 12:00:00,2058,5,4,NA,14.2029908187212,20.1278310467417
2058-05-05 12:00:00,2058,5,5,NA,12.0658835496281,19.5836297035425
2058-05-06 12:00:00,2058,5,6,NA,7.48642134877965,16.2967071227259
2058-05-07 12:00:00,2058,5,7,NA,4.39087006778902,15.5899966208421
2058-05-08 12:00:00,2058,5,8,NA,3.49749285916625,18.0933173228732
2058-05-09 12:00:00,2058,5,9,NA,2.25105767831847,18.969524424378
2058-05-10 12:00:00,2058,5,10,NA,0.423606295570982,18.4707222673738
2058-05-11 12:00:00,2058,5,11,NA,2.15143291385587,15.9257291773242
2058-05-12 12:00:00,2058,5,12,NA,8.98871165124438,15.3344427959261
2058-05-13 12:00:00,2058,5,13,NA,9.65010498856631,14.2286285273545
2058-05-14 12:00:00,2058,5,14,NA,11.8912441289078,15.833614775877
2058-05-15 12:00:00,2058,5,15,NA,11.3088436903573,14.5271964987219
2058-05-16 12:00:00,2058,5,16,NA,9.10007442077442,18.8008507905914
2058-05-17 12:00:00,2058,5,17,NA,8.74836978330828,21.5706979424395
2058-05-18 12:00:00,2058,5,18,NA,9.64836376068034,16.7359630491183
2058-05-19 12:00:00,2058,5,19,NA,11.223238731117,15.1656093780863
2058-05-20 12:00:00,2058,5,20,NA,6.95664742401389,18.1557739770669
2058-05-21 12:00:00,2058,5,21,NA,12.4803741932502,16.3821966398676
2058-05-22 12:00:00,2058,5,22,NA,8.42831974186187,14.226897985447
2058-05-23 12:00:00,2058,5,23,NA,8.08109974134741,14.8606561460478
2058-05-24 12:00:00,2058,5,24,NA,5.42783099578576,20.1017843146602
2058-05-25 12:00:00,2058,5,25,NA,10.9647633002237,17.1483351515714
2058-05-26 12:00:00,2058,5,26,NA,12.8042015488882,20.6350033900335
2058-05-27 12:00:00,2058,5,27,NA,9.77043775259975,22.8601042966539
2058-05-28 12:00:00,2058,5,28,NA,10.9648743671442,18.8852058288113
2058-05-29 12:00:00,2058,5,29,NA,13.3945091969716,19.265320656334
2058-05-30 12:00:00,2058,5,30,NA,15.5481646804767,25.1014069712397
2058-05-31 12:00:00,2058,5,31,NA,18.4050131530529,28.0942386459532
2058-06-01 12:00:00,2058,6,1,NA,21.4311588291219,27.3747714846678
2058-06-02 12:00:00,2058,6,2,NA,16.8583352756456,26.7419602018632
2058-06-03 12:00:00,2058,6,3,NA,12.4330090828678,27.9018783401383
2058-06-04 12:00:00,2058,6,4,NA,13.9034244338155,25.1127636945503
2058-06-05 12:00:00,2058,6,5,NA,13.794120612582,27.0775940283131
2058-06-06 12:00:00,2058,6,6,NA,12.3207486546534,27.6305206800301
2058-06-07 12:00:00,2058,6,7,NA,11.8554638384465,29.7235914274845
2058-06-08 12:00:00,2058,6,8,NA,8.18643048878325,28.3597921084849
2058-06-09 12:00:00,2058,6,9,NA,10.8081221290283,29.4763575530729
2058-06-10 12:00:00,2058,6,10,NA,9.9486360482001,29.4986676032311
2058-06-11 12:00:00,2058,6,11,NA,8.84926681102898,24.8114540904489
2058-06-12 12:00:00,2058,6,12,NA,5.53313408418937,22.0586795582901
2058-06-13 12:00:00,2058,6,13,NA,9.44394423912541,26.9758767149059
2058-06-14 12:00:00,2058,6,14,NA,9.05605453060826,19.6332985052926
2058-06-15 12:00:00,2058,6,15,NA,6.88602640358319,22.0483055728621
2058-06-16 12:00:00,2058,6,16,NA,9.745921433073,21.1096653537299
2058-06-17 12:00:00,2058,6,17,NA,10.8254984746886,22.0348377354234
2058-06-18 12:00:00,2058,6,18,NA,17.4739431832896,23.6713587415311
2058-06-19 12:00:00,2058,6,19,NA,18.1720727590008,21.9535583630745
2058-06-20 12:00:00,2058,6,20,NA,16.5379805828056,26.8677373514173
2058-06-21 12:00:00,2058,6,21,NA,13.4676790612723,23.8746399759305
2058-06-22 12:00:00,2058,6,22,NA,10.7961712011711,25.1988791046158
2058-06-23 12:00:00,2058,6,23,NA,10.1467896274988,25.6373038065849
2058-06-24 12:00:00,2058,6,24,NA,12.8472215756359,22.6241132562319
2058-06-25 12:00:00,2058,6,25,NA,14.0647661724428,26.3054398806591
2058-06-26 12:00:00,2058,6,26,NA,15.3610676746846,24.2161916052524
2058-06-27 12:00:00,2058,6,27,NA,18.7225046034724,25.080275679777
2058-06-28 12:00:00,2058,6,28,NA,16.615858930301,24.7887892296215
2058-06-29 12:00:00,2058,6,29,NA,19.0873147984798,24.2396978588715
2058-06-30 12:00:00,2058,6,30,NA,18.384462819565,25.611598908262
2058-07-01 12:00:00,2058,7,1,NA,12.416242727658,19.6464964315136
2058-07-02 12:00:00,2058,7,2,NA,8.56561132714163,18.9981700386182
2058-07-03 12:00:00,2058,7,3,NA,12.2372551631977,21.2279625136757
2058-07-04 12:00:00,2058,7,4,NA,13.3965072442429,20.937719334496
2058-07-05 12:00:00,2058,7,5,NA,11.5966996453624,21.4601473666421
2058-07-06 12:00:00,2058,7,6,NA,9.06992020634651,21.9495888746664
2058-07-07 12:00:00,2058,7,7,NA,11.3661496283481,18.0204169239216
2058-07-08 12:00:00,2058,7,8,NA,8.04939693285706,22.1699693445555
2058-07-09 12:00:00,2058,7,9,NA,7.08839547305882,24.4615689478064
2058-07-10 12:00:00,2058,7,10,NA,13.3883436828509,29.3327281254822
2058-07-11 12:00:00,2058,7,11,NA,19.0615313731596,31.8576461203854
2058-07-12 12:00:00,2058,7,12,NA,18.3131079609482,33.5020905835084
2058-07-13 12:00:00,2058,7,13,NA,16.7396727846583,28.3864339500886
2058-07-14 12:00:00,2058,7,14,NA,14.9611365445549,24.2239815139393
2058-07-15 12:00:00,2058,7,15,NA,18.2499625957192,26.9622897507195
2058-07-16 12:00:00,2058,7,16,NA,15.7151250403035,23.9288614239168
2058-07-17 12:00:00,2058,7,17,NA,13.4299270091015,24.4224561737903
2058-07-18 12:00:00,2058,7,18,NA,16.6830760091408,21.6160990178206
2058-07-19 12:00:00,2058,7,19,NA,15.0986584778059,21.2179076093457
2058-07-20 12:00:00,2058,7,20,NA,10.9533569107781,21.5690082359179
2058-07-21 12:00:00,2058,7,21,NA,11.4666166861208,21.876003467625
2058-07-22 12:00:00,2058,7,22,NA,10.4446401762646,23.77025201952
2058-07-23 12:00:00,2058,7,23,NA,11.2613136580894,24.1618489312861
2058-07-24 12:00:00,2058,7,24,NA,13.4366879856363,29.2298138020293
2058-07-25 12:00:00,2058,7,25,NA,18.1925665894898,27.1240737502915
2058-07-26 12:00:00,2058,7,26,NA,20.7938677823414,25.812786645977
2058-07-27 12:00:00,2058,7,27,NA,18.3359673438678,28.8587398582041
2058-07-28 12:00:00,2058,7,28,NA,15.9243819643885,31.0417238364226
2058-07-29 12:00:00,2058,7,29,NA,13.5950720144065,24.9563385876615
2058-07-30 12:00:00,2058,7,30,NA,14.856798302058,25.5670717770816
2058-07-31 12:00:00,2058,7,31,NA,16.5913874767703,19.4428026518537
2058-08-01 12:00:00,2058,8,1,NA,13.8481325682259,16.6857077033523
2058-08-02 12:00:00,2058,8,2,NA,15.9573225810953,19.176610483897
2058-08-03 12:00:00,2058,8,3,NA,13.3786268684162,22.6250179881902
2058-08-04 12:00:00,2058,8,4,NA,13.4612505289116,21.3342450106562
2058-08-05 12:00:00,2058,8,5,NA,12.6212217191552,21.8715914414886
2058-08-06 12:00:00,2058,8,6,NA,13.5473287060469,21.6599571010492
2058-08-07 12:00:00,2058,8,7,NA,14.7738716893532,21.1368468829694
2058-08-08 12:00:00,2058,8,8,NA,16.4792933901889,21.0668939988965
2058-08-09 12:00:00,2058,8,9,NA,16.9116873450886,19.6670679975293
2058-08-10 12:00:00,2058,8,10,NA,18.2679361866708,21.6770825288481
2058-08-11 12:00:00,2058,8,11,NA,15.1161394436712,22.4577392257224
2058-08-12 12:00:00,2058,8,12,NA,13.4000386539618,22.6570628996344
2058-08-13 12:00:00,2058,8,13,NA,12.4660003047102,23.305023467452
2058-08-14 12:00:00,2058,8,14,NA,10.9382258248794,21.2452497719194
2058-08-15 12:00:00,2058,8,15,NA,9.97416048277966,19.7924307918166
2058-08-16 12:00:00,2058,8,16,NA,11.0245423276215,23.6593571440533
2058-08-17 12:00:00,2058,8,17,NA,12.2441710154259,27.1361272560381
2058-08-18 12:00:00,2058,8,18,NA,11.9084686410244,25.4411001409088
2058-08-19 12:00:00,2058,8,19,NA,11.7023322575188,26.2846202127516
2058-08-20 12:00:00,2058,8,20,NA,11.2901743743122,24.7615760150557
2058-08-21 12:00:00,2058,8,21,NA,14.0018658638389,24.2511136496238
2058-08-22 12:00:00,2058,8,22,NA,13.2202223032266,18.8613770520568
2058-08-23 12:00:00,2058,8,23,NA,10.7959055401898,17.9847196153523
2058-08-24 12:00:00,2058,8,24,NA,9.68752978380607,18.9378995061395
2058-08-25 12:00:00,2058,8,25,NA,13.1976223811273,21.2805144993119
2058-08-26 12:00:00,2058,8,26,NA,9.95217803757902,24.5810869528566
2058-08-27 12:00:00,2058,8,27,NA,9.03600126881888,26.8256189329071
2058-08-28 12:00:00,2058,8,28,NA,14.3783712762995,28.9606592315323
2058-08-29 12:00:00,2058,8,29,NA,15.4234222320854,29.9221304896754
2058-08-30 12:00:00,2058,8,30,NA,14.4090799050832,21.6165872023304
2058-08-31 12:00:00,2058,8,31,NA,15.6012484368325,18.360007540403
2058-09-01 12:00:00,2058,9,1,NA,15.2745617784623,19.8651188392566
2058-09-02 12:00:00,2058,9,2,NA,14.0439160576003,19.8747164839362
2058-09-03 12:00:00,2058,9,3,NA,15.1934418971734,22.9227363750741
2058-09-04 12:00:00,2058,9,4,NA,13.9475264065367,23.7369693937979
2058-09-05 12:00:00,2058,9,5,NA,16.2341867768222,23.0217522418576
2058-09-06 12:00:00,2058,9,6,NA,15.5852810655484,21.2466573080011
2058-09-07 12:00:00,2058,9,7,NA,19.3568990089252,25.2703083595425
2058-09-08 12:00:00,2058,9,8,NA,18.4462610117402,27.5608641177795
2058-09-09 12:00:00,2058,9,9,NA,21.4942530672506,27.3541112544445
2058-09-10 12:00:00,2058,9,10,NA,22.3912244015237,29.1456320214834
2058-09-11 12:00:00,2058,9,11,NA,17.5034695844029,24.1569103816682
2058-09-12 12:00:00,2058,9,12,NA,18.1374539656662,21.729213034063
2058-09-13 12:00:00,2058,9,13,NA,15.1014829016322,19.5386143782098
2058-09-14 12:00:00,2058,9,14,NA,12.1983792560001,24.8221738220559
2058-09-15 12:00:00,2058,9,15,NA,16.0757918963858,26.9628100842389
2058-09-16 12:00:00,2058,9,16,NA,14.2321761529921,26.2029562526432
2058-09-17 12:00:00,2058,9,17,NA,14.5589080406531,25.7605598447428
2058-09-18 12:00:00,2058,9,18,NA,16.5801377340166,21.1853615456073
2058-09-19 12:00:00,2058,9,19,NA,14.2876450824115,23.2792937266363
2058-09-20 12:00:00,2058,9,20,NA,10.6608375684786,23.9372508640122
2058-09-21 12:00:00,2058,9,21,NA,14.771464448485,23.0386768879874
2058-09-22 12:00:00,2058,9,22,NA,15.1455728330612,20.5430105836295
2058-09-23 12:00:00,2058,9,23,NA,14.1604271347224,18.7369903842143
2058-09-24 12:00:00,2058,9,24,NA,11.3017028306582,17.2329644379827
2058-09-25 12:00:00,2058,9,25,NA,9.06107765974545,20.628266221425
2058-09-26 12:00:00,2058,9,26,NA,7.20562126379448,14.6351723982191
2058-09-27 12:00:00,2058,9,27,NA,9.83537779030981,13.3794091419161
2058-09-28 12:00:00,2058,9,28,NA,9.39670226616906,16.0963683417062
2058-09-29 12:00:00,2058,9,29,NA,7.715861773813,19.6507581916547
2058-09-30 12:00:00,2058,9,30,NA,9.04562845815552,19.4354206877482
2058-10-01 12:00:00,2058,10,1,NA,6.220701206198,19.4353888841846
2058-10-02 12:00:00,2058,10,2,NA,10.1062669418357,20.0553424808504
2058-10-03 12:00:00,2058,10,3,NA,8.58546764434257,22.9344532891696
2058-10-04 12:00:00,2058,10,4,NA,4.85985074174134,16.5931009579213
2058-10-05 12:00:00,2058,10,5,NA,11.4798553014057,23.4125881789731
2058-10-06 12:00:00,2058,10,6,NA,11.75949239397,22.5671908622875
2058-10-07 12:00:00,2058,10,7,NA,12.214623803255,17.6015902923823
2058-10-08 12:00:00,2058,10,8,NA,13.1130215836154,16.335988827121
2058-10-09 12:00:00,2058,10,9,NA,12.1553767712468,15.3783440147524
2058-10-10 12:00:00,2058,10,10,NA,7.25329063435044,17.6350348264002
2058-10-11 12:00:00,2058,10,11,NA,7.751685482911,15.0692112146857
2058-10-12 12:00:00,2058,10,12,NA,16.4826717365631,21.2377311689221
2058-10-13 12:00:00,2058,10,13,NA,13.4201170361319,21.0912735594393
2058-10-14 12:00:00,2058,10,14,NA,10.7612599312218,19.2659887081275
2058-10-15 12:00:00,2058,10,15,NA,13.0960187020144,22.5565750511825
2058-10-16 12:00:00,2058,10,16,NA,14.1290718169847,16.2795415039425
2058-10-17 12:00:00,2058,10,17,NA,13.3110150760858,16.5204864526713
2058-10-18 12:00:00,2058,10,18,NA,11.3136581095368,17.7943279470209
2058-10-19 12:00:00,2058,10,19,NA,15.2765433497223,21.3329635022673
2058-10-20 12:00:00,2058,10,20,NA,12.6427404535677,22.3616189324442
2058-10-21 12:00:00,2058,10,21,NA,8.58834782889743,20.9816582339954
2058-10-22 12:00:00,2058,10,22,NA,6.16689777402304,19.1427136137627
2058-10-23 12:00:00,2058,10,23,NA,11.3580627014049,18.1429260030357
2058-10-24 12:00:00,2058,10,24,NA,7.80638187454194,15.4865820755913
2058-10-25 12:00:00,2058,10,25,NA,7.04873792773682,12.1225824412006
2058-10-26 12:00:00,2058,10,26,NA,6.86094012783151,15.9540134930344
2058-10-27 12:00:00,2058,10,27,NA,10.6339831511598,14.9872645699495
2058-10-28 12:00:00,2058,10,28,NA,9.23147276773737,11.4031361843217
2058-10-29 12:00:00,2058,10,29,NA,9.62389892069687,15.0038968060168
2058-10-30 12:00:00,2058,10,30,NA,10.0546241273708,16.9441903750719
2058-10-31 12:00:00,2058,10,31,NA,10.4739151718352,20.7476633162985
2058-11-01 12:00:00,2058,11,1,NA,10.8261719581377,19.9192453233405
2058-11-02 12:00:00,2058,11,2,NA,12.2300758957127,16.4698474981911
2058-11-03 12:00:00,2058,11,3,NA,8.67733055469122,13.1855088838524
2058-11-04 12:00:00,2058,11,4,NA,7.40046160551833,14.9922712413129
2058-11-05 12:00:00,2058,11,5,NA,3.53907782674586,11.9423683826195
2058-11-06 12:00:00,2058,11,6,NA,7.52028292463571,16.9022257896629
2058-11-07 12:00:00,2058,11,7,NA,9.14979104281637,12.1458430441689
2058-11-08 12:00:00,2058,11,8,NA,5.84267661510868,12.6412663839737
2058-11-09 12:00:00,2058,11,9,NA,4.44977741153813,12.2960104507852
2058-11-10 12:00:00,2058,11,10,NA,6.53609925999185,13.478304573929
2058-11-11 12:00:00,2058,11,11,NA,8.46663629575429,13.1750689226826
2058-11-12 12:00:00,2058,11,12,NA,6.98054745740826,13.5865866613036
2058-11-13 12:00:00,2058,11,13,NA,7.46825389866185,14.2668436675269
2058-11-14 12:00:00,2058,11,14,NA,3.38886393519154,14.3273620426157
2058-11-15 12:00:00,2058,11,15,NA,8.7336452648924,12.6643616502928
2058-11-16 12:00:00,2058,11,16,NA,6.6179554535032,10.3473039549935
2058-11-17 12:00:00,2058,11,17,NA,5.3254727830062,13.0503847314004
2058-11-18 12:00:00,2058,11,18,NA,2.45968766138901,8.06755024200228
2058-11-19 12:00:00,2058,11,19,NA,5.32887123351055,8.1752614729196
2058-11-20 12:00:00,2058,11,20,NA,5.53779212599541,10.5567912189424
2058-11-21 12:00:00,2058,11,21,NA,3.90941715566479,8.77706591183512
2058-11-22 12:00:00,2058,11,22,NA,-0.203501041391255,7.3270033803842
2058-11-23 12:00:00,2058,11,23,NA,2.25247912748941,6.92652186727672
2058-11-24 12:00:00,2058,11,24,NA,1.39289369424189,6.57890370627178
2058-11-25 12:00:00,2058,11,25,NA,3.04232109001564,8.0046669379222
2058-11-26 12:00:00,2058,11,26,NA,2.99608073458931,6.90656183460993
2058-11-27 12:00:00,2058,11,27,NA,0.44995026809424,8.21464550348779
2058-11-28 12:00:00,2058,11,28,NA,-0.780900636896446,8.1183819679243
2058-11-29 12:00:00,2058,11,29,NA,3.06238922941619,6.78591906833492
2058-11-30 12:00:00,2058,11,30,NA,3.34223318968342,10.2257928429082
2058-12-01 12:00:00,2058,12,1,NA,3.68958595911795,7.47927280671973
2058-12-02 12:00:00,2058,12,2,NA,3.67376668944471,8.48583314197615
2058-12-03 12:00:00,2058,12,3,NA,1.68776191461588,8.60962657503882
2058-12-04 12:00:00,2058,12,4,NA,0.720766455960824,4.68113683622471
2058-12-05 12:00:00,2058,12,5,NA,4.64398136663358,7.49087487923164
2058-12-06 12:00:00,2058,12,6,NA,7.32318272178845,11.3480371244541
2058-12-07 12:00:00,2058,12,7,NA,4.15424590960021,10.1514840517735
2058-12-08 12:00:00,2058,12,8,NA,3.36393077790959,10.4967264901632
2058-12-09 12:00:00,2058,12,9,NA,4.41132207187526,11.5432169277801
2058-12-10 12:00:00,2058,12,10,NA,7.77873125569004,16.5026517338592
2058-12-11 12:00:00,2058,12,11,NA,7.94673257020119,12.3637659376798
2058-12-12 12:00:00,2058,12,12,NA,10.2859489180163,17.402508699414
2058-12-13 12:00:00,2058,12,13,NA,10.5434295293608,16.4151729948101
2058-12-14 12:00:00,2058,12,14,NA,7.93894271405122,13.7613075423231
2058-12-15 12:00:00,2058,12,15,NA,9.09749766616082,14.2517430908019
2058-12-16 12:00:00,2058,12,16,NA,8.60494616465152,17.9888918858515
2058-12-17 12:00:00,2058,12,17,NA,10.3835168088453,14.4326617049597
2058-12-18 12:00:00,2058,12,18,NA,8.33322255884112,14.2560271986284
2058-12-19 12:00:00,2058,12,19,NA,4.3550968177319,7.40928994239354
2058-12-20 12:00:00,2058,12,20,NA,-2.30282415177423,1.76993134095792
2058-12-21 12:00:00,2058,12,21,NA,-1.83289403429999,1.18645063723718
2058-12-22 12:00:00,2058,12,22,NA,-3.29821718246094,1.72728069072517
2058-12-23 12:00:00,2058,12,23,NA,-2.00369613352966,2.0690593592025
2058-12-24 12:00:00,2058,12,24,NA,-5.4665137357842,4.44692568957785
2058-12-25 12:00:00,2058,12,25,NA,0.44081385719714,8.3447117386036
2058-12-26 12:00:00,2058,12,26,NA,1.80739618780321,9.07654654991731
2058-12-27 12:00:00,2058,12,27,NA,0.865625163797113,5.96189687256191
2058-12-28 12:00:00,2058,12,28,NA,0.134743587542896,4.30885359145948
2058-12-29 12:00:00,2058,12,29,NA,-1.61453356193929,0.788943744752122
2058-12-30 12:00:00,2058,12,30,NA,0.699934935895808,3.758875831235
2058-12-31 12:00:00,2058,12,31,NA,0.974839730976361,7.08841022638994
2059-01-01 12:00:00,2059,1,1,NA,4.03161069807863,11.9355085794851
2059-01-02 12:00:00,2059,1,2,NA,3.30127271634575,12.1787101604203
2059-01-03 12:00:00,2059,1,3,NA,9.06368914680421,12.8351845750698
2059-01-04 12:00:00,2059,1,4,NA,7.08987330183003,11.3308175735254
2059-01-05 12:00:00,2059,1,5,NA,6.48678712949839,13.690444123996
2059-01-06 12:00:00,2059,1,6,NA,0.0751594565951645,11.8337308162585
2059-01-07 12:00:00,2059,1,7,NA,-2.37996754227684,4.69939454616878
2059-01-08 12:00:00,2059,1,8,NA,1.02767235484485,9.06287564973307
2059-01-09 12:00:00,2059,1,9,NA,9.15578365237099,14.290487411044
2059-01-10 12:00:00,2059,1,10,NA,7.3523551219249,10.1222349655987
2059-01-11 12:00:00,2059,1,11,NA,9.86581321722998,12.9914455246689
2059-01-12 12:00:00,2059,1,12,NA,3.85717462736654,9.18350475589415
2059-01-13 12:00:00,2059,1,13,NA,3.80103076627925,9.54903247800595
2059-01-14 12:00:00,2059,1,14,NA,1.18197814995508,12.7004756806032
2059-01-15 12:00:00,2059,1,15,NA,4.09805149259698,11.3137796444336
2059-01-16 12:00:00,2059,1,16,NA,6.52616822255285,12.0476865265506
2059-01-17 12:00:00,2059,1,17,NA,2.87813543832444,11.2015350957396
2059-01-18 12:00:00,2059,1,18,NA,3.06809018272535,10.271747177223
2059-01-19 12:00:00,2059,1,19,NA,2.75471006925868,9.28672817472906
2059-01-20 12:00:00,2059,1,20,NA,1.8636149695007,8.91637055946638
2059-01-21 12:00:00,2059,1,21,NA,0.483695555128513,11.0813301274255
2059-01-22 12:00:00,2059,1,22,NA,2.85380729568085,9.3904410133696
2059-01-23 12:00:00,2059,1,23,NA,4.19866144463834,9.00645699811751
2059-01-24 12:00:00,2059,1,24,NA,3.02683709911734,9.55885520458773
2059-01-25 12:00:00,2059,1,25,NA,2.66078266162873,6.72393183456701
2059-01-26 12:00:00,2059,1,26,NA,4.71785374900885,9.20354635282862
2059-01-27 12:00:00,2059,1,27,NA,5.38087009804836,10.7196067254582
2059-01-28 12:00:00,2059,1,28,NA,4.26677152665,12.3261624884308
2059-01-29 12:00:00,2059,1,29,NA,5.63699256259962,11.8148595289112
2059-01-30 12:00:00,2059,1,30,NA,4.62976105994915,14.8879565665292
2059-01-31 12:00:00,2059,1,31,NA,5.18086789503468,13.5042675524498
2059-02-01 12:00:00,2059,2,1,NA,5.92780321147064,11.4931352969843
2059-02-02 12:00:00,2059,2,2,NA,4.23010084054021,10.5203740911045
2059-02-03 12:00:00,2059,2,3,NA,6.15787224478547,11.4570180280367
2059-02-04 12:00:00,2059,2,4,NA,5.92593904948833,11.6118022179375
2059-02-05 12:00:00,2059,2,5,NA,3.24372239188199,9.02844607923589
2059-02-06 12:00:00,2059,2,6,NA,4.98449300359999,8.02423544783857
2059-02-07 12:00:00,2059,2,7,NA,-0.818560277228532,0.813414624741594
2059-02-08 12:00:00,2059,2,8,NA,0.111395180328618,5.94830645122661
2059-02-09 12:00:00,2059,2,9,NA,2.29625767815754,13.8669708458073
2059-02-10 12:00:00,2059,2,10,NA,4.80696797029326,16.2182575722024
2059-02-11 12:00:00,2059,2,11,NA,8.00551119686881,13.6913743653179
2059-02-12 12:00:00,2059,2,12,NA,5.58237752714436,13.3722022669547
2059-02-13 12:00:00,2059,2,13,NA,2.54119364554303,10.6270538371997
2059-02-14 12:00:00,2059,2,14,NA,3.46348342469037,14.0286615449205
2059-02-15 12:00:00,2059,2,15,NA,9.36986007029783,14.2010973850656
2059-02-16 12:00:00,2059,2,16,NA,6.68998469816096,9.71896999738484
2059-02-17 12:00:00,2059,2,17,NA,4.83502765472442,11.6812276444464
2059-02-18 12:00:00,2059,2,18,NA,4.51354311978266,9.47140770542339
2059-02-19 12:00:00,2059,2,19,NA,6.02485530184293,10.1336181435171
2059-02-20 12:00:00,2059,2,20,NA,2.29877871182656,9.57208273691517
2059-02-21 12:00:00,2059,2,21,NA,8.8319196133004,16.3336641768923
2059-02-22 12:00:00,2059,2,22,NA,8.79928700421864,12.882721609993
2059-02-23 12:00:00,2059,2,23,NA,6.16725844034351,10.5231044371065
2059-02-24 12:00:00,2059,2,24,NA,8.05170326844939,17.7660386404625
2059-02-25 12:00:00,2059,2,25,NA,9.45641976241544,14.3973226018164
2059-02-26 12:00:00,2059,2,26,NA,8.95250143831565,11.2121520922892
2059-02-27 12:00:00,2059,2,27,NA,7.19233074453015,9.55308831043054
2059-02-28 12:00:00,2059,2,28,NA,5.2938098001435,10.1227221353196
2059-03-01 12:00:00,2059,3,1,NA,1.05788867113452,4.28792186893815
2059-03-02 12:00:00,2059,3,2,NA,-0.577534439655461,3.15583898268479
2059-03-03 12:00:00,2059,3,3,NA,0.0872616905438495,6.88292994118331
2059-03-04 12:00:00,2059,3,4,NA,3.37241501173347,9.52257008764734
2059-03-05 12:00:00,2059,3,5,NA,9.30406769275454,12.9373970345546
2059-03-06 12:00:00,2059,3,6,NA,6.00636849154087,11.4695081540871
2059-03-07 12:00:00,2059,3,7,NA,6.09336123768678,12.5512696008986
2059-03-08 12:00:00,2059,3,8,NA,1.93252171504939,13.6635825726851
2059-03-09 12:00:00,2059,3,9,NA,5.20372613804506,12.1059048302941
2059-03-10 12:00:00,2059,3,10,NA,0.663091206794367,10.1724788059528
2059-03-11 12:00:00,2059,3,11,NA,-2.75280086595994,7.21376988356175
2059-03-12 12:00:00,2059,3,12,NA,-7.45125127206482,0.0112916714384173
2059-03-13 12:00:00,2059,3,13,NA,-4.09384172991922,4.11635591371939
2059-03-14 12:00:00,2059,3,14,NA,-6.10038514673705,7.16539594833895
2059-03-15 12:00:00,2059,3,15,NA,-6.23723676512458,8.0028478203814
2059-03-16 12:00:00,2059,3,16,NA,0.384477818457273,3.20964741251473
2059-03-17 12:00:00,2059,3,17,NA,1.27633033041549,6.4372131743061
2059-03-18 12:00:00,2059,3,18,NA,3.38867710756273,11.7540689599548
2059-03-19 12:00:00,2059,3,19,NA,-0.328193650245893,13.38014382393
2059-03-20 12:00:00,2059,3,20,NA,3.80982203394714,12.0247016303655
2059-03-21 12:00:00,2059,3,21,NA,1.17353657810122,13.4204593346182
2059-03-22 12:00:00,2059,3,22,NA,0.749276765012642,17.3790169637276
2059-03-23 12:00:00,2059,3,23,NA,8.22589894102497,18.4494264744757
2059-03-24 12:00:00,2059,3,24,NA,4.92562919784578,17.2895017423081
2059-03-25 12:00:00,2059,3,25,NA,4.35349534485209,20.5605762080342
2059-03-26 12:00:00,2059,3,26,NA,8.01369695551809,22.2462172040775
2059-03-27 12:00:00,2059,3,27,NA,5.50315123593206,20.8370030319089
2059-03-28 12:00:00,2059,3,28,NA,9.39518883730792,23.1035263114838
2059-03-29 12:00:00,2059,3,29,NA,5.57330456445943,18.8096711558484
2059-03-30 12:00:00,2059,3,30,NA,3.41705137016261,15.4722387322268
2059-03-31 12:00:00,2059,3,31,NA,3.23034543850506,10.6977862606171
2059-04-01 12:00:00,2059,4,1,NA,6.99905591936923,12.8863105415191
2059-04-02 12:00:00,2059,4,2,NA,9.65422327513413,13.0826548077798
2059-04-03 12:00:00,2059,4,3,NA,5.26515685085728,15.8392338897124
2059-04-04 12:00:00,2059,4,4,NA,5.1821090905211,11.5254634684177
2059-04-05 12:00:00,2059,4,5,NA,7.96292173195434,19.5918967764413
2059-04-06 12:00:00,2059,4,6,NA,3.63933400115375,16.3455713492761
2059-04-07 12:00:00,2059,4,7,NA,4.97241303935876,10.1474364656695
2059-04-08 12:00:00,2059,4,8,NA,8.99953900795732,15.2034996961959
2059-04-09 12:00:00,2059,4,9,NA,3.56504811631701,15.1970098535228
2059-04-10 12:00:00,2059,4,10,NA,0.938686790488071,12.4076329440935
2059-04-11 12:00:00,2059,4,11,NA,-1.41357787155069,15.9570510179001
2059-04-12 12:00:00,2059,4,12,NA,0.367553609713752,18.2915009698253
2059-04-13 12:00:00,2059,4,13,NA,5.74789208845919,18.85784501495
2059-04-14 12:00:00,2059,4,14,NA,11.4224739007389,17.2725059559317
2059-04-15 12:00:00,2059,4,15,NA,8.69648169568333,13.9781956097683
2059-04-16 12:00:00,2059,4,16,NA,6.2272176074169,12.6542971168362
2059-04-17 12:00:00,2059,4,17,NA,4.38282825350235,12.0665016004904
2059-04-18 12:00:00,2059,4,18,NA,3.5346181349811,14.7406866079531
2059-04-19 12:00:00,2059,4,19,NA,5.44293037450491,18.8256164547048
2059-04-20 12:00:00,2059,4,20,NA,1.84162104121658,18.6988293235175
2059-04-21 12:00:00,2059,4,21,NA,1.85127538055102,18.786485722311
2059-04-22 12:00:00,2059,4,22,NA,8.01273080827961,24.8699390905805
2059-04-23 12:00:00,2059,4,23,NA,7.28983509078823,24.2979822257802
2059-04-24 12:00:00,2059,4,24,NA,11.8725335511828,25.2552196313827
2059-04-25 12:00:00,2059,4,25,NA,6.02682506755322,19.4977185113056
2059-04-26 12:00:00,2059,4,26,NA,10.2227567472167,26.670255641035
2059-04-27 12:00:00,2059,4,27,NA,10.2584009966295,23.6410870768294
2059-04-28 12:00:00,2059,4,28,NA,9.26455931491321,23.636830345335
2059-04-29 12:00:00,2059,4,29,NA,6.84392998736649,19.4906379427792
2059-04-30 12:00:00,2059,4,30,NA,5.58233880033561,33.532453624943
2059-05-01 12:00:00,2059,5,1,NA,8.14992763485125,23.4532290152263
2059-05-02 12:00:00,2059,5,2,NA,7.41028143133028,23.6877118363333
2059-05-03 12:00:00,2059,5,3,NA,13.4642183799983,26.6908704728138
2059-05-04 12:00:00,2059,5,4,NA,14.5404058626006,17.5185130333685
2059-05-05 12:00:00,2059,5,5,NA,15.4696450213842,21.3201875912929
2059-05-06 12:00:00,2059,5,6,NA,9.04417429663012,17.4783593945735
2059-05-07 12:00:00,2059,5,7,NA,4.99500828035022,14.8457277949672
2059-05-08 12:00:00,2059,5,8,NA,2.18912384920544,18.3191884250491
2059-05-09 12:00:00,2059,5,9,NA,6.80909192041246,17.5144258021862
2059-05-10 12:00:00,2059,5,10,NA,2.11029181989343,19.7744065504952
2059-05-11 12:00:00,2059,5,11,NA,5.52944874625695,20.2973523726726
2059-05-12 12:00:00,2059,5,12,NA,3.06058938277771,21.1077053545805
2059-05-13 12:00:00,2059,5,13,NA,7.49135632888539,16.8957817335609
2059-05-14 12:00:00,2059,5,14,NA,11.5447225608787,21.2454989306957
2059-05-15 12:00:00,2059,5,15,NA,7.43438297013832,21.1889574447662
2059-05-16 12:00:00,2059,5,16,NA,9.17225329717207,22.9314690051274
2059-05-17 12:00:00,2059,5,17,NA,8.91837301834498,21.8107587240576
2059-05-18 12:00:00,2059,5,18,NA,7.46660832677583,21.0653154185763
2059-05-19 12:00:00,2059,5,19,NA,3.77762729256576,23.2416707984747
2059-05-20 12:00:00,2059,5,20,NA,4.23175353410941,24.2493895933757
2059-05-21 12:00:00,2059,5,21,NA,7.49457283182589,26.2741134295081
2059-05-22 12:00:00,2059,5,22,NA,5.64006126947631,25.339025431975
2059-05-23 12:00:00,2059,5,23,NA,10.2595959977791,25.6153189816273
2059-05-24 12:00:00,2059,5,24,NA,11.4046226958921,19.2083873808161
2059-05-25 12:00:00,2059,5,25,NA,8.59095835279124,25.2327522131167
2059-05-26 12:00:00,2059,5,26,NA,10.8523437356491,38.7526773957018
2059-05-27 12:00:00,2059,5,27,NA,16.4237000232261,30.7815350313777
2059-05-28 12:00:00,2059,5,28,NA,15.9216133744567,27.5482497096148
2059-05-29 12:00:00,2059,5,29,NA,16.9935592244814,31.9238246757053
2059-05-30 12:00:00,2059,5,30,NA,15.5092765463007,33.9696213932201
2059-05-31 12:00:00,2059,5,31,NA,16.7753872016163,35.1910845017525
2059-06-01 12:00:00,2059,6,1,NA,21.4829855976567,31.5465619668856
2059-06-02 12:00:00,2059,6,2,NA,18.2635548817872,31.9114656818769
2059-06-03 12:00:00,2059,6,3,NA,15.323566558069,32.8554990338495
2059-06-04 12:00:00,2059,6,4,NA,17.3954929434929,28.5839971008469
2059-06-05 12:00:00,2059,6,5,NA,17.056464717944,29.7119157989044
2059-06-06 12:00:00,2059,6,6,NA,16.9327254338358,23.7276237430389
2059-06-07 12:00:00,2059,6,7,NA,11.1549722332706,26.0131546595396
2059-06-08 12:00:00,2059,6,8,NA,11.8561390347001,26.2827307591041
2059-06-09 12:00:00,2059,6,9,NA,14.5470858978944,22.7735068714557
2059-06-10 12:00:00,2059,6,10,NA,13.5119489633808,21.653290664475
2059-06-11 12:00:00,2059,6,11,NA,14.4144712641668,20.5570229571453
2059-06-12 12:00:00,2059,6,12,NA,13.5176956051833,19.675147491136
2059-06-13 12:00:00,2059,6,13,NA,12.8703597882144,20.7923036462499
2059-06-14 12:00:00,2059,6,14,NA,20.3844010489547,23.4418934249482
2059-06-15 12:00:00,2059,6,15,NA,16.0114753974453,22.2005931488459
2059-06-16 12:00:00,2059,6,16,NA,12.9391466841745,24.2806041898622
2059-06-17 12:00:00,2059,6,17,NA,15.8990114029719,22.5259564760886
2059-06-18 12:00:00,2059,6,18,NA,13.3640602790421,24.6226070552878
2059-06-19 12:00:00,2059,6,19,NA,12.1551262801766,29.927253068642
2059-06-20 12:00:00,2059,6,20,NA,11.4002072992921,29.9050004535783
2059-06-21 12:00:00,2059,6,21,NA,11.1414635035809,26.6103327608513
2059-06-22 12:00:00,2059,6,22,NA,12.1601888695374,23.3607595825091
2059-06-23 12:00:00,2059,6,23,NA,14.6672507416986,25.9660016151314
2059-06-24 12:00:00,2059,6,24,NA,14.2212387410086,29.0715185204075
2059-06-25 12:00:00,2059,6,25,NA,11.4112921373126,21.5496525854257
2059-06-26 12:00:00,2059,6,26,NA,13.2039317341987,22.904059703563
2059-06-27 12:00:00,2059,6,27,NA,8.94709475431813,23.9246232802942
2059-06-28 12:00:00,2059,6,28,NA,10.2300224251975,19.4779118432742
2059-06-29 12:00:00,2059,6,29,NA,14.0513857362276,18.6463397078652
2059-06-30 12:00:00,2059,6,30,NA,10.392447933045,19.5612926182778
2059-07-01 12:00:00,2059,7,1,NA,10.2520156755142,23.4943677889359
2059-07-02 12:00:00,2059,7,2,NA,14.8970962239232,25.0870569128687
2059-07-03 12:00:00,2059,7,3,NA,15.6567825459476,20.6757014095831
2059-07-04 12:00:00,2059,7,4,NA,15.8113608817566,23.7087192142322
2059-07-05 12:00:00,2059,7,5,NA,14.5058189433876,24.1544492507642
2059-07-06 12:00:00,2059,7,6,NA,10.6978776325962,21.536802343467
2059-07-07 12:00:00,2059,7,7,NA,12.7250215234051,18.8527467444295
2059-07-08 12:00:00,2059,7,8,NA,10.4835590530269,20.4506972986032
2059-07-09 12:00:00,2059,7,9,NA,10.1341475794555,22.9716455765559
2059-07-10 12:00:00,2059,7,10,NA,8.73720292720586,23.8667425954804
2059-07-11 12:00:00,2059,7,11,NA,9.26391124952871,29.5367423056293
2059-07-12 12:00:00,2059,7,12,NA,12.5632719615891,26.446237555857
2059-07-13 12:00:00,2059,7,13,NA,14.8723269484665,27.9097988221598
2059-07-14 12:00:00,2059,7,14,NA,15.5044619770775,24.0377699167463
2059-07-15 12:00:00,2059,7,15,NA,14.1422498848408,27.0731417284799
2059-07-16 12:00:00,2059,7,16,NA,14.2215879216798,25.0631753189827
2059-07-17 12:00:00,2059,7,17,NA,11.1868808377253,27.1502621521739
2059-07-18 12:00:00,2059,7,18,NA,13.061640952776,30.2909151639618
2059-07-19 12:00:00,2059,7,19,NA,15.6985528669792,29.1125205087418
2059-07-20 12:00:00,2059,7,20,NA,17.3165448517837,22.6603595439646
2059-07-21 12:00:00,2059,7,21,NA,14.5382849029862,22.6416152411902
2059-07-22 12:00:00,2059,7,22,NA,13.2683729373545,25.3156961415805
2059-07-23 12:00:00,2059,7,23,NA,10.2812551819439,27.1789714387684
2059-07-24 12:00:00,2059,7,24,NA,14.2439491627016,31.0595852813887
2059-07-25 12:00:00,2059,7,25,NA,16.5156566995447,29.0132674484511
2059-07-26 12:00:00,2059,7,26,NA,15.5673507607205,26.6517709302702
2059-07-27 12:00:00,2059,7,27,NA,14.2463600884787,31.2387723129491
2059-07-28 12:00:00,2059,7,28,NA,17.0439832161941,28.0185094781523
2059-07-29 12:00:00,2059,7,29,NA,19.724236624632,30.9877938159043
2059-07-30 12:00:00,2059,7,30,NA,12.023453589706,30.2330933596809
2059-07-31 12:00:00,2059,7,31,NA,13.8271818333957,28.513014176539
2059-08-01 12:00:00,2059,8,1,NA,12.5129235581505,29.9139562066951
2059-08-02 12:00:00,2059,8,2,NA,9.72515472214995,26.0675019816161
2059-08-03 12:00:00,2059,8,3,NA,13.2495580658554,25.4637930046617
2059-08-04 12:00:00,2059,8,4,NA,17.4865339237593,27.8130428342669
2059-08-05 12:00:00,2059,8,5,NA,18.1624577504384,30.1975479772753
2059-08-06 12:00:00,2059,8,6,NA,14.2082053561631,23.5469544702082
2059-08-07 12:00:00,2059,8,7,NA,13.6885613334948,22.6650514650005
2059-08-08 12:00:00,2059,8,8,NA,12.523682631051,26.0237968360383
2059-08-09 12:00:00,2059,8,9,NA,11.7747844800212,23.4770425181473
2059-08-10 12:00:00,2059,8,10,NA,15.7544550002335,18.458455712136
2059-08-11 12:00:00,2059,8,11,NA,15.5173558777209,19.1482771098843
2059-08-12 12:00:00,2059,8,12,NA,13.2503344336178,19.613309627234
2059-08-13 12:00:00,2059,8,13,NA,12.3060145005162,22.4742220365977
2059-08-14 12:00:00,2059,8,14,NA,9.94181763787218,25.3889058456332
2059-08-15 12:00:00,2059,8,15,NA,13.1468258278492,23.906443479397
2059-08-16 12:00:00,2059,8,16,NA,14.3248469197708,24.2298476466627
2059-08-17 12:00:00,2059,8,17,NA,16.7953347961132,24.4539476121181
2059-08-18 12:00:00,2059,8,18,NA,17.2088356500687,27.1117141120364
2059-08-19 12:00:00,2059,8,19,NA,16.1603276538884,27.4409066271307
2059-08-20 12:00:00,2059,8,20,NA,16.3218387736445,30.1739635751625
2059-08-21 12:00:00,2059,8,21,NA,15.4505665563488,28.5049706768337
2059-08-22 12:00:00,2059,8,22,NA,13.7050714945764,26.2575358990735
2059-08-23 12:00:00,2059,8,23,NA,11.3608651141115,26.1474893939096
2059-08-24 12:00:00,2059,8,24,NA,10.1453876675148,26.0416278608876
2059-08-25 12:00:00,2059,8,25,NA,7.20562686606549,24.8130803517036
2059-08-26 12:00:00,2059,8,26,NA,15.8241064404868,27.8591966673237
2059-08-27 12:00:00,2059,8,27,NA,12.9225992190952,25.8620501314266
2059-08-28 12:00:00,2059,8,28,NA,8.54001202875675,27.5222043912733
2059-08-29 12:00:00,2059,8,29,NA,16.5057013928202,33.139318347905
2059-08-30 12:00:00,2059,8,30,NA,17.5547956912271,32.286562377923
2059-08-31 12:00:00,2059,8,31,NA,18.7305995866175,29.5077181836871
2059-09-01 12:00:00,2059,9,1,NA,17.4476617374761,30.2886217001658
2059-09-02 12:00:00,2059,9,2,NA,12.9209737503477,26.7117393372878
2059-09-03 12:00:00,2059,9,3,NA,16.1400920077981,24.1405921472025
2059-09-04 12:00:00,2059,9,4,NA,21.2522336162423,24.1180067077205
2059-09-05 12:00:00,2059,9,5,NA,15.9422214026071,21.5898608535489
2059-09-06 12:00:00,2059,9,6,NA,13.9497316661569,19.0393407719407
2059-09-07 12:00:00,2059,9,7,NA,14.3290917612416,24.0686937638184
2059-09-08 12:00:00,2059,9,8,NA,16.4476020972017,28.4971104623188
2059-09-09 12:00:00,2059,9,9,NA,18.4047122761233,30.4833117104884
2059-09-10 12:00:00,2059,9,10,NA,18.6713289011905,27.1874798409739
2059-09-11 12:00:00,2059,9,11,NA,20.8700687876476,23.8025816342173
2059-09-12 12:00:00,2059,9,12,NA,14.5814383219882,21.7245683209927
2059-09-13 12:00:00,2059,9,13,NA,13.1978413127339,20.9271357906346
2059-09-14 12:00:00,2059,9,14,NA,11.9527806470918,22.11265523096
2059-09-15 12:00:00,2059,9,15,NA,9.01309917503606,24.8583847265022
2059-09-16 12:00:00,2059,9,16,NA,15.1715146005398,22.363878375985
2059-09-17 12:00:00,2059,9,17,NA,13.1089723667442,22.8721052289332
2059-09-18 12:00:00,2059,9,18,NA,13.1952105699693,24.7623991316488
2059-09-19 12:00:00,2059,9,19,NA,11.9840644694054,24.4698479877489
2059-09-20 12:00:00,2059,9,20,NA,11.6059483133402,28.2420226606313
2059-09-21 12:00:00,2059,9,21,NA,12.4056251810874,21.8214585692562
2059-09-22 12:00:00,2059,9,22,NA,14.0669888969437,23.1762795589815
2059-09-23 12:00:00,2059,9,23,NA,12.5431141681593,24.5479476745028
2059-09-24 12:00:00,2059,9,24,NA,10.1734478714376,24.2009027299509
2059-09-25 12:00:00,2059,9,25,NA,13.9483519559035,20.2464367966873
2059-09-26 12:00:00,2059,9,26,NA,15.2087408047439,21.0057065980855
2059-09-27 12:00:00,2059,9,27,NA,14.9134433354937,23.777121718114
2059-09-28 12:00:00,2059,9,28,NA,15.3426332269535,19.8179777760485
2059-09-29 12:00:00,2059,9,29,NA,12.9951897057561,20.2115715713228
2059-09-30 12:00:00,2059,9,30,NA,8.3283317187994,14.9821793238755
2059-10-01 12:00:00,2059,10,1,NA,10.0656359178117,14.3892777433889
2059-10-02 12:00:00,2059,10,2,NA,6.6118022272419,14.2173634145044
2059-10-03 12:00:00,2059,10,3,NA,9.86792647095653,13.607051559222
2059-10-04 12:00:00,2059,10,4,NA,8.66605954004621,13.0055292174588
2059-10-05 12:00:00,2059,10,5,NA,7.48246713600694,10.739954828951
2059-10-06 12:00:00,2059,10,6,NA,1.99900099271386,10.6880863132122
2059-10-07 12:00:00,2059,10,7,NA,5.8360713497349,12.8929315319831
2059-10-08 12:00:00,2059,10,8,NA,7.07505864497464,11.7725483112383
2059-10-09 12:00:00,2059,10,9,NA,2.78446896994981,16.787263265672
2059-10-10 12:00:00,2059,10,10,NA,4.61964041959271,15.6910333414917
2059-10-11 12:00:00,2059,10,11,NA,3.71361744040045,19.0364695311205
2059-10-12 12:00:00,2059,10,12,NA,11.3586107327669,21.5376295630427
2059-10-13 12:00:00,2059,10,13,NA,6.46104167200695,22.8374299000225
2059-10-14 12:00:00,2059,10,14,NA,4.90613623670612,22.1698075754353
2059-10-15 12:00:00,2059,10,15,NA,6.97424292830431,17.5867742470308
2059-10-16 12:00:00,2059,10,16,NA,4.32865860670754,18.3936974903085
2059-10-17 12:00:00,2059,10,17,NA,6.45832657015299,16.1599732087266
2059-10-18 12:00:00,2059,10,18,NA,5.82179009679832,13.3893909128935
2059-10-19 12:00:00,2059,10,19,NA,9.07241142717904,15.2819356693683
2059-10-20 12:00:00,2059,10,20,NA,7.25987299841203,15.8885545974274
2059-10-21 12:00:00,2059,10,21,NA,8.94451789446754,16.6374185429409
2059-10-22 12:00:00,2059,10,22,NA,4.94493463533853,16.5351824241208
2059-10-23 12:00:00,2059,10,23,NA,2.34497925611174,16.3701502746718
2059-10-24 12:00:00,2059,10,24,NA,8.81499071683802,22.6024851305349
2059-10-25 12:00:00,2059,10,25,NA,9.20918262297132,20.6392143801031
2059-10-26 12:00:00,2059,10,26,NA,11.3720213428154,18.8840968164477
2059-10-27 12:00:00,2059,10,27,NA,6.20321678395114,14.587013762401
2059-10-28 12:00:00,2059,10,28,NA,4.5398065707733,15.0927180864745
2059-10-29 12:00:00,2059,10,29,NA,8.30749362413172,13.0136327117843
2059-10-30 12:00:00,2059,10,30,NA,6.04156663299406,14.4740794617865
2059-10-31 12:00:00,2059,10,31,NA,4.87171034721494,15.4855152556012
2059-11-01 12:00:00,2059,11,1,NA,5.23222836901173,10.5908048440401
2059-11-02 12:00:00,2059,11,2,NA,5.46590385236464,14.9931427632791
2059-11-03 12:00:00,2059,11,3,NA,6.75920981697107,14.4841217653652
2059-11-04 12:00:00,2059,11,4,NA,7.25519797307627,16.5575402394422
2059-11-05 12:00:00,2059,11,5,NA,5.34096306020218,12.402829893676
2059-11-06 12:00:00,2059,11,6,NA,6.15811929656502,11.2219091485168
2059-11-07 12:00:00,2059,11,7,NA,6.26504243671075,12.8016132161021
2059-11-08 12:00:00,2059,11,8,NA,4.6683813021526,10.2906100208851
2059-11-09 12:00:00,2059,11,9,NA,3.56033029299552,11.0917987144947
2059-11-10 12:00:00,2059,11,10,NA,-0.300399841743467,11.1126879259811
2059-11-11 12:00:00,2059,11,11,NA,7.7517613635899,18.7970045377899
2059-11-12 12:00:00,2059,11,12,NA,11.2007813620611,19.5636075553554
2059-11-13 12:00:00,2059,11,13,NA,8.48136682824519,14.1291724883739
2059-11-14 12:00:00,2059,11,14,NA,8.97906598332655,14.9154188697783
2059-11-15 12:00:00,2059,11,15,NA,6.51034298608027,10.3862039676091
2059-11-16 12:00:00,2059,11,16,NA,3.70511196169638,6.04818862005459
2059-11-17 12:00:00,2059,11,17,NA,3.49265662809357,6.43787332544609
2059-11-18 12:00:00,2059,11,18,NA,4.41380765893708,8.3051515105661
2059-11-19 12:00:00,2059,11,19,NA,3.15892703726433,5.95639377864024
2059-11-20 12:00:00,2059,11,20,NA,0.0675034618268686,4.63801777495998
2059-11-21 12:00:00,2059,11,21,NA,1.14455311537802,5.98686470275277
2059-11-22 12:00:00,2059,11,22,NA,0.120222120576754,5.7038711357332
2059-11-23 12:00:00,2059,11,23,NA,1.71049026330095,6.71201859416906
2059-11-24 12:00:00,2059,11,24,NA,0.116063052317624,10.2951837685681
2059-11-25 12:00:00,2059,11,25,NA,8.356828630008,17.7586301672342
2059-11-26 12:00:00,2059,11,26,NA,5.82524167018215,10.5267893139644
2059-11-27 12:00:00,2059,11,27,NA,5.205591550736,9.15772966580074
2059-11-28 12:00:00,2059,11,28,NA,5.80114640011296,11.6655968548597
2059-11-29 12:00:00,2059,11,29,NA,4.31770986519922,10.8386405950148
2059-11-30 12:00:00,2059,11,30,NA,3.62191386742616,13.4751751819379
2059-12-01 12:00:00,2059,12,1,NA,9.19469347636975,15.7180173987057
2059-12-02 12:00:00,2059,12,2,NA,7.07160029667081,10.8009315290062
2059-12-03 12:00:00,2059,12,3,NA,4.60230406078322,10.6812667174587
2059-12-04 12:00:00,2059,12,4,NA,3.8935694854641,12.0017949836531
2059-12-05 12:00:00,2059,12,5,NA,-3.81291755410118,6.20529241667031
2059-12-06 12:00:00,2059,12,6,NA,-0.38831485390834,2.7124058615544
2059-12-07 12:00:00,2059,12,7,NA,-0.390738044064344,10.230454017424
2059-12-08 12:00:00,2059,12,8,NA,4.56546478761386,13.6077121816893
2059-12-09 12:00:00,2059,12,9,NA,8.29312053004183,13.4615720922322
2059-12-10 12:00:00,2059,12,10,NA,3.89876139832511,11.5646490684073
2059-12-11 12:00:00,2059,12,11,NA,3.27596075007097,10.0714800080563
2059-12-12 12:00:00,2059,12,12,NA,6.05023267220155,13.4190696970251
2059-12-13 12:00:00,2059,12,13,NA,7.97899838088888,14.3664890875222
2059-12-14 12:00:00,2059,12,14,NA,8.44222474084665,13.5407648216633
2059-12-15 12:00:00,2059,12,15,NA,7.12839227497359,12.217223080084
2059-12-16 12:00:00,2059,12,16,NA,6.33412295693992,10.7717526115475
2059-12-17 12:00:00,2059,12,17,NA,2.30319587018658,6.37595136291873
2059-12-18 12:00:00,2059,12,18,NA,-0.763110150073474,5.01261494235815
2059-12-19 12:00:00,2059,12,19,NA,1.83267947700528,5.89850519272679
2059-12-20 12:00:00,2059,12,20,NA,-0.452850570385062,4.38935226866811
2059-12-21 12:00:00,2059,12,21,NA,-2.25784636418681,4.86916239650481
2059-12-22 12:00:00,2059,12,22,NA,-13.8322693351061,-6.7433267174955
2059-12-23 12:00:00,2059,12,23,NA,-14.0808294269344,-3.45963736544601
2059-12-24 12:00:00,2059,12,24,NA,-16.1402268861073,-4.64741209137111
2059-12-25 12:00:00,2059,12,25,NA,-17.1089933441901,-2.88341078268023
2059-12-26 12:00:00,2059,12,26,NA,-7.47072731925071,5.76427337295015
2059-12-27 12:00:00,2059,12,27,NA,-1.44083686672057,5.74102270093558
2059-12-28 12:00:00,2059,12,28,NA,-1.05710089572218,3.69626822304618
2059-12-29 12:00:00,2059,12,29,NA,0.550376203106879,1.54089064930056
2059-12-30 12:00:00,2059,12,30,NA,2.40716724576921,5.05195924898618
2059-12-31 12:00:00,2059,12,31,NA,1.04687308985444,4.97197077018489
2060-01-01 12:00:00,2060,1,1,NA,0.101355773967233,5.63025391198938
2060-01-02 12:00:00,2060,1,2,NA,-0.933346656606373,4.76825143980017
2060-01-03 12:00:00,2060,1,3,NA,-0.0409680698592783,6.23767322014267
2060-01-04 12:00:00,2060,1,4,NA,1.41302848772862,5.05222558795058
2060-01-05 12:00:00,2060,1,5,NA,-2.73470658466138,5.58869307275378
2060-01-06 12:00:00,2060,1,6,NA,-3.98577355033507,2.24387341768185
2060-01-07 12:00:00,2060,1,7,NA,-5.99354770795395,-1.54288659886517
2060-01-08 12:00:00,2060,1,8,NA,-6.32047767538779,-2.01251144297966
2060-01-09 12:00:00,2060,1,9,NA,1.75683440075138,6.34301334417098
2060-01-10 12:00:00,2060,1,10,NA,-3.41880352681008,3.10994442920642
2060-01-11 12:00:00,2060,1,11,NA,-0.530920700071698,6.00282554195687
2060-01-12 12:00:00,2060,1,12,NA,-1.47896158692847,6.96478854035163
2060-01-13 12:00:00,2060,1,13,NA,-1.14568099028399,5.06272921070683
2060-01-14 12:00:00,2060,1,14,NA,2.10524830556495,5.49949997254191
2060-01-15 12:00:00,2060,1,15,NA,-2.79700853750861,4.31655756855547
2060-01-16 12:00:00,2060,1,16,NA,-3.38189846297216,1.1230699703286
2060-01-17 12:00:00,2060,1,17,NA,-5.65530801738517,2.38721575556592
2060-01-18 12:00:00,2060,1,18,NA,-5.01224315371828,4.93188130474799
2060-01-19 12:00:00,2060,1,19,NA,1.18005050446737,6.42632459680708
2060-01-20 12:00:00,2060,1,20,NA,0.280541958453752,2.34842302005885
2060-01-21 12:00:00,2060,1,21,NA,0.709733884851633,5.3923646402242
2060-01-22 12:00:00,2060,1,22,NA,-1.02779189165055,4.41044882353644
2060-01-23 12:00:00,2060,1,23,NA,-0.15806804616974,-0.263524927502472
2060-01-24 12:00:00,2060,1,24,NA,-2.20997405548523,-0.582966535194974
2060-01-25 12:00:00,2060,1,25,NA,-4.78134556092612,-0.539405809671203
2060-01-26 12:00:00,2060,1,26,NA,-5.46607240222882,-1.71249310915909
2060-01-27 12:00:00,2060,1,27,NA,-7.08563144550792,-2.28251682714236
2060-01-28 12:00:00,2060,1,28,NA,-5.02218895407013,0.202259951510817
2060-01-29 12:00:00,2060,1,29,NA,-6.08872274904937,-0.611334591023288
2060-01-30 12:00:00,2060,1,30,NA,2.25671507948305,4.16862118597025
2060-01-31 12:00:00,2060,1,31,NA,1.50647115682972,4.24064254498493
2060-02-01 12:00:00,2060,2,1,NA,4.41980012082642,7.51267263188333
2060-02-02 12:00:00,2060,2,2,NA,1.29459958931546,6.83858697043608
2060-02-03 12:00:00,2060,2,3,NA,1.45681685334026,7.26428399202321
2060-02-04 12:00:00,2060,2,4,NA,3.66577806380289,8.52527279691355
2060-02-05 12:00:00,2060,2,5,NA,2.06092653370713,10.0164855712978
2060-02-06 12:00:00,2060,2,6,NA,5.22032308412119,9.32908592579535
2060-02-07 12:00:00,2060,2,7,NA,5.7756867251896,10.8087169647363
2060-02-08 12:00:00,2060,2,8,NA,8.97284311005434,12.3269312175318
2060-02-09 12:00:00,2060,2,9,NA,6.58919212209784,9.89972644203319
2060-02-10 12:00:00,2060,2,10,NA,6.42177615574974,12.8903688923413
2060-02-11 12:00:00,2060,2,11,NA,6.28031396024574,10.5817776564641
2060-02-12 12:00:00,2060,2,12,NA,1.49223466510304,7.94247756933126
2060-02-13 12:00:00,2060,2,13,NA,3.94751922969594,12.4313627956815
2060-02-14 12:00:00,2060,2,14,NA,7.72855056040539,11.0965179189089
2060-02-15 12:00:00,2060,2,15,NA,3.27518791156239,10.5222126108242
2060-02-16 12:00:00,2060,2,16,NA,1.11854777843094,15.2937896505847
2060-02-17 12:00:00,2060,2,17,NA,1.21540635463865,12.771994034761
2060-02-18 12:00:00,2060,2,18,NA,1.82415093808075,15.0921449977971
2060-02-19 12:00:00,2060,2,19,NA,5.03485615088461,17.2768261468614
2060-02-20 12:00:00,2060,2,20,NA,6.57335628384609,16.1476300405559
2060-02-21 12:00:00,2060,2,21,NA,7.06416401985006,11.1226498306798
2060-02-22 12:00:00,2060,2,22,NA,4.29558906532391,8.35407487615363
2060-02-23 12:00:00,2060,2,23,NA,-0.225518801082434,3.07541038318099
2060-02-24 12:00:00,2060,2,24,NA,1.15354079905581,5.38657685947923
2060-02-25 12:00:00,2060,2,25,NA,3.10827457219537,3.91752081656751
2060-02-26 12:00:00,2060,2,26,NA,0.10214269273837,2.2564192896062
2060-02-27 12:00:00,2060,2,27,NA,0.206906195201362,5.88048376202433
2060-02-28 12:00:00,2060,2,28,NA,-1.10468239268758,2.92838826341557
2060-02-29 12:00:00,2060,2,29,NA,-0.263890503190908,5.39309381512981
2060-03-01 12:00:00,2060,3,1,NA,0.696885335762831,3.22529728116094
2060-03-02 12:00:00,2060,3,2,NA,-0.960154836387313,3.25021480524031
2060-03-03 12:00:00,2060,3,3,NA,1.64194810312667,8.64926601036065
2060-03-04 12:00:00,2060,3,4,NA,4.30761488135051,10.7339183788561
2060-03-05 12:00:00,2060,3,5,NA,3.61989870465109,9.59759411952079
2060-03-06 12:00:00,2060,3,6,NA,3.06151308573192,12.1163212477287
2060-03-07 12:00:00,2060,3,7,NA,2.11299074971252,17.9961656824682
2060-03-08 12:00:00,2060,3,8,NA,4.34889172961631,12.5218163697295
2060-03-09 12:00:00,2060,3,9,NA,0.310014322633711,12.5641560908705
2060-03-10 12:00:00,2060,3,10,NA,1.39134764573294,11.7187414030353
2060-03-11 12:00:00,2060,3,11,NA,0.124259724541099,12.9665446903246
2060-03-12 12:00:00,2060,3,12,NA,1.04652129247689,14.0485744860156
2060-03-13 12:00:00,2060,3,13,NA,2.34101375855298,14.58793651507
2060-03-14 12:00:00,2060,3,14,NA,4.12295647907479,16.4880217338013
2060-03-15 12:00:00,2060,3,15,NA,1.16849810360269,12.783752165144
2060-03-16 12:00:00,2060,3,16,NA,1.31676392698034,3.1766998587639
2060-03-17 12:00:00,2060,3,17,NA,2.98629408952346,10.7578929569662
2060-03-18 12:00:00,2060,3,18,NA,3.1947221853571,11.306022722141
2060-03-19 12:00:00,2060,3,19,NA,6.2243721391087,17.702337888582
2060-03-20 12:00:00,2060,3,20,NA,6.2542650258488,14.7514952986965
2060-03-21 12:00:00,2060,3,21,NA,7.26606421800296,16.7754518171614
2060-03-22 12:00:00,2060,3,22,NA,11.2185355218178,15.9658444130535
2060-03-23 12:00:00,2060,3,23,NA,7.31619478749344,14.5843168588364
2060-03-24 12:00:00,2060,3,24,NA,6.9059394065836,15.0172399433675
2060-03-25 12:00:00,2060,3,25,NA,6.55995344795832,15.2854533133723
2060-03-26 12:00:00,2060,3,26,NA,5.08728321870247,8.14413869041355
2060-03-27 12:00:00,2060,3,27,NA,1.60258644224922,10.3280863076632
2060-03-28 12:00:00,2060,3,28,NA,-0.211958935751626,10.0230092612892
2060-03-29 12:00:00,2060,3,29,NA,2.31154882145754,13.7321565785316
2060-03-30 12:00:00,2060,3,30,NA,3.69659352848832,10.4373301438781
2060-03-31 12:00:00,2060,3,31,NA,4.8043670330072,10.1914983622556
2060-04-01 12:00:00,2060,4,1,NA,2.81123995019774,14.0487229693162
2060-04-02 12:00:00,2060,4,2,NA,3.50439876838082,13.5339342794979
2060-04-03 12:00:00,2060,4,3,NA,8.11737614035092,21.5714151259307
2060-04-04 12:00:00,2060,4,4,NA,8.34647711767578,21.8903082788807
2060-04-05 12:00:00,2060,4,5,NA,9.59665978637097,17.9262707064746
2060-04-06 12:00:00,2060,4,6,NA,8.80581130236398,18.6463306775316
2060-04-07 12:00:00,2060,4,7,NA,5.22423599431831,16.6587329191014
2060-04-08 12:00:00,2060,4,8,NA,8.29339058869243,13.7865594265693
2060-04-09 12:00:00,2060,4,9,NA,8.86214895044307,17.3673313076746
2060-04-10 12:00:00,2060,4,10,NA,9.14509374851995,23.0770311588722
2060-04-11 12:00:00,2060,4,11,NA,5.28855163754227,22.823362502764
2060-04-12 12:00:00,2060,4,12,NA,8.28994776277918,23.689272423378
2060-04-13 12:00:00,2060,4,13,NA,12.4102459275788,22.8405576732988
2060-04-14 12:00:00,2060,4,14,NA,7.13690110052879,14.2883398310609
2060-04-15 12:00:00,2060,4,15,NA,4.0860756876006,19.3893770679757
2060-04-16 12:00:00,2060,4,16,NA,8.91279347684044,19.0578317270149
2060-04-17 12:00:00,2060,4,17,NA,8.9629965807784,25.9711437157703
2060-04-18 12:00:00,2060,4,18,NA,9.92688600487703,20.490853074636
2060-04-19 12:00:00,2060,4,19,NA,6.25677366623546,16.3958940479965
2060-04-20 12:00:00,2060,4,20,NA,9.28986399513878,17.7399359708194
2060-04-21 12:00:00,2060,4,21,NA,9.1075129252279,21.5812468746789
2060-04-22 12:00:00,2060,4,22,NA,8.03532667674809,19.4013770008339
2060-04-23 12:00:00,2060,4,23,NA,12.0860692880439,17.980582654043
2060-04-24 12:00:00,2060,4,24,NA,7.70856502777945,15.8090513603494
2060-04-25 12:00:00,2060,4,25,NA,6.7762000835274,18.7986166353433
2060-04-26 12:00:00,2060,4,26,NA,6.04711989223258,16.6340843557644
2060-04-27 12:00:00,2060,4,27,NA,1.65242696373325,18.3103156095914
2060-04-28 12:00:00,2060,4,28,NA,6.78437189555976,20.5885798095907
2060-04-29 12:00:00,2060,4,29,NA,6.41181644713047,24.2879369662373
2060-04-30 12:00:00,2060,4,30,NA,6.77513225490643,24.7494392013697
2060-05-01 12:00:00,2060,5,1,NA,7.9024982147428,22.291001328081
2060-05-02 12:00:00,2060,5,2,NA,10.9702173972547,26.869548237321
2060-05-03 12:00:00,2060,5,3,NA,11.2937398081723,29.8143076695657
2060-05-04 12:00:00,2060,5,4,NA,12.6000040211387,25.446819393611
2060-05-05 12:00:00,2060,5,5,NA,11.8509074528034,23.7318375374286
2060-05-06 12:00:00,2060,5,6,NA,14.4414321420834,19.8442726495417
2060-05-07 12:00:00,2060,5,7,NA,9.08437665117084,19.0552470383307
2060-05-08 12:00:00,2060,5,8,NA,9.0356435668835,16.8664454080288
2060-05-09 12:00:00,2060,5,9,NA,8.20020566616433,15.0662665540056
2060-05-10 12:00:00,2060,5,10,NA,9.63429184815483,15.8848014658726
2060-05-11 12:00:00,2060,5,11,NA,10.3368839654926,19.076170099377
2060-05-12 12:00:00,2060,5,12,NA,6.89682504893057,12.8295380246725
2060-05-13 12:00:00,2060,5,13,NA,6.73131340670197,11.6394882901463
2060-05-14 12:00:00,2060,5,14,NA,3.84815757425852,17.2566202904971
2060-05-15 12:00:00,2060,5,15,NA,3.05676411497883,17.6525885786858
2060-05-16 12:00:00,2060,5,16,NA,6.50715655914922,18.2403461343336
2060-05-17 12:00:00,2060,5,17,NA,3.50387367746773,20.2234246419993
2060-05-18 12:00:00,2060,5,18,NA,2.9404783069042,20.8635658473411
2060-05-19 12:00:00,2060,5,19,NA,7.55918907321099,19.2120278468174
2060-05-20 12:00:00,2060,5,20,NA,6.00219875847524,20.5980232221822
2060-05-21 12:00:00,2060,5,21,NA,1.95896246463629,17.7197231911954
2060-05-22 12:00:00,2060,5,22,NA,0.0611862919603521,18.1083022637632
2060-05-23 12:00:00,2060,5,23,NA,2.90024144248072,18.9339554116671
2060-05-24 12:00:00,2060,5,24,NA,8.44453069158298,19.3226003431362
2060-05-25 12:00:00,2060,5,25,NA,7.92951899909294,17.6615709544318
2060-05-26 12:00:00,2060,5,26,NA,8.97925245385385,16.0246848256564
2060-05-27 12:00:00,2060,5,27,NA,10.2608268945675,16.6013627375362
2060-05-28 12:00:00,2060,5,28,NA,6.6941989264215,20.3421097265112
2060-05-29 12:00:00,2060,5,29,NA,8.29770680013356,22.0973338986368
2060-05-30 12:00:00,2060,5,30,NA,7.0907358063129,22.6486528009091
2060-05-31 12:00:00,2060,5,31,NA,11.3336129978229,25.9315386381584
2060-06-01 12:00:00,2060,6,1,NA,10.8569493620452,20.1281260357682
2060-06-02 12:00:00,2060,6,2,NA,11.963856911029,20.6850347024105
2060-06-03 12:00:00,2060,6,3,NA,12.2685203245991,18.3204225747491
2060-06-04 12:00:00,2060,6,4,NA,6.31097440590172,17.5203136666366
2060-06-05 12:00:00,2060,6,5,NA,3.59594595650219,22.4451231078609
2060-06-06 12:00:00,2060,6,6,NA,5.80058413015118,24.1446040139135
2060-06-07 12:00:00,2060,6,7,NA,8.54750318665321,26.9151758218301
2060-06-08 12:00:00,2060,6,8,NA,10.5399955654396,23.7125881909108
2060-06-09 12:00:00,2060,6,9,NA,12.3163710944944,22.5355427971266
2060-06-10 12:00:00,2060,6,10,NA,10.7068950010544,24.3608073519956
2060-06-11 12:00:00,2060,6,11,NA,13.7359265529855,23.9339159038349
2060-06-12 12:00:00,2060,6,12,NA,13.6939831559656,20.0517542322702
2060-06-13 12:00:00,2060,6,13,NA,14.5005156424733,22.7648015757434
2060-06-14 12:00:00,2060,6,14,NA,13.8254267632533,21.0512770828734
2060-06-15 12:00:00,2060,6,15,NA,18.4825256506513,22.5860289889893
2060-06-16 12:00:00,2060,6,16,NA,12.70804939977,19.9286220230282
2060-06-17 12:00:00,2060,6,17,NA,11.8299635459906,22.3437149521726
2060-06-18 12:00:00,2060,6,18,NA,13.8474327893813,26.0881064975976
2060-06-19 12:00:00,2060,6,19,NA,12.79401987607,29.3544121054947
2060-06-20 12:00:00,2060,6,20,NA,11.1809064219457,20.9998385271825
2060-06-21 12:00:00,2060,6,21,NA,11.6982653988554,24.0855697258932
2060-06-22 12:00:00,2060,6,22,NA,18.1956346572008,29.5592046995987
2060-06-23 12:00:00,2060,6,23,NA,15.8088263248691,29.0594969424665
2060-06-24 12:00:00,2060,6,24,NA,15.6343390011959,24.8768908513829
2060-06-25 12:00:00,2060,6,25,NA,20.523154714805,27.7814773057144
2060-06-26 12:00:00,2060,6,26,NA,17.0738766496946,29.6751516889921
2060-06-27 12:00:00,2060,6,27,NA,10.6826090440304,27.1219512970573
2060-06-28 12:00:00,2060,6,28,NA,12.4611497633842,29.2722872663326
2060-06-29 12:00:00,2060,6,29,NA,16.0774962662325,26.2772632701813
2060-06-30 12:00:00,2060,6,30,NA,16.4143196469581,26.2332517521949
2060-07-01 12:00:00,2060,7,1,NA,12.250231593249,30.7904630265462
2060-07-02 12:00:00,2060,7,2,NA,14.4961139884962,24.9286726999728
2060-07-03 12:00:00,2060,7,3,NA,18.2262568761495,28.5502630269537
2060-07-04 12:00:00,2060,7,4,NA,15.4987148709145,26.4732495533887
2060-07-05 12:00:00,2060,7,5,NA,13.4500921177806,26.1574908900576
2060-07-06 12:00:00,2060,7,6,NA,17.3646923917869,25.8559322491829
2060-07-07 12:00:00,2060,7,7,NA,19.6012758689086,25.4581272312827
2060-07-08 12:00:00,2060,7,8,NA,19.3422719881323,25.2882051251983
2060-07-09 12:00:00,2060,7,9,NA,15.9823060236985,30.4274604540556
2060-07-10 12:00:00,2060,7,10,NA,20.0672909516957,28.6005988913646
2060-07-11 12:00:00,2060,7,11,NA,16.7942649529496,31.1344117935935
2060-07-12 12:00:00,2060,7,12,NA,14.0922184084836,29.1346456219637
2060-07-13 12:00:00,2060,7,13,NA,18.0299104507769,25.6540113851752
2060-07-14 12:00:00,2060,7,14,NA,13.8277246377696,25.3443198712238
2060-07-15 12:00:00,2060,7,15,NA,15.1867334476853,25.2338749824276
2060-07-16 12:00:00,2060,7,16,NA,19.0748505364767,28.9218831940984
2060-07-17 12:00:00,2060,7,17,NA,19.1588291453393,34.2761710173734
2060-07-18 12:00:00,2060,7,18,NA,16.4560323799237,32.4000048182656
2060-07-19 12:00:00,2060,7,19,NA,13.7102768997718,33.7218716930064
2060-07-20 12:00:00,2060,7,20,NA,14.5322671973551,31.5987352888734
2060-07-21 12:00:00,2060,7,21,NA,13.8093741655631,32.9589491255666
2060-07-22 12:00:00,2060,7,22,NA,14.835357384722,25.3803241381285
2060-07-23 12:00:00,2060,7,23,NA,12.7874047033707,23.957599054904
2060-07-24 12:00:00,2060,7,24,NA,9.50751263693358,20.6307416344797
2060-07-25 12:00:00,2060,7,25,NA,14.5398083202506,17.4025533679144
2060-07-26 12:00:00,2060,7,26,NA,14.7101938705513,16.4661709193778
2060-07-27 12:00:00,2060,7,27,NA,10.3888857224523,18.7890085472045
2060-07-28 12:00:00,2060,7,28,NA,7.4960585441448,22.6134004161789
2060-07-29 12:00:00,2060,7,29,NA,7.80745364239099,25.8094247478753
2060-07-30 12:00:00,2060,7,30,NA,9.30683652166243,25.7662847298516
2060-07-31 12:00:00,2060,7,31,NA,14.5211618994101,21.5897917491823
2060-08-01 12:00:00,2060,8,1,NA,12.5619884582011,24.0564898474669
2060-08-02 12:00:00,2060,8,2,NA,12.8137311925776,26.6075968405307
2060-08-03 12:00:00,2060,8,3,NA,13.5745865443736,23.4712732510869
2060-08-04 12:00:00,2060,8,4,NA,13.9268519580355,22.0394803530378
2060-08-05 12:00:00,2060,8,5,NA,11.8484067053628,23.8834969321996
2060-08-06 12:00:00,2060,8,6,NA,13.0429339979123,22.0122876120453
2060-08-07 12:00:00,2060,8,7,NA,13.479301576222,25.3336205314828
2060-08-08 12:00:00,2060,8,8,NA,14.4635038877167,24.7127516735015
2060-08-09 12:00:00,2060,8,9,NA,12.4439424157711,27.0262303710038
2060-08-10 12:00:00,2060,8,10,NA,21.5226939014805,29.3956883832251
2060-08-11 12:00:00,2060,8,11,NA,23.3121022941081,30.2963151591739
2060-08-12 12:00:00,2060,8,12,NA,24.0078843456559,29.4222194631113
2060-08-13 12:00:00,2060,8,13,NA,21.0357989707592,29.1909746416019
2060-08-14 12:00:00,2060,8,14,NA,20.7443631280544,32.7105569080341
2060-08-15 12:00:00,2060,8,15,NA,18.1421829216129,35.749636407251
2060-08-16 12:00:00,2060,8,16,NA,19.7788884248277,33.5310453237746
2060-08-17 12:00:00,2060,8,17,NA,18.3043555263535,29.6278680875543
2060-08-18 12:00:00,2060,8,18,NA,16.9059945752244,26.6992246552723
2060-08-19 12:00:00,2060,8,19,NA,18.88034653453,24.2156336421136
2060-08-20 12:00:00,2060,8,20,NA,16.315576471285,20.0053644147112
2060-08-21 12:00:00,2060,8,21,NA,12.960497372233,20.8462043870022
2060-08-22 12:00:00,2060,8,22,NA,12.4125198460644,18.6327643998184
2060-08-23 12:00:00,2060,8,23,NA,6.62053053956297,21.7071036175604
2060-08-24 12:00:00,2060,8,24,NA,4.27081008259494,21.9527132397634
2060-08-25 12:00:00,2060,8,25,NA,5.75751046614536,25.4844655099818
2060-08-26 12:00:00,2060,8,26,NA,6.54990923622767,26.2768642800641
2060-08-27 12:00:00,2060,8,27,NA,11.6103823067882,25.4697138619379
2060-08-28 12:00:00,2060,8,28,NA,9.65845277098494,24.7643176538834
2060-08-29 12:00:00,2060,8,29,NA,6.0178888687822,29.4238931450258
2060-08-30 12:00:00,2060,8,30,NA,8.03350187619997,20.5952473448283
2060-08-31 12:00:00,2060,8,31,NA,9.46036282248421,19.7096106082691
2060-09-01 12:00:00,2060,9,1,NA,8.11875980799251,19.817643606827
2060-09-02 12:00:00,2060,9,2,NA,5.9304903312474,21.7271189819393
2060-09-03 12:00:00,2060,9,3,NA,9.64173252588986,18.5487053888463
2060-09-04 12:00:00,2060,9,4,NA,5.71395337502074,19.5588446753
2060-09-05 12:00:00,2060,9,5,NA,7.631529132711,16.470727696711
2060-09-06 12:00:00,2060,9,6,NA,7.55322257868248,15.9107048469557
2060-09-07 12:00:00,2060,9,7,NA,11.9897879311785,19.414315849053
2060-09-08 12:00:00,2060,9,8,NA,13.5562338847003,20.7910011727688
2060-09-09 12:00:00,2060,9,9,NA,10.3124044558418,21.3626552021378
2060-09-10 12:00:00,2060,9,10,NA,11.0512939817615,18.8377719168586
2060-09-11 12:00:00,2060,9,11,NA,8.9533266090171,24.3176631563417
2060-09-12 12:00:00,2060,9,12,NA,14.3618820082667,26.2931772595284
2060-09-13 12:00:00,2060,9,13,NA,16.0238514432193,31.449653053366
2060-09-14 12:00:00,2060,9,14,NA,16.2142612865084,26.268096323328
2060-09-15 12:00:00,2060,9,15,NA,13.9203204495074,23.0296111115452
2060-09-16 12:00:00,2060,9,16,NA,10.2391131810134,19.8225114534234
2060-09-17 12:00:00,2060,9,17,NA,12.9606025427497,21.8187882805161
2060-09-18 12:00:00,2060,9,18,NA,13.5969498397131,21.1570730341385
2060-09-19 12:00:00,2060,9,19,NA,13.9442212711494,27.5863062123842
2060-09-20 12:00:00,2060,9,20,NA,17.4878939810405,28.7855246065018
2060-09-21 12:00:00,2060,9,21,NA,17.390995141855,33.4556003732437
2060-09-22 12:00:00,2060,9,22,NA,22.8378744379183,30.8383745773227
2060-09-23 12:00:00,2060,9,23,NA,19.5636900816582,26.9534320885036
2060-09-24 12:00:00,2060,9,24,NA,16.5250972150388,24.2186445167795
2060-09-25 12:00:00,2060,9,25,NA,17.1827090710777,19.8693032154621
2060-09-26 12:00:00,2060,9,26,NA,18.6454354931774,23.1337151048751
2060-09-27 12:00:00,2060,9,27,NA,14.6486426067076,19.4520498266787
2060-09-28 12:00:00,2060,9,28,NA,16.2678592727554,21.2255716038794
2060-09-29 12:00:00,2060,9,29,NA,10.5714125716634,19.5165795892594
2060-09-30 12:00:00,2060,9,30,NA,12.8047797860138,19.307957379988
2060-10-01 12:00:00,2060,10,1,NA,11.777047650194,23.4542398812858
2060-10-02 12:00:00,2060,10,2,NA,9.41915909983209,23.7303652021706
2060-10-03 12:00:00,2060,10,3,NA,10.103976097977,23.2701274139726
2060-10-04 12:00:00,2060,10,4,NA,12.3863013418905,23.1682166354289
2060-10-05 12:00:00,2060,10,5,NA,11.8071993804219,22.781031688293
2060-10-06 12:00:00,2060,10,6,NA,6.90905731726533,17.3636518213618
2060-10-07 12:00:00,2060,10,7,NA,9.01409283067343,18.3289808488289
2060-10-08 12:00:00,2060,10,8,NA,9.31649891935112,16.3733591015994
2060-10-09 12:00:00,2060,10,9,NA,10.9381193334586,19.627204653957
2060-10-10 12:00:00,2060,10,10,NA,8.01397060879583,20.8805457109858
2060-10-11 12:00:00,2060,10,11,NA,11.8701741812249,23.8170058567103
2060-10-12 12:00:00,2060,10,12,NA,13.3157703220945,20.5683720721346
2060-10-13 12:00:00,2060,10,13,NA,9.8973253142235,16.7379083367919
2060-10-14 12:00:00,2060,10,14,NA,8.71681685722851,14.1295569907383
2060-10-15 12:00:00,2060,10,15,NA,11.2893729777701,16.6793603800792
2060-10-16 12:00:00,2060,10,16,NA,4.30190167009902,11.6958803399998
2060-10-17 12:00:00,2060,10,17,NA,2.19416943662034,10.771386544262
2060-10-18 12:00:00,2060,10,18,NA,1.96011583103974,13.260377754083
2060-10-19 12:00:00,2060,10,19,NA,6.48767847932231,14.6751876361053
2060-10-20 12:00:00,2060,10,20,NA,16.976449848115,19.5493309193769
2060-10-21 12:00:00,2060,10,21,NA,17.1483489341323,19.2804129637379
2060-10-22 12:00:00,2060,10,22,NA,18.5047451840771,21.7277124275828
2060-10-23 12:00:00,2060,10,23,NA,18.2786936450183,21.5361813379623
2060-10-24 12:00:00,2060,10,24,NA,10.3868370002219,17.6779531621193
2060-10-25 12:00:00,2060,10,25,NA,11.5691436569446,19.1336792019767
2060-10-26 12:00:00,2060,10,26,NA,13.0336308828319,18.5743303498132
2060-10-27 12:00:00,2060,10,27,NA,11.5550631170759,27.3022681399301
2060-10-28 12:00:00,2060,10,28,NA,12.5408229514232,16.8218047940324
2060-10-29 12:00:00,2060,10,29,NA,10.5563598509423,20.2050777702181
2060-10-30 12:00:00,2060,10,30,NA,13.1199627295801,18.2852704171649
2060-10-31 12:00:00,2060,10,31,NA,14.1868316073676,17.3398456819203
2060-11-01 12:00:00,2060,11,1,NA,10.9692725619416,16.3592599642507
2060-11-02 12:00:00,2060,11,2,NA,7.36473159776435,19.2974644753317
2060-11-03 12:00:00,2060,11,3,NA,7.89252727898919,16.1803229208525
2060-11-04 12:00:00,2060,11,4,NA,6.90936901407422,16.2921559697221
2060-11-05 12:00:00,2060,11,5,NA,5.49114397187445,14.8396113706928
2060-11-06 12:00:00,2060,11,6,NA,4.54317709721004,10.3806137004862
2060-11-07 12:00:00,2060,11,7,NA,6.5264762504691,11.2002921414973
2060-11-08 12:00:00,2060,11,8,NA,8.77506101102133,13.5998092060585
2060-11-09 12:00:00,2060,11,9,NA,8.85040724559449,10.7838850333514
2060-11-10 12:00:00,2060,11,10,NA,6.41216540402852,10.3035092556575
2060-11-11 12:00:00,2060,11,11,NA,6.04716568191635,8.86533270643398
2060-11-12 12:00:00,2060,11,12,NA,6.0825770010514,12.0455382758877
2060-11-13 12:00:00,2060,11,13,NA,3.97061531254024,9.76445910062187
2060-11-14 12:00:00,2060,11,14,NA,4.71219056761864,11.7873887956437
2060-11-15 12:00:00,2060,11,15,NA,6.3874363887424,15.1848930140794
2060-11-16 12:00:00,2060,11,16,NA,6.41092237540552,9.70333403531615
2060-11-17 12:00:00,2060,11,17,NA,5.12890436714497,8.85121383901252
2060-11-18 12:00:00,2060,11,18,NA,6.02594837306193,11.6941703500445
2060-11-19 12:00:00,2060,11,19,NA,7.50324121815505,14.5063149314589
2060-11-20 12:00:00,2060,11,20,NA,6.1683930094597,13.8933049578538
2060-11-21 12:00:00,2060,11,21,NA,8.78770043383119,14.6251370371073
2060-11-22 12:00:00,2060,11,22,NA,10.2536850536652,14.4532856051089
2060-11-23 12:00:00,2060,11,23,NA,9.13753032146566,11.6784297067402
2060-11-24 12:00:00,2060,11,24,NA,6.44377254648846,11.862977904709
2060-11-25 12:00:00,2060,11,25,NA,6.81975068608868,10.5784080786441
2060-11-26 12:00:00,2060,11,26,NA,8.19348276355788,11.0252742581347
2060-11-27 12:00:00,2060,11,27,NA,5.5623319482837,8.53197685491676
2060-11-28 12:00:00,2060,11,28,NA,10.4989733134729,16.3634237682196
2060-11-29 12:00:00,2060,11,29,NA,12.5847330355256,18.5384997719407
2060-11-30 12:00:00,2060,11,30,NA,10.5181114663452,14.4708799884724
2060-12-01 12:00:00,2060,12,1,NA,9.28141581942511,14.1237274067999
2060-12-02 12:00:00,2060,12,2,NA,6.50833321924376,13.0292639490593
2060-12-03 12:00:00,2060,12,3,NA,3.59132015174053,11.2877900570497
2060-12-04 12:00:00,2060,12,4,NA,3.08829212953387,5.0507874419916
2060-12-05 12:00:00,2060,12,5,NA,0.397297081857535,5.49270993625075
2060-12-06 12:00:00,2060,12,6,NA,2.56384613415667,7.56703442956564
2060-12-07 12:00:00,2060,12,7,NA,3.83754186178149,10.2012999150747
2060-12-08 12:00:00,2060,12,8,NA,1.79091125751946,6.68420427754197
2060-12-09 12:00:00,2060,12,9,NA,6.9656913048772,10.987096950347
2060-12-10 12:00:00,2060,12,10,NA,8.14686085635024,12.006690983223
2060-12-11 12:00:00,2060,12,11,NA,7.00514488600037,15.6205230509366
2060-12-12 12:00:00,2060,12,12,NA,4.54557039739088,9.34205197909787
2060-12-13 12:00:00,2060,12,13,NA,3.49101140135982,7.46618166959858
2060-12-14 12:00:00,2060,12,14,NA,1.03161391693041,6.00448490085108
2060-12-15 12:00:00,2060,12,15,NA,3.06148450457837,11.019281523185
2060-12-16 12:00:00,2060,12,16,NA,4.16570275623832,7.88588680001522
2060-12-17 12:00:00,2060,12,17,NA,-0.272767187590603,6.52275207039471
2060-12-18 12:00:00,2060,12,18,NA,-0.252496788166156,9.65567464884289
2060-12-19 12:00:00,2060,12,19,NA,-0.0114794604263562,11.0911739941314
2060-12-20 12:00:00,2060,12,20,NA,4.53533269844883,9.62391026638722
2060-12-21 12:00:00,2060,12,21,NA,7.04391994877976,13.067420527688
2060-12-22 12:00:00,2060,12,22,NA,7.16167987315059,12.2182681744728
2060-12-23 12:00:00,2060,12,23,NA,2.94467608573314,8.04094779449794
2060-12-24 12:00:00,2060,12,24,NA,5.24539106091967,10.4462425498283
2060-12-25 12:00:00,2060,12,25,NA,3.95639290359625,12.0823324979836
2060-12-26 12:00:00,2060,12,26,NA,5.12391141425538,13.2498510086427
2060-12-27 12:00:00,2060,12,27,NA,4.67877536275394,16.1967393259681
2060-12-28 12:00:00,2060,12,28,NA,2.66985947906424,14.0951698272693
2060-12-29 12:00:00,2060,12,29,NA,5.34863031688281,16.5549144705448
2060-12-30 12:00:00,2060,12,30,NA,5.71853916884987,12.8395655613261
2060-12-31 12:00:00,2060,12,31,NA,6.52832752383817,11.9546885243352
2061-01-01 12:00:00,2061,1,1,NA,4.10076524865439,12.6559585979867
2061-01-02 12:00:00,2061,1,2,NA,3.87889640013686,8.69591011317161
2061-01-03 12:00:00,2061,1,3,NA,5.89340236639492,10.0613757853359
2061-01-04 12:00:00,2061,1,4,NA,4.17376248566992,16.017661833334
2061-01-05 12:00:00,2061,1,5,NA,7.36844084547745,12.8458290035035
2061-01-06 12:00:00,2061,1,6,NA,10.6641511828175,15.7457768000979
2061-01-07 12:00:00,2061,1,7,NA,8.98609303645864,17.3094926938738
2061-01-08 12:00:00,2061,1,8,NA,7.54053292227331,10.6392707656818
2061-01-09 12:00:00,2061,1,9,NA,3.34934815231379,7.93552709573339
2061-01-10 12:00:00,2061,1,10,NA,2.35109790008229,5.46299995249522
2061-01-11 12:00:00,2061,1,11,NA,-0.129227592740007,3.6422678355256
2061-01-12 12:00:00,2061,1,12,NA,-6.2708980856355,1.8221295070447
2061-01-13 12:00:00,2061,1,13,NA,-0.576306314550509,9.17346375615354
2061-01-14 12:00:00,2061,1,14,NA,0.815487127988303,5.62795797215504
2061-01-15 12:00:00,2061,1,15,NA,-0.695297930068154,6.40636528488079
2061-01-16 12:00:00,2061,1,16,NA,-1.98313447218453,9.09862656487999
2061-01-17 12:00:00,2061,1,17,NA,4.6443596172791,14.2584611418271
2061-01-18 12:00:00,2061,1,18,NA,1.84353220883052,9.08054538834605
2061-01-19 12:00:00,2061,1,19,NA,3.56169516759091,13.8682104776812
2061-01-20 12:00:00,2061,1,20,NA,3.93297011625784,9.75669519146292
2061-01-21 12:00:00,2061,1,21,NA,3.60151783867516,13.0193499338731
2061-01-22 12:00:00,2061,1,22,NA,-0.755299181944465,12.243388866558
2061-01-23 12:00:00,2061,1,23,NA,6.47967781710578,10.9960441598273
2061-01-24 12:00:00,2061,1,24,NA,2.6540999477539,5.94313352046214
2061-01-25 12:00:00,2061,1,25,NA,1.58680958627224,7.33481129799894
2061-01-26 12:00:00,2061,1,26,NA,-1.60569206559295,3.47593355168753
2061-01-27 12:00:00,2061,1,27,NA,-0.954902049938548,8.13055718164216
2061-01-28 12:00:00,2061,1,28,NA,2.80024889538174,7.28594149920151
2061-01-29 12:00:00,2061,1,29,NA,1.30587082898577,5.65984378639309
2061-01-30 12:00:00,2061,1,30,NA,1.20655743793734,7.5452567801753
2061-01-31 12:00:00,2061,1,31,NA,0.846978918628532,7.89973450859422
2061-02-01 12:00:00,2061,2,1,NA,1.18455444562599,6.12695006703183
2061-02-02 12:00:00,2061,2,2,NA,1.76775713403966,5.28316646018793
2061-02-03 12:00:00,2061,2,3,NA,6.55991493739221,11.488992871987
2061-02-04 12:00:00,2061,2,4,NA,4.67270283434662,10.5341859461455
2061-02-05 12:00:00,2061,2,5,NA,0.478615159900696,13.7763618399327
2061-02-06 12:00:00,2061,2,6,NA,-1.43440342903498,11.8335906306814
2061-02-07 12:00:00,2061,2,7,NA,-1.29760287202844,10.2516390021418
2061-02-08 12:00:00,2061,2,8,NA,-4.13178564727871,2.91272782621637
2061-02-09 12:00:00,2061,2,9,NA,-4.84032986045594,-0.887950805700904
2061-02-10 12:00:00,2061,2,10,NA,-2.26203621497888,0.251857850034434
2061-02-11 12:00:00,2061,2,11,NA,0.573688292646899,5.1015136492045
2061-02-12 12:00:00,2061,2,12,NA,1.36784696008036,7.88882177433408
2061-02-13 12:00:00,2061,2,13,NA,-6.88991159693619,1.17707507072539
2061-02-14 12:00:00,2061,2,14,NA,-0.484248632027771,6.01789850367489
2061-02-15 12:00:00,2061,2,15,NA,7.02424273994677,11.460391466599
2061-02-16 12:00:00,2061,2,16,NA,2.33374406757952,5.62451121340319
2061-02-17 12:00:00,2061,2,17,NA,2.25346595176808,9.23947830863109
2061-02-18 12:00:00,2061,2,18,NA,0.0644425354956906,6.66877981105945
2061-02-19 12:00:00,2061,2,19,NA,1.78271115372383,8.80882314408093
2061-02-20 12:00:00,2061,2,20,NA,4.99192900247052,7.56713446609998
2061-02-21 12:00:00,2061,2,21,NA,6.23297332863096,10.0140758248291
2061-02-22 12:00:00,2061,2,22,NA,6.17204157961166,9.54000893811514
2061-02-23 12:00:00,2061,2,23,NA,4.57182118090526,7.06560846597349
2061-02-24 12:00:00,2061,2,24,NA,-2.23823319139711,5.81771438967694
2061-02-25 12:00:00,2061,2,25,NA,4.84651761664013,12.2747542850041
2061-02-26 12:00:00,2061,2,26,NA,6.52235546625396,13.8218919068521
2061-02-27 12:00:00,2061,2,27,NA,7.64425832850307,14.8905570887859
2061-02-28 12:00:00,2061,2,28,NA,3.60762335410179,14.1427938503768
2061-03-01 12:00:00,2061,3,1,NA,4.60350836078812,13.5171015920679
2061-03-02 12:00:00,2061,3,2,NA,11.0380061175002,15.1902255840857
2061-03-03 12:00:00,2061,3,3,NA,6.92130319282478,12.8874104915174
2061-03-04 12:00:00,2061,3,4,NA,6.07700553349439,15.3524334562668
2061-03-05 12:00:00,2061,3,5,NA,4.92313025299371,18.9862399640039
2061-03-06 12:00:00,2061,3,6,NA,5.804714684597,16.5092002644341
2061-03-07 12:00:00,2061,3,7,NA,7.44348041689918,19.4053911864114
2061-03-08 12:00:00,2061,3,8,NA,7.41925780709652,19.3613666066865
2061-03-09 12:00:00,2061,3,9,NA,8.05511810802345,21.2740713013363
2061-03-10 12:00:00,2061,3,10,NA,11.1288279102892,14.3009359640101
2061-03-11 12:00:00,2061,3,11,NA,13.3367375958127,15.264188563536
2061-03-12 12:00:00,2061,3,12,NA,9.94070204217571,11.8263398064272
2061-03-13 12:00:00,2061,3,13,NA,7.23960958766861,11.7897615026827
2061-03-14 12:00:00,2061,3,14,NA,4.95335163675189,15.820100595089
2061-03-15 12:00:00,2061,3,15,NA,3.81169573353172,14.1267336510031
2061-03-16 12:00:00,2061,3,16,NA,7.71079251501294,15.2628151914517
2061-03-17 12:00:00,2061,3,17,NA,6.5944477892676,9.72057270217533
2061-03-18 12:00:00,2061,3,18,NA,5.2723381684232,11.5253536044891
2061-03-19 12:00:00,2061,3,19,NA,3.27321313946847,7.04126016702117
2061-03-20 12:00:00,2061,3,20,NA,1.04322202170701,5.21899493220027
2061-03-21 12:00:00,2061,3,21,NA,1.98176487222343,8.16817598729061
2061-03-22 12:00:00,2061,3,22,NA,2.38189629996877,6.14338811609731
2061-03-23 12:00:00,2061,3,23,NA,6.03098135194986,7.95843231967319
2061-03-24 12:00:00,2061,3,24,NA,5.43032345207165,12.1857890497315
2061-03-25 12:00:00,2061,3,25,NA,6.4802953065084,12.0877010302727
2061-03-26 12:00:00,2061,3,26,NA,6.7062664122663,10.8042305836795
2061-03-27 12:00:00,2061,3,27,NA,3.16050619142837,11.9320072746087
2061-03-28 12:00:00,2061,3,28,NA,7.92912314542723,13.2009885143307
2061-03-29 12:00:00,2061,3,29,NA,6.56716428309736,10.8343247876356
2061-03-30 12:00:00,2061,3,30,NA,2.99088029102575,13.3658128668503
2061-03-31 12:00:00,2061,3,31,NA,-2.48804215324427,12.0824923178233
2061-04-01 12:00:00,2061,4,1,NA,1.65706943273617,9.1196123762394
2061-04-02 12:00:00,2061,4,2,NA,-0.0282402326954649,13.6800972414804
2061-04-03 12:00:00,2061,4,3,NA,-4.67419463175752,15.2674857672114
2061-04-04 12:00:00,2061,4,4,NA,-2.03929386467181,13.1699395103276
2061-04-05 12:00:00,2061,4,5,NA,5.29435302917011,12.416083677622
2061-04-06 12:00:00,2061,4,6,NA,4.94041566826535,10.0911677864831
2061-04-07 12:00:00,2061,4,7,NA,-0.533309931705224,12.8358602820521
2061-04-08 12:00:00,2061,4,8,NA,1.62621825189895,12.2109391007133
2061-04-09 12:00:00,2061,4,9,NA,2.40494995540725,10.9101323126388
2061-04-10 12:00:00,2061,4,10,NA,5.85313850106538,12.8435723958281
2061-04-11 12:00:00,2061,4,11,NA,1.18454316243054,20.1807337274177
2061-04-12 12:00:00,2061,4,12,NA,1.6606073711484,22.0447067526081
2061-04-13 12:00:00,2061,4,13,NA,5.25164861136929,25.0607052914533
2061-04-14 12:00:00,2061,4,14,NA,5.83165125730588,23.2022801467566
2061-04-15 12:00:00,2061,4,15,NA,10.193785918409,17.4583261126951
2061-04-16 12:00:00,2061,4,16,NA,6.66281924141213,17.2403841092615
2061-04-17 12:00:00,2061,4,17,NA,7.81711160107528,16.2543677707915
2061-04-18 12:00:00,2061,4,18,NA,6.25953905524828,14.4976748486642
2061-04-19 12:00:00,2061,4,19,NA,4.71984007218923,13.5897958527504
2061-04-20 12:00:00,2061,4,20,NA,7.30144961637866,15.363322855055
2061-04-21 12:00:00,2061,4,21,NA,8.18965299665523,13.4661809250235
2061-04-22 12:00:00,2061,4,22,NA,5.82417103404232,14.274243009723
2061-04-23 12:00:00,2061,4,23,NA,3.90064704680908,13.1877464863022
2061-04-24 12:00:00,2061,4,24,NA,8.66625090405853,21.3129588594712
2061-04-25 12:00:00,2061,4,25,NA,9.23943005332694,23.6117010837487
2061-04-26 12:00:00,2061,4,26,NA,8.52089767921072,25.3781059615117
2061-04-27 12:00:00,2061,4,27,NA,10.3088111455037,18.775752833663
2061-04-28 12:00:00,2061,4,28,NA,9.03056172522049,17.535744082452
2061-04-29 12:00:00,2061,4,29,NA,9.18938451670443,18.2302282814919
2061-04-30 12:00:00,2061,4,30,NA,12.1121338443953,22.6539570077057
2061-05-01 12:00:00,2061,5,1,NA,12.7955874291133,24.4245624736003
2061-05-02 12:00:00,2061,5,2,NA,11.1068675524964,22.2820398034203
2061-05-03 12:00:00,2061,5,3,NA,11.4716783788349,20.3409969915189
2061-05-04 12:00:00,2061,5,4,NA,11.318945967737,16.0067596474799
2061-05-05 12:00:00,2061,5,5,NA,7.99662979537934,20.6885661612386
2061-05-06 12:00:00,2061,5,6,NA,8.45978466631598,22.2747720868439
2061-05-07 12:00:00,2061,5,7,NA,10.9057225770804,20.6377745324192
2061-05-08 12:00:00,2061,5,8,NA,5.81016709394913,20.4059915576561
2061-05-09 12:00:00,2061,5,9,NA,9.15625554991459,26.9094697953249
2061-05-10 12:00:00,2061,5,10,NA,11.1113901661361,24.6955505942326
2061-05-11 12:00:00,2061,5,11,NA,14.78929986682,18.9758957028981
2061-05-12 12:00:00,2061,5,12,NA,13.5635264082765,20.6511256967145
2061-05-13 12:00:00,2061,5,13,NA,10.7383670614141,24.0344740932134
2061-05-14 12:00:00,2061,5,14,NA,10.4611833310075,27.0242102205977
2061-05-15 12:00:00,2061,5,15,NA,17.1189583144987,28.6201563845711
2061-05-16 12:00:00,2061,5,16,NA,13.7995957311919,30.3278814964956
2061-05-17 12:00:00,2061,5,17,NA,16.670875645886,28.6260893079267
2061-05-18 12:00:00,2061,5,18,NA,15.7387664875773,28.3498471382331
2061-05-19 12:00:00,2061,5,19,NA,16.1560618201789,26.8526966095488
2061-05-20 12:00:00,2061,5,20,NA,11.8263456276849,29.2700885503935
2061-05-21 12:00:00,2061,5,21,NA,15.5828520086904,27.4236516725265
2061-05-22 12:00:00,2061,5,22,NA,11.3319282363416,25.1469156568695
2061-05-23 12:00:00,2061,5,23,NA,12.1899450800395,19.0884009401715
2061-05-24 12:00:00,2061,5,24,NA,11.7853891100906,21.3386314008536
2061-05-25 12:00:00,2061,5,25,NA,10.9814130818408,20.8606534533511
2061-05-26 12:00:00,2061,5,26,NA,5.10725122761782,22.5704275993028
2061-05-27 12:00:00,2061,5,27,NA,11.1217698060355,22.8748071823901
2061-05-28 12:00:00,2061,5,28,NA,7.33889841422743,16.4248949245011
2061-05-29 12:00:00,2061,5,29,NA,6.20301070236508,17.9362002775495
2061-05-30 12:00:00,2061,5,30,NA,10.2791549236933,19.8712148116238
2061-05-31 12:00:00,2061,5,31,NA,11.4120369781146,21.9518049672681
2061-06-01 12:00:00,2061,6,1,NA,8.53466865505185,25.184279478211
2061-06-02 12:00:00,2061,6,2,NA,4.20850095132003,24.336135751406
2061-06-03 12:00:00,2061,6,3,NA,3.48527967824831,25.8694343649411
2061-06-04 12:00:00,2061,6,4,NA,8.94582659548442,26.3822969271508
2061-06-05 12:00:00,2061,6,5,NA,14.701695023493,30.5358899155395
2061-06-06 12:00:00,2061,6,6,NA,18.2488819942168,25.3790020544682
2061-06-07 12:00:00,2061,6,7,NA,13.7647397731963,23.9382817675043
2061-06-08 12:00:00,2061,6,8,NA,8.28297432529783,23.7603703453764
2061-06-09 12:00:00,2061,6,9,NA,12.8501425086923,25.1472883170023
2061-06-10 12:00:00,2061,6,10,NA,12.4674944944274,27.6732609817653
2061-06-11 12:00:00,2061,6,11,NA,12.3241396604022,22.4828100653537
2061-06-12 12:00:00,2061,6,12,NA,9.55494592502488,29.139197057273
2061-06-13 12:00:00,2061,6,13,NA,13.3455956603896,28.6028282846463
2061-06-14 12:00:00,2061,6,14,NA,9.94855873887617,24.5848363617651
2061-06-15 12:00:00,2061,6,15,NA,11.8330798242464,16.9842767337389
2061-06-16 12:00:00,2061,6,16,NA,8.8899754393933,24.8103863112828
2061-06-17 12:00:00,2061,6,17,NA,12.10638162427,23.3157208850049
2061-06-18 12:00:00,2061,6,18,NA,13.5313621605477,19.7302350282683
2061-06-19 12:00:00,2061,6,19,NA,12.3569973669122,20.3257309472991
2061-06-20 12:00:00,2061,6,20,NA,10.0223470261641,24.5750566874182
2061-06-21 12:00:00,2061,6,21,NA,12.2769886459851,27.7458579032555
2061-06-22 12:00:00,2061,6,22,NA,14.7878650404944,29.7653935664704
2061-06-23 12:00:00,2061,6,23,NA,13.9791144392986,27.3053494856419
2061-06-24 12:00:00,2061,6,24,NA,13.8210018814829,29.0586786245016
2061-06-25 12:00:00,2061,6,25,NA,14.8714144555842,23.1069047514481
2061-06-26 12:00:00,2061,6,26,NA,12.9379972521176,22.4233204154218
2061-06-27 12:00:00,2061,6,27,NA,12.9368415562144,20.1628343330909
2061-06-28 12:00:00,2061,6,28,NA,16.9119970809014,19.7817805860141
2061-06-29 12:00:00,2061,6,29,NA,15.7333100393449,17.772657479703
2061-06-30 12:00:00,2061,6,30,NA,11.9277509599466,18.2855220362512
2061-07-01 12:00:00,2061,7,1,NA,11.9448570381522,24.3306732213484
2061-07-02 12:00:00,2061,7,2,NA,12.0003323677708,25.6542447187121
2061-07-03 12:00:00,2061,7,3,NA,10.3412595563701,22.4220114217609
2061-07-04 12:00:00,2061,7,4,NA,9.21968665079851,23.3998408013863
2061-07-05 12:00:00,2061,7,5,NA,17.2309074568477,24.9241362033889
2061-07-06 12:00:00,2061,7,6,NA,17.2984030333941,27.0185613401008
2061-07-07 12:00:00,2061,7,7,NA,15.3426570920013,31.3911839271626
2061-07-08 12:00:00,2061,7,8,NA,15.708129930238,31.8508713702721
2061-07-09 12:00:00,2061,7,9,NA,11.8936702022193,29.0897594926371
2061-07-10 12:00:00,2061,7,10,NA,14.8165069467048,32.251975345965
2061-07-11 12:00:00,2061,7,11,NA,20.3607255991711,29.2461423179723
2061-07-12 12:00:00,2061,7,12,NA,23.0773484575315,29.3350327214892
2061-07-13 12:00:00,2061,7,13,NA,23.8289346509254,31.9322649891294
2061-07-14 12:00:00,2061,7,14,NA,22.9975086729903,36.1762936469782
2061-07-15 12:00:00,2061,7,15,NA,22.471959287237,37.5893011592711
2061-07-16 12:00:00,2061,7,16,NA,24.0104344567822,36.0916610444941
2061-07-17 12:00:00,2061,7,17,NA,22.1997443394852,35.0562731647462
2061-07-18 12:00:00,2061,7,18,NA,22.1513654540365,35.0078942792975
2061-07-19 12:00:00,2061,7,19,NA,21.2156246597298,27.2962476971149
2061-07-20 12:00:00,2061,7,20,NA,19.5931619546446,28.6786531547244
2061-07-21 12:00:00,2061,7,21,NA,16.5938302162996,28.652455733572
2061-07-22 12:00:00,2061,7,22,NA,17.1938637180271,33.6343513204794
2061-07-23 12:00:00,2061,7,23,NA,19.563911055347,34.580959456794
2061-07-24 12:00:00,2061,7,24,NA,17.4014204814827,33.8034906693565
2061-07-25 12:00:00,2061,7,25,NA,16.4993627800787,29.9133304218413
2061-07-26 12:00:00,2061,7,26,NA,15.7181297519311,30.735784897292
2061-07-27 12:00:00,2061,7,27,NA,16.0358954636075,30.7891091291899
2061-07-28 12:00:00,2061,7,28,NA,13.9097412842298,28.0898954348175
2061-07-29 12:00:00,2061,7,29,NA,14.2374904896022,26.4485308122974
2061-07-30 12:00:00,2061,7,30,NA,15.4440003988558,29.3165968558207
2061-07-31 12:00:00,2061,7,31,NA,13.7364774403016,29.8893141069776
2061-08-01 12:00:00,2061,8,1,NA,12.0279461143449,24.2154880605804
2061-08-02 12:00:00,2061,8,2,NA,12.0331946711031,27.0662871199382
2061-08-03 12:00:00,2061,8,3,NA,14.1882232106536,24.3564925337143
2061-08-04 12:00:00,2061,8,4,NA,10.7109597931866,25.2932477484194
2061-08-05 12:00:00,2061,8,5,NA,11.473880659407,25.6316727164976
2061-08-06 12:00:00,2061,8,6,NA,11.9271213685094,28.2868846977428
2061-08-07 12:00:00,2061,8,7,NA,13.9273385352935,30.4680136042247
2061-08-08 12:00:00,2061,8,8,NA,12.3335466582162,28.1301753089081
2061-08-09 12:00:00,2061,8,9,NA,15.0667809199611,24.0850353577589
2061-08-10 12:00:00,2061,8,10,NA,11.718663821659,27.4388041743807
2061-08-11 12:00:00,2061,8,11,NA,15.2355008964284,25.1383793583961
2061-08-12 12:00:00,2061,8,12,NA,17.7461487165643,23.4514001444967
2061-08-13 12:00:00,2061,8,13,NA,14.1187314187313,24.8803689893338
2061-08-14 12:00:00,2061,8,14,NA,17.3979794244467,24.5697086860158
2061-08-15 12:00:00,2061,8,15,NA,11.7264935821592,22.7236528038705
2061-08-16 12:00:00,2061,8,16,NA,12.5096716207854,22.2070176837709
2061-08-17 12:00:00,2061,8,17,NA,17.0826197838672,19.8055619103621
2061-08-18 12:00:00,2061,8,18,NA,15.5820262116846,23.0032951217317
2061-08-19 12:00:00,2061,8,19,NA,13.7864711359878,22.1695887973564
2061-08-20 12:00:00,2061,8,20,NA,12.586274826969,21.5773003773414
2061-08-21 12:00:00,2061,8,21,NA,10.9088781672235,25.0504268330491
2061-08-22 12:00:00,2061,8,22,NA,12.0223507625452,26.1638994283707
2061-08-23 12:00:00,2061,8,23,NA,13.8966908575763,23.7618406978508
2061-08-24 12:00:00,2061,8,24,NA,16.8035843854659,25.8527175569278
2061-08-25 12:00:00,2061,8,25,NA,17.734538886736,23.2952909059249
2061-08-26 12:00:00,2061,8,26,NA,16.199332694912,25.1830716382089
2061-08-27 12:00:00,2061,8,27,NA,12.710430273943,21.3853504223406
2061-08-28 12:00:00,2061,8,28,NA,10.7040527061336,20.6287336031938
2061-08-29 12:00:00,2061,8,29,NA,13.4468024910739,20.1966098933416
2061-08-30 12:00:00,2061,8,30,NA,12.4776167087842,19.676674908346
2061-08-31 12:00:00,2061,8,31,NA,14.5093131750419,19.7687782484608
2061-09-01 12:00:00,2061,9,1,NA,12.202235328776,19.4704866166731
2061-09-02 12:00:00,2061,9,2,NA,10.3110697852022,21.6870877582614
2061-09-03 12:00:00,2061,9,3,NA,9.64407861694239,23.819216706429
2061-09-04 12:00:00,2061,9,4,NA,5.59350158688332,23.7242988414172
2061-09-05 12:00:00,2061,9,5,NA,7.82758470783875,23.8921899392275
2061-09-06 12:00:00,2061,9,6,NA,12.5268309508464,25.0126144691899
2061-09-07 12:00:00,2061,9,7,NA,10.8764747017769,25.608853965121
2061-09-08 12:00:00,2061,9,8,NA,14.7934207497933,22.7939208891977
2061-09-09 12:00:00,2061,9,9,NA,10.7828500170057,18.7528931444338
2061-09-10 12:00:00,2061,9,10,NA,7.88988179800209,21.4815030836526
2061-09-11 12:00:00,2061,9,11,NA,7.81628890190957,20.4400834679654
2061-09-12 12:00:00,2061,9,12,NA,5.66994572135716,21.0342822686818
2061-09-13 12:00:00,2061,9,13,NA,7.49198632504585,20.6148685380007
2061-09-14 12:00:00,2061,9,14,NA,7.26596004153056,18.3162107878266
2061-09-15 12:00:00,2061,9,15,NA,9.51513521641345,22.2947663477708
2061-09-16 12:00:00,2061,9,16,NA,11.7418659933414,21.4062452975504
2061-09-17 12:00:00,2061,9,17,NA,12.4815232170631,18.1291626680049
2061-09-18 12:00:00,2061,9,18,NA,10.5454727872949,18.4725190255998
2061-09-19 12:00:00,2061,9,19,NA,7.80527497675597,15.4568775784773
2061-09-20 12:00:00,2061,9,20,NA,7.80060137503219,15.9909167069815
2061-09-21 12:00:00,2061,9,21,NA,8.93343106841435,17.2006435079168
2061-09-22 12:00:00,2061,9,22,NA,5.54930291514207,20.0008292699065
2061-09-23 12:00:00,2061,9,23,NA,5.37571497323981,23.1194467709196
2061-09-24 12:00:00,2061,9,24,NA,6.62448046079166,25.3929912471748
2061-09-25 12:00:00,2061,9,25,NA,11.0074457586792,22.3998462540836
2061-09-26 12:00:00,2061,9,26,NA,12.8698803429347,19.9708274008517
2061-09-27 12:00:00,2061,9,27,NA,9.23104008649781,18.0947184691181
2061-09-28 12:00:00,2061,9,28,NA,8.3859480373533,19.8812091117675
2061-09-29 12:00:00,2061,9,29,NA,11.1133666299101,18.3057304053553
2061-09-30 12:00:00,2061,9,30,NA,10.9706542245122,25.1457923139988
2061-10-01 12:00:00,2061,10,1,NA,11.1657361691389,20.0270518022266
2061-10-02 12:00:00,2061,10,2,NA,11.9416016043078,18.444779198282
2061-10-03 12:00:00,2061,10,3,NA,10.6829959038151,22.8296036083474
2061-10-04 12:00:00,2061,10,4,NA,12.5901389029312,20.9671917663284
2061-10-05 12:00:00,2061,10,5,NA,13.3631284112281,23.7961719313986
2061-10-06 12:00:00,2061,10,6,NA,15.3944897229736,21.7513269934318
2061-10-07 12:00:00,2061,10,7,NA,16.1517420210742,20.461935588339
2061-10-08 12:00:00,2061,10,8,NA,14.814712832162,23.4723649291211
2061-10-09 12:00:00,2061,10,9,NA,17.4005972076216,26.4936705728245
2061-10-10 12:00:00,2061,10,10,NA,15.2524470238341,26.7364239282515
2061-10-11 12:00:00,2061,10,11,NA,17.6720677699722,22.8320193507704
2061-10-12 12:00:00,2061,10,12,NA,18.4849426096235,24.7673297047042
2061-10-13 12:00:00,2061,10,13,NA,14.6639190698724,25.4610597405872
2061-10-14 12:00:00,2061,10,14,NA,12.228099033684,19.6992643931967
2061-10-15 12:00:00,2061,10,15,NA,11.8247164869343,26.3757343412116
2061-10-16 12:00:00,2061,10,16,NA,14.801038339961,26.6880153402498
2061-10-17 12:00:00,2061,10,17,NA,11.3518537494721,18.6567524348784
2061-10-18 12:00:00,2061,10,18,NA,11.3160092123275,19.4514247087455
2061-10-19 12:00:00,2061,10,19,NA,13.6016264440252,21.0453141860641
2061-10-20 12:00:00,2061,10,20,NA,12.3487679774323,19.8805392121047
2061-10-21 12:00:00,2061,10,21,NA,12.4937848700067,17.3310179630759
2061-10-22 12:00:00,2061,10,22,NA,10.2059353601225,18.5829882235198
2061-10-23 12:00:00,2061,10,23,NA,12.1242159209079,17.4641592789213
2061-10-24 12:00:00,2061,10,24,NA,11.2224327414331,17.7247698177173
2061-10-25 12:00:00,2061,10,25,NA,9.21136635573525,13.521559923
2061-10-26 12:00:00,2061,10,26,NA,7.52641515826122,15.8432079739423
2061-10-27 12:00:00,2061,10,27,NA,6.33101992981093,18.0026649486458
2061-10-28 12:00:00,2061,10,28,NA,6.921356392041,18.8078532428465
2061-10-29 12:00:00,2061,10,29,NA,6.15045264283001,20.215491526431
2061-10-30 12:00:00,2061,10,30,NA,5.17115687804282,13.7998384770582
2061-10-31 12:00:00,2061,10,31,NA,5.8190905485176,18.9554908335165
2061-11-01 12:00:00,2061,11,1,NA,4.61050849988475,19.776704987339
2061-11-02 12:00:00,2061,11,2,NA,4.88869789382265,14.959339928951
2061-11-03 12:00:00,2061,11,3,NA,5.71524682538873,15.3465504194854
2061-11-04 12:00:00,2061,11,4,NA,11.0355963055114,16.3138676926936
2061-11-05 12:00:00,2061,11,5,NA,13.1331522144691,18.8392140711074
2061-11-06 12:00:00,2061,11,6,NA,14.3389212139944,18.2147821955232
2061-11-07 12:00:00,2061,11,7,NA,13.3980953890416,20.892410069848
2061-11-08 12:00:00,2061,11,8,NA,12.6912609377102,21.147881892518
2061-11-09 12:00:00,2061,11,9,NA,13.6563370536221,21.1099625594355
2061-11-10 12:00:00,2061,11,10,NA,11.4280108730359,22.589282280137
2061-11-11 12:00:00,2061,11,11,NA,13.9423424391041,18.8668238652549
2061-11-12 12:00:00,2061,11,12,NA,13.3036150478726,18.9166314251942
2061-11-13 12:00:00,2061,11,13,NA,11.4304838316159,19.1793887251456
2061-11-14 12:00:00,2061,11,14,NA,13.8148773758213,20.3534045224722
2061-11-15 12:00:00,2061,11,15,NA,13.4028688093858,17.8583381273546
2061-11-16 12:00:00,2061,11,16,NA,11.8158340555316,16.5360972769166
2061-11-17 12:00:00,2061,11,17,NA,9.1020005730742,11.7869635655142
2061-11-18 12:00:00,2061,11,18,NA,5.57151749323706,8.39484517408373
2061-11-19 12:00:00,2061,11,19,NA,5.54321610020054,9.43455995182955
2061-11-20 12:00:00,2061,11,20,NA,4.68384600909576,13.7269981705578
2061-11-21 12:00:00,2061,11,21,NA,3.33630276786882,7.99545633524444
2061-11-22 12:00:00,2061,11,22,NA,3.98641943714376,6.77849757242978
2061-11-23 12:00:00,2061,11,23,NA,1.40972336059989,5.13580054379271
2061-11-24 12:00:00,2061,11,24,NA,-0.384410118589261,4.80159989344063
2061-11-25 12:00:00,2061,11,25,NA,0.612419225967104,2.59272383029409
2061-11-26 12:00:00,2061,11,26,NA,0.774740883464231,4.5117966394771
2061-11-27 12:00:00,2061,11,27,NA,-0.322797084498914,6.47963134978317
2061-11-28 12:00:00,2061,11,28,NA,1.58184802503667,9.55598648258637
2061-11-29 12:00:00,2061,11,29,NA,6.58818079723468,11.455829553405
2061-11-30 12:00:00,2061,11,30,NA,7.44887277568227,14.0340851052148
2061-12-01 12:00:00,2061,12,1,NA,10.1943943945549,14.0383245231024
2061-12-02 12:00:00,2061,12,2,NA,8.52332347258198,13.9955122496195
2061-12-03 12:00:00,2061,12,3,NA,8.42675785390133,17.9847009762361
2061-12-04 12:00:00,2061,12,4,NA,6.48126706168008,15.0012904489343
2061-12-05 12:00:00,2061,12,5,NA,8.03771963911242,16.1459451373014
2061-12-06 12:00:00,2061,12,6,NA,7.66665624146478,15.4921416261037
2061-12-07 12:00:00,2061,12,7,NA,8.1815269381512,14.2709706624564
2061-12-08 12:00:00,2061,12,8,NA,7.36732062362497,16.5030665540225
2061-12-09 12:00:00,2061,12,9,NA,11.0934482909758,18.1108913376609
2061-12-10 12:00:00,2061,12,10,NA,8.08081280638162,14.245634438062
2061-12-11 12:00:00,2061,12,11,NA,6.64662962071167,10.5064597475844
2061-12-12 12:00:00,2061,12,12,NA,4.07723745825718,9.55511241602454
2061-12-13 12:00:00,2061,12,13,NA,6.0743172337586,12.2014440075518
2061-12-14 12:00:00,2061,12,14,NA,4.36290767535244,6.38648622600551
2061-12-15 12:00:00,2061,12,15,NA,3.59935669595631,6.0544673385649
2061-12-16 12:00:00,2061,12,16,NA,0.0787435490827619,1.99185704764364
2061-12-17 12:00:00,2061,12,17,NA,0.171339754586231,3.21341100772642
2061-12-18 12:00:00,2061,12,18,NA,0.442888674499476,3.44692516283645
2061-12-19 12:00:00,2061,12,19,NA,0.549895915404726,4.57475031807036
2061-12-20 12:00:00,2061,12,20,NA,4.72311736141045,9.68394448192177
2061-12-21 12:00:00,2061,12,21,NA,7.17682486131772,11.2495803540499
2061-12-22 12:00:00,2061,12,22,NA,6.07854841263556,11.0393755331469
2061-12-23 12:00:00,2061,12,23,NA,8.52887879844572,13.8474534445993
2061-12-24 12:00:00,2061,12,24,NA,5.40344625037215,11.1441916118487
2061-12-25 12:00:00,2061,12,25,NA,3.56575889962292,10.4184550194194
2061-12-26 12:00:00,2061,12,26,NA,6.97414747934619,12.4005084798432
2061-12-27 12:00:00,2061,12,27,NA,5.45663118876038,16.3882146541933
2061-12-28 12:00:00,2061,12,28,NA,1.13573407242195,6.18693238194913
2061-12-29 12:00:00,2061,12,29,NA,-2.37091946781034,9.05439088039471
2061-12-30 12:00:00,2061,12,30,NA,-1.56667571540802,4.54285366900117
2061-12-31 12:00:00,2061,12,31,NA,1.35232442797782,9.44525993991252
2062-01-01 12:00:00,2062,1,1,NA,2.59829839330247,5.46902418065881
2062-01-02 12:00:00,2062,1,2,NA,1.8008702378702,7.35419215458389
2062-01-03 12:00:00,2062,1,3,NA,2.59895850939477,10.3512285427072
2062-01-04 12:00:00,2062,1,4,NA,6.07364884414251,10.8767634625081
2062-01-05 12:00:00,2062,1,5,NA,3.39087669996451,10.4107647821806
2062-01-06 12:00:00,2062,1,6,NA,2.4246548448211,13.09661233258
2062-01-07 12:00:00,2062,1,7,NA,5.68719056041976,12.7651550014348
2062-01-08 12:00:00,2062,1,8,NA,5.50238210672299,8.62801441416195
2062-01-09 12:00:00,2062,1,9,NA,4.16179724612898,8.19014697850915
2062-01-10 12:00:00,2062,1,10,NA,-1.00187898160707,10.3314551405849
2062-01-11 12:00:00,2062,1,11,NA,-0.309162839768514,11.08472081735
2062-01-12 12:00:00,2062,1,12,NA,1.98689709429914,6.46033954180733
2062-01-13 12:00:00,2062,1,13,NA,1.59159814848976,10.5676245884023
2062-01-14 12:00:00,2062,1,14,NA,5.21529167822579,12.312229922568
2062-01-15 12:00:00,2062,1,15,NA,6.49423307585714,9.32906925373944
2062-01-16 12:00:00,2062,1,16,NA,7.04818514071505,9.12739683888276
2062-01-17 12:00:00,2062,1,17,NA,5.5871328737577,7.41608231853725
2062-01-18 12:00:00,2062,1,18,NA,-1.15109293494294,2.55593507450102
2062-01-19 12:00:00,2062,1,19,NA,-1.89908682440373,1.22046360349373
2062-01-20 12:00:00,2062,1,20,NA,-1.77170173765341,0.0506665589086119
2062-01-21 12:00:00,2062,1,21,NA,-0.377222118566106,2.50451376361344
2062-01-22 12:00:00,2062,1,22,NA,-1.40495929468303,2.69703196066089
2062-01-23 12:00:00,2062,1,23,NA,0.714830086589601,3.74734820200508
2062-01-24 12:00:00,2062,1,24,NA,4.03050842104933,6.0775950503817
2062-01-25 12:00:00,2062,1,25,NA,3.9884276123521,7.75992304061771
2062-01-26 12:00:00,2062,1,26,NA,4.95746365634833,7.79229983423063
2062-01-27 12:00:00,2062,1,27,NA,5.70173523709994,9.5208242829132
2062-01-28 12:00:00,2062,1,28,NA,5.39011155557251,8.53959694001943
2062-01-29 12:00:00,2062,1,29,NA,4.22796529939596,7.31480958951232
2062-01-30 12:00:00,2062,1,30,NA,4.60162278217576,7.51109610276632
2062-01-31 12:00:00,2062,1,31,NA,3.44453169413916,10.7128100278153
2062-02-01 12:00:00,2062,2,1,NA,3.04509896301689,9.38379830525484
2062-02-02 12:00:00,2062,2,2,NA,-0.959708239431081,2.18249882513027
2062-02-03 12:00:00,2062,2,3,NA,-1.17343602577874,1.65075389536542
2062-02-04 12:00:00,2062,2,4,NA,-1.08973028860666,2.17037233555402
2062-02-05 12:00:00,2062,2,5,NA,6.21875543291024,9.47504211626841
2062-02-06 12:00:00,2062,2,6,NA,5.46908039328875,8.83704775179222
2062-02-07 12:00:00,2062,2,7,NA,4.88631904033579,6.50225955745946
2062-02-08 12:00:00,2062,2,8,NA,5.14079624240567,7.33671245147266
2062-02-09 12:00:00,2062,2,9,NA,3.11868509138813,7.34819378838085
2062-02-10 12:00:00,2062,2,10,NA,-2.16771930336269,1.7219965807342
2062-02-11 12:00:00,2062,2,11,NA,1.95419568089377,4.60317670706512
2062-02-12 12:00:00,2062,2,12,NA,3.23495248274238,4.91903557157017
2062-02-13 12:00:00,2062,2,13,NA,-0.379369214368119,2.88073340979256
2062-02-14 12:00:00,2062,2,14,NA,-0.297064280847649,3.07090307765583
2062-02-15 12:00:00,2062,2,15,NA,3.24341468144904,7.47292337844177
2062-02-16 12:00:00,2062,2,16,NA,3.22789261077343,7.46506933886188
2062-02-17 12:00:00,2062,2,17,NA,5.17043818948135,10.0464571758747
2062-02-18 12:00:00,2062,2,18,NA,2.47323165675109,7.6307610376386
2062-02-19 12:00:00,2062,2,19,NA,-0.782449268441382,3.34142880973162
2062-02-20 12:00:00,2062,2,20,NA,-3.26591894799584,6.40384561311988
2062-02-21 12:00:00,2062,2,21,NA,0.60483574606164,3.85986356741098
2062-02-22 12:00:00,2062,2,22,NA,-0.614695678273551,2.65438507643642
2062-02-23 12:00:00,2062,2,23,NA,0.426126921648255,2.11021001047604
2062-02-24 12:00:00,2062,2,24,NA,-1.40030189610105,3.45919283700961
2062-02-25 12:00:00,2062,2,25,NA,-2.76573670849751,2.17516613090342
2062-02-26 12:00:00,2062,2,26,NA,0.0752848931834462,8.97581202898618
2062-02-27 12:00:00,2062,2,27,NA,1.70908250522038,4.20357054434495
2062-02-28 12:00:00,2062,2,28,NA,2.32374405103677,6.45395798773213
2062-03-01 12:00:00,2062,3,1,NA,-0.869636114282867,6.91487714365251
2062-03-02 12:00:00,2062,3,2,NA,1.75733611378325,7.50954980018521
2062-03-03 12:00:00,2062,3,3,NA,-0.409288842075996,10.0176071606974
2062-03-04 12:00:00,2062,3,4,NA,6.16051068927434,12.1618665881658
2062-03-05 12:00:00,2062,3,5,NA,7.78377546016271,14.5245120755524
2062-03-06 12:00:00,2062,3,6,NA,7.0501530564045,12.1648944081671
2062-03-07 12:00:00,2062,3,7,NA,2.61252523206403,11.702554950695
2062-03-08 12:00:00,2062,3,8,NA,-5.25912353716332,7.58316142862013
2062-03-09 12:00:00,2062,3,9,NA,3.13065873906845,12.2508903088404
2062-03-10 12:00:00,2062,3,10,NA,6.26539053782246,13.4160919107978
2062-03-11 12:00:00,2062,3,11,NA,2.27164229169991,13.0780099202388
2062-03-12 12:00:00,2062,3,12,NA,0.14558791079524,11.8000521107442
2062-03-13 12:00:00,2062,3,13,NA,-2.36878903275438,11.6489853248968
2062-03-14 12:00:00,2062,3,14,NA,-0.726066732663393,10.5323338647628
2062-03-15 12:00:00,2062,3,15,NA,4.81743699806904,18.0113236109472
2062-03-16 12:00:00,2062,3,16,NA,5.25472278040733,10.6418541096558
2062-03-17 12:00:00,2062,3,17,NA,5.06644741724051,11.1508423890352
2062-03-18 12:00:00,2062,3,18,NA,6.16266962167543,16.4900633789778
2062-03-19 12:00:00,2062,3,19,NA,12.9924822102258,16.696159793935
2062-03-20 12:00:00,2062,3,20,NA,13.3694778843039,17.9196297993181
2062-03-21 12:00:00,2062,3,21,NA,8.38555760502173,14.5719687200889
2062-03-22 12:00:00,2062,3,22,NA,9.28969563209479,12.3090026619555
2062-03-23 12:00:00,2062,3,23,NA,8.60236446595253,13.7171058177151
2062-03-24 12:00:00,2062,3,24,NA,5.86903748144219,16.5386702409046
2062-03-25 12:00:00,2062,3,25,NA,3.34687389875314,9.77317739625875
2062-03-26 12:00:00,2062,3,26,NA,6.62470955378165,10.1817639077733
2062-03-27 12:00:00,2062,3,27,NA,1.61303379950574,10.8982389316381
2062-03-28 12:00:00,2062,3,28,NA,3.70051170589339,14.1274077086668
2062-03-29 12:00:00,2062,3,29,NA,3.92520572126554,14.1601739183064
2062-03-30 12:00:00,2062,3,30,NA,2.6055199039932,16.8456044894992
2062-03-31 12:00:00,2062,3,31,NA,3.84603448713694,14.1610724046083
2062-04-01 12:00:00,2062,4,1,NA,9.35873146436051,16.8212744078637
2062-04-02 12:00:00,2062,4,2,NA,5.55728724047477,17.03451714643
2062-04-03 12:00:00,2062,4,3,NA,2.00793970971663,17.270123114138
2062-04-04 12:00:00,2062,4,4,NA,7.22371073885519,17.3404960618939
2062-04-05 12:00:00,2062,4,5,NA,2.80445454046855,19.3391443124117
2062-04-06 12:00:00,2062,4,6,NA,1.7575012023885,18.0696081061719
2062-04-07 12:00:00,2062,4,7,NA,3.20366845869168,11.670610146851
2062-04-08 12:00:00,2062,4,8,NA,4.08138909466059,13.5590478770303
2062-04-09 12:00:00,2062,4,9,NA,5.7653117861128,22.9297964433725
2062-04-10 12:00:00,2062,4,10,NA,1.36093312135625,16.0000732338862
2062-04-11 12:00:00,2062,4,11,NA,6.5023620168229,14.9758308127553
2062-04-12 12:00:00,2062,4,12,NA,4.43163770075621,12.5475616768174
2062-04-13 12:00:00,2062,4,13,NA,2.47836008547142,12.9086718311914
2062-04-14 12:00:00,2062,4,14,NA,-0.0965368420356745,12.5816138738365
2062-04-15 12:00:00,2062,4,15,NA,2.24210906462352,11.6583476056617
2062-04-16 12:00:00,2062,4,16,NA,6.55405159136481,11.8135514877042
2062-04-17 12:00:00,2062,4,17,NA,7.66088292242113,14.7246964149486
2062-04-18 12:00:00,2062,4,18,NA,12.5349381318592,19.4064085995747
2062-04-19 12:00:00,2062,4,19,NA,12.5342705159921,20.0089616247008
2062-04-20 12:00:00,2062,4,20,NA,11.316687939777,27.1240401867071
2062-04-21 12:00:00,2062,4,21,NA,16.8854225622186,21.9792407921796
2062-04-22 12:00:00,2062,4,22,NA,10.3161221353186,20.8901680823075
2062-04-23 12:00:00,2062,4,23,NA,7.16163123836244,24.1101596989451
2062-04-24 12:00:00,2062,4,24,NA,7.26141677401888,19.9676541221412
2062-04-25 12:00:00,2062,4,25,NA,10.7728374806751,20.1628420108216
2062-04-26 12:00:00,2062,4,26,NA,13.4305817928002,20.552312441252
2062-04-27 12:00:00,2062,4,27,NA,10.1652999683697,24.9556849110296
2062-04-28 12:00:00,2062,4,28,NA,9.00583276537949,21.8452483117164
2062-04-29 12:00:00,2062,4,29,NA,3.13767927215866,19.2605180342773
2062-04-30 12:00:00,2062,4,30,NA,-0.110055809606283,17.5552695031674
2062-05-01 12:00:00,2062,5,1,NA,7.89268594167599,17.391928998074
2062-05-02 12:00:00,2062,5,2,NA,6.95905885698068,15.4642412142122
2062-05-03 12:00:00,2062,5,3,NA,8.32477594843688,17.10874955759
2062-05-04 12:00:00,2062,5,4,NA,11.0893848388624,20.9047367759725
2062-05-05 12:00:00,2062,5,5,NA,12.4525782289272,23.1579121107009
2062-05-06 12:00:00,2062,5,6,NA,11.1849859404626,17.1276804786235
2062-05-07 12:00:00,2062,5,7,NA,7.12947601595099,16.9689532247145
2062-05-08 12:00:00,2062,5,8,NA,8.80189017857528,17.6121759525215
2062-05-09 12:00:00,2062,5,9,NA,12.5432591759027,14.5041086461534
2062-05-10 12:00:00,2062,5,10,NA,13.7570807721545,14.8265845365028
2062-05-11 12:00:00,2062,5,11,NA,13.8790551773261,21.3907273131261
2062-05-12 12:00:00,2062,5,12,NA,13.6415811300027,17.5343932598877
2062-05-13 12:00:00,2062,5,13,NA,9.61466334528551,23.1927319640668
2062-05-14 12:00:00,2062,5,14,NA,8.51177984819881,21.3585952206712
2062-05-15 12:00:00,2062,5,15,NA,11.9766502961692,19.3537194754191
2062-05-16 12:00:00,2062,5,16,NA,8.47222776019076,20.1062554027201
2062-05-17 12:00:00,2062,5,17,NA,5.9161031070793,21.2558018117302
2062-05-18 12:00:00,2062,5,18,NA,7.84293311399087,22.6933369945038
2062-05-19 12:00:00,2062,5,19,NA,11.6566926838366,29.2441424392608
2062-05-20 12:00:00,2062,5,20,NA,11.35659438269,29.2958809189623
2062-05-21 12:00:00,2062,5,21,NA,13.8857283973321,26.9753949413863
2062-05-22 12:00:00,2062,5,22,NA,12.9770336877951,27.6301075390216
2062-05-23 12:00:00,2062,5,23,NA,16.3583094562251,24.7056321778415
2062-05-24 12:00:00,2062,5,24,NA,14.8214293588135,23.6493981120633
2062-05-25 12:00:00,2062,5,25,NA,10.1590177270553,23.7449763189538
2062-05-26 12:00:00,2062,5,26,NA,10.1111250638925,18.9908442406742
2062-05-27 12:00:00,2062,5,27,NA,11.2463989119952,20.0024414726641
2062-05-28 12:00:00,2062,5,28,NA,12.9904975541309,18.9232105298728
2062-05-29 12:00:00,2062,5,29,NA,6.19630752558787,21.7340287627666
2062-05-30 12:00:00,2062,5,30,NA,7.86104828940534,26.2626737858352
2062-05-31 12:00:00,2062,5,31,NA,10.4087152728524,20.2879556443628
2062-06-01 12:00:00,2062,6,1,NA,14.1847803331295,20.8170757605207
2062-06-02 12:00:00,2062,6,2,NA,14.0517443429639,19.2272696945274
2062-06-03 12:00:00,2062,6,3,NA,13.9328749340488,16.9903673100424
2062-06-04 12:00:00,2062,6,4,NA,13.891491257961,15.6915817422737
2062-06-05 12:00:00,2062,6,5,NA,14.6351920974399,22.2397078509588
2062-06-06 12:00:00,2062,6,6,NA,11.7483926025364,19.3529083560553
2062-06-07 12:00:00,2062,6,7,NA,9.91997374372193,25.1930752870931
2062-06-08 12:00:00,2062,6,8,NA,10.6518237537599,21.2290677284442
2062-06-09 12:00:00,2062,6,9,NA,7.31603281349579,20.6421045609828
2062-06-10 12:00:00,2062,6,10,NA,11.1608354932899,23.5597979562223
2062-06-11 12:00:00,2062,6,11,NA,10.391525524387,25.8603947816574
2062-06-12 12:00:00,2062,6,12,NA,7.49353729363129,24.9440225985701
2062-06-13 12:00:00,2062,6,13,NA,10.2215775468851,21.4486402004086
2062-06-14 12:00:00,2062,6,14,NA,8.56972008167789,22.2294257319751
2062-06-15 12:00:00,2062,6,15,NA,17.2963820015233,23.9080657379686
2062-06-16 12:00:00,2062,6,16,NA,13.1727037826627,23.5003650981211
2062-06-17 12:00:00,2062,6,17,NA,10.2052522116978,26.6116225932814
2062-06-18 12:00:00,2062,6,18,NA,8.52011961398323,27.0603510472804
2062-06-19 12:00:00,2062,6,19,NA,16.3369097475009,29.7685690814242
2062-06-20 12:00:00,2062,6,20,NA,17.2593343217536,29.5806432682762
2062-06-21 12:00:00,2062,6,21,NA,17.8645614134194,29.1231081896651
2062-06-22 12:00:00,2062,6,22,NA,19.4102465961063,26.6423694797618
2062-06-23 12:00:00,2062,6,23,NA,14.4197494102667,26.4032908229451
2062-06-24 12:00:00,2062,6,24,NA,13.1721817977831,19.7991268708998
2062-06-25 12:00:00,2062,6,25,NA,12.7249262121549,19.9521247883614
2062-06-26 12:00:00,2062,6,26,NA,9.90282528957254,19.1919117197077
2062-06-27 12:00:00,2062,6,27,NA,7.08058944370066,23.5533592208141
2062-06-28 12:00:00,2062,6,28,NA,7.43335231963647,21.7797098187046
2062-06-29 12:00:00,2062,6,29,NA,11.9191935455721,18.2769646218767
2062-06-30 12:00:00,2062,6,30,NA,15.0127731947594,21.3218235190477
2062-07-01 12:00:00,2062,7,1,NA,15.7260787433855,27.0215976745665
2062-07-02 12:00:00,2062,7,2,NA,17.1214799138815,26.4074202837912
2062-07-03 12:00:00,2062,7,3,NA,14.9788769120076,31.0876699876639
2062-07-04 12:00:00,2062,7,4,NA,16.9427179396803,23.0619670712201
2062-07-05 12:00:00,2062,7,5,NA,16.2946140795688,27.9497458210897
2062-07-06 12:00:00,2062,7,6,NA,11.3136478185014,28.2931407551313
2062-07-07 12:00:00,2062,7,7,NA,11.0677233895019,23.3992090181597
2062-07-08 12:00:00,2062,7,8,NA,12.8868590227155,20.8470712713608
2062-07-09 12:00:00,2062,7,9,NA,7.21635764677063,25.466536019155
2062-07-10 12:00:00,2062,7,10,NA,14.0610284979307,18.9340524732022
2062-07-11 12:00:00,2062,7,11,NA,16.8016615482242,19.6530767233075
2062-07-12 12:00:00,2062,7,12,NA,8.49138943081542,20.5500149480878
2062-07-13 12:00:00,2062,7,13,NA,6.5894098901169,23.4974679264985
2062-07-14 12:00:00,2062,7,14,NA,8.94168671524268,23.259401764554
2062-07-15 12:00:00,2062,7,15,NA,10.1233238969801,24.1149851573801
2062-07-16 12:00:00,2062,7,16,NA,9.1112914587585,25.1333636637122
2062-07-17 12:00:00,2062,7,17,NA,9.74112975837912,23.530616226794
2062-07-18 12:00:00,2062,7,18,NA,11.7628017591535,22.5229422179412
2062-07-19 12:00:00,2062,7,19,NA,11.9908019056288,22.6971406676158
2062-07-20 12:00:00,2062,7,20,NA,14.2668252559448,25.3221293289978
2062-07-21 12:00:00,2062,7,21,NA,15.9496291390808,26.6999126719981
2062-07-22 12:00:00,2062,7,22,NA,17.9564950433224,34.7030309470087
2062-07-23 12:00:00,2062,7,23,NA,19.2995505923962,33.9853829355394
2062-07-24 12:00:00,2062,7,24,NA,18.0635731460854,30.9201019713465
2062-07-25 12:00:00,2062,7,25,NA,18.8016422799043,31.2191364671358
2062-07-26 12:00:00,2062,7,26,NA,20.182478899758,28.5780017097681
2062-07-27 12:00:00,2062,7,27,NA,18.3169020043569,28.4322323444311
2062-07-28 12:00:00,2062,7,28,NA,17.9998656379345,27.4507454754132
2062-07-29 12:00:00,2062,7,29,NA,15.2473961839571,27.3844445949809
2062-07-30 12:00:00,2062,7,30,NA,19.6025156162191,29.9265217670233
2062-07-31 12:00:00,2062,7,31,NA,15.2827890971577,23.7959646517517
2062-08-01 12:00:00,2062,8,1,NA,14.2366571891413,22.3399875273453
2062-08-02 12:00:00,2062,8,2,NA,14.4148502066992,22.7055162627181
2062-08-03 12:00:00,2062,8,3,NA,11.2744554144157,23.488690353222
2062-08-04 12:00:00,2062,8,4,NA,12.7067150392281,20.778112219558
2062-08-05 12:00:00,2062,8,5,NA,10.9054268894294,23.3421387934142
2062-08-06 12:00:00,2062,8,6,NA,11.092701638921,24.6337398049875
2062-08-07 12:00:00,2062,8,7,NA,16.3326047696152,28.9335454974959
2062-08-08 12:00:00,2062,8,8,NA,17.538681362868,27.4248531396853
2062-08-09 12:00:00,2062,8,9,NA,15.9814310322272,31.2352376945485
2062-08-10 12:00:00,2062,8,10,NA,17.5076894387757,32.2127639292587
2062-08-11 12:00:00,2062,8,11,NA,18.514723115962,27.7611142357361
2062-08-12 12:00:00,2062,8,12,NA,17.3163570025059,24.5037612006481
2062-08-13 12:00:00,2062,8,13,NA,18.8717420622096,27.2629914218966
2062-08-14 12:00:00,2062,8,14,NA,19.8969544563169,26.1746369800913
2062-08-15 12:00:00,2062,8,15,NA,21.4447094217242,23.2415997966495
2062-08-16 12:00:00,2062,8,16,NA,17.6951937041412,24.1917518447443
2062-08-17 12:00:00,2062,8,17,NA,18.1356890803833,30.7152124046965
2062-08-18 12:00:00,2062,8,18,NA,21.2823907623598,27.7789489029629
2062-08-19 12:00:00,2062,8,19,NA,20.0919555784101,29.7893016413956
2062-08-20 12:00:00,2062,8,20,NA,16.3152392833792,31.8228494157298
2062-08-21 12:00:00,2062,8,21,NA,13.0148542476886,29.260392616203
2062-08-22 12:00:00,2062,8,22,NA,7.28897518737958,24.2638007863415
2062-08-23 12:00:00,2062,8,23,NA,11.080188887266,20.1629067505389
2062-08-24 12:00:00,2062,8,24,NA,14.7144112270679,25.0620526611786
2062-08-25 12:00:00,2062,8,25,NA,15.4065138970552,20.0204380415013
2062-08-26 12:00:00,2062,8,26,NA,14.3322652492916,19.7214145405716
2062-08-27 12:00:00,2062,8,27,NA,12.2895930739125,19.073745572795
2062-08-28 12:00:00,2062,8,28,NA,14.886381446028,18.4754519845155
2062-08-29 12:00:00,2062,8,29,NA,12.045742149681,19.9314491644502
2062-08-30 12:00:00,2062,8,30,NA,13.1084322137467,23.8680498652944
2062-08-31 12:00:00,2062,8,31,NA,12.7458286765564,19.3696503038715
2062-09-01 12:00:00,2062,9,1,NA,9.52129222988744,22.7364090097366
2062-09-02 12:00:00,2062,9,2,NA,12.5815653888055,24.3177371308869
2062-09-03 12:00:00,2062,9,3,NA,12.3121597830563,18.7583551275761
2062-09-04 12:00:00,2062,9,4,NA,12.4445243073451,16.2570741489886
2062-09-05 12:00:00,2062,9,5,NA,9.67238234585713,13.574365199501
2062-09-06 12:00:00,2062,9,6,NA,11.4174534036784,15.3429814724865
2062-09-07 12:00:00,2062,9,7,NA,8.71418296112096,16.1437340955456
2062-09-08 12:00:00,2062,9,8,NA,4.97398467886725,19.0014395373806
2062-09-09 12:00:00,2062,9,9,NA,8.71719843407677,21.1897819509465
2062-09-10 12:00:00,2062,9,10,NA,9.71133353885597,17.621381497253
2062-09-11 12:00:00,2062,9,11,NA,13.2002447037645,20.8518473054857
2062-09-12 12:00:00,2062,9,12,NA,11.0706082279255,23.1665769107169
2062-09-13 12:00:00,2062,9,13,NA,13.350846640218,21.5170026602087
2062-09-14 12:00:00,2062,9,14,NA,11.3418785576565,23.3467120639999
2062-09-15 12:00:00,2062,9,15,NA,10.2119916870937,25.2493039850014
2062-09-16 12:00:00,2062,9,16,NA,13.0673609605045,24.3947979447885
2062-09-17 12:00:00,2062,9,17,NA,8.8227566679426,22.6676479682219
2062-09-18 12:00:00,2062,9,18,NA,8.84014472228868,19.4900567273337
2062-09-19 12:00:00,2062,9,19,NA,10.9775615593992,19.5754707503189
2062-09-20 12:00:00,2062,9,20,NA,7.45797417945748,23.4956329276659
2062-09-21 12:00:00,2062,9,21,NA,9.3886612749048,24.4543971582225
2062-09-22 12:00:00,2062,9,22,NA,16.2683561586969,20.8861517238956
2062-09-23 12:00:00,2062,9,23,NA,17.8336873423938,20.5369474532166
2062-09-24 12:00:00,2062,9,24,NA,16.5865917133672,23.3741571784026
2062-09-25 12:00:00,2062,9,25,NA,14.8966179253944,22.502179112657
2062-09-26 12:00:00,2062,9,26,NA,10.4959049369847,25.4085139782641
2062-09-27 12:00:00,2062,9,27,NA,15.668378019645,20.846186591801
2062-09-28 12:00:00,2062,9,28,NA,13.8272460255954,19.3161373425236
2062-09-29 12:00:00,2062,9,29,NA,12.5643992954349,19.2178400927002
2062-09-30 12:00:00,2062,9,30,NA,6.83029238358411,16.2966619730713
2062-10-01 12:00:00,2062,10,1,NA,8.43104159543137,14.1886638443424
2062-10-02 12:00:00,2062,10,2,NA,8.68460968910634,15.1877872830806
2062-10-03 12:00:00,2062,10,3,NA,7.06346521482023,18.9511196369569
2062-10-04 12:00:00,2062,10,4,NA,11.2813751089981,18.5862737944044
2062-10-05 12:00:00,2062,10,5,NA,12.0451836468578,17.3994552620276
2062-10-06 12:00:00,2062,10,6,NA,10.1359739249253,16.6215981012855
2062-10-07 12:00:00,2062,10,7,NA,7.21905044293596,20.188303044841
2062-10-08 12:00:00,2062,10,8,NA,5.34317917018189,17.0003798710137
2062-10-09 12:00:00,2062,10,9,NA,7.00117724731352,19.918568697603
2062-10-10 12:00:00,2062,10,10,NA,9.29914910939918,16.8964738247292
2062-10-11 12:00:00,2062,10,11,NA,12.0930735116587,16.4664996759875
2062-10-12 12:00:00,2062,10,12,NA,9.54972351033788,14.8896668683513
2062-10-13 12:00:00,2062,10,13,NA,5.7564274108566,14.1852998453397
2062-10-14 12:00:00,2062,10,14,NA,5.00716071093673,11.124813156538
2062-10-15 12:00:00,2062,10,15,NA,8.61198520740595,10.7624548943637
2062-10-16 12:00:00,2062,10,16,NA,9.40806905587699,11.8336081673198
2062-10-17 12:00:00,2062,10,17,NA,9.28236937498671,12.4652730353951
2062-10-18 12:00:00,2062,10,18,NA,10.8044396912837,20.8596877221981
2062-10-19 12:00:00,2062,10,19,NA,12.1251069862479,22.5233106893751
2062-10-20 12:00:00,2062,10,20,NA,12.5770383885652,26.4813828400734
2062-10-21 12:00:00,2062,10,21,NA,10.4722731360102,25.2800396547269
2062-10-22 12:00:00,2062,10,22,NA,8.37564788263811,19.108406503804
2062-10-23 12:00:00,2062,10,23,NA,5.48204918348623,14.1711345039846
2062-10-24 12:00:00,2062,10,24,NA,9.96805542837374,17.6482556294231
2062-10-25 12:00:00,2062,10,25,NA,11.4723570165154,15.7121286189939
2062-10-26 12:00:00,2062,10,26,NA,12.5463428011636,14.6850921824052
2062-10-27 12:00:00,2062,10,27,NA,7.64894025309215,11.8599739255909
2062-10-28 12:00:00,2062,10,28,NA,5.251738496231,9.95787758388354
2062-10-29 12:00:00,2062,10,29,NA,4.63963301690479,7.82253667731314
2062-10-30 12:00:00,2062,10,30,NA,2.00285926220729,8.50519633849147
2062-10-31 12:00:00,2062,10,31,NA,0.718919446586805,9.09597230998405
2062-11-01 12:00:00,2062,11,1,NA,4.16210044082133,12.8511857613197
2062-11-02 12:00:00,2062,11,2,NA,0.198519301932642,6.57793992219666
2062-11-03 12:00:00,2062,11,3,NA,-7.21433314975822,-4.05168151570122
2062-11-04 12:00:00,2062,11,4,NA,-8.16712191009552,-3.47453338109768
2062-11-05 12:00:00,2062,11,5,NA,-5.56024848076362,2.47395481497157
2062-11-06 12:00:00,2062,11,6,NA,-2.9367500925599,2.67454967442081
2062-11-07 12:00:00,2062,11,7,NA,-4.74297910876724,0.925242868215353
2062-11-08 12:00:00,2062,11,8,NA,-0.773560270224747,3.88449517085774
2062-11-09 12:00:00,2062,11,9,NA,2.35223234392934,5.18402383850616
2062-11-10 12:00:00,2062,11,10,NA,3.00105538502075,7.7473786370458
2062-11-11 12:00:00,2062,11,11,NA,2.90824700313284,12.2567144019512
2062-11-12 12:00:00,2062,11,12,NA,2.59889439058525,7.72958613915539
2062-11-13 12:00:00,2062,11,13,NA,-5.53822488152305,3.50492727993898
2062-11-14 12:00:00,2062,11,14,NA,0.171808871382181,9.97272007653115
2062-11-15 12:00:00,2062,11,15,NA,-4.33777747563531,4.66099997813556
2062-11-16 12:00:00,2062,11,16,NA,-3.75007586766669,3.78139255383245
2062-11-17 12:00:00,2062,11,17,NA,-0.930695141220775,7.55403207964832
2062-11-18 12:00:00,2062,11,18,NA,-3.37713747747625,7.66810569672379
2062-11-19 12:00:00,2062,11,19,NA,-4.20956343623544,5.10456251079962
2062-11-20 12:00:00,2062,11,20,NA,-3.85171474453288,3.12216245656935
2062-11-21 12:00:00,2062,11,21,NA,-1.70656460147949,6.00824086459103
2062-11-22 12:00:00,2062,11,22,NA,3.75315627287984,5.61775596757861
2062-11-23 12:00:00,2062,11,23,NA,3.9228193634831,8.59686210327041
2062-11-24 12:00:00,2062,11,24,NA,5.97270043672326,8.56374860418286
2062-11-25 12:00:00,2062,11,25,NA,4.73457122615018,8.46889104180113
2062-11-26 12:00:00,2062,11,26,NA,4.51095141591848,6.18403089701196
2062-11-27 12:00:00,2062,11,27,NA,0.352889512891954,5.09921276491701
2062-11-28 12:00:00,2062,11,28,NA,5.09279927498522,7.0465351645955
2062-11-29 12:00:00,2062,11,29,NA,6.06879224507867,8.60737407978494
2062-11-30 12:00:00,2062,11,30,NA,3.47393636978699,10.7055808102863
2062-12-01 12:00:00,2062,12,1,NA,2.86452276190422,10.308102646537
2062-12-02 12:00:00,2062,12,2,NA,1.1807948782149,14.1446303798184
2062-12-03 12:00:00,2062,12,3,NA,1.61723087903333,13.8485728649441
2062-12-04 12:00:00,2062,12,4,NA,4.41981178631311,10.362904614431
2062-12-05 12:00:00,2062,12,5,NA,4.55541203377026,12.7674225747728
2062-12-06 12:00:00,2062,12,6,NA,6.34793544437093,13.4854254056187
2062-12-07 12:00:00,2062,12,7,NA,8.64682914543111,15.7581906401476
2062-12-08 12:00:00,2062,12,8,NA,8.76514278944919,13.8638104235324
2062-12-09 12:00:00,2062,12,9,NA,7.2811863368567,15.1450312399269
2062-12-10 12:00:00,2062,12,10,NA,2.80449269877662,13.7360761642096
2062-12-11 12:00:00,2062,12,11,NA,1.56998688452659,7.68670568995633
2062-12-12 12:00:00,2062,12,12,NA,4.71442384705885,8.53878541280309
2062-12-13 12:00:00,2062,12,13,NA,6.07746894999398,9.93729907686675
2062-12-14 12:00:00,2062,12,14,NA,6.84153364355308,8.54896887111322
2062-12-15 12:00:00,2062,12,15,NA,1.31351166536624,5.173341792239
2062-12-16 12:00:00,2062,12,16,NA,2.41498469645955,6.27481482333232
2062-12-17 12:00:00,2062,12,17,NA,0.945580942857295,7.54203010704359
2062-12-18 12:00:00,2062,12,18,NA,6.05054146087025,11.6322159454197
2062-12-19 12:00:00,2062,12,19,NA,5.32941090298064,9.3108843603861
2062-12-20 12:00:00,2062,12,20,NA,3.20616037364815,11.4181709146507
2062-12-21 12:00:00,2062,12,21,NA,3.03566543012878,11.4703073163023
2062-12-22 12:00:00,2062,12,22,NA,2.1932013414858,9.09060051945893
2062-12-23 12:00:00,2062,12,23,NA,1.77902067267996,7.553578118266
2062-12-24 12:00:00,2062,12,24,NA,5.99111469087116,9.04786937397772
2062-12-25 12:00:00,2062,12,25,NA,5.10693608512087,7.95382959771893
2062-12-26 12:00:00,2062,12,26,NA,3.87398735524766,9.86009228286426
2062-12-27 12:00:00,2062,12,27,NA,1.31634282758437,5.14103017525459
2062-12-28 12:00:00,2062,12,28,NA,-0.802759810277617,4.04459045535068
2062-12-29 12:00:00,2062,12,29,NA,-5.23774346939767,1.60057840497961
2062-12-30 12:00:00,2062,12,30,NA,-3.64649568866762,1.53894094705412
2062-12-31 12:00:00,2062,12,31,NA,-5.52745151379874,-2.28024251242152
2063-01-01 12:00:00,2063,1,1,NA,-5.06091799972724,-1.92648911693565
2063-01-02 12:00:00,2063,1,2,NA,-7.34917403558214,-0.292770873697358
2063-01-03 12:00:00,2063,1,3,NA,-2.5008315359015,0.603824230057559
2063-01-04 12:00:00,2063,1,4,NA,-2.10146855809406,0.683156837489071
2063-01-05 12:00:00,2063,1,5,NA,1.94124523179725,3.81254555647376
2063-01-06 12:00:00,2063,1,6,NA,-0.803994684346525,2.15845766120192
2063-01-07 12:00:00,2063,1,7,NA,3.26068984291928,7.08063858969012
2063-01-08 12:00:00,2063,1,8,NA,3.69331639970023,10.3460557208435
2063-01-09 12:00:00,2063,1,9,NA,5.10174092363221,9.34368067488713
2063-01-10 12:00:00,2063,1,10,NA,4.46976046384769,11.6568651634284
2063-01-11 12:00:00,2063,1,11,NA,5.67906264018283,9.33867085473866
2063-01-12 12:00:00,2063,1,12,NA,3.77138621997879,7.87337747532271
2063-01-13 12:00:00,2063,1,13,NA,1.24154321681321,6.31699776554853
2063-01-14 12:00:00,2063,1,14,NA,1.77065197953723,6.57376659790278
2063-01-15 12:00:00,2063,1,15,NA,0.0772345445063216,5.41597117191612
2063-01-16 12:00:00,2063,1,16,NA,-4.69235124605641,8.10819970485269
2063-01-17 12:00:00,2063,1,17,NA,1.97263505860698,6.50878806911395
2063-01-18 12:00:00,2063,1,18,NA,2.48516220797026,5.44125529270489
2063-01-19 12:00:00,2063,1,19,NA,3.08319028704073,6.95870541921119
2063-01-20 12:00:00,2063,1,20,NA,5.37251959003434,8.4981518974733
2063-01-21 12:00:00,2063,1,21,NA,-0.202309305521667,8.95904132473072
2063-01-22 12:00:00,2063,1,22,NA,4.3183157967122,9.00094655208477
2063-01-23 12:00:00,2063,1,23,NA,5.61303611015373,13.6482394050419
2063-01-24 12:00:00,2063,1,24,NA,5.83044988739331,15.3846602171614
2063-01-25 12:00:00,2063,1,25,NA,5.24990078567051,7.94995119505676
2063-01-26 12:00:00,2063,1,26,NA,1.03223581429982,5.97463143570566
2063-01-27 12:00:00,2063,1,27,NA,2.00525108944921,5.66006007881944
2063-01-28 12:00:00,2063,1,28,NA,0.759117886876797,6.47152634446742
2063-01-29 12:00:00,2063,1,29,NA,4.2391917860811,6.15857820424866
2063-01-30 12:00:00,2063,1,30,NA,3.56350080779174,6.1046632255952
2063-01-31 12:00:00,2063,1,31,NA,3.54460487058561,6.67957673285243
2063-02-01 12:00:00,2063,2,1,NA,-0.625058082285536,3.43809109065274
2063-02-02 12:00:00,2063,2,2,NA,-0.987539008003745,6.7810404192384
2063-02-03 12:00:00,2063,2,3,NA,10.2494560068858,13.1821996554601
2063-02-04 12:00:00,2063,2,4,NA,2.41234029535876,5.70310744118242
2063-02-05 12:00:00,2063,2,5,NA,3.1864745872556,9.13456040352258
2063-02-06 12:00:00,2063,2,6,NA,4.10396238480863,7.35899020615796
2063-02-07 12:00:00,2063,2,7,NA,2.3496526433025,8.1343763306564
2063-02-08 12:00:00,2063,2,8,NA,1.8991174524807,6.00322557171115
2063-02-09 12:00:00,2063,2,9,NA,3.0784425561436,7.92762557855519
2063-02-10 12:00:00,2063,2,10,NA,-2.30830370676103,7.41539438618008
2063-02-11 12:00:00,2063,2,11,NA,-6.43997235455231,5.34025442639019
2063-02-12 12:00:00,2063,2,12,NA,-5.28616721358371,6.49405956735879
2063-02-13 12:00:00,2063,2,13,NA,-4.0689584548295,2.41163493295631
2063-02-14 12:00:00,2063,2,14,NA,-8.46138009030836,1.20838447080737
2063-02-15 12:00:00,2063,2,15,NA,-2.47337677914673,2.84854706990598
2063-02-16 12:00:00,2063,2,16,NA,-3.31625758625627,6.81884330853551
2063-02-17 12:00:00,2063,2,17,NA,1.77733687491458,8.32150408877047
2063-02-18 12:00:00,2063,2,18,NA,2.9047142362203,10.4890280945475
2063-02-19 12:00:00,2063,2,19,NA,5.66463481554827,13.6873181057944
2063-02-20 12:00:00,2063,2,20,NA,4.44241937609486,12.8998388980047
2063-02-21 12:00:00,2063,2,21,NA,7.06492811960594,17.3951811824214
2063-02-22 12:00:00,2063,2,22,NA,1.84943522073273,16.3498550285538
2063-02-23 12:00:00,2063,2,23,NA,5.93734921225497,15.2133145556494
2063-02-24 12:00:00,2063,2,24,NA,7.75953316368784,13.9890472561044
2063-02-25 12:00:00,2063,2,25,NA,5.53580968821293,23.1870096098889
2063-02-26 12:00:00,2063,2,26,NA,12.7278624305301,21.6283895663328
2063-02-27 12:00:00,2063,2,27,NA,14.9573569568344,17.5392174053594
2063-02-28 12:00:00,2063,2,28,NA,9.39642869744581,11.8198498169723
2063-03-01 12:00:00,2063,3,1,NA,8.78975688670318,13.7476214723439
2063-03-02 12:00:00,2063,3,2,NA,4.76950183916249,8.99901053615521
2063-03-03 12:00:00,2063,3,3,NA,0.874121968745804,11.0663992893715
2063-03-04 12:00:00,2063,3,4,NA,1.22378158349685,9.04905719558043
2063-03-05 12:00:00,2063,3,5,NA,-2.63670533608314,9.65282814516672
2063-03-06 12:00:00,2063,3,6,NA,-1.56052960911418,12.1478078650617
2063-03-07 12:00:00,2063,3,7,NA,4.85875011311404,14.8663285203139
2063-03-08 12:00:00,2063,3,8,NA,7.01507479038014,17.0791269004701
2063-03-09 12:00:00,2063,3,9,NA,5.58970088240494,18.1032683801544
2063-03-10 12:00:00,2063,3,10,NA,3.54672609590442,12.1652780943138
2063-03-11 12:00:00,2063,3,11,NA,-5.18731209522708,10.5796886796158
2063-03-12 12:00:00,2063,3,12,NA,1.85759179094832,9.38488776263586
2063-03-13 12:00:00,2063,3,13,NA,4.85053639205449,9.96527774381711
2063-03-14 12:00:00,2063,3,14,NA,3.17052803100953,6.34263608473039
2063-03-15 12:00:00,2063,3,15,NA,0.941610640380765,7.39951900359261
2063-03-16 12:00:00,2063,3,16,NA,-1.20888240345899,11.2163929839115
2063-03-17 12:00:00,2063,3,17,NA,4.55749380011051,11.7629416056922
2063-03-18 12:00:00,2063,3,18,NA,3.37980401106975,11.3591334711804
2063-03-19 12:00:00,2063,3,19,NA,1.24378903689669,11.3728696526876
2063-03-20 12:00:00,2063,3,20,NA,-4.79753164876286,10.7699986190878
2063-03-21 12:00:00,2063,3,21,NA,-1.96454146732487,6.50942967835041
2063-03-22 12:00:00,2063,3,22,NA,2.24642885722775,10.2593467999925
2063-03-23 12:00:00,2063,3,23,NA,-0.409290486770693,8.87755742740725
2063-03-24 12:00:00,2063,3,24,NA,-1.87876382815845,11.8295736460174
2063-03-25 12:00:00,2063,3,25,NA,-0.487558427396974,9.92931989025627
2063-03-26 12:00:00,2063,3,26,NA,-1.72717342308325,8.95916896620166
2063-03-27 12:00:00,2063,3,27,NA,2.69748512175231,13.2018001253343
2063-03-28 12:00:00,2063,3,28,NA,8.36122975282451,17.4160379148213
2063-03-29 12:00:00,2063,3,29,NA,4.34890956753502,21.9571199581928
2063-03-30 12:00:00,2063,3,30,NA,6.03241392162139,20.4238478982364
2063-03-31 12:00:00,2063,3,31,NA,4.35210820185235,15.8328793854948
2063-04-01 12:00:00,2063,4,1,NA,2.01563132337592,14.7172895937866
2063-04-02 12:00:00,2063,4,2,NA,-0.480187016819437,14.0151555883954
2063-04-03 12:00:00,2063,4,3,NA,2.62772411288933,12.9667429287537
2063-04-04 12:00:00,2063,4,4,NA,2.90964140731862,16.2923274875185
2063-04-05 12:00:00,2063,4,5,NA,9.26736916283374,16.1388396305493
2063-04-06 12:00:00,2063,4,6,NA,3.76253493559068,12.1799560326694
2063-04-07 12:00:00,2063,4,7,NA,3.33132294464093,19.5533628010262
2063-04-08 12:00:00,2063,4,8,NA,6.34909708386258,12.1727022226988
2063-04-09 12:00:00,2063,4,9,NA,6.34956538294945,16.7798771286694
2063-04-10 12:00:00,2063,4,10,NA,10.5825919476396,21.7886604206116
2063-04-11 12:00:00,2063,4,11,NA,8.70405653735994,19.1724953656819
2063-04-12 12:00:00,2063,4,12,NA,9.98509709603458,23.3542673097919
2063-04-13 12:00:00,2063,4,13,NA,11.0397865513297,23.4260164025074
2063-04-14 12:00:00,2063,4,14,NA,9.91582721781158,27.9095760484524
2063-04-15 12:00:00,2063,4,15,NA,11.9299401624697,30.1611298779506
2063-04-16 12:00:00,2063,4,16,NA,12.6744057602368,24.7871447087097
2063-04-17 12:00:00,2063,4,17,NA,8.32556989342834,18.4777634803246
2063-04-18 12:00:00,2063,4,18,NA,5.56837297965107,24.1667631781711
2063-04-19 12:00:00,2063,4,19,NA,9.18929447499194,14.4121617662896
2063-04-20 12:00:00,2063,4,20,NA,7.16665861849052,16.3064168028235
2063-04-21 12:00:00,2063,4,21,NA,6.40121278543051,11.4950310153915
2063-04-22 12:00:00,2063,4,22,NA,4.19139617838332,16.2952051565548
2063-04-23 12:00:00,2063,4,23,NA,1.65880360455057,16.8734573227661
2063-04-24 12:00:00,2063,4,24,NA,-1.09010006056372,19.5015886864534
2063-04-25 12:00:00,2063,4,25,NA,-0.946195330789024,17.2849943846919
2063-04-26 12:00:00,2063,4,26,NA,2.86110076932477,12.3048352580565
2063-04-27 12:00:00,2063,4,27,NA,4.11049083380757,12.4189815886248
2063-04-28 12:00:00,2063,4,28,NA,2.95905117354866,16.3282213873059
2063-04-29 12:00:00,2063,4,29,NA,2.12678171004403,11.626024766442
2063-04-30 12:00:00,2063,4,30,NA,-0.424908242631704,11.0095886821514
2063-05-01 12:00:00,2063,5,1,NA,5.59203577974823,9.81088274540132
2063-05-02 12:00:00,2063,5,2,NA,7.46377993494803,9.66137695096814
2063-05-03 12:00:00,2063,5,3,NA,7.44760757515521,11.3608907593975
2063-05-04 12:00:00,2063,5,4,NA,7.81854896969622,11.742294228789
2063-05-05 12:00:00,2063,5,5,NA,7.95159759139176,13.8016137905472
2063-05-06 12:00:00,2063,5,6,NA,6.1565188567455,17.9175421191882
2063-05-07 12:00:00,2063,5,7,NA,11.8191527332385,20.5352571715628
2063-05-08 12:00:00,2063,5,8,NA,10.6023903926156,19.4568722134493
2063-05-09 12:00:00,2063,5,9,NA,12.7930975707156,21.7288589754595
2063-05-10 12:00:00,2063,5,10,NA,10.3598761606429,21.1340455140639
2063-05-11 12:00:00,2063,5,11,NA,11.2818847456027,23.8929653962585
2063-05-12 12:00:00,2063,5,12,NA,14.2702852246641,19.7998889252027
2063-05-13 12:00:00,2063,5,13,NA,4.28269035116327,21.7240754940631
2063-05-14 12:00:00,2063,5,14,NA,11.3124362113797,22.5927330119031
2063-05-15 12:00:00,2063,5,15,NA,9.27162251361979,24.0395261400355
2063-05-16 12:00:00,2063,5,16,NA,8.51833330957367,21.5400843114139
2063-05-17 12:00:00,2063,5,17,NA,7.38080731616363,21.9896275993494
2063-05-18 12:00:00,2063,5,18,NA,11.342278351112,17.9745737785032
2063-05-19 12:00:00,2063,5,19,NA,7.89107404684571,17.607935398952
2063-05-20 12:00:00,2063,5,20,NA,4.03739073119153,16.8842061036639
2063-05-21 12:00:00,2063,5,21,NA,5.88380711579199,21.4390583450566
2063-05-22 12:00:00,2063,5,22,NA,7.8701040877555,22.6936262871335
2063-05-23 12:00:00,2063,5,23,NA,9.9447174790136,22.8371031847262
2063-05-24 12:00:00,2063,5,24,NA,9.62775508524035,28.2447693010029
2063-05-25 12:00:00,2063,5,25,NA,9.40171733366876,26.9220522927674
2063-05-26 12:00:00,2063,5,26,NA,13.5064886462267,24.7056151992798
2063-05-27 12:00:00,2063,5,27,NA,14.3484014315769,31.8690787018259
2063-05-28 12:00:00,2063,5,28,NA,13.5617201098682,31.079720155753
2063-05-29 12:00:00,2063,5,29,NA,14.4693275128527,27.8777902290913
2063-05-30 12:00:00,2063,5,30,NA,14.58954932014,28.4045367406679
2063-05-31 12:00:00,2063,5,31,NA,16.4555670748391,23.354418934654
2063-06-01 12:00:00,2063,6,1,NA,13.5739942227819,19.8511942792679
2063-06-02 12:00:00,2063,6,2,NA,11.9347661329806,19.0845904173275
2063-06-03 12:00:00,2063,6,3,NA,14.2738285046537,16.2942942848405
2063-06-04 12:00:00,2063,6,4,NA,11.9051594344255,20.1128382849129
2063-06-05 12:00:00,2063,6,5,NA,15.3281055746609,24.2218987484783
2063-06-06 12:00:00,2063,6,6,NA,13.926978698974,20.9139285663057
2063-06-07 12:00:00,2063,6,7,NA,14.566565307637,21.77944814558
2063-06-08 12:00:00,2063,6,8,NA,12.8740888601063,23.128469250916
2063-06-09 12:00:00,2063,6,9,NA,8.18622446011023,21.7325866186269
2063-06-10 12:00:00,2063,6,10,NA,8.42690558736115,21.1513309938676
2063-06-11 12:00:00,2063,6,11,NA,12.7463380024092,17.8987210628009
2063-06-12 12:00:00,2063,6,12,NA,14.6870108260992,17.7864143519248
2063-06-13 12:00:00,2063,6,13,NA,14.3501418314202,20.8568506024416
2063-06-14 12:00:00,2063,6,14,NA,12.4339722988948,22.5827354428964
2063-06-15 12:00:00,2063,6,15,NA,16.5384277377447,23.7642780573647
2063-06-16 12:00:00,2063,6,16,NA,14.6257329703461,25.989476891003
2063-06-17 12:00:00,2063,6,17,NA,17.1795151271983,32.3394502675757
2063-06-18 12:00:00,2063,6,18,NA,9.76175113711506,25.2152730721382
2063-06-19 12:00:00,2063,6,19,NA,14.2287646276455,21.454757404522
2063-06-20 12:00:00,2063,6,20,NA,12.316949884797,23.5977367370169
2063-06-21 12:00:00,2063,6,21,NA,12.5597357349117,22.3475487733578
2063-06-22 12:00:00,2063,6,22,NA,16.7593551086747,29.4995026337494
2063-06-23 12:00:00,2063,6,23,NA,21.5375002278327,32.8095393162283
2063-06-24 12:00:00,2063,6,24,NA,18.5661804932558,27.4599736670732
2063-06-25 12:00:00,2063,6,25,NA,11.0974500474316,18.3829051799765
2063-06-26 12:00:00,2063,6,26,NA,9.51471733956837,15.9409812775207
2063-06-27 12:00:00,2063,6,27,NA,10.1018142347123,19.6838197921458
2063-06-28 12:00:00,2063,6,28,NA,7.83460490580409,18.2671636172807
2063-06-29 12:00:00,2063,6,29,NA,11.5256722865111,19.6692242077891
2063-06-30 12:00:00,2063,6,30,NA,13.0480136443131,21.1530627641692
2063-07-01 12:00:00,2063,7,1,NA,16.8239339587067,26.1208395788567
2063-07-02 12:00:00,2063,7,2,NA,15.1572636195417,27.3420207033642
2063-07-03 12:00:00,2063,7,3,NA,12.1573967631793,26.7118145978183
2063-07-04 12:00:00,2063,7,4,NA,11.4176166045182,25.2114822524713
2063-07-05 12:00:00,2063,7,5,NA,19.2320112957009,28.0148620107557
2063-07-06 12:00:00,2063,7,6,NA,16.7243542181886,28.3322145195751
2063-07-07 12:00:00,2063,7,7,NA,15.261887105732,25.1089197633536
2063-07-08 12:00:00,2063,7,8,NA,16.2251945870229,25.0287189467549
2063-07-09 12:00:00,2063,7,9,NA,11.3185427117026,27.3206531515543
2063-07-10 12:00:00,2063,7,10,NA,16.8659141097958,31.9300518072423
2063-07-11 12:00:00,2063,7,11,NA,22.6545294089417,33.1994961623483
2063-07-12 12:00:00,2063,7,12,NA,23.9666050703017,30.9973797724487
2063-07-13 12:00:00,2063,7,13,NA,25.5158290121868,29.3350464692049
2063-07-14 12:00:00,2063,7,14,NA,18.21294371251,30.1083138158371
2063-07-15 12:00:00,2063,7,15,NA,18.4392627834471,30.2589506379953
2063-07-16 12:00:00,2063,7,16,NA,16.6128165453068,29.3104158700412
2063-07-17 12:00:00,2063,7,17,NA,8.34538348579944,30.1721616899149
2063-07-18 12:00:00,2063,7,18,NA,10.5748195461862,30.747080073957
2063-07-19 12:00:00,2063,7,19,NA,13.9767675590458,29.9258518470344
2063-07-20 12:00:00,2063,7,20,NA,14.819544345169,28.2323366972032
2063-07-21 12:00:00,2063,7,21,NA,14.7590852212839,30.9119218879599
2063-07-22 12:00:00,2063,7,22,NA,15.7407974418087,29.8272023350914
2063-07-23 12:00:00,2063,7,23,NA,19.103849959712,31.542587151692
2063-07-24 12:00:00,2063,7,24,NA,17.7188686073854,32.4720822729677
2063-07-25 12:00:00,2063,7,25,NA,19.4251499211296,34.4663098978663
2063-07-26 12:00:00,2063,7,26,NA,19.7798628071016,37.8756597440399
2063-07-27 12:00:00,2063,7,27,NA,18.4127403104462,34.1601806413508
2063-07-28 12:00:00,2063,7,28,NA,18.9879841875759,31.751811125486
2063-07-29 12:00:00,2063,7,29,NA,20.8672511377979,26.0105033830086
2063-07-30 12:00:00,2063,7,30,NA,15.3299685716927,24.3273016593738
2063-07-31 12:00:00,2063,7,31,NA,16.6518240909378,29.782758611177
2063-08-01 12:00:00,2063,8,1,NA,17.5561440040574,33.2981046571027
2063-08-02 12:00:00,2063,8,2,NA,18.6046350321419,25.803381087767
2063-08-03 12:00:00,2063,8,3,NA,15.4355672890655,25.4587960714164
2063-08-04 12:00:00,2063,8,4,NA,15.6210345209647,21.1659290851998
2063-08-05 12:00:00,2063,8,5,NA,13.249931037427,20.2666201591253
2063-08-06 12:00:00,2063,8,6,NA,13.0441454982197,20.3989318252648
2063-08-07 12:00:00,2063,8,7,NA,13.0758695405566,20.4306558676017
2063-08-08 12:00:00,2063,8,8,NA,12.1500836678474,22.0431473468081
2063-08-09 12:00:00,2063,8,9,NA,12.8477778523562,18.236220851276
2063-08-10 12:00:00,2063,8,10,NA,13.7440727113817,17.3577033946203
2063-08-11 12:00:00,2063,8,11,NA,13.9742471044187,19.2000081798312
2063-08-12 12:00:00,2063,8,12,NA,13.523573680917,17.1126442194045
2063-08-13 12:00:00,2063,8,13,NA,12.9203986314265,19.1406431851805
2063-08-14 12:00:00,2063,8,14,NA,13.4088276724157,25.2631466276766
2063-08-15 12:00:00,2063,8,15,NA,15.827417855253,26.1750592893637
2063-08-16 12:00:00,2063,8,16,NA,17.7566751309825,25.8693035259847
2063-08-17 12:00:00,2063,8,17,NA,19.0539850946914,23.5364375505427
2063-08-18 12:00:00,2063,8,18,NA,20.0237123369629,21.8296253612597
2063-08-19 12:00:00,2063,8,19,NA,18.1804654283764,23.1185652568104
2063-08-20 12:00:00,2063,8,20,NA,17.075582077702,22.8913161724533
2063-08-21 12:00:00,2063,8,21,NA,18.468469020708,24.0292210398969
2063-08-22 12:00:00,2063,8,22,NA,15.1605266902237,21.7843483175388
2063-08-23 12:00:00,2063,8,23,NA,15.0327566318116,21.5487147051714
2063-08-24 12:00:00,2063,8,24,NA,14.7534041253599,19.2358565812113
2063-08-25 12:00:00,2063,8,25,NA,13.3442929616229,21.1321965940979
2063-08-26 12:00:00,2063,8,26,NA,10.4378367674666,20.6870845532515
2063-08-27 12:00:00,2063,8,27,NA,11.0453182443857,23.6436317796908
2063-08-28 12:00:00,2063,8,28,NA,10.6918334565339,20.5885201632472
2063-08-29 12:00:00,2063,8,29,NA,12.3014049025329,19.4902189776955
2063-08-30 12:00:00,2063,8,30,NA,12.0730541311572,22.9433096114316
2063-08-31 12:00:00,2063,8,31,NA,5.34119149868775,24.5801716020609
2063-09-01 12:00:00,2063,9,1,NA,6.57603708828846,23.319826500995
2063-09-02 12:00:00,2063,9,2,NA,11.8054576599095,17.2528227146202
2063-09-03 12:00:00,2063,9,3,NA,8.79820322021314,17.1556854884864
2063-09-04 12:00:00,2063,9,4,NA,13.8942842865381,19.2917220371064
2063-09-05 12:00:00,2063,9,5,NA,13.9840070091292,18.4211384857068
2063-09-06 12:00:00,2063,9,6,NA,11.6528341738246,18.7282017221027
2063-09-07 12:00:00,2063,9,7,NA,11.222820358764,20.2853633970394
2063-09-08 12:00:00,2063,9,8,NA,11.2307838560253,16.5072921411744
2063-09-09 12:00:00,2063,9,9,NA,7.77930468883664,16.8885953508745
2063-09-10 12:00:00,2063,9,10,NA,11.90453454793,20.6120953410236
2063-09-11 12:00:00,2063,9,11,NA,14.6233994797382,18.2515327693841
2063-09-12 12:00:00,2063,9,12,NA,13.2933502755044,17.2099343866647
2063-09-13 12:00:00,2063,9,13,NA,11.566124607488,19.6485634832671
2063-09-14 12:00:00,2063,9,14,NA,10.2301206627771,19.7998744036215
2063-09-15 12:00:00,2063,9,15,NA,10.3929331835687,20.2579027342284
2063-09-16 12:00:00,2063,9,16,NA,9.85442710340541,21.3534561686706
2063-09-17 12:00:00,2063,9,17,NA,12.0968197999041,20.695498149243
2063-09-18 12:00:00,2063,9,18,NA,9.60193796438732,15.7952695812473
2063-09-19 12:00:00,2063,9,19,NA,9.62965998661592,13.2174452875275
2063-09-20 12:00:00,2063,9,20,NA,11.1892690567463,13.8925291675691
2063-09-21 12:00:00,2063,9,21,NA,7.92560317919544,16.8602779298026
2063-09-22 12:00:00,2063,9,22,NA,9.39927712307412,16.0275056288729
2063-09-23 12:00:00,2063,9,23,NA,6.60354990726098,12.4931374994093
2063-09-24 12:00:00,2063,9,24,NA,9.16223063777126,15.2544547958346
2063-09-25 12:00:00,2063,9,25,NA,10.8519257844479,13.4175027818865
2063-09-26 12:00:00,2063,9,26,NA,8.94457017938624,13.819734113666
2063-09-27 12:00:00,2063,9,27,NA,8.71655393152758,12.6203561842846
2063-09-28 12:00:00,2063,9,28,NA,8.35654803320596,13.4461571389897
2063-09-29 12:00:00,2063,9,29,NA,6.87829944180133,14.9384430800021
2063-09-30 12:00:00,2063,9,30,NA,8.5494922061023,18.0158617955894
2063-10-01 12:00:00,2063,10,1,NA,5.73380903141686,16.9059289191732
2063-10-02 12:00:00,2063,10,2,NA,8.26304019725676,18.0000840235742
2063-10-03 12:00:00,2063,10,3,NA,5.61299351222869,16.5868258200998
2063-10-04 12:00:00,2063,10,4,NA,8.70839118009689,13.0066564845745
2063-10-05 12:00:00,2063,10,5,NA,6.93640914823477,15.3365727636025
2063-10-06 12:00:00,2063,10,6,NA,10.0660767498949,15.1399212633587
2063-10-07 12:00:00,2063,10,7,NA,7.38244825655539,12.7126524236187
2063-10-08 12:00:00,2063,10,8,NA,10.5906625369536,15.9208470176056
2063-10-09 12:00:00,2063,10,9,NA,7.63329436840902,14.9244105303064
2063-10-10 12:00:00,2063,10,10,NA,7.90448121889002,14.7955425836007
2063-10-11 12:00:00,2063,10,11,NA,8.1273260076989,11.2691047886671
2063-10-12 12:00:00,2063,10,12,NA,9.77515131286738,13.1857812065459
2063-10-13 12:00:00,2063,10,13,NA,8.92381963053389,11.2467140676948
2063-10-14 12:00:00,2063,10,14,NA,6.1424404040534,13.8932235939844
2063-10-15 12:00:00,2063,10,15,NA,4.49513155596184,15.0459042958182
2063-10-16 12:00:00,2063,10,16,NA,6.01638397239083,13.9838662240675
2063-10-17 12:00:00,2063,10,17,NA,5.1953579475222,16.6793348519396
2063-10-18 12:00:00,2063,10,18,NA,10.3437170489887,16.8544100060099
2063-10-19 12:00:00,2063,10,19,NA,11.9013869953774,18.9582471776256
2063-10-20 12:00:00,2063,10,20,NA,12.2106847978261,18.6028111920578
2063-10-21 12:00:00,2063,10,21,NA,10.1504085586502,20.483293646765
2063-10-22 12:00:00,2063,10,22,NA,11.1680259356199,23.5815517968949
2063-10-23 12:00:00,2063,10,23,NA,9.89961708532711,18.5408830849137
2063-10-24 12:00:00,2063,10,24,NA,8.79290430777805,18.1456311208368
2063-10-25 12:00:00,2063,10,25,NA,7.75208270021599,15.0880037535853
2063-10-26 12:00:00,2063,10,26,NA,7.23515612108944,12.0723892141587
2063-10-27 12:00:00,2063,10,27,NA,5.71398909099784,11.103976493307
2063-10-28 12:00:00,2063,10,28,NA,4.49646406987496,11.9401518119138
2063-10-29 12:00:00,2063,10,29,NA,3.32290520234698,7.8086057336308
2063-10-30 12:00:00,2063,10,30,NA,5.55336920709778,7.72556171399652
2063-10-31 12:00:00,2063,10,31,NA,9.2918549013968,11.6147493385578
2063-11-01 12:00:00,2063,11,1,NA,13.1887381518115,15.3208021814171
2063-11-02 12:00:00,2063,11,2,NA,8.99906241855856,10.8458773366393
2063-11-03 12:00:00,2063,11,3,NA,8.64934678463701,10.4926916993975
2063-11-04 12:00:00,2063,11,4,NA,4.62810893323668,9.29248866877546
2063-11-05 12:00:00,2063,11,5,NA,1.04686035272754,8.04993406603137
2063-11-06 12:00:00,2063,11,6,NA,3.35604011347258,9.71524510030111
2063-11-07 12:00:00,2063,11,7,NA,6.50031302117539,7.4479868465677
2063-11-08 12:00:00,2063,11,8,NA,2.97859950100159,3.9262733263939
2063-11-09 12:00:00,2063,11,9,NA,0.72320006458259,3.53037168506243
2063-11-10 12:00:00,2063,11,10,NA,-0.841501199303931,2.91401345028811
2063-11-11 12:00:00,2063,11,11,NA,-1.16592546781639,6.28770003799709
2063-11-12 12:00:00,2063,11,12,NA,-1.48641535070105,8.9251049692019
2063-11-13 12:00:00,2063,11,13,NA,-1.50063580709884,5.39573605078229
2063-11-14 12:00:00,2063,11,14,NA,-1.28417840323687,8.15844375032718
2063-11-15 12:00:00,2063,11,15,NA,-3.80607075435503,6.56164221993506
2063-11-16 12:00:00,2063,11,16,NA,-3.85543558091905,7.30583582618207
2063-11-17 12:00:00,2063,11,17,NA,0.088479078305876,11.3601006569181
2063-11-18 12:00:00,2063,11,18,NA,3.65151624888239,13.9649004989113
2063-11-19 12:00:00,2063,11,19,NA,7.00190156131483,11.5582623670951
2063-11-20 12:00:00,2063,11,20,NA,2.49639470680036,7.73269083514287
2063-11-21 12:00:00,2063,11,21,NA,6.00401929696475,9.07753556465756
2063-11-22 12:00:00,2063,11,22,NA,5.09959014859044,9.8198533699754
2063-11-23 12:00:00,2063,11,23,NA,0.367405891689462,7.8988743131886
2063-11-24 12:00:00,2063,11,24,NA,3.89352372255615,10.5444166032645
2063-11-25 12:00:00,2063,11,25,NA,0.757158596137914,8.31952510460058
2063-11-26 12:00:00,2063,11,26,NA,5.10784951146582,8.47384936315941
2063-11-27 12:00:00,2063,11,27,NA,3.88662905363797,9.84039579005312
2063-11-28 12:00:00,2063,11,28,NA,-0.702306950033929,4.423347574507
2063-11-29 12:00:00,2063,11,29,NA,-2.2197643078985,8.94150709920262
2063-11-30 12:00:00,2063,11,30,NA,0.611775733048838,10.7477033072081
2063-12-01 12:00:00,2063,12,1,NA,4.62909373573746,8.63601166872976
2063-12-02 12:00:00,2063,12,2,NA,-1.83002007869934,0.988146945818289
2063-12-03 12:00:00,2063,12,3,NA,-0.0945332959793559,2.79178853283301
2063-12-04 12:00:00,2063,12,4,NA,-5.55193362740121,2.66007691360131
2063-12-05 12:00:00,2063,12,5,NA,-2.1884744764447,4.64984739793258
2063-12-06 12:00:00,2063,12,6,NA,-4.28046448036088,2.51505477762443
2063-12-07 12:00:00,2063,12,7,NA,-3.78811455671098,5.38040210837651
2063-12-08 12:00:00,2063,12,8,NA,1.64258939028484,4.69875556304676
2063-12-09 12:00:00,2063,12,9,NA,1.87714078461696,6.97580841870019
2063-12-10 12:00:00,2063,12,10,NA,4.56739873705425,10.7876411013696
2063-12-11 12:00:00,2063,12,11,NA,2.9090517654867,13.5302438269751
2063-12-12 12:00:00,2063,12,12,NA,6.31847745250711,11.990280433586
2063-12-13 12:00:00,2063,12,13,NA,-0.359191096063397,10.8396984922094
2063-12-14 12:00:00,2063,12,14,NA,6.49621861674187,10.5536768771844
2063-12-15 12:00:00,2063,12,15,NA,4.18982562633338,8.00720808249458
2063-12-16 12:00:00,2063,12,16,NA,3.41913039486952,11.5603480927536
2063-12-17 12:00:00,2063,12,17,NA,-1.44434187952792,2.77865911670145
2063-12-18 12:00:00,2063,12,18,NA,0.699575661025418,3.73469006400987
2063-12-19 12:00:00,2063,12,19,NA,4.35915503067903,7.27791214135101
2063-12-20 12:00:00,2063,12,20,NA,7.26623417889527,10.2093522114618
2063-12-21 12:00:00,2063,12,21,NA,7.58084856865874,10.4581020454788
2063-12-22 12:00:00,2063,12,22,NA,1.67449299003835,5.72363788615283
2063-12-23 12:00:00,2063,12,23,NA,1.91358060449701,7.83124120869489
2063-12-24 12:00:00,2063,12,24,NA,2.02883267573832,6.77939077174372
2063-12-25 12:00:00,2063,12,25,NA,6.1369142968607,9.08003232942728
2063-12-26 12:00:00,2063,12,26,NA,4.95380154295353,7.52702818362982
2063-12-27 12:00:00,2063,12,27,NA,2.09481062293499,4.66803726361128
2063-12-28 12:00:00,2063,12,28,NA,-2.17192828035443,6.38289107333655
2063-12-29 12:00:00,2063,12,29,NA,-4.04107912266557,2.07391360227638
2063-12-30 12:00:00,2063,12,30,NA,-2.41487666399916,3.18220600126976
2063-12-31 12:00:00,2063,12,31,NA,-2.50389715432603,8.2301262918312
2064-01-01 12:00:00,2064,1,1,NA,-0.783705035275465,7.0574728040285
2064-01-02 12:00:00,2064,1,2,NA,2.35916431363132,9.28689039808344
2064-01-03 12:00:00,2064,1,3,NA,-3.08224595739001,6.66791009221842
2064-01-04 12:00:00,2064,1,4,NA,7.7683904819623,9.79565211571703
2064-01-05 12:00:00,2064,1,5,NA,6.16391967244344,7.970580050847
2064-01-06 12:00:00,2064,1,6,NA,0.247591551058538,2.22676984945111
2064-01-07 12:00:00,2064,1,7,NA,0.402874391027294,2.48805095615757
2064-01-08 12:00:00,2064,1,8,NA,-5.29182682919027,-3.49539013014416
2064-01-09 12:00:00,2064,1,9,NA,0.0697108698260029,1.89207916638802
2064-01-10 12:00:00,2064,1,10,NA,-9.12439308932241,-2.83411983875814
2064-01-11 12:00:00,2064,1,11,NA,-3.64361827825159,7.08706773700222
2064-01-12 12:00:00,2064,1,12,NA,-5.50816246008914,-0.0307743020630511
2064-01-13 12:00:00,2064,1,13,NA,-0.050775066185786,4.56259466799116
2064-01-14 12:00:00,2064,1,14,NA,-7.68908296343209,-1.885347441295
2064-01-15 12:00:00,2064,1,15,NA,-2.2835012589474,0.491762274847209
2064-01-16 12:00:00,2064,1,16,NA,-3.53895107157291,2.12774684202854
2064-01-17 12:00:00,2064,1,17,NA,1.61290096207576,6.22627069625271
2064-01-18 12:00:00,2064,1,18,NA,1.48354410361854,6.55798915155028
2064-01-19 12:00:00,2064,1,19,NA,-0.158616932114904,0.849433064197073
2064-01-20 12:00:00,2064,1,20,NA,-4.40891312028559,0.560849202763543
2064-01-21 12:00:00,2064,1,21,NA,-6.54948954885695,-1.21075292144716
2064-01-22 12:00:00,2064,1,22,NA,3.60367449045753,6.60325070336083
2064-01-23 12:00:00,2064,1,23,NA,1.70763318988782,5.31893336800718
2064-01-24 12:00:00,2064,1,24,NA,3.12926619272215,9.41953944328642
2064-01-25 12:00:00,2064,1,25,NA,0.528307270015477,4.29980269828108
2064-01-26 12:00:00,2064,1,26,NA,-1.28087128894712,5.77188430101857
2064-01-27 12:00:00,2064,1,27,NA,-3.90846495303296,7.04584023179103
2064-01-28 12:00:00,2064,1,28,NA,-4.71268406967092,5.37074211438718
2064-01-29 12:00:00,2064,1,29,NA,3.59736439860023,6.52722011053501
2064-01-30 12:00:00,2064,1,30,NA,3.40790675446762,6.50695681715475
2064-01-31 12:00:00,2064,1,31,NA,3.99871742848489,8.77418882845408
2064-02-01 12:00:00,2064,2,1,NA,4.69621693062925,7.78306122074561
2064-02-02 12:00:00,2064,2,2,NA,10.6490242424743,12.5203245671508
2064-02-03 12:00:00,2064,2,3,NA,8.65254209060427,11.0996715519087
2064-02-04 12:00:00,2064,2,4,NA,7.01656646568138,9.8928469039905
2064-02-05 12:00:00,2064,2,5,NA,5.17844416530507,9.981630764102
2064-02-06 12:00:00,2064,2,6,NA,4.31240775553085,12.3076577383056
2064-02-07 12:00:00,2064,2,7,NA,2.02829947817187,12.5860900996387
2064-02-08 12:00:00,2064,2,8,NA,2.26704722529282,14.4925131874812
2064-02-09 12:00:00,2064,2,9,NA,8.63499398056967,19.5721557352317
2064-02-10 12:00:00,2064,2,10,NA,9.83026037437894,16.3108537621648
2064-02-11 12:00:00,2064,2,11,NA,10.4536157997312,16.2383394870851
2064-02-12 12:00:00,2064,2,12,NA,6.91357150400129,14.4153160675932
2064-02-13 12:00:00,2064,2,13,NA,6.07762083778242,14.7390805398946
2064-02-14 12:00:00,2064,2,14,NA,8.33499701296978,12.5803706522188
2064-02-15 12:00:00,2064,2,15,NA,11.7628266110032,14.2566138960714
2064-02-16 12:00:00,2064,2,16,NA,8.85529106133672,12.3321291840181
2064-02-17 12:00:00,2064,2,17,NA,6.47698665675938,11.4200085623976
2064-02-18 12:00:00,2064,2,18,NA,4.63401130180461,9.04447284900016
2064-02-19 12:00:00,2064,2,19,NA,1.91221238760937,10.3960559535949
2064-02-20 12:00:00,2064,2,20,NA,2.39008055585444,8.1975476945374
2064-02-21 12:00:00,2064,2,21,NA,7.50995540785722,15.3009331877226
2064-02-22 12:00:00,2064,2,22,NA,7.05477220693487,14.9424369523228
2064-02-23 12:00:00,2064,2,23,NA,7.42020438482212,15.6201125332401
2064-02-24 12:00:00,2064,2,24,NA,7.97278688426418,12.9136897236651
2064-02-25 12:00:00,2064,2,25,NA,9.63290196895926,16.08233228879
2064-02-26 12:00:00,2064,2,26,NA,6.53205579661473,10.7615644936075
2064-02-27 12:00:00,2064,2,27,NA,3.36964426896899,9.32132299563724
2064-02-28 12:00:00,2064,2,28,NA,1.35525907571545,10.2833817571672
2064-02-29 12:00:00,2064,2,29,NA,8.02980187015507,11.3977692286585
2064-03-01 12:00:00,2064,3,1,NA,6.82065217463204,10.9634713299771
2064-03-02 12:00:00,2064,3,2,NA,4.1275466575186,8.27976612410402
2064-03-03 12:00:00,2064,3,3,NA,4.74577429044235,10.9185900197051
2064-03-04 12:00:00,2064,3,4,NA,4.9527987692853,15.7611638853104
2064-03-05 12:00:00,2064,3,5,NA,9.22125853400923,16.5004625225898
2064-03-06 12:00:00,2064,3,6,NA,8.90895767399684,16.7824248503665
2064-03-07 12:00:00,2064,3,7,NA,5.7594878464772,19.0252689415532
2064-03-08 12:00:00,2064,3,8,NA,9.91895398682042,13.5483841521827
2064-03-09 12:00:00,2064,3,9,NA,5.25059273457191,10.8579984583363
2064-03-10 12:00:00,2064,3,10,NA,2.58862487625975,6.64039723473589
2064-03-11 12:00:00,2064,3,11,NA,1.93796636866893,6.26757012376692
2064-03-12 12:00:00,2064,3,12,NA,-3.03382140056164,5.58204890731576
2064-03-13 12:00:00,2064,3,13,NA,-2.88734737773904,9.54089621962655
2064-03-14 12:00:00,2064,3,14,NA,-3.46692255655265,6.95997344622079
2064-03-15 12:00:00,2064,3,15,NA,-2.36672320974603,9.8258528271559
2064-03-16 12:00:00,2064,3,16,NA,2.45979878984593,14.7139405580827
2064-03-17 12:00:00,2064,3,17,NA,3.19603677729718,12.2738929525541
2064-03-18 12:00:00,2064,3,18,NA,8.59911028958032,13.9862416188288
2064-03-19 12:00:00,2064,3,19,NA,4.17793603547544,12.2019847195416
2064-03-20 12:00:00,2064,3,20,NA,1.62079970482249,16.1402481752
2064-03-21 12:00:00,2064,3,21,NA,1.54971529084661,14.4421179874296
2064-03-22 12:00:00,2064,3,22,NA,0.787381598486213,11.8307994630528
2064-03-23 12:00:00,2064,3,23,NA,7.96926998025525,16.4932442244774
2064-03-24 12:00:00,2064,3,24,NA,6.23892440362783,18.730791314426
2064-03-25 12:00:00,2064,3,25,NA,4.66674311362966,11.7040660379753
2064-03-26 12:00:00,2064,3,26,NA,-2.0972681559755,12.422180314402
2064-03-27 12:00:00,2064,3,27,NA,-3.41161567308977,13.6938398469503
2064-03-28 12:00:00,2064,3,28,NA,-5.33508391855056,6.30677357719592
2064-03-29 12:00:00,2064,3,29,NA,-7.36986365936518,5.86016856108728
2064-03-30 12:00:00,2064,3,30,NA,-0.18985848730717,9.81771991989269
2064-03-31 12:00:00,2064,3,31,NA,5.40750356477375,8.25142824747089
2064-04-01 12:00:00,2064,4,1,NA,4.17244120462849,12.6964154488506
2064-04-02 12:00:00,2064,4,2,NA,-1.67658707220589,10.5703356843111
2064-04-03 12:00:00,2064,4,3,NA,-5.282939811933,13.8473336607239
2064-04-04 12:00:00,2064,4,4,NA,-3.53119653214099,12.9962255582412
2064-04-05 12:00:00,2064,4,5,NA,1.83856942360538,17.7379002636717
2064-04-06 12:00:00,2064,4,6,NA,1.31704585156935,9.78679406027344
2064-04-07 12:00:00,2064,4,7,NA,3.68651947024376,9.5554236383441
2064-04-08 12:00:00,2064,4,8,NA,1.20245141067454,8.67714251938323
2064-04-09 12:00:00,2064,4,9,NA,-2.27662340126012,13.2256650276193
2064-04-10 12:00:00,2064,4,10,NA,4.79697297411686,15.396917088205
2064-04-11 12:00:00,2064,4,11,NA,6.5837756439619,15.7905463368347
2064-04-12 12:00:00,2064,4,12,NA,7.54876060432984,14.6704912527817
2064-04-13 12:00:00,2064,4,13,NA,6.58491961112086,11.8438301353274
2064-04-14 12:00:00,2064,4,14,NA,1.27530927876704,11.098037626924
2064-04-15 12:00:00,2064,4,15,NA,3.97301426715684,9.19588155845445
2064-04-16 12:00:00,2064,4,16,NA,2.29005374867975,10.7445128316777
2064-04-17 12:00:00,2064,4,17,NA,4.7665023472687,7.91394424684158
2064-04-18 12:00:00,2064,4,18,NA,5.97976969778256,11.0665320218231
2064-04-19 12:00:00,2064,4,19,NA,2.39066378717246,9.26213425488801
2064-04-20 12:00:00,2064,4,20,NA,3.58610254247205,9.27871120628636
2064-04-21 12:00:00,2064,4,21,NA,-0.860638573873481,12.8235093314344
2064-04-22 12:00:00,2064,4,22,NA,0.376237438057042,14.6765511121419
2064-04-23 12:00:00,2064,4,23,NA,4.35808480073857,20.3615821653521
2064-04-24 12:00:00,2064,4,24,NA,1.74957869954418,22.9705667229267
2064-04-25 12:00:00,2064,4,25,NA,10.2753354170362,26.5527658220393
2064-04-26 12:00:00,2064,4,26,NA,12.4913387087368,18.7062734307907
2064-04-27 12:00:00,2064,4,27,NA,11.9398981559445,16.1028733099646
2064-04-28 12:00:00,2064,4,28,NA,11.7726720079128,15.4680759486464
2064-04-29 12:00:00,2064,4,29,NA,12.0657867557305,19.2673460923493
2064-04-30 12:00:00,2064,4,30,NA,9.44177093739255,24.1179586217151
2064-05-01 12:00:00,2064,5,1,NA,11.9666091299694,22.0017768518082
2064-05-02 12:00:00,2064,5,2,NA,13.5678986185372,27.2466672420807
2064-05-03 12:00:00,2064,5,3,NA,14.3850702401071,25.2256540198736
2064-05-04 12:00:00,2064,5,4,NA,13.4452083424308,20.352127801163
2064-05-05 12:00:00,2064,5,5,NA,14.0794402122654,27.3342144188084
2064-05-06 12:00:00,2064,5,6,NA,13.05282025608,21.4001429776964
2064-05-07 12:00:00,2064,5,7,NA,11.044782459713,22.671418794871
2064-05-08 12:00:00,2064,5,8,NA,11.5765811406566,22.3507504940776
2064-05-09 12:00:00,2064,5,9,NA,8.04026463071664,18.0111350178765
2064-05-10 12:00:00,2064,5,10,NA,5.96860034855907,20.5158526102872
2064-05-11 12:00:00,2064,5,11,NA,5.8793875495179,18.5553419060071
2064-05-12 12:00:00,2064,5,12,NA,3.70483718990239,17.3718381080828
2064-05-13 12:00:00,2064,5,13,NA,8.13133204173186,14.0021435010943
2064-05-14 12:00:00,2064,5,14,NA,7.34471227185148,15.2650437335186
2064-05-15 12:00:00,2064,5,15,NA,4.34351789465703,19.8812391318358
2064-05-16 12:00:00,2064,5,16,NA,4.08752211093914,21.7913930254959
2064-05-17 12:00:00,2064,5,17,NA,5.81972154525306,20.6706330575009
2064-05-18 12:00:00,2064,5,18,NA,3.2927250762954,23.0479352329172
2064-05-19 12:00:00,2064,5,19,NA,10.8506537091195,24.6052281837474
2064-05-20 12:00:00,2064,5,20,NA,5.12498665572424,18.3290165864836
2064-05-21 12:00:00,2064,5,21,NA,2.23502203876514,20.6953668856846
2064-05-22 12:00:00,2064,5,22,NA,4.35970068467615,23.1416892640757
2064-05-23 12:00:00,2064,5,23,NA,4.57061363806918,23.7371318950722
2064-05-24 12:00:00,2064,5,24,NA,6.917981647701,23.7522454726425
2064-05-25 12:00:00,2064,5,25,NA,9.93210280509355,29.6873129617154
2064-05-26 12:00:00,2064,5,26,NA,8.05742836609731,27.2428133247276
2064-05-27 12:00:00,2064,5,27,NA,6.50326237970234,26.5208984389687
2064-05-28 12:00:00,2064,5,28,NA,12.7734334356836,28.0646689067355
2064-05-29 12:00:00,2064,5,29,NA,17.1223336777289,20.0592773014403
2064-05-30 12:00:00,2064,5,30,NA,16.3219607337661,24.2422921954332
2064-05-31 12:00:00,2064,5,31,NA,19.9355261137067,27.6656103378137
2064-06-01 12:00:00,2064,6,1,NA,16.9369323550412,24.8572638167083
2064-06-02 12:00:00,2064,6,2,NA,9.79210508116684,23.2005677974054
2064-06-03 12:00:00,2064,6,3,NA,15.4711499665057,25.5736593714583
2064-06-04 12:00:00,2064,6,4,NA,14.762180074731,23.0264660080011
2064-06-05 12:00:00,2064,6,5,NA,16.2435524033572,23.637116673957
2064-06-06 12:00:00,2064,6,6,NA,13.3334651071181,28.8318667482354
2064-06-07 12:00:00,2064,6,7,NA,18.4208866494085,24.5776311566539
2064-06-08 12:00:00,2064,6,8,NA,19.9733404755573,26.3193657618193
2064-06-09 12:00:00,2064,6,9,NA,17.4760695951763,26.7011065906948
2064-06-10 12:00:00,2064,6,10,NA,16.2346267105098,30.6494827313402
2064-06-11 12:00:00,2064,6,11,NA,19.86850259288,29.0685948138841
2064-06-12 12:00:00,2064,6,12,NA,20.6525121618508,27.9656435089392
2064-06-13 12:00:00,2064,6,13,NA,21.6308046596174,30.4859285901853
2064-06-14 12:00:00,2064,6,14,NA,19.6168351951621,25.7232108012131
2064-06-15 12:00:00,2064,6,15,NA,15.0076380696136,22.2347741583106
2064-06-16 12:00:00,2064,6,16,NA,14.6712170266994,22.9349335702592
2064-06-17 12:00:00,2064,6,17,NA,12.6022055521255,24.9973893239875
2064-06-18 12:00:00,2064,6,18,NA,8.12570988733114,28.58019992843
2064-06-19 12:00:00,2064,6,19,NA,12.2765557789228,31.6476086767482
2064-06-20 12:00:00,2064,6,20,NA,17.4636863508773,25.3963440293736
2064-06-21 12:00:00,2064,6,21,NA,15.7994002550671,26.2319589665437
2064-06-22 12:00:00,2064,6,22,NA,19.8392347362343,27.357241491913
2064-06-23 12:00:00,2064,6,23,NA,12.9098225025584,30.3907972260554
2064-06-24 12:00:00,2064,6,24,NA,14.5677280739668,29.9413759800247
2064-06-25 12:00:00,2064,6,25,NA,14.2887169186736,25.5472636949194
2064-06-26 12:00:00,2064,6,26,NA,16.55777104734,34.5239456959724
2064-06-27 12:00:00,2064,6,27,NA,14.4535627310615,28.9004871987565
2064-06-28 12:00:00,2064,6,28,NA,11.0707321457998,28.4318261467037
2064-06-29 12:00:00,2064,6,29,NA,11.5664456143063,25.9128031133744
2064-06-30 12:00:00,2064,6,30,NA,13.9160228719826,22.5748173203738
2064-07-01 12:00:00,2064,7,1,NA,11.9905057563915,24.3816578986015
2064-07-02 12:00:00,2064,7,2,NA,15.213861239103,23.7083711509813
2064-07-03 12:00:00,2064,7,3,NA,13.6302178574775,28.6880935538921
2064-07-04 12:00:00,2064,7,4,NA,15.262543853488,22.2820638041616
2064-07-05 12:00:00,2064,7,5,NA,12.8735644276059,19.4711079463912
2064-07-06 12:00:00,2064,7,6,NA,8.73717077724486,23.7548259226058
2064-07-07 12:00:00,2064,7,7,NA,15.5926935835184,17.3486706323449
2064-07-08 12:00:00,2064,7,8,NA,13.4036101405967,17.2170747264996
2064-07-09 12:00:00,2064,7,9,NA,12.0791955648231,21.6730607822069
2064-07-10 12:00:00,2064,7,10,NA,7.85328973793554,27.67663169631
2064-07-11 12:00:00,2064,7,11,NA,12.7681768585957,27.1083236992396
2064-07-12 12:00:00,2064,7,12,NA,14.6063185827354,33.8520448185779
2064-07-13 12:00:00,2064,7,13,NA,12.9539655706844,29.9794709261373
2064-07-14 12:00:00,2064,7,14,NA,8.86993895930587,26.9633712879349
2064-07-15 12:00:00,2064,7,15,NA,12.1566439030992,31.8339091929682
2064-07-16 12:00:00,2064,7,16,NA,12.8108935030636,32.5301568121021
2064-07-17 12:00:00,2064,7,17,NA,13.9863347150275,32.2939599284613
2064-07-18 12:00:00,2064,7,18,NA,13.9593632406348,29.9084475286234
2064-07-19 12:00:00,2064,7,19,NA,17.0071707661085,29.5539552594603
2064-07-20 12:00:00,2064,7,20,NA,15.8817057353527,28.0187541463765
2064-07-21 12:00:00,2064,7,21,NA,14.4036356030193,26.1077688147725
2064-07-22 12:00:00,2064,7,22,NA,16.4575807838266,26.3874612538318
2064-07-23 12:00:00,2064,7,23,NA,11.880704351665,27.2443261272325
2064-07-24 12:00:00,2064,7,24,NA,11.7550587000371,26.8191963974835
2064-07-25 12:00:00,2064,7,25,NA,15.9294051778251,30.9935428752715
2064-07-26 12:00:00,2064,7,26,NA,19.254738320838,27.6502611308481
2064-07-27 12:00:00,2064,7,27,NA,18.926498459305,27.5668687519488
2064-07-28 12:00:00,2064,7,28,NA,16.4663317529681,29.2181473757445
2064-07-29 12:00:00,2064,7,29,NA,18.0834559560773,26.1867862942813
2064-07-30 12:00:00,2064,7,30,NA,18.2940956318335,21.1649517130186
2064-07-31 12:00:00,2064,7,31,NA,10.9198789113281,25.9623061248082
2064-08-01 12:00:00,2064,8,1,NA,10.9898244789737,23.6972232512507
2064-08-02 12:00:00,2064,8,2,NA,10.6150074680148,23.5027236614351
2064-08-03 12:00:00,2064,8,3,NA,13.4157744507862,23.6024879070103
2064-08-04 12:00:00,2064,8,4,NA,10.9322915773865,23.3831294264077
2064-08-05 12:00:00,2064,8,5,NA,11.7115551456832,19.1206512564547
2064-08-06 12:00:00,2064,8,6,NA,15.1002932586532,20.4894425499331
2064-08-07 12:00:00,2064,8,7,NA,15.9876439391382,22.6114655664533
2064-08-08 12:00:00,2064,8,8,NA,14.7774252975831,19.265937163627
2064-08-09 12:00:00,2064,8,9,NA,10.1849797122943,22.0392986675552
2064-08-10 12:00:00,2064,8,10,NA,7.29089268368971,23.3057060496097
2064-08-11 12:00:00,2064,8,11,NA,11.121880851179,24.5696919116678
2064-08-12 12:00:00,2064,8,12,NA,12.0953118370982,24.3411779430584
2064-08-13 12:00:00,2064,8,13,NA,8.44649539417871,26.5190793258949
2064-08-14 12:00:00,2064,8,14,NA,10.3921014700513,23.8485339520552
2064-08-15 12:00:00,2064,8,15,NA,11.7652059633348,22.6354614436092
2064-08-16 12:00:00,2064,8,16,NA,11.0749344039244,17.364845312642
2064-08-17 12:00:00,2064,8,17,NA,15.0142530593694,17.7182537712719
2064-08-18 12:00:00,2064,8,18,NA,14.2052632132677,17.7943337517552
2064-08-19 12:00:00,2064,8,19,NA,11.9883417672016,18.4901585327847
2064-08-20 12:00:00,2064,8,20,NA,11.2542131224186,21.9409167734298
2064-08-21 12:00:00,2064,8,21,NA,10.8095862973025,25.1702207236346
2064-08-22 12:00:00,2064,8,22,NA,15.6250133148376,24.2379026677542
2064-08-23 12:00:00,2064,8,23,NA,15.7689877914778,24.1460793644073
2064-08-24 12:00:00,2064,8,24,NA,10.9644604004587,23.6174743646875
2064-08-25 12:00:00,2064,8,25,NA,15.2258932891425,19.7083457449939
2064-08-26 12:00:00,2064,8,26,NA,16.4002072168221,21.8802833649038
2064-08-27 12:00:00,2064,8,27,NA,17.3483451898948,21.8368570559387
2064-08-28 12:00:00,2064,8,28,NA,17.4276178002381,22.8167670915181
2064-08-29 12:00:00,2064,8,29,NA,14.8020905159192,25.5637280865217
2064-08-30 12:00:00,2064,8,30,NA,16.3883629803631,19.4210170451383
2064-08-31 12:00:00,2064,8,31,NA,16.5921876722894,19.3621516675333
2064-09-01 12:00:00,2064,9,1,NA,11.654373103496,17.9848853277945
2064-09-02 12:00:00,2064,9,2,NA,10.093258284983,16.9350105386745
2064-09-03 12:00:00,2064,9,3,NA,11.5691433386428,15.6174792119581
2064-09-04 12:00:00,2064,9,4,NA,10.4874989903421,15.2203698649442
2064-09-05 12:00:00,2064,9,5,NA,11.8411971119017,15.7577014942392
2064-09-06 12:00:00,2064,9,6,NA,18.1643473689527,22.7409106184446
2064-09-07 12:00:00,2064,9,7,NA,15.9170551691847,29.0848582159798
2064-09-08 12:00:00,2064,9,8,NA,19.3059001998811,23.2271404973272
2064-09-09 12:00:00,2064,9,9,NA,18.6506193118207,22.5544215645777
2064-09-10 12:00:00,2064,9,10,NA,19.1819457425051,22.9254928612757
2064-09-11 12:00:00,2064,9,11,NA,14.1551437387266,17.9149012753532
2064-09-12 12:00:00,2064,9,12,NA,13.8827550239458,23.6458878861348
2064-09-13 12:00:00,2064,9,13,NA,12.9027560929074,26.9302109514208
2064-09-14 12:00:00,2064,9,14,NA,10.2073118677129,25.506941475074
2064-09-15 12:00:00,2064,9,15,NA,8.96540660747053,24.0311424907882
2064-09-16 12:00:00,2064,9,16,NA,13.2656237736346,17.9984946482367
2064-09-17 12:00:00,2064,9,17,NA,7.57543982113491,18.2253518261799
2064-09-18 12:00:00,2064,9,18,NA,8.74434973962757,20.1593938094836
2064-09-19 12:00:00,2064,9,19,NA,12.7486663574029,19.4021071546682
2064-09-20 12:00:00,2064,9,20,NA,6.70347902126112,21.0596049890259
2064-09-21 12:00:00,2064,9,21,NA,11.8718640371192,19.7278775702948
2064-09-22 12:00:00,2064,9,22,NA,11.5432016519205,21.558958713309
2064-09-23 12:00:00,2064,9,23,NA,11.7928182772226,20.4696024740914
2064-09-24 12:00:00,2064,9,24,NA,13.9668674037579,21.9673675431624
2064-09-25 12:00:00,2064,9,25,NA,12.9675317195172,21.5115522552375
2064-09-26 12:00:00,2064,9,26,NA,12.4819756499574,21.6640539262193
2064-09-27 12:00:00,2064,9,27,NA,10.040688599663,21.5734832079658
2064-09-28 12:00:00,2064,9,28,NA,10.6372904664832,26.6823184123017
2064-09-29 12:00:00,2064,9,29,NA,11.6687759932927,26.0249019610575
2064-09-30 12:00:00,2064,9,30,NA,13.7830418441381,23.5054219935745
2064-10-01 12:00:00,2064,10,1,NA,17.8390115349446,25.5683060128453
2064-10-02 12:00:00,2064,10,2,NA,18.9318545999247,25.5851658956191
2064-10-03 12:00:00,2064,10,3,NA,18.2336768683094,22.586958287099
2064-10-04 12:00:00,2064,10,4,NA,16.1786202832374,24.2700533658349
2064-10-05 12:00:00,2064,10,5,NA,13.8837582206999,21.3023780250307
2064-10-06 12:00:00,2064,10,6,NA,11.4988796424489,14.1119604868893
2064-10-07 12:00:00,2064,10,7,NA,14.1066089245675,19.4775761438405
2064-10-08 12:00:00,2064,10,8,NA,15.4885116978288,18.7459993907729
2064-10-09 12:00:00,2064,10,9,NA,16.7073093456442,19.9302765891498
2064-10-10 12:00:00,2064,10,10,NA,14.7985995933822,16.645414511463
2064-10-11 12:00:00,2064,10,11,NA,13.271559887682,15.3856357541857
2064-10-12 12:00:00,2064,10,12,NA,10.1843593934899,13.6754881124505
2064-10-13 12:00:00,2064,10,13,NA,12.7002576996815,16.3611288419484
2064-10-14 12:00:00,2064,10,14,NA,12.4782587873855,21.1673441078838
2064-10-15 12:00:00,2064,10,15,NA,12.0394350302369,19.2593619374273
2064-10-16 12:00:00,2064,10,16,NA,8.52980497006918,16.1314158392279
2064-10-17 12:00:00,2064,10,17,NA,7.99734375423593,12.7204697084777
2064-10-18 12:00:00,2064,10,18,NA,7.6269914734388,17.9491827734405
2064-10-19 12:00:00,2064,10,19,NA,5.87088151476919,17.9162397902733
2064-10-20 12:00:00,2064,10,20,NA,8.48216732806345,17.1108489270788
2064-10-21 12:00:00,2064,10,21,NA,6.16369413996471,17.4147982938368
2064-10-22 12:00:00,2064,10,22,NA,8.54044284226026,20.0244197466777
2064-10-23 12:00:00,2064,10,23,NA,9.91834316658636,16.7788538485539
2064-10-24 12:00:00,2064,10,24,NA,6.30621216268484,13.7498999047237
2064-10-25 12:00:00,2064,10,25,NA,4.1787823662364,11.8589825672858
2064-10-26 12:00:00,2064,10,26,NA,3.42313794969854,11.0942944730059
2064-10-27 12:00:00,2064,10,27,NA,8.79951235787485,14.5806040260532
2064-10-28 12:00:00,2064,10,28,NA,9.06505118733382,16.5968224220062
2064-10-29 12:00:00,2064,10,29,NA,9.04427487617801,17.6785617475615
2064-10-30 12:00:00,2064,10,30,NA,9.43423319833004,18.5273065635329
2064-10-31 12:00:00,2064,10,31,NA,8.19293919472785,17.5078272128833
2064-11-01 12:00:00,2064,11,1,NA,9.81729790127096,20.7911302091421
2064-11-02 12:00:00,2064,11,2,NA,8.65133100694878,17.2823648594382
2064-11-03 12:00:00,2064,11,3,NA,7.69350187926369,16.6153729210137
2064-11-04 12:00:00,2064,11,4,NA,6.45197889850349,13.286172726849
2064-11-05 12:00:00,2064,11,5,NA,6.40613177427092,9.35134847162344
2064-11-06 12:00:00,2064,11,6,NA,3.01804028302871,4.95151807078564
2064-11-07 12:00:00,2064,11,7,NA,-0.202635739868232,5.54323047278133
2064-11-08 12:00:00,2064,11,8,NA,-0.586569107296829,6.15308298833095
2064-11-09 12:00:00,2064,11,9,NA,0.853267195340829,5.24406859345726
2064-11-10 12:00:00,2064,11,10,NA,0.816225166005469,3.78731400368926
2064-11-11 12:00:00,2064,11,11,NA,1.20702619156542,4.93193833946787
2064-11-12 12:00:00,2064,11,12,NA,-1.4663046671277,1.32885430182851
2064-11-13 12:00:00,2064,11,13,NA,-1.94992247495825,2.72412026482906
2064-11-14 12:00:00,2064,11,14,NA,-3.05326362439683,2.29223314235916
2064-11-15 12:00:00,2064,11,15,NA,-6.27884010624541,-3.44704861166859
2064-11-16 12:00:00,2064,11,16,NA,-2.03735401914159,1.89336236625886
2064-11-17 12:00:00,2064,11,17,NA,-1.47161223417514,1.23892993612032
2064-11-18 12:00:00,2064,11,18,NA,-3.43315972678059,-0.618875932924139
2064-11-19 12:00:00,2064,11,19,NA,-3.97743532666933,0.593078986463778
2064-11-20 12:00:00,2064,11,20,NA,-2.59582172233028,1.42819842389872
2064-11-21 12:00:00,2064,11,21,NA,-5.12487169610914,1.20349664167739
2064-11-22 12:00:00,2064,11,22,NA,-3.0396088325438,2.974337285436
2064-11-23 12:00:00,2064,11,23,NA,-6.47748296996687,4.89504114588656
2064-11-24 12:00:00,2064,11,24,NA,1.12831515510562,6.31432516713551
2064-11-25 12:00:00,2064,11,25,NA,1.78286436006807,7.38190082201663
2064-11-26 12:00:00,2064,11,26,NA,6.2101207273332,13.093680380558
2064-11-27 12:00:00,2064,11,27,NA,7.79137049675451,13.7487458793268
2064-11-28 12:00:00,2064,11,28,NA,4.44693242575542,11.0978253064637
2064-11-29 12:00:00,2064,11,29,NA,3.66485188111924,9.62781315595556
2064-11-30 12:00:00,2064,11,30,NA,4.57944440570906,9.71524171151668
2064-12-01 12:00:00,2064,12,1,NA,4.63319967809146,12.1572106222424
2064-12-02 12:00:00,2064,12,2,NA,4.64935492142318,10.3952211340727
2064-12-03 12:00:00,2064,12,3,NA,6.11698915874197,9.16324345364677
2064-12-04 12:00:00,2064,12,4,NA,7.07809870926191,11.1187816891947
2064-12-05 12:00:00,2064,12,5,NA,7.67357985215377,13.7510945656114
2064-12-06 12:00:00,2064,12,6,NA,4.59724843640409,10.6762110930796
2064-12-07 12:00:00,2064,12,7,NA,8.34399884516581,12.16836041091
2064-12-08 12:00:00,2064,12,8,NA,9.89855609927172,14.9380430813083
2064-12-09 12:00:00,2064,12,9,NA,6.67854142685583,15.0576138380473
2064-12-10 12:00:00,2064,12,10,NA,7.9325597900029,16.0407852881919
2064-12-11 12:00:00,2064,12,11,NA,10.3801860547503,13.4264403496551
2064-12-12 12:00:00,2064,12,12,NA,8.6998502950847,12.7726057878169
2064-12-13 12:00:00,2064,12,13,NA,8.6805517569918,11.7812724724545
2064-12-14 12:00:00,2064,12,14,NA,7.45695759367944,13.438431261341
2064-12-15 12:00:00,2064,12,15,NA,1.13162469029287,15.6283091616542
2064-12-16 12:00:00,2064,12,16,NA,3.30869860264284,11.6019577015853
2064-12-17 12:00:00,2064,12,17,NA,4.34174630949555,12.5537568504981
2064-12-18 12:00:00,2064,12,18,NA,6.48911236229424,14.6387368378409
2064-12-19 12:00:00,2064,12,19,NA,8.33074658256553,14.2024900480148
2064-12-20 12:00:00,2064,12,20,NA,8.25480795655893,21.5008558735047
2064-12-21 12:00:00,2064,12,21,NA,8.32451849515255,16.9398966600888
2064-12-22 12:00:00,2064,12,22,NA,4.08685274607461,12.1950782442636
2064-12-23 12:00:00,2064,12,23,NA,6.62624307922301,13.7472694716992
2064-12-24 12:00:00,2064,12,24,NA,7.23129720479536,11.7926721753174
2064-12-25 12:00:00,2064,12,25,NA,1.63356003734272,5.43985919052208
2064-12-26 12:00:00,2064,12,26,NA,2.31475757113198,5.16876805645507
2064-12-27 12:00:00,2064,12,27,NA,2.35583141552201,9.38742508112552
2064-12-28 12:00:00,2064,12,28,NA,5.38663083978602,9.21099240553026
2064-12-29 12:00:00,2064,12,29,NA,5.77158776123683,9.94569776515342
2064-12-30 12:00:00,2064,12,30,NA,2.24755988012453,4.1690845124887
2064-12-31 12:00:00,2064,12,31,NA,8.61046349867808,11.079747874128
2065-01-01 12:00:00,2065,1,1,NA,9.30112762787105,15.0756850734571
2065-01-02 12:00:00,2065,1,2,NA,9.48260221042188,13.521127246458
2065-01-03 12:00:00,2065,1,3,NA,6.30030173682966,14.6237013942448
2065-01-04 12:00:00,2065,1,4,NA,7.36659398479963,12.8439821428257
2065-01-05 12:00:00,2065,1,5,NA,4.40512566320369,12.3749962315591
2065-01-06 12:00:00,2065,1,6,NA,4.0649486548593,10.3970283821979
2065-01-07 12:00:00,2065,1,7,NA,4.04901009776017,10.4879641359014
2065-01-08 12:00:00,2065,1,8,NA,5.25309562678574,9.28286078826688
2065-01-09 12:00:00,2065,1,9,NA,6.23149151552524,12.1051212792417
2065-01-10 12:00:00,2065,1,10,NA,6.00624789302867,14.0619289394279
2065-01-11 12:00:00,2065,1,11,NA,3.98540539848017,8.15337881742112
2065-01-12 12:00:00,2065,1,12,NA,2.52689965278296,8.96585369092423
2065-01-13 12:00:00,2065,1,13,NA,3.6791067770103,13.5635500249574
2065-01-14 12:00:00,2065,1,14,NA,2.24194303632561,12.0564087361352
2065-01-15 12:00:00,2065,1,15,NA,2.40419775089007,10.2924436142408
2065-01-16 12:00:00,2065,1,16,NA,2.89891674509808,5.99239593726104
2065-01-17 12:00:00,2065,1,17,NA,3.09443702063537,6.09401323353867
2065-01-18 12:00:00,2065,1,18,NA,1.9749202593663,4.84807406852219
2065-01-19 12:00:00,2065,1,19,NA,-5.11562535727566,-0.873685606020745
2065-01-20 12:00:00,2065,1,20,NA,-9.00443934420585,-5.11501037552896
2065-01-21 12:00:00,2065,1,21,NA,3.11001832152785,5.82077568576422
2065-01-22 12:00:00,2065,1,22,NA,2.80543784597122,5.91247691951871
2065-01-23 12:00:00,2065,1,23,NA,7.53174511175733,10.6667169740241
2065-01-24 12:00:00,2065,1,24,NA,7.74804816114103,10.8324212167499
2065-01-25 12:00:00,2065,1,25,NA,0.270038843069955,4.31196878734306
2065-01-26 12:00:00,2065,1,26,NA,-1.56820210856086,3.37419351284498
2065-01-27 12:00:00,2065,1,27,NA,-0.735714707012275,4.16138904878519
2065-01-28 12:00:00,2065,1,28,NA,1.48944503994519,6.71245150185987
2065-01-29 12:00:00,2065,1,29,NA,0.629169409564468,5.43696496304364
2065-01-30 12:00:00,2065,1,30,NA,0.885540072173852,9.36043604871295
2065-01-31 12:00:00,2065,1,31,NA,-6.15070402504495,0.142444690632785
2065-02-01 12:00:00,2065,2,1,NA,1.35258728023021,6.43421289751069
2065-02-02 12:00:00,2065,2,2,NA,2.71843696615412,9.94501154678962
2065-02-03 12:00:00,2065,2,3,NA,1.27709064580756,12.6883802477167
2065-02-04 12:00:00,2065,2,4,NA,5.03778447897278,10.7899981653747
2065-02-05 12:00:00,2065,2,5,NA,2.59026808105188,8.78836299450468
2065-02-06 12:00:00,2065,2,6,NA,1.59086165884527,12.1486522803121
2065-02-07 12:00:00,2065,2,7,NA,6.20632795514486,15.2023809158696
2065-02-08 12:00:00,2065,2,8,NA,8.50391978965031,12.5538112861085
2065-02-09 12:00:00,2065,2,9,NA,7.29291642972789,11.692601091314
2065-02-10 12:00:00,2065,2,10,NA,8.38717718806551,13.5411804563287
2065-02-11 12:00:00,2065,2,11,NA,1.42336586504255,12.1303474582737
2065-02-12 12:00:00,2065,2,12,NA,-1.61897608667334,9.23201571183654
2065-02-13 12:00:00,2065,2,13,NA,4.34696862914182,9.50941457658098
2065-02-14 12:00:00,2065,2,14,NA,-6.54553721769884,5.08022401849492
2065-02-15 12:00:00,2065,2,15,NA,-0.992202759790801,2.26789986436988
2065-02-16 12:00:00,2065,2,16,NA,0.0321868915245713,5.70847634596869
2065-02-17 12:00:00,2065,2,17,NA,5.0201663532412,10.6699473553175
2065-02-18 12:00:00,2065,2,18,NA,-7.71894169309071,-1.17477447923482
2065-02-19 12:00:00,2065,2,19,NA,-4.23815676478895,0.197991961863321
2065-02-20 12:00:00,2065,2,20,NA,-0.176810499510311,3.35881140712903
2065-02-21 12:00:00,2065,2,21,NA,-3.29129298883184,3.75322048466323
2065-02-22 12:00:00,2065,2,22,NA,2.03960470217717,9.6239185605044
2065-02-23 12:00:00,2065,2,23,NA,5.64394455936305,8.91753952025932
2065-02-24 12:00:00,2065,2,24,NA,2.79744348526986,6.72938432045262
2065-02-25 12:00:00,2065,2,25,NA,2.86538939314168,5.5730142315785
2065-02-26 12:00:00,2065,2,26,NA,5.92619966899752,13.1995036940861
2065-02-27 12:00:00,2065,2,27,NA,7.1669286597833,14.0159320720624
2065-02-28 12:00:00,2065,2,28,NA,10.5544548186943,17.8346884984224
2065-03-01 12:00:00,2065,3,1,NA,9.44608221679228,19.2336536106104
2065-03-02 12:00:00,2065,3,2,NA,8.81084083190635,16.0968279572623
2065-03-03 12:00:00,2065,3,3,NA,3.20018867907332,18.4131416771097
2065-03-04 12:00:00,2065,3,4,NA,7.37474976703375,11.7035097772462
2065-03-05 12:00:00,2065,3,5,NA,3.98435031180284,12.2083821043129
2065-03-06 12:00:00,2065,3,6,NA,3.64758722067074,12.7023953826675
2065-03-07 12:00:00,2065,3,7,NA,1.85441881198284,18.4741761572731
2065-03-08 12:00:00,2065,3,8,NA,6.02671552812972,18.9465423247336
2065-03-09 12:00:00,2065,3,9,NA,7.79824438727351,17.1341201596546
2065-03-10 12:00:00,2065,3,10,NA,9.08814647907688,15.3976993742944
2065-03-11 12:00:00,2065,3,11,NA,4.78006646613672,11.5208030815264
2065-03-12 12:00:00,2065,3,12,NA,5.57544850807779,14.912730472809
2065-03-13 12:00:00,2065,3,13,NA,5.88525236120695,15.1342765275486
2065-03-14 12:00:00,2065,3,14,NA,3.97911346149107,19.8622883942467
2065-03-15 12:00:00,2065,3,15,NA,5.67336983680516,22.8809749740607
2065-03-16 12:00:00,2065,3,16,NA,7.13629287797344,16.4882541314827
2065-03-17 12:00:00,2065,3,17,NA,4.91519782033787,23.2460454100143
2065-03-18 12:00:00,2065,3,18,NA,7.44087473864209,18.247242367181
2065-03-19 12:00:00,2065,3,19,NA,1.27978404704657,15.4647484162784
2065-03-20 12:00:00,2065,3,20,NA,3.43250755534554,17.9860436518205
2065-03-21 12:00:00,2065,3,21,NA,6.62042448571856,20.8053888549504
2065-03-22 12:00:00,2065,3,22,NA,9.63573637292756,15.6602919565115
2065-03-23 12:00:00,2065,3,23,NA,7.55459335980016,13.9534337017781
2065-03-24 12:00:00,2065,3,24,NA,7.37907031182312,17.140891391695
2065-03-25 12:00:00,2065,3,25,NA,8.62288059558975,16.3944794630325
2065-03-26 12:00:00,2065,3,26,NA,3.61562888507912,18.6521498338469
2065-03-27 12:00:00,2065,3,27,NA,5.77500720557943,16.9895325192295
2065-03-28 12:00:00,2065,3,28,NA,8.41298024631244,15.2624396406016
2065-03-29 12:00:00,2065,3,29,NA,3.23284838982087,15.1517093088283
2065-03-30 12:00:00,2065,3,30,NA,1.10364395348144,19.4904617096653
2065-03-31 12:00:00,2065,3,31,NA,3.49131911220636,18.8251709081832
2065-04-01 12:00:00,2065,4,1,NA,7.36929131109293,25.1526544437739
2065-04-02 12:00:00,2065,4,2,NA,7.01433883849474,17.3263287865049
2065-04-03 12:00:00,2065,4,3,NA,6.0203094217862,19.1302623482771
2065-04-04 12:00:00,2065,4,4,NA,5.11105263778136,21.0643673319422
2065-04-05 12:00:00,2065,4,5,NA,9.0667459733274,16.4750061070024
2065-04-06 12:00:00,2065,4,6,NA,10.956035863434,19.4612182206655
2065-04-07 12:00:00,2065,4,7,NA,10.7874136107375,17.658884078453
2065-04-08 12:00:00,2065,4,8,NA,7.2036661173113,24.0974748330854
2065-04-09 12:00:00,2065,4,9,NA,9.68271406489431,24.868879575168
2065-04-10 12:00:00,2065,4,10,NA,10.9517091171383,29.1415578346634
2065-04-11 12:00:00,2065,4,11,NA,8.80407106732523,23.5414119137621
2065-04-12 12:00:00,2065,4,12,NA,5.60182046004944,21.9231465826593
2065-04-13 12:00:00,2065,4,13,NA,3.57215253573081,17.4328443611493
2065-04-14 12:00:00,2065,4,14,NA,5.95104126146324,12.0511611101178
2065-04-15 12:00:00,2065,4,15,NA,7.44777111849015,10.2824130815231
2065-04-16 12:00:00,2065,4,16,NA,4.42098466962449,18.9450425455606
2065-04-17 12:00:00,2065,4,17,NA,7.77983272227851,20.9608292568019
2065-04-18 12:00:00,2065,4,18,NA,8.49141846012186,21.6013713866127
2065-04-19 12:00:00,2065,4,19,NA,8.47228450405017,28.0415976130202
2065-04-20 12:00:00,2065,4,20,NA,12.7965582350765,21.2634999232358
2065-04-21 12:00:00,2065,4,21,NA,10.2558259890536,25.1355016060806
2065-04-22 12:00:00,2065,4,22,NA,7.26433762129731,17.8435131052195
2065-04-23 12:00:00,2065,4,23,NA,9.85157588845157,15.9516957371061
2065-04-24 12:00:00,2065,4,24,NA,6.50475257709627,14.8945564462266
2065-04-25 12:00:00,2065,4,25,NA,2.04538316603877,16.340068962202
2065-04-26 12:00:00,2065,4,26,NA,-0.486326750749604,15.4130040893168
2065-04-27 12:00:00,2065,4,27,NA,-1.17469917604512,15.5559500541165
2065-04-28 12:00:00,2065,4,28,NA,3.17471917061767,12.6337049058079
2065-04-29 12:00:00,2065,4,29,NA,3.0439757105628,16.8034874526453
2065-04-30 12:00:00,2065,4,30,NA,10.7445533561571,19.1870491439798
2065-05-01 12:00:00,2065,5,1,NA,12.4873352950562,20.867200105074
2065-05-02 12:00:00,2065,5,2,NA,10.817035976776,28.7409833368876
2065-05-03 12:00:00,2065,5,3,NA,13.5625414982311,25.1888513925404
2065-05-04 12:00:00,2065,5,4,NA,11.2662107475585,23.0637693601768
2065-05-05 12:00:00,2065,5,5,NA,8.43187062391451,27.0895991709462
2065-05-06 12:00:00,2065,5,6,NA,9.22042924509468,21.8725057357986
2065-05-07 12:00:00,2065,5,7,NA,10.7330435228104,23.5798588952827
2065-05-08 12:00:00,2065,5,8,NA,11.6829450719603,17.3101899552122
2065-05-09 12:00:00,2065,5,9,NA,8.72076649259882,17.5273494577935
2065-05-10 12:00:00,2065,5,10,NA,6.38829271483408,18.0613875882246
2065-05-11 12:00:00,2065,5,11,NA,7.50851640996449,17.2405683653033
2065-05-12 12:00:00,2065,5,12,NA,4.8887377810962,16.6172817482304
2065-05-13 12:00:00,2065,5,13,NA,3.7298834363062,18.603220721393
2065-05-14 12:00:00,2065,5,14,NA,9.21321423526066,20.866053008867
2065-05-15 12:00:00,2065,5,15,NA,13.6544887106127,17.5473008404977
2065-05-16 12:00:00,2065,5,16,NA,11.3753753014488,18.9717001960401
2065-05-17 12:00:00,2065,5,17,NA,13.1611895984944,22.247186108768
2065-05-18 12:00:00,2065,5,18,NA,16.3488003485741,25.2680939188423
2065-05-19 12:00:00,2065,5,19,NA,16.2162233962441,24.7571782229666
2065-05-20 12:00:00,2065,5,20,NA,15.9692043197147,31.7589080443251
2065-05-21 12:00:00,2065,5,21,NA,18.1832494204708,29.3823759735238
2065-05-22 12:00:00,2065,5,22,NA,13.8099879555123,24.5316460223444
2065-05-23 12:00:00,2065,5,23,NA,8.26941356606887,28.3970483661549
2065-05-24 12:00:00,2065,5,24,NA,18.0446201115723,23.9138636409717
2065-05-25 12:00:00,2065,5,25,NA,19.244664718882,24.1180569060174
2065-05-26 12:00:00,2065,5,26,NA,17.0976766694448,26.1836731797184
2065-05-27 12:00:00,2065,5,27,NA,16.1105200187996,21.9724021719317
2065-05-28 12:00:00,2065,5,28,NA,15.1803019433108,20.066128366132
2065-05-29 12:00:00,2065,5,29,NA,13.9389639087861,28.3725735504656
2065-05-30 12:00:00,2065,5,30,NA,9.94796647551586,21.2282632760393
2065-05-31 12:00:00,2065,5,31,NA,8.0857861898198,24.6488663816488
2065-06-01 12:00:00,2065,6,1,NA,7.79869137872965,23.8743636614274
2065-06-02 12:00:00,2065,6,2,NA,9.67162128386015,26.5058851088017
2065-06-03 12:00:00,2065,6,3,NA,12.1049697996515,24.4262787461741
2065-06-04 12:00:00,2065,6,4,NA,13.9396502769251,22.1660712504864
2065-06-05 12:00:00,2065,6,5,NA,9.21293506008323,26.6939097835801
2065-06-06 12:00:00,2065,6,6,NA,9.2404353786464,24.7309495577325
2065-06-07 12:00:00,2065,6,7,NA,12.4321549273589,20.6716864530728
2065-06-08 12:00:00,2065,6,8,NA,7.26544260856785,24.1593518077121
2065-06-09 12:00:00,2065,6,9,NA,14.9362877379762,22.6766409035845
2065-06-10 12:00:00,2065,6,10,NA,13.334745796025,22.1618399058187
2065-06-11 12:00:00,2065,6,11,NA,9.89115001720335,24.3553729308008
2065-06-12 12:00:00,2065,6,12,NA,12.8766204204691,27.898675317332
2065-06-13 12:00:00,2065,6,13,NA,9.64764336087174,24.9574153862484
2065-06-14 12:00:00,2065,6,14,NA,5.73510726595907,24.3212267723725
2065-06-15 12:00:00,2065,6,15,NA,10.3469018404376,19.6328422103473
2065-06-16 12:00:00,2065,6,16,NA,12.5854072126689,19.8113658849284
2065-06-17 12:00:00,2065,6,17,NA,11.6660597619242,24.3215108428847
2065-06-18 12:00:00,2065,6,18,NA,14.1969494720401,19.3627374678626
2065-06-19 12:00:00,2065,6,19,NA,11.5403297610307,22.8564500084077
2065-06-20 12:00:00,2065,6,20,NA,10.8079634968679,24.1487110861088
2065-06-21 12:00:00,2065,6,21,NA,13.5355899897219,24.7941367659677
2065-06-22 12:00:00,2065,6,22,NA,12.6266455393524,21.8691973895394
2065-06-23 12:00:00,2065,6,23,NA,9.98090170020972,21.2207819292123
2065-06-24 12:00:00,2065,6,24,NA,11.8203558419125,17.8784507414062
2065-06-25 12:00:00,2065,6,25,NA,10.2024492019588,19.7278471207427
2065-06-26 12:00:00,2065,6,26,NA,9.31165223026002,20.6667135407529
2065-06-27 12:00:00,2065,6,27,NA,12.4454048648681,19.0570886013134
2065-06-28 12:00:00,2065,6,28,NA,7.56979870606501,23.0471947261436
2065-06-29 12:00:00,2065,6,29,NA,11.7939403310568,22.2260987690852
2065-06-30 12:00:00,2065,6,30,NA,11.9797078468369,23.6183797041612
2065-07-01 12:00:00,2065,7,1,NA,15.4256243309232,25.7057993452328
2065-07-02 12:00:00,2065,7,2,NA,16.8441047724904,25.108964608597
2065-07-03 12:00:00,2065,7,3,NA,15.323683567671,26.8181849569367
2065-07-04 12:00:00,2065,7,4,NA,17.6567729199734,24.38835481077
2065-07-05 12:00:00,2065,7,5,NA,18.6422804771264,23.4375789803878
2065-07-06 12:00:00,2065,7,6,NA,17.1659797653474,27.7864283536401
2065-07-07 12:00:00,2065,7,7,NA,17.3956963344512,25.0197972688494
2065-07-08 12:00:00,2065,7,8,NA,16.0558450520832,24.1590146628182
2065-07-09 12:00:00,2065,7,9,NA,18.982427961172,27.7859523209041
2065-07-10 12:00:00,2065,7,10,NA,21.2294205220999,25.9675116243223
2065-07-11 12:00:00,2065,7,11,NA,18.4160709760494,25.147652866846
2065-07-12 12:00:00,2065,7,12,NA,20.499085125634,30.0466978386698
2065-07-13 12:00:00,2065,7,13,NA,18.0358842783455,26.7604188362557
2065-07-14 12:00:00,2065,7,14,NA,19.2020393833118,27.8368871820749
2065-07-15 12:00:00,2065,7,15,NA,15.8103346688964,29.7918967582358
2065-07-16 12:00:00,2065,7,16,NA,16.5414469804399,32.2203630311569
2065-07-17 12:00:00,2065,7,17,NA,10.9096214132986,29.0054183502369
2065-07-18 12:00:00,2065,7,18,NA,18.1959644850275,29.1884936497163
2065-07-19 12:00:00,2065,7,19,NA,17.0781070078039,27.1212703849977
2065-07-20 12:00:00,2065,7,20,NA,15.3071607876857,25.354302322428
2065-07-21 12:00:00,2065,7,21,NA,14.1045794436278,22.0647916922731
2065-07-22 12:00:00,2065,7,22,NA,13.955849429384,25.4503508186498
2065-07-23 12:00:00,2065,7,23,NA,10.3485586405285,29.6170470188355
2065-07-24 12:00:00,2065,7,24,NA,16.4349432005543,33.1494055626046
2065-07-25 12:00:00,2065,7,25,NA,19.0757606478911,31.4384586629494
2065-07-26 12:00:00,2065,7,26,NA,18.2647322305183,28.7437642806385
2065-07-27 12:00:00,2065,7,27,NA,14.8701349805143,26.1336921717866
2065-07-28 12:00:00,2065,7,28,NA,15.4626864598307,27.9341819966283
2065-07-29 12:00:00,2065,7,29,NA,20.4222443482531,28.8223671730053
2065-07-30 12:00:00,2065,7,30,NA,16.0533180906548,24.7310774686792
2065-07-31 12:00:00,2065,7,31,NA,15.388963815962,29.5744210812981
2065-08-01 12:00:00,2065,8,1,NA,15.8569009901326,31.5297001457411
2065-08-02 12:00:00,2065,8,2,NA,16.0215477552692,26.641657602208
2065-08-03 12:00:00,2065,8,3,NA,16.202892057756,30.701600315346
2065-08-04 12:00:00,2065,8,4,NA,17.7009419986061,29.736032225443
2065-08-05 12:00:00,2065,8,5,NA,16.8145728463704,24.4871539797767
2065-08-06 12:00:00,2065,8,6,NA,16.2624770844564,26.1708976929012
2065-08-07 12:00:00,2065,8,7,NA,19.9704195387506,26.1906640925045
2065-08-08 12:00:00,2065,8,8,NA,18.2417750212824,25.4305890964449
2065-08-09 12:00:00,2065,8,9,NA,19.1503854847782,32.3655022646273
2065-08-10 12:00:00,2065,8,10,NA,17.4889390570823,28.0328240828626
2065-08-11 12:00:00,2065,8,11,NA,10.2529000216805,26.0314194812731
2065-08-12 12:00:00,2065,8,12,NA,14.1702586783372,27.9224155772841
2065-08-13 12:00:00,2065,8,13,NA,17.8206509010947,29.2660485322403
2065-08-14 12:00:00,2065,8,14,NA,17.8028566883721,24.0231012421261
2065-08-15 12:00:00,2065,8,15,NA,20.4888734288742,27.6713006248593
2065-08-16 12:00:00,2065,8,16,NA,14.7834957672362,23.8662136305091
2065-08-17 12:00:00,2065,8,17,NA,12.8358374047809,23.0850851905658
2065-08-18 12:00:00,2065,8,18,NA,14.8912725963538,20.5324273451841
2065-08-19 12:00:00,2065,8,19,NA,14.2197829516212,19.6058283307415
2065-08-20 12:00:00,2065,8,20,NA,6.75932799217161,22.3156061398834
2065-08-21 12:00:00,2065,8,21,NA,13.0982212276493,23.001099689617
2065-08-22 12:00:00,2065,8,22,NA,10.2357212362875,22.4499561750938
2065-08-23 12:00:00,2065,8,23,NA,11.4884740606508,24.1232888770826
2065-08-24 12:00:00,2065,8,24,NA,9.45460385451177,21.1292923471987
2065-08-25 12:00:00,2065,8,25,NA,13.0819726999306,23.9209958626724
2065-08-26 12:00:00,2065,8,26,NA,12.7362253120825,19.0647087495257
2065-08-27 12:00:00,2065,8,27,NA,12.7944767708207,20.9127006098291
2065-08-28 12:00:00,2065,8,28,NA,12.3070747142869,24.6414293298982
2065-08-29 12:00:00,2065,8,29,NA,16.1319558651175,23.4088924187312
2065-08-30 12:00:00,2065,8,30,NA,16.3033685235285,23.7086439201335
2065-08-31 12:00:00,2065,8,31,NA,18.4293706250858,28.7363945721258
2065-09-01 12:00:00,2065,9,1,NA,18.6352233888909,28.5381018508586
2065-09-02 12:00:00,2065,9,2,NA,15.2666693335534,30.7398570860611
2065-09-03 12:00:00,2065,9,3,NA,19.274275020496,33.1191663207753
2065-09-04 12:00:00,2065,9,4,NA,15.0798940788321,26.6470826405116
2065-09-05 12:00:00,2065,9,5,NA,9.15402047744857,22.5223666877236
2065-09-06 12:00:00,2065,9,6,NA,10.8242338707415,20.1616746968355
2065-09-07 12:00:00,2065,9,7,NA,9.98163299097869,23.1963206689653
2065-09-08 12:00:00,2065,9,8,NA,14.2737217484011,21.7032728828257
2065-09-09 12:00:00,2065,9,9,NA,11.3384216857146,23.343255192058
2065-09-10 12:00:00,2065,9,10,NA,14.1591787370228,22.3803824340214
2065-09-11 12:00:00,2065,9,11,NA,12.925126625692,20.9256267650965
2065-09-12 12:00:00,2065,9,12,NA,10.1589663976265,20.1747234590149
2065-09-13 12:00:00,2065,9,13,NA,12.3949934613272,17.0765439058273
2065-09-14 12:00:00,2065,9,14,NA,14.6211074902508,17.4966553067619
2065-09-15 12:00:00,2065,9,15,NA,13.2495816730187,16.8373669739303
2065-09-16 12:00:00,2065,9,16,NA,11.4804512980748,19.8379335663481
2065-09-17 12:00:00,2065,9,17,NA,13.6122153441845,19.4028543069719
2065-09-18 12:00:00,2065,9,18,NA,13.5901208071198,19.2377602580616
2065-09-19 12:00:00,2065,9,19,NA,16.2336773989482,19.6020317864538
2065-09-20 12:00:00,2065,9,20,NA,16.5214158976295,18.7662008179166
2065-09-21 12:00:00,2065,9,21,NA,14.4298632561581,18.331846109802
2065-09-22 12:00:00,2065,9,22,NA,13.5327558616285,19.3926140488224
2065-09-23 12:00:00,2065,9,23,NA,12.1330681306732,15.8766152494437
2065-09-24 12:00:00,2065,9,24,NA,12.2861822630666,15.8779413314634
2065-09-25 12:00:00,2065,9,25,NA,11.2141378890115,15.8956883335116
2065-09-26 12:00:00,2065,9,26,NA,12.1382268101025,16.1865626834178
2065-09-27 12:00:00,2065,9,27,NA,13.2827797470679,17.6064215726451
2065-09-28 12:00:00,2065,9,28,NA,10.5110555372432,16.6032796953066
2065-09-29 12:00:00,2065,9,29,NA,8.82674547670959,18.7918707819217
2065-09-30 12:00:00,2065,9,30,NA,5.36739779052565,23.0317506089008
2065-10-01 12:00:00,2065,10,1,NA,7.6128142497164,20.4612800952306
2065-10-02 12:00:00,2065,10,2,NA,15.7383994227699,24.8009424610453
2065-10-03 12:00:00,2065,10,3,NA,15.0452812173708,20.3995528325406
2065-10-04 12:00:00,2065,10,4,NA,18.2302941691095,25.9914283473113
2065-10-05 12:00:00,2065,10,5,NA,16.724254468483,22.2230322742895
2065-10-06 12:00:00,2065,10,6,NA,15.4471502113517,25.175570422732
2065-10-07 12:00:00,2065,10,7,NA,12.9211742306638,30.5418031234696
2065-10-08 12:00:00,2065,10,8,NA,15.3884677171891,30.9269640005221
2065-10-09 12:00:00,2065,10,9,NA,15.2852381030456,27.1731918080135
2065-10-10 12:00:00,2065,10,10,NA,7.24581784559648,20.0620738840155
2065-10-11 12:00:00,2065,10,11,NA,11.5238114133204,16.9530709301431
2065-10-12 12:00:00,2065,10,12,NA,6.17001681904621,17.7424361402883
2065-10-13 12:00:00,2065,10,13,NA,8.64739482040659,19.6212271282777
2065-10-14 12:00:00,2065,10,14,NA,9.54775500509542,18.2368403255938
2065-10-15 12:00:00,2065,10,15,NA,11.4795178875417,16.8909563555715
2065-10-16 12:00:00,2065,10,16,NA,9.24285274344361,19.313494778572
2065-10-17 12:00:00,2065,10,17,NA,12.3512744712619,24.2608908093791
2065-10-18 12:00:00,2065,10,18,NA,14.9926314006468,18.2772912228831
2065-10-19 12:00:00,2065,10,19,NA,12.2059826061175,15.6166124997961
2065-10-20 12:00:00,2065,10,20,NA,10.3193147179177,15.6389830608313
2065-10-21 12:00:00,2065,10,21,NA,5.84322268832993,15.4541320219928
2065-10-22 12:00:00,2065,10,22,NA,5.98575526508746,12.3778816593192
2065-10-23 12:00:00,2065,10,23,NA,6.80884731954233,14.1953290048018
2065-10-24 12:00:00,2065,10,24,NA,8.31613023167192,16.0772644098738
2065-10-25 12:00:00,2065,10,25,NA,6.72519763002029,15.974619823714
2065-10-26 12:00:00,2065,10,26,NA,7.49818245521612,12.8987369426839
2065-10-27 12:00:00,2065,10,27,NA,4.49776993980451,14.9048526913667
2065-10-28 12:00:00,2065,10,28,NA,2.6289396712422,12.422346755884
2065-10-29 12:00:00,2065,10,29,NA,-0.0605937808886718,13.9422005148335
2065-10-30 12:00:00,2065,10,30,NA,3.46475262355606,14.3100408553603
2065-10-31 12:00:00,2065,10,31,NA,6.21746973306162,14.90655505356
2065-11-01 12:00:00,2065,11,1,NA,6.683185679104,12.8927099212933
2065-11-02 12:00:00,2065,11,2,NA,7.92005954730378,11.1411680789499
2065-11-03 12:00:00,2065,11,3,NA,9.53991500419772,11.4930872357355
2065-11-04 12:00:00,2065,11,4,NA,6.52158089085517,10.397441872384
2065-11-05 12:00:00,2065,11,5,NA,2.03880684670527,3.99254273631556
2065-11-06 12:00:00,2065,11,6,NA,-3.81663705034478,1.13294972651956
2065-11-07 12:00:00,2065,11,7,NA,1.4869991137987,4.31032679464536
2065-11-08 12:00:00,2065,11,8,NA,0.534089397336564,1.68502650165706
2065-11-09 12:00:00,2065,11,9,NA,-1.36110063885669,4.22254837629975
2065-11-10 12:00:00,2065,11,10,NA,-1.42011551124849,3.25172742646489
2065-11-11 12:00:00,2065,11,11,NA,2.60597414941816,8.23940266933587
2065-11-12 12:00:00,2065,11,12,NA,3.67424111237535,7.40031829556817
2065-11-13 12:00:00,2065,11,13,NA,-0.0830656172865463,5.66280059536302
2065-11-14 12:00:00,2065,11,14,NA,1.0391704892031,9.46212862318769
2065-11-15 12:00:00,2065,11,15,NA,4.84532705976495,7.65565320904011
2065-11-16 12:00:00,2065,11,16,NA,4.5062083968471,8.26172304643914
2065-11-17 12:00:00,2065,11,17,NA,0.200070070022771,5.82856544279027
2065-11-18 12:00:00,2065,11,18,NA,-3.40779226080914,7.86382931780313
2065-11-19 12:00:00,2065,11,19,NA,-0.458678753487929,9.85470549654099
2065-11-20 12:00:00,2065,11,20,NA,7.34077186332992,13.9259841928625
2065-11-21 12:00:00,2065,11,21,NA,7.57665527948066,15.2994055415352
2065-11-22 12:00:00,2065,11,22,NA,6.34324773134078,15.869442311954
2065-11-23 12:00:00,2065,11,23,NA,6.73458009605445,16.4539615378985
2065-11-24 12:00:00,2065,11,24,NA,4.5454432559719,13.4454343144276
2065-11-25 12:00:00,2065,11,25,NA,3.26895881563482,9.82137602980689
2065-11-26 12:00:00,2065,11,26,NA,6.83910289488844,11.7886896717528
2065-11-27 12:00:00,2065,11,27,NA,8.58287445255568,18.3088465877595
2065-11-28 12:00:00,2065,11,28,NA,7.14922004931132,16.4515623156773
2065-11-29 12:00:00,2065,11,29,NA,8.17755507773831,14.7299722919104
2065-11-30 12:00:00,2065,11,30,NA,4.61861298055546,9.65308766850282
2065-12-01 12:00:00,2065,12,1,NA,4.82867341583489,6.7008430066093
2065-12-02 12:00:00,2065,12,2,NA,-0.0626398111524709,7.4502249090868
2065-12-03 12:00:00,2065,12,3,NA,-1.7507498153832,4.46949254893213
2065-12-04 12:00:00,2065,12,4,NA,1.20330026577565,5.37741026969224
2065-12-05 12:00:00,2065,12,5,NA,-15.075939278781,-2.49512322655678
2065-12-06 12:00:00,2065,12,6,NA,-4.80221125151852,2.05048486827798
2065-12-07 12:00:00,2065,12,7,NA,-0.797619059885201,6.95095818526296
2065-12-08 12:00:00,2065,12,8,NA,-1.09662683074093,5.69889242724439
2065-12-09 12:00:00,2065,12,9,NA,-4.8394317389313,4.20281565514416
2065-12-10 12:00:00,2065,12,10,NA,-1.4593026205233,5.78875036835816
2065-12-11 12:00:00,2065,12,11,NA,1.64726113356326,7.23758719667054
2065-12-12 12:00:00,2065,12,12,NA,4.04157026935158,10.1159716098929
2065-12-13 12:00:00,2065,12,13,NA,2.13060757049318,8.00235103594247
2065-12-14 12:00:00,2065,12,14,NA,-1.64817550187842,5.35613900714113
2065-12-15 12:00:00,2065,12,15,NA,0.923572614904026,4.88568040276456
2065-12-16 12:00:00,2065,12,16,NA,-1.76554260769671,2.84474085859904
2065-12-17 12:00:00,2065,12,17,NA,-1.61500836117674,3.14114484374613
2065-12-18 12:00:00,2065,12,18,NA,3.50337360431886,11.1717075149049
2065-12-19 12:00:00,2065,12,19,NA,6.87854943164961,14.5975216552984
2065-12-20 12:00:00,2065,12,20,NA,3.10030811479786,9.11573139868371
2065-12-21 12:00:00,2065,12,21,NA,1.75021267487381,4.80637884763573
2065-12-22 12:00:00,2065,12,22,NA,-1.28739935882843,3.63543175321341
2065-12-23 12:00:00,2065,12,23,NA,-5.75637763894365,-1.89654751207088
2065-12-24 12:00:00,2065,12,24,NA,-4.23612658472541,-3.01244518980826
2065-12-25 12:00:00,2065,12,25,NA,-6.23039040631366,-0.214967122427809
2065-12-26 12:00:00,2065,12,26,NA,-1.73824180203849,6.90334848982608
2065-12-27 12:00:00,2065,12,27,NA,4.63673943177904,9.42846499097874
2065-12-28 12:00:00,2065,12,28,NA,6.5206742026034,12.5379620932434
2065-12-29 12:00:00,2065,12,29,NA,5.41075837880018,13.9659517281325
2065-12-30 12:00:00,2065,12,30,NA,9.68639862722204,16.5390947470185
2065-12-31 12:00:00,2065,12,31,NA,7.98103293808977,14.0599955947653
2066-01-01 12:00:00,2066,1,1,NA,9.7731033220537,15.8880960469956
2066-01-02 12:00:00,2066,1,2,NA,8.00034954184522,15.1273583025368
2066-01-03 12:00:00,2066,1,3,NA,7.43448650106697,13.1011844146684
2066-01-04 12:00:00,2066,1,4,NA,3.59889228291232,10.8025492774099
2066-01-05 12:00:00,2066,1,5,NA,7.98566055025263,17.5980859793677
2066-01-06 12:00:00,2066,1,6,NA,5.3458389800002,14.8843717107284
2066-01-07 12:00:00,2066,1,7,NA,8.68781715848723,13.4582178567816
2066-01-08 12:00:00,2066,1,8,NA,9.08482950253617,16.1641915909818
2066-01-09 12:00:00,2066,1,9,NA,8.06439719697665,18.8181741146803
2066-01-10 12:00:00,2066,1,10,NA,9.63253970656275,16.8482678583994
2066-01-11 12:00:00,2066,1,11,NA,8.23612035531859,12.111635487489
2066-01-12 12:00:00,2066,1,12,NA,6.10549883151181,10.273131203713
2066-01-13 12:00:00,2066,1,13,NA,4.18868506224666,10.7351928153317
2066-01-14 12:00:00,2066,1,14,NA,3.05163776899381,12.590170499722
2066-01-15 12:00:00,2066,1,15,NA,7.40776900404638,13.9141739601413
2066-01-16 12:00:00,2066,1,16,NA,6.07262812812171,14.0638967706651
2066-01-17 12:00:00,2066,1,17,NA,2.90277447525517,10.8917608417282
2066-01-18 12:00:00,2066,1,18,NA,4.67159076569531,9.09063459930121
2066-01-19 12:00:00,2066,1,19,NA,-1.49683885308289,3.57760619484885
2066-01-20 12:00:00,2066,1,20,NA,4.35964758026947,10.6983469225074
2066-01-21 12:00:00,2066,1,21,NA,5.62184920052699,10.4348038741216
2066-01-22 12:00:00,2066,1,22,NA,6.75427293440107,14.0339301115263
2066-01-23 12:00:00,2066,1,23,NA,2.3057306457713,11.1172643350292
2066-01-24 12:00:00,2066,1,24,NA,2.83778719317616,9.86938979364911
2066-01-25 12:00:00,2066,1,25,NA,6.50813748100339,13.8570736800056
2066-01-26 12:00:00,2066,1,26,NA,4.42905515214153,9.62020936588359
2066-01-27 12:00:00,2066,1,27,NA,2.28196761723469,7.69018407567856
2066-01-28 12:00:00,2066,1,28,NA,4.03934134100519,8.75795089837947
2066-01-29 12:00:00,2066,1,29,NA,-1.42544205923589,6.5444285091195
2066-01-30 12:00:00,2066,1,30,NA,2.16248623093613,10.0615936425459
2066-01-31 12:00:00,2066,1,31,NA,5.70321979619338,12.439958030642
2066-02-01 12:00:00,2066,2,1,NA,5.39146686643661,10.3493674523201
2066-02-02 12:00:00,2066,2,2,NA,6.6163405520058,11.1676456713558
2066-02-03 12:00:00,2066,2,3,NA,6.68663102942064,10.8274369608086
2066-02-04 12:00:00,2066,2,4,NA,5.50513867266653,8.81567299260188
2066-02-05 12:00:00,2066,2,5,NA,3.9977566813568,7.59331877337335
2066-02-06 12:00:00,2066,2,6,NA,3.43411508605192,9.88435799028014
2066-02-07 12:00:00,2066,2,7,NA,2.67518225638414,6.72507375284234
2066-02-08 12:00:00,2066,2,8,NA,1.71638245558046,4.97648507974114
2066-02-09 12:00:00,2066,2,9,NA,4.96320145159168,11.4901498889852
2066-02-10 12:00:00,2066,2,10,NA,7.51258740672574,14.1198675238518
2066-02-11 12:00:00,2066,2,11,NA,8.68918006460303,15.9354788248858
2066-02-12 12:00:00,2066,2,12,NA,6.50022151755892,14.6213475262338
2066-02-13 12:00:00,2066,2,13,NA,6.99239661749704,16.5101064223552
2066-02-14 12:00:00,2066,2,14,NA,7.51500525379297,10.8829726122964
2066-02-15 12:00:00,2066,2,15,NA,5.7862841557483,13.8389355889941
2066-02-16 12:00:00,2066,2,16,NA,3.01516034573303,11.1525710928682
2066-02-17 12:00:00,2066,2,17,NA,5.36807246400397,8.24435290231309
2066-02-18 12:00:00,2066,2,18,NA,3.9835585075811,8.81247084275722
2066-02-19 12:00:00,2066,2,19,NA,8.07567739970558,11.827354738681
2066-02-20 12:00:00,2066,2,20,NA,5.77029720153285,13.3546110598601
2066-02-21 12:00:00,2066,2,21,NA,6.7268304289214,10.8309385481518
2066-02-22 12:00:00,2066,2,22,NA,8.258708657532,11.9760146643293
2066-02-23 12:00:00,2066,2,23,NA,8.11881065719301,12.9917319261654
2066-02-24 12:00:00,2066,2,24,NA,4.89313556414245,12.2416344721153
2066-02-25 12:00:00,2066,2,25,NA,8.84796163414248,16.9039092152165
2066-02-26 12:00:00,2066,2,26,NA,6.59391730179176,13.2737686872082
2066-02-27 12:00:00,2066,2,27,NA,4.42591815403973,10.4045542878286
2066-02-28 12:00:00,2066,2,28,NA,6.94378490037065,12.9224210341596
2066-03-01 12:00:00,2066,3,1,NA,7.63765352761904,11.0519380860412
2066-03-02 12:00:00,2066,3,2,NA,5.6645908970092,10.4958282117769
2066-03-03 12:00:00,2066,3,3,NA,0.755012931500663,13.6766775734209
2066-03-04 12:00:00,2066,3,4,NA,5.30927472630868,11.2287143637728
2066-03-05 12:00:00,2066,3,5,NA,2.44240368894612,13.1468892687832
2066-03-06 12:00:00,2066,3,6,NA,1.57576227605934,12.6746761651347
2066-03-07 12:00:00,2066,3,7,NA,3.59392535310768,11.4129461146739
2066-03-08 12:00:00,2066,3,8,NA,1.4320017195504,7.09286755951988
2066-03-09 12:00:00,2066,3,9,NA,-3.58265169465824,5.18884938852209
2066-03-10 12:00:00,2066,3,10,NA,-6.46010605840595,4.54364239865457
2066-03-11 12:00:00,2066,3,11,NA,-6.37035825183364,6.88875195863007
2066-03-12 12:00:00,2066,3,12,NA,-3.54154420802695,9.19258001703706
2066-03-13 12:00:00,2066,3,13,NA,-2.14489887291855,10.280376514452
2066-03-14 12:00:00,2066,3,14,NA,-1.36025107357328,15.8473540636822
2066-03-15 12:00:00,2066,3,15,NA,-0.207028810140411,14.0330557753656
2066-03-16 12:00:00,2066,3,16,NA,-0.22271302941897,9.61251244933771
2066-03-17 12:00:00,2066,3,17,NA,1.26699127690335,12.9145466914555
2066-03-18 12:00:00,2066,3,18,NA,-1.60783679001639,15.4648484086565
2066-03-19 12:00:00,2066,3,19,NA,-4.15612302256718,11.8273010387046
2066-03-20 12:00:00,2066,3,20,NA,2.91825254719553,8.52870120693787
2066-03-21 12:00:00,2066,3,21,NA,2.8204542956957,10.0747252379386
2066-03-22 12:00:00,2066,3,22,NA,5.38628198564238,12.6510368216
2066-03-23 12:00:00,2066,3,23,NA,1.07212494859599,10.2411276486485
2066-03-24 12:00:00,2066,3,24,NA,0.410409064190978,14.9667268326309
2066-03-25 12:00:00,2066,3,25,NA,3.54677944859245,14.9673872056665
2066-03-26 12:00:00,2066,3,26,NA,3.95298463926641,15.3905885285344
2066-03-27 12:00:00,2066,3,27,NA,1.06290916470826,20.6207593410152
2066-03-28 12:00:00,2066,3,28,NA,1.14900920026196,22.85034315969
2066-03-29 12:00:00,2066,3,29,NA,7.45939301980017,23.0122576910299
2066-03-30 12:00:00,2066,3,30,NA,9.63711749426002,16.9163214828406
2066-03-31 12:00:00,2066,3,31,NA,7.32546238430813,13.9449547524107
2066-04-01 12:00:00,2066,4,1,NA,7.71333561357592,15.4258215252822
2066-04-02 12:00:00,2066,4,2,NA,5.93215880786787,9.63583639157704
2066-04-03 12:00:00,2066,4,3,NA,10.4490213668755,16.5302249833367
2066-04-04 12:00:00,2066,4,4,NA,10.1522402056771,16.201712746759
2066-04-05 12:00:00,2066,4,5,NA,9.34753967943512,17.7373435485654
2066-04-06 12:00:00,2066,4,6,NA,6.14620629363798,23.0669274356589
2066-04-07 12:00:00,2066,4,7,NA,9.43138629231656,18.6969976392736
2066-04-08 12:00:00,2066,4,8,NA,9.0192227270542,16.4250347887226
2066-04-09 12:00:00,2066,4,9,NA,7.63896230685266,18.5316394370863
2066-04-10 12:00:00,2066,4,10,NA,7.6326654418097,13.7039807279608
2066-04-11 12:00:00,2066,4,11,NA,9.09155886462617,15.2464835938233
2066-04-12 12:00:00,2066,4,12,NA,6.59661681868898,21.7337070339483
2066-04-13 12:00:00,2066,4,13,NA,3.48263054623493,18.9849189751143
2066-04-14 12:00:00,2066,4,14,NA,11.9314721199223,25.4753032811272
2066-04-15 12:00:00,2066,4,15,NA,9.04129740599365,22.7254453113015
2066-04-16 12:00:00,2066,4,16,NA,8.36288999751316,21.7455760777131
2066-04-17 12:00:00,2066,4,17,NA,12.3322272633482,19.744151436586
2066-04-18 12:00:00,2066,4,18,NA,9.13851444782894,17.6054561359883
2066-04-19 12:00:00,2066,4,19,NA,9.99417069608768,22.70040804421
2066-04-20 12:00:00,2066,4,20,NA,11.7482535871695,19.1565137208445
2066-04-21 12:00:00,2066,4,21,NA,17.7507246677134,25.9159383160963
2066-04-22 12:00:00,2066,4,22,NA,14.3021957999219,24.3194143060502
2066-04-23 12:00:00,2066,4,23,NA,10.1001427244049,17.3646829186909
2066-04-24 12:00:00,2066,4,24,NA,10.1517527879945,14.7391811527841
2066-04-25 12:00:00,2066,4,25,NA,8.02232946734049,13.3131874287785
2066-04-26 12:00:00,2066,4,26,NA,8.36757879760333,14.2176108527961
2066-04-27 12:00:00,2066,4,27,NA,6.36447036298918,26.2038993439503
2066-04-28 12:00:00,2066,4,28,NA,7.16810913430164,25.9041399935443
2066-04-29 12:00:00,2066,4,29,NA,10.9139934908837,25.6715262468683
2066-04-30 12:00:00,2066,4,30,NA,13.4327756160576,23.8630873617776
2066-05-01 12:00:00,2066,5,1,NA,12.9319544130795,20.3197570980999
2066-05-02 12:00:00,2066,5,2,NA,11.0275237613998,15.243948766214
2066-05-03 12:00:00,2066,5,3,NA,12.944950210538,19.8555776957995
2066-05-04 12:00:00,2066,5,4,NA,13.9985501688035,20.9295967594126
2066-05-05 12:00:00,2066,5,5,NA,13.568476194327,23.2559613639613
2066-05-06 12:00:00,2066,5,6,NA,10.5866464924502,22.4499199626212
2066-05-07 12:00:00,2066,5,7,NA,10.4991381717801,20.2943467170476
2066-05-08 12:00:00,2066,5,8,NA,11.3239587668304,18.7010279460803
2066-05-09 12:00:00,2066,5,9,NA,9.76635055847193,19.4984025138108
2066-05-10 12:00:00,2066,5,10,NA,11.8184776500067,22.7337856928886
2066-05-11 12:00:00,2066,5,11,NA,7.39448875598793,21.1347187456105
2066-05-12 12:00:00,2066,5,12,NA,6.39350237166005,20.0839376591964
2066-05-13 12:00:00,2066,5,13,NA,9.20430301906545,18.6562503368341
2066-05-14 12:00:00,2066,5,14,NA,9.7025761447114,13.581845483475
2066-05-15 12:00:00,2066,5,15,NA,6.58831510543736,14.3626128395055
2066-05-16 12:00:00,2066,5,16,NA,4.55675892444039,17.3355501104966
2066-05-17 12:00:00,2066,5,17,NA,5.04574284156944,13.9650364118377
2066-05-18 12:00:00,2066,5,18,NA,6.88054542897837,18.5145730715077
2066-05-19 12:00:00,2066,5,19,NA,6.20262266521986,19.0530546618985
2066-05-20 12:00:00,2066,5,20,NA,6.26985153224736,18.3109582683581
2066-05-21 12:00:00,2066,5,21,NA,8.12532465698233,17.8573766123212
2066-05-22 12:00:00,2066,5,22,NA,6.37010795929191,20.2164052657513
2066-05-23 12:00:00,2066,5,23,NA,3.51765990187323,22.1175280100083
2066-05-24 12:00:00,2066,5,24,NA,4.82411384819276,22.5815978502542
2066-05-25 12:00:00,2066,5,25,NA,10.9786233611273,22.7396466235699
2066-05-26 12:00:00,2066,5,26,NA,9.56611645585581,17.3969182970011
2066-05-27 12:00:00,2066,5,27,NA,6.64876522153866,22.2260225275097
2066-05-28 12:00:00,2066,5,28,NA,5.10610431670922,24.2914892753395
2066-05-29 12:00:00,2066,5,29,NA,9.6602214690604,27.1782215149452
2066-05-30 12:00:00,2066,5,30,NA,9.4135662595299,20.1877356129509
2066-05-31 12:00:00,2066,5,31,NA,14.0877582454502,24.7971941646661
2066-06-01 12:00:00,2066,6,1,NA,12.0225218866406,19.8533237277859
2066-06-02 12:00:00,2066,6,2,NA,12.4175109114681,28.2072146360785
2066-06-03 12:00:00,2066,6,3,NA,13.4704110457226,29.0727664346129
2066-06-04 12:00:00,2066,6,4,NA,14.1176395660152,18.2262350703884
2066-06-05 12:00:00,2066,6,5,NA,8.59597358157512,24.434707874786
2066-06-06 12:00:00,2066,6,6,NA,8.80679607521947,23.2976918062173
2066-06-07 12:00:00,2066,6,7,NA,9.67180078587326,25.6343071423107
2066-06-08 12:00:00,2066,6,8,NA,13.362783216719,26.782698879265
2066-06-09 12:00:00,2066,6,9,NA,14.1804062866762,28.1891760594031
2066-06-10 12:00:00,2066,6,10,NA,16.0302824416873,33.5622149174678
2066-06-11 12:00:00,2066,6,11,NA,17.9560765256705,33.4052765691205
2066-06-12 12:00:00,2066,6,12,NA,15.5612461797105,26.8197929559562
2066-06-13 12:00:00,2066,6,13,NA,11.9717306887859,25.9195219685656
2066-06-14 12:00:00,2066,6,14,NA,12.2635511690819,23.5794145470157
2066-06-15 12:00:00,2066,6,15,NA,15.103222381747,25.2525186903705
2066-06-16 12:00:00,2066,6,16,NA,10.6909733981135,29.2847733843152
2066-06-17 12:00:00,2066,6,17,NA,13.7662124619935,25.0649633354262
2066-06-18 12:00:00,2066,6,18,NA,8.27867030920345,23.7691844882895
2066-06-19 12:00:00,2066,6,19,NA,11.8266279201839,27.3040239402625
2066-06-20 12:00:00,2066,6,20,NA,18.5921746272348,30.6331762623056
2066-06-21 12:00:00,2066,6,21,NA,17.6695291291183,29.0332730497751
2066-06-22 12:00:00,2066,6,22,NA,15.8876859254255,28.7354205777372
2066-06-23 12:00:00,2066,6,23,NA,15.4572743935114,33.7771477450119
2066-06-24 12:00:00,2066,6,24,NA,15.2989094032202,31.7052797848038
2066-06-25 12:00:00,2066,6,25,NA,13.3903498182939,30.7448785995616
2066-06-26 12:00:00,2066,6,26,NA,12.4179624306326,29.949409700468
2066-06-27 12:00:00,2066,6,27,NA,12.213765173615,26.6279479345845
2066-06-28 12:00:00,2066,6,28,NA,9.54881998314782,24.3990997625468
2066-06-29 12:00:00,2066,6,29,NA,8.10802777569692,24.9107978154194
2066-06-30 12:00:00,2066,6,30,NA,10.5950867531506,31.3768723815144
2066-07-01 12:00:00,2066,7,1,NA,14.3009370639682,25.6363015430384
2066-07-02 12:00:00,2066,7,2,NA,15.0201072501958,21.4492158284782
2066-07-03 12:00:00,2066,7,3,NA,9.46288193954149,22.4829081904889
2066-07-04 12:00:00,2066,7,4,NA,7.53033805613667,21.8092132239001
2066-07-05 12:00:00,2066,7,5,NA,7.31057994790705,21.1368590363606
2066-07-06 12:00:00,2066,7,6,NA,5.81347168449077,22.4113369617494
2066-07-07 12:00:00,2066,7,7,NA,4.23722481070324,24.1394599427836
2066-07-08 12:00:00,2066,7,8,NA,6.45346361943465,24.0860066550382
2066-07-09 12:00:00,2066,7,9,NA,7.08344938256169,24.3866861275198
2066-07-10 12:00:00,2066,7,10,NA,17.115824656994,24.3145707126191
2066-07-11 12:00:00,2066,7,11,NA,16.7877325427264,20.714019430608
2066-07-12 12:00:00,2066,7,12,NA,10.9093149106406,22.5469965741229
2066-07-13 12:00:00,2066,7,13,NA,17.243748127837,25.9682826857472
2066-07-14 12:00:00,2066,7,14,NA,16.6811561504436,25.0766789604537
2066-07-15 12:00:00,2066,7,15,NA,15.3393450029238,24.9332102203076
2066-07-16 12:00:00,2066,7,16,NA,12.6901423504317,25.5466711756927
2066-07-17 12:00:00,2066,7,17,NA,12.8625801945394,25.3013173865195
2066-07-18 12:00:00,2066,7,18,NA,8.97570547150183,29.3275414159723
2066-07-19 12:00:00,2066,7,19,NA,9.92030332970127,27.6864796496328
2066-07-20 12:00:00,2066,7,20,NA,16.2959061257573,26.9011950427467
2066-07-21 12:00:00,2066,7,21,NA,17.0900643680278,24.0961645169286
2066-07-22 12:00:00,2066,7,22,NA,17.2666418794271,28.5543747165296
2066-07-23 12:00:00,2066,7,23,NA,18.3315299632074,25.8727420534606
2066-07-24 12:00:00,2066,7,24,NA,16.316274391012,26.0788510313026
2066-07-25 12:00:00,2066,7,25,NA,21.0613724180347,28.685473352433
2066-07-26 12:00:00,2066,7,26,NA,19.7661681086766,35.4389672642852
2066-07-27 12:00:00,2066,7,27,NA,19.7650138711221,32.80462216632
2066-07-28 12:00:00,2066,7,28,NA,20.1101680930879,27.1162682419888
2066-07-29 12:00:00,2066,7,29,NA,13.1524542727852,22.7211339972526
2066-07-30 12:00:00,2066,7,30,NA,16.3846146905328,21.1227057927552
2066-07-31 12:00:00,2066,7,31,NA,13.9557084144333,22.9530415021144
2066-08-01 12:00:00,2066,8,1,NA,12.8635089150403,23.4084756684469
2066-08-02 12:00:00,2066,8,2,NA,17.0527588460858,27.531790896206
2066-08-03 12:00:00,2066,8,3,NA,18.5059359095579,21.2559696613231
2066-08-04 12:00:00,2066,8,4,NA,15.5484432298859,18.3184072251298
2066-08-05 12:00:00,2066,8,5,NA,12.6055412395213,18.6890338710669
2066-08-06 12:00:00,2066,8,6,NA,10.7808139904281,21.0010583013481
2066-08-07 12:00:00,2066,8,7,NA,11.6263232526476,22.7772958346192
2066-08-08 12:00:00,2066,8,8,NA,10.1132021178229,24.5991287964719
2066-08-09 12:00:00,2066,8,9,NA,14.8069806755009,26.509238713627
2066-08-10 12:00:00,2066,8,10,NA,12.0906356471714,24.7176779148091
2066-08-11 12:00:00,2066,8,11,NA,11.364713710838,20.3557392612104
2066-08-12 12:00:00,2066,8,12,NA,15.3458954920385,25.5339806518816
2066-08-13 12:00:00,2066,8,13,NA,17.281470272422,30.7760708364175
2066-08-14 12:00:00,2066,8,14,NA,16.8485339274852,31.0063259845758
2066-08-15 12:00:00,2066,8,15,NA,17.8956960231551,35.6803792821367
2066-08-16 12:00:00,2066,8,16,NA,16.5959458385499,32.0502164811591
2066-08-17 12:00:00,2066,8,17,NA,14.1367543257536,28.2921578653001
2066-08-18 12:00:00,2066,8,18,NA,18.7608492069705,24.1499984982505
2066-08-19 12:00:00,2066,8,19,NA,16.1130140684448,22.3895179763384
2066-08-20 12:00:00,2066,8,20,NA,14.2302833334837,23.3276576463449
2066-08-21 12:00:00,2066,8,21,NA,15.1576920402414,23.4003728610933
2066-08-22 12:00:00,2066,8,22,NA,16.4418134975197,24.9696782615766
2066-08-23 12:00:00,2066,8,23,NA,12.9489435246949,22.7672138337318
2066-08-24 12:00:00,2066,8,24,NA,12.8228117928025,20.2440807028495
2066-08-25 12:00:00,2066,8,25,NA,10.8401365980054,23.9335847028799
2066-08-26 12:00:00,2066,8,26,NA,12.8240195858259,22.8131330348219
2066-08-27 12:00:00,2066,8,27,NA,10.6976813605933,24.5498061621112
2066-08-28 12:00:00,2066,8,28,NA,10.2635142642498,25.7481341099777
2066-08-29 12:00:00,2066,8,29,NA,14.8433573377723,23.9871177942679
2066-08-30 12:00:00,2066,8,30,NA,10.5613615943925,23.1596751296976
2066-08-31 12:00:00,2066,8,31,NA,15.2958233457269,20.2715849887005
2066-09-01 12:00:00,2066,9,1,NA,11.6310183736065,24.1656336133458
2066-09-02 12:00:00,2066,9,2,NA,13.3691983934336,22.360223943806
2066-09-03 12:00:00,2066,9,3,NA,12.3430154445986,20.9349712503382
2066-09-04 12:00:00,2066,9,4,NA,7.95672588881433,18.3267014620445
2066-09-05 12:00:00,2066,9,5,NA,9.73261116045383,18.9884216067297
2066-09-06 12:00:00,2066,9,6,NA,12.2717170412253,20.001011519126
2066-09-07 12:00:00,2066,9,7,NA,13.1379319261065,18.9057681922562
2066-09-08 12:00:00,2066,9,8,NA,9.82627363923491,19.1186988208147
2066-09-09 12:00:00,2066,9,9,NA,11.4748603794733,20.8422920228175
2066-09-10 12:00:00,2066,9,10,NA,9.95682494664104,24.1950689399678
2066-09-11 12:00:00,2066,9,11,NA,7.56462808411868,18.3953035865082
2066-09-12 12:00:00,2066,9,12,NA,9.75395584446287,17.2769965451192
2066-09-13 12:00:00,2066,9,13,NA,11.6072368354672,20.4709152180875
2066-09-14 12:00:00,2066,9,14,NA,13.1339023226599,22.9297211376034
2066-09-15 12:00:00,2066,9,15,NA,11.6359874709655,25.4808787712448
2066-09-16 12:00:00,2066,9,16,NA,8.27271110728824,23.5723407146493
2066-09-17 12:00:00,2066,9,17,NA,8.34405053179734,26.1767179817748
2066-09-18 12:00:00,2066,9,18,NA,10.6638886325874,25.4955639513616
2066-09-19 12:00:00,2066,9,19,NA,14.4815793129628,19.2818973862118
2066-09-20 12:00:00,2066,9,20,NA,10.1049583539115,21.6463353273262
2066-09-21 12:00:00,2066,9,21,NA,12.4035980985532,22.1994169134966
2066-09-22 12:00:00,2066,9,22,NA,15.3809940498766,18.3019604608349
2066-09-23 12:00:00,2066,9,23,NA,13.032610847242,17.3562526728192
2066-09-24 12:00:00,2066,9,24,NA,12.1834251844177,21.6497947739049
2066-09-25 12:00:00,2066,9,25,NA,15.7631462610741,26.8133970073701
2066-09-26 12:00:00,2066,9,26,NA,12.1399040749843,20.3327636949386
2066-09-27 12:00:00,2066,9,27,NA,12.0010483936837,21.4674179831708
2066-09-28 12:00:00,2066,9,28,NA,10.411846843315,15.2246130978955
2066-09-29 12:00:00,2066,9,29,NA,9.23131857445833,15.3235427325217
2066-09-30 12:00:00,2066,9,30,NA,8.4939835511726,15.1474243484379
2066-10-01 12:00:00,2066,10,1,NA,6.99499556015512,13.6484363574204
2066-10-02 12:00:00,2066,10,2,NA,8.29839578545768,13.9597720279104
2066-10-03 12:00:00,2066,10,3,NA,7.91171781669763,15.3642902817442
2066-10-04 12:00:00,2066,10,4,NA,4.58818626891484,17.6945602911128
2066-10-05 12:00:00,2066,10,5,NA,4.57196111870087,12.809940669962
2066-10-06 12:00:00,2066,10,6,NA,2.49847814449388,18.9893131233444
2066-10-07 12:00:00,2066,10,7,NA,1.71538675399968,16.8815832414539
2066-10-08 12:00:00,2066,10,8,NA,0.73177176802024,14.5777972466481
2066-10-09 12:00:00,2066,10,9,NA,5.34235172902062,14.683844207153
2066-10-10 12:00:00,2066,10,10,NA,5.29382448227983,13.9281113536633
2066-10-11 12:00:00,2066,10,11,NA,10.8042322150895,16.2169723485993
2066-10-12 12:00:00,2066,10,12,NA,12.0877172329251,16.4409986517147
2066-10-13 12:00:00,2066,10,13,NA,11.9589557947257,17.2988991527391
2066-10-14 12:00:00,2066,10,14,NA,10.227185636427,15.8676042410518
2066-10-15 12:00:00,2066,10,15,NA,10.7859069473046,14.9969406198033
2066-10-16 12:00:00,2066,10,16,NA,6.15578522168282,14.6724765357919
2066-10-17 12:00:00,2066,10,17,NA,7.62600568735447,14.7917397310565
2066-10-18 12:00:00,2066,10,18,NA,6.11585828317129,14.8805541874512
2066-10-19 12:00:00,2066,10,19,NA,5.93380228958378,15.9890503204982
2066-10-20 12:00:00,2066,10,20,NA,5.61126937143362,12.4013678584096
2066-10-21 12:00:00,2066,10,21,NA,5.22278926109273,12.7126572475318
2066-10-22 12:00:00,2066,10,22,NA,3.91845119596283,10.7590342185312
2066-10-23 12:00:00,2066,10,23,NA,6.02472551158169,16.8601592058609
2066-10-24 12:00:00,2066,10,24,NA,0.974496910691725,18.2381682494209
2066-10-25 12:00:00,2066,10,25,NA,0.228426336188441,17.7407400056542
2066-10-26 12:00:00,2066,10,26,NA,7.82243026950505,13.2950506630535
2066-10-27 12:00:00,2066,10,27,NA,5.09496458851024,14.8883716731521
2066-10-28 12:00:00,2066,10,28,NA,7.8639964066166,15.790280969358
2066-10-29 12:00:00,2066,10,29,NA,4.768730082687,15.8735366408659
2066-10-30 12:00:00,2066,10,30,NA,4.8224201311583,13.5115054516567
2066-10-31 12:00:00,2066,10,31,NA,5.58359300053123,10.9235363585446
2066-11-01 12:00:00,2066,11,1,NA,3.12632519567534,11.5264888110431
2066-11-02 12:00:00,2066,11,2,NA,3.98392071147044,10.3760471057022
2066-11-03 12:00:00,2066,11,3,NA,3.05747737166942,11.0306289614645
2066-11-04 12:00:00,2066,11,4,NA,3.89585015870461,11.8693038442498
2066-11-05 12:00:00,2066,11,5,NA,5.02151900064811,10.9134012741774
2066-11-06 12:00:00,2066,11,6,NA,3.05512438318751,11.9700630577265
2066-11-07 12:00:00,2066,11,7,NA,8.45914852790082,13.1675811548291
2066-11-08 12:00:00,2066,11,8,NA,9.33174768338116,16.5430260992722
2066-11-09 12:00:00,2066,11,9,NA,9.19451274521443,15.0863950187437
2066-11-10 12:00:00,2066,11,10,NA,10.639161296972,14.3768361483845
2066-11-11 12:00:00,2066,11,11,NA,7.79666325928877,10.5072054295842
2066-11-12 12:00:00,2066,11,12,NA,7.99008357034164,15.7248545868356
2066-11-13 12:00:00,2066,11,13,NA,12.3496973352495,16.1144934199189
2066-11-14 12:00:00,2066,11,14,NA,9.94709238034677,12.7487870455361
2066-11-15 12:00:00,2066,11,15,NA,6.47934629748771,11.9712085722009
2066-11-16 12:00:00,2066,11,16,NA,5.52989170682744,10.2051518340968
2066-11-17 12:00:00,2066,11,17,NA,2.58266140026401,10.9454875935583
2066-11-18 12:00:00,2066,11,18,NA,0.765984963509516,13.5638184133487
2066-11-19 12:00:00,2066,11,19,NA,9.43261753357906,14.3002662897494
2066-11-20 12:00:00,2066,11,20,NA,5.57839092580036,10.4460396819707
2066-11-21 12:00:00,2066,11,21,NA,1.78193835622432,10.5793949815613
2066-11-22 12:00:00,2066,11,22,NA,4.83562350751213,11.4012411695784
2066-11-23 12:00:00,2066,11,23,NA,4.69614938743204,11.2617670494983
2066-11-24 12:00:00,2066,11,24,NA,5.47040922182908,15.8466065468013
2066-11-25 12:00:00,2066,11,25,NA,6.24829558853717,13.9732075369313
2066-11-26 12:00:00,2066,11,26,NA,6.17919765817208,13.346556715196
2066-11-27 12:00:00,2066,11,27,NA,8.32743039254658,13.1950791487169
2066-11-28 12:00:00,2066,11,28,NA,6.53945206126081,12.274250406701
2066-11-29 12:00:00,2066,11,29,NA,7.73891187805043,13.0836070156615
2066-11-30 12:00:00,2066,11,30,NA,7.5767661185017,12.3230893705268
2066-12-01 12:00:00,2066,12,1,NA,3.35389812898678,12.5759171745771
2066-12-02 12:00:00,2066,12,2,NA,-0.721029883372849,7.71835963737882
2066-12-03 12:00:00,2066,12,3,NA,6.53244285887334,11.9588038593703
2066-12-04 12:00:00,2066,12,4,NA,5.00542311391657,7.94854114648315
2066-12-05 12:00:00,2066,12,5,NA,3.27562667889733,9.69617930392458
2066-12-06 12:00:00,2066,12,6,NA,0.0696874887751262,6.18640629420486
2066-12-07 12:00:00,2066,12,7,NA,1.39491512845222,5.25474525532499
2066-12-08 12:00:00,2066,12,8,NA,-4.58636113331682,0.374465987194503
2066-12-09 12:00:00,2066,12,9,NA,1.14368920441092,5.18876510730112
2066-12-10 12:00:00,2066,12,10,NA,2.32802297504709,4.36493601825951
2066-12-11 12:00:00,2066,12,11,NA,7.01194194335615,8.41741289421938
2066-12-12 12:00:00,2066,12,12,NA,-0.51181116868888,2.04553063004376
2066-12-13 12:00:00,2066,12,13,NA,2.02224940086775,7.70738870468124
2066-12-14 12:00:00,2066,12,14,NA,3.35049729954733,7.12795811675367
2066-12-15 12:00:00,2066,12,15,NA,3.24512357292792,8.52720984838237
2066-12-16 12:00:00,2066,12,16,NA,2.0418610496422,6.21597105355879
2066-12-17 12:00:00,2066,12,17,NA,6.51915353605522,12.3921429185238
2066-12-18 12:00:00,2066,12,18,NA,4.47508064007641,8.52422553619089
2066-12-19 12:00:00,2066,12,19,NA,2.95447863588838,11.0627041340774
2066-12-20 12:00:00,2066,12,20,NA,6.00260558776378,14.1523899947024
2066-12-21 12:00:00,2066,12,21,NA,4.28879906716912,12.6030027931132
2066-12-22 12:00:00,2066,12,22,NA,1.07156084981565,7.76475776940216
2066-12-23 12:00:00,2066,12,23,NA,3.78012654639199,9.04867939155355
2066-12-24 12:00:00,2066,12,24,NA,3.92231271282881,10.9778301319315
2066-12-25 12:00:00,2066,12,25,NA,4.17421232808339,11.8826998735814
2066-12-26 12:00:00,2066,12,26,NA,3.13796024945559,10.9457997125812
2066-12-27 12:00:00,2066,12,27,NA,5.64347442436336,11.6669750032716
2066-12-28 12:00:00,2066,12,28,NA,1.48030559498424,9.58853109317322
2066-12-29 12:00:00,2066,12,29,NA,2.37632095675821,10.4298900117001
2066-12-30 12:00:00,2066,12,30,NA,8.28346388698448,11.0000062921782
2066-12-31 12:00:00,2066,12,31,NA,4.22048176035224,12.781220700348
2067-01-01 12:00:00,2067,1,1,NA,3.91881704232676,9.86190987044465
2067-01-02 12:00:00,2067,1,2,NA,1.28431216498015,4.85012263848612
2067-01-03 12:00:00,2067,1,3,NA,-0.193831870492293,9.46388586033495
2067-01-04 12:00:00,2067,1,4,NA,-2.39345293268296,7.92732179617168
2067-01-05 12:00:00,2067,1,5,NA,5.0710025628224,10.8947276380275
2067-01-06 12:00:00,2067,1,6,NA,4.59796408239434,10.2275036565591
2067-01-07 12:00:00,2067,1,7,NA,4.47756770132836,10.9165217394696
2067-01-08 12:00:00,2067,1,8,NA,-0.184196142105696,6.49996486627983
2067-01-09 12:00:00,2067,1,9,NA,4.18370679183107,10.836008146193
2067-01-10 12:00:00,2067,1,10,NA,1.99817523132314,6.19310859606212
2067-01-11 12:00:00,2067,1,11,NA,-0.00797952543282499,8.47708029231955
2067-01-12 12:00:00,2067,1,12,NA,2.71992436609792,10.7756054124972
2067-01-13 12:00:00,2067,1,13,NA,-0.324314311569035,7.17471277116019
2067-01-14 12:00:00,2067,1,14,NA,1.52523121779423,6.01092382161401
2067-01-15 12:00:00,2067,1,15,NA,3.62006654918178,5.67846146953032
2067-01-16 12:00:00,2067,1,16,NA,4.43892763671326,9.33747223671733
2067-01-17 12:00:00,2067,1,17,NA,-0.247501526188538,1.8303587671809
2067-01-18 12:00:00,2067,1,18,NA,-6.39605351931935,-0.648051807592648
2067-01-19 12:00:00,2067,1,19,NA,-0.0459421213123239,4.59101152374156
2067-01-20 12:00:00,2067,1,20,NA,1.12774550933938,6.03475255327694
2067-01-21 12:00:00,2067,1,21,NA,3.12371672368284,6.78332493823866
2067-01-22 12:00:00,2067,1,22,NA,3.69035368299947,7.93229343425438
2067-01-23 12:00:00,2067,1,23,NA,1.39441869700094,3.30632480348813
2067-01-24 12:00:00,2067,1,24,NA,-2.1551898325422,0.949465933416856
2067-01-25 12:00:00,2067,1,25,NA,3.77360578284274,7.09686202362916
2067-01-26 12:00:00,2067,1,26,NA,-0.55434902957937,6.52501305886624
2067-01-27 12:00:00,2067,1,27,NA,-0.946809735271365,4.62856773650642
2067-01-28 12:00:00,2067,1,28,NA,4.46516006684502,5.45683397337105
2067-01-29 12:00:00,2067,1,29,NA,0.709999770107232,5.7406096268453
2067-01-30 12:00:00,2067,1,30,NA,0.446219922941397,4.80019288034872
2067-01-31 12:00:00,2067,1,31,NA,-1.53495780711538,5.64070719167437
2067-02-01 12:00:00,2067,2,1,NA,0.360963217500075,6.65123646806435
2067-02-02 12:00:00,2067,2,2,NA,7.16445911999458,11.8979557781289
2067-02-03 12:00:00,2067,2,3,NA,9.7459202384689,14.7789504780156
2067-02-04 12:00:00,2067,2,4,NA,9.20982252560668,17.299560053052
2067-02-05 12:00:00,2067,2,5,NA,7.18353841685936,17.6664819620634
2067-02-06 12:00:00,2067,2,6,NA,4.82680132183067,16.3760431960009
2067-02-07 12:00:00,2067,2,7,NA,5.70615481731235,14.2565078866099
2067-02-08 12:00:00,2067,2,8,NA,9.51353813195121,10.3227795312576
2067-02-09 12:00:00,2067,2,9,NA,7.73310970700002,14.4057909763943
2067-02-10 12:00:00,2067,2,10,NA,6.82574741063041,14.3416976252311
2067-02-11 12:00:00,2067,2,11,NA,4.44001288419979,11.2010965885601
2067-02-12 12:00:00,2067,2,12,NA,4.95165603015171,7.57717582711227
2067-02-13 12:00:00,2067,2,13,NA,3.19868621700823,6.50351637250443
2067-02-14 12:00:00,2067,2,14,NA,4.30990530417961,8.53941400117233
2067-02-15 12:00:00,2067,2,15,NA,2.47875319223431,9.15143446162858
2067-02-16 12:00:00,2067,2,16,NA,4.90638305967553,8.93945371577868
2067-02-17 12:00:00,2067,2,17,NA,4.80165698961036,9.66115172272101
2067-02-18 12:00:00,2067,2,18,NA,5.89757010841703,9.88559888680556
2067-02-19 12:00:00,2067,2,19,NA,9.65767549701987,10.2232998296165
2067-02-20 12:00:00,2067,2,20,NA,10.4803128367374,12.8995629857562
2067-02-21 12:00:00,2067,2,21,NA,8.14198301538725,11.3886476072115
2067-02-22 12:00:00,2067,2,22,NA,8.20056746532863,13.1384215655539
2067-02-23 12:00:00,2067,2,23,NA,6.11913931197315,18.3364340601617
2067-02-24 12:00:00,2067,2,24,NA,3.88455401792268,16.7974520591043
2067-02-25 12:00:00,2067,2,25,NA,3.06736356581832,12.1817274484255
2067-02-26 12:00:00,2067,2,26,NA,2.53230984005156,10.333118035103
2067-02-27 12:00:00,2067,2,27,NA,3.30954650166843,8.06334040122266
2067-02-28 12:00:00,2067,2,28,NA,-0.538473835227932,7.48420945501819
2067-03-01 12:00:00,2067,3,1,NA,-0.0375643139363122,9.79908298821518
2067-03-02 12:00:00,2067,3,2,NA,4.84861730557886,8.95487488256362
2067-03-03 12:00:00,2067,3,3,NA,0.43768336944217,6.52207834123687
2067-03-04 12:00:00,2067,3,4,NA,5.99904695521126,11.7274548963927
2067-03-05 12:00:00,2067,3,5,NA,2.60200538891008,19.3318263950548
2067-03-06 12:00:00,2067,3,6,NA,4.19395025649287,20.6363848128184
2067-03-07 12:00:00,2067,3,7,NA,6.0480818057527,15.345705183677
2067-03-08 12:00:00,2067,3,8,NA,4.71808740619469,6.60372517044623
2067-03-09 12:00:00,2067,3,9,NA,5.72970163348433,9.4333792171935
2067-03-10 12:00:00,2067,3,10,NA,8.74203633157571,14.7433922304672
2067-03-11 12:00:00,2067,3,11,NA,4.93836452960563,12.3482533331611
2067-03-12 12:00:00,2067,3,12,NA,1.87845884734372,17.6994162117736
2067-03-13 12:00:00,2067,3,13,NA,4.97925133566841,21.8801251683955
2067-03-14 12:00:00,2067,3,14,NA,9.69585896891603,19.1575318052513
2067-03-15 12:00:00,2067,3,15,NA,10.2246966954376,19.2795048574344
2067-03-16 12:00:00,2067,3,16,NA,8.04323954733547,16.7687394127494
2067-03-17 12:00:00,2067,3,17,NA,6.91717121291764,17.3162449361914
2067-03-18 12:00:00,2067,3,18,NA,5.58083354543313,20.1002820158106
2067-03-19 12:00:00,2067,3,19,NA,5.56685450744973,10.0496403280456
2067-03-20 12:00:00,2067,3,20,NA,0.837649357112066,14.074015948501
2067-03-21 12:00:00,2067,3,21,NA,3.72494512044879,12.9739692867905
2067-03-22 12:00:00,2067,3,22,NA,5.75285455927503,10.0808492290045
2067-03-23 12:00:00,2067,3,23,NA,10.3970081462417,14.0848628071561
2067-03-24 12:00:00,2067,3,24,NA,6.74532401412416,14.8647403772526
2067-03-25 12:00:00,2067,3,25,NA,8.29508319427552,14.3563884023585
2067-03-26 12:00:00,2067,3,26,NA,8.98221632127731,17.2712642175529
2067-03-27 12:00:00,2067,3,27,NA,6.33625094159924,14.107849809042
2067-03-28 12:00:00,2067,3,28,NA,4.50591920154794,14.4139377757379
2067-03-29 12:00:00,2067,3,29,NA,3.45278124826703,18.3009016213983
2067-03-30 12:00:00,2067,3,30,NA,10.6505704328341,16.8404517064018
2067-03-31 12:00:00,2067,3,31,NA,5.3585551630512,10.8196006169383
2067-04-01 12:00:00,2067,4,1,NA,6.84148838143161,14.3551468036872
2067-04-02 12:00:00,2067,4,2,NA,7.0033947133062,12.1642775571968
2067-04-03 12:00:00,2067,4,3,NA,5.70779439433728,11.5578264495301
2067-04-04 12:00:00,2067,4,4,NA,4.963819256584,11.0639391052385
2067-04-05 12:00:00,2067,4,5,NA,5.91004843956599,13.3017102257946
2067-04-06 12:00:00,2067,4,6,NA,1.94803456676977,15.2311719669823
2067-04-07 12:00:00,2067,4,7,NA,9.65237607980892,22.3371915259227
2067-04-08 12:00:00,2067,4,8,NA,7.70317330707435,20.4200144871321
2067-04-09 12:00:00,2067,4,9,NA,10.2910871643951,17.6827489506237
2067-04-10 12:00:00,2067,4,10,NA,9.12596501961594,17.9959208001771
2067-04-11 12:00:00,2067,4,11,NA,9.61579930985448,18.0599041436985
2067-04-12 12:00:00,2067,4,12,NA,9.06205416515103,16.7521973325358
2067-04-13 12:00:00,2067,4,13,NA,5.64178200223726,11.2053422153011
2067-04-14 12:00:00,2067,4,14,NA,2.53731895760924,14.7115231484753
2067-04-15 12:00:00,2067,4,15,NA,-0.66729115810028,15.3362062065133
2067-04-16 12:00:00,2067,4,16,NA,1.44432529521875,16.2713554069303
2067-04-17 12:00:00,2067,4,17,NA,6.35988332060381,15.4996415049368
2067-04-18 12:00:00,2067,4,18,NA,2.99867631566762,14.4331732404507
2067-04-19 12:00:00,2067,4,19,NA,3.45450132744081,13.2959230917229
2067-04-20 12:00:00,2067,4,20,NA,2.38348294921876,14.8572168986697
2067-04-21 12:00:00,2067,4,21,NA,0.448742128546536,17.9674890047782
2067-04-22 12:00:00,2067,4,22,NA,4.81336041100472,11.0664555941694
2067-04-23 12:00:00,2067,4,23,NA,3.88298322055092,14.1991862710121
2067-04-24 12:00:00,2067,4,24,NA,1.36354099329252,13.7497708444703
2067-04-25 12:00:00,2067,4,25,NA,-1.10844715971057,17.6077686182059
2067-04-26 12:00:00,2067,4,26,NA,-2.35950856753574,19.3725810777453
2067-04-27 12:00:00,2067,4,27,NA,-0.370518424664906,19.4309988808671
2067-04-28 12:00:00,2067,4,28,NA,7.28661851763685,19.4579777095071
2067-04-29 12:00:00,2067,4,29,NA,11.4873018293128,18.7518420235989
2067-04-30 12:00:00,2067,4,30,NA,10.1502313405916,24.1491416134356
2067-05-01 12:00:00,2067,5,1,NA,3.93826038846066,17.6760893482109
2067-05-02 12:00:00,2067,5,2,NA,1.42500071548086,21.5299243997928
2067-05-03 12:00:00,2067,5,3,NA,1.97593662207124,24.1275924817879
2067-05-04 12:00:00,2067,5,4,NA,3.76682428298322,22.8756453499998
2067-05-05 12:00:00,2067,5,5,NA,11.2660417722491,26.0729264612321
2067-05-06 12:00:00,2067,5,6,NA,9.44151794591786,26.1501908208996
2067-05-07 12:00:00,2067,5,7,NA,8.58140074114733,15.9584699203973
2067-05-08 12:00:00,2067,5,8,NA,11.3862385985146,21.199736093432
2067-05-09 12:00:00,2067,5,9,NA,11.1887955017275,18.7004676375276
2067-05-10 12:00:00,2067,5,10,NA,12.6681285780007,18.2953734612526
2067-05-11 12:00:00,2067,5,11,NA,10.1719955059861,18.9822812799323
2067-05-12 12:00:00,2067,5,12,NA,8.07444759328931,18.9885915231071
2067-05-13 12:00:00,2067,5,13,NA,5.71304149868979,20.5199261876728
2067-05-14 12:00:00,2067,5,14,NA,7.19265275242595,26.686898936104
2067-05-15 12:00:00,2067,5,15,NA,13.2753812375843,30.7243021821794
2067-05-16 12:00:00,2067,5,16,NA,15.2129708802213,29.7429390671725
2067-05-17 12:00:00,2067,5,17,NA,15.9190948889211,28.8441018896879
2067-05-18 12:00:00,2067,5,18,NA,17.1519653955836,29.998780768056
2067-05-19 12:00:00,2067,5,19,NA,16.9374762775233,26.101803569995
2067-05-20 12:00:00,2067,5,20,NA,13.878627363263,30.3834443308472
2067-05-21 12:00:00,2067,5,21,NA,14.5707637332519,25.2760976150256
2067-05-22 12:00:00,2067,5,22,NA,11.981796157921,22.8598658094742
2067-05-23 12:00:00,2067,5,23,NA,12.0123361919064,22.7176700736801
2067-05-24 12:00:00,2067,5,24,NA,11.0213092750159,18.7701339441091
2067-05-25 12:00:00,2067,5,25,NA,6.45968320431549,21.8154061881636
2067-05-26 12:00:00,2067,5,26,NA,7.97422800293407,21.5498461647976
2067-05-27 12:00:00,2067,5,27,NA,5.01028385265679,24.195668811287
2067-05-28 12:00:00,2067,5,28,NA,10.4945025977327,23.3321905005943
2067-05-29 12:00:00,2067,5,29,NA,9.0176737018409,21.6936280583301
2067-05-30 12:00:00,2067,5,30,NA,4.78692392777682,24.0961549889813
2067-05-31 12:00:00,2067,5,31,NA,7.09491851488724,23.5348846156274
2067-06-01 12:00:00,2067,6,1,NA,7.60673020088088,27.6243662601472
2067-06-02 12:00:00,2067,6,2,NA,8.90754015138449,26.9546561231873
2067-06-03 12:00:00,2067,6,3,NA,11.5374580061021,26.9866580495521
2067-06-04 12:00:00,2067,6,4,NA,14.4933245030407,28.7332885735767
2067-06-05 12:00:00,2067,6,5,NA,12.6044454842511,18.8033183519716
2067-06-06 12:00:00,2067,6,6,NA,8.71774460819218,18.3166930900106
2067-06-07 12:00:00,2067,6,7,NA,4.09137485283738,21.6287836082107
2067-06-08 12:00:00,2067,6,8,NA,8.42879551886906,25.8652658505354
2067-06-09 12:00:00,2067,6,9,NA,15.6064333284591,24.7752780136919
2067-06-10 12:00:00,2067,6,10,NA,16.0425691055149,27.4304623862427
2067-06-11 12:00:00,2067,6,11,NA,13.4331008256894,26.8219317300062
2067-06-12 12:00:00,2067,6,12,NA,13.4270482476992,23.5840941912357
2067-06-13 12:00:00,2067,6,13,NA,13.4788084259555,24.750847514351
2067-06-14 12:00:00,2067,6,14,NA,10.1978468968717,27.6659159838196
2067-06-15 12:00:00,2067,6,15,NA,10.6935473044067,24.7023170771336
2067-06-16 12:00:00,2067,6,16,NA,10.3719368181755,22.7382152017418
2067-06-17 12:00:00,2067,6,17,NA,12.562282010741,20.7942624197126
2067-06-18 12:00:00,2067,6,18,NA,12.6684517260073,19.9000195586903
2067-06-19 12:00:00,2067,6,19,NA,11.9015103197421,21.844550319462
2067-06-20 12:00:00,2067,6,20,NA,7.15638815557786,23.688211102221
2067-06-21 12:00:00,2067,6,21,NA,12.6490826205789,23.8496533335506
2067-06-22 12:00:00,2067,6,22,NA,10.1282552382069,24.5563791011231
2067-06-23 12:00:00,2067,6,23,NA,16.2499159286044,23.4757662482244
2067-06-24 12:00:00,2067,6,24,NA,13.2938272650193,26.5019729486547
2067-06-25 12:00:00,2067,6,25,NA,17.4046371197688,22.4763330692549
2067-06-26 12:00:00,2067,6,26,NA,17.2435290640204,23.2451719387554
2067-06-27 12:00:00,2067,6,27,NA,16.2607464680599,26.0796785732967
2067-06-28 12:00:00,2067,6,28,NA,14.3863379265505,23.6288897767376
2067-06-29 12:00:00,2067,6,29,NA,10.0556461481063,27.4719696703141
2067-06-30 12:00:00,2067,6,30,NA,12.4077604215371,23.6882785836606
2067-07-01 12:00:00,2067,7,1,NA,13.0814116879156,22.5667348512199
2067-07-02 12:00:00,2067,7,2,NA,7.98093931150989,25.4274798642718
2067-07-03 12:00:00,2067,7,3,NA,9.91024543375239,29.1279621451009
2067-07-04 12:00:00,2067,7,4,NA,13.8317375129259,28.8493951429942
2067-07-05 12:00:00,2067,7,5,NA,10.9656293313657,28.4010977306259
2067-07-06 12:00:00,2067,7,6,NA,13.9606785509376,33.2684928959385
2067-07-07 12:00:00,2067,7,7,NA,18.389787917148,34.0792772478295
2067-07-08 12:00:00,2067,7,8,NA,20.9842419765014,32.2719748136038
2067-07-09 12:00:00,2067,7,9,NA,16.8452921806142,32.2771572333206
2067-07-10 12:00:00,2067,7,10,NA,17.0907666157275,28.6986269171139
2067-07-11 12:00:00,2067,7,11,NA,21.3762178267865,29.3229001928339
2067-07-12 12:00:00,2067,7,12,NA,18.7377757101948,26.8409453209298
2067-07-13 12:00:00,2067,7,13,NA,20.3578480985461,25.0722518796717
2067-07-14 12:00:00,2067,7,14,NA,21.8080606722787,26.8269795359143
2067-07-15 12:00:00,2067,7,15,NA,21.5575506590024,26.5042466986257
2067-07-16 12:00:00,2067,7,16,NA,18.4052648279581,28.8939842426173
2067-07-17 12:00:00,2067,7,17,NA,18.5013299972976,29.7648871885699
2067-07-18 12:00:00,2067,7,18,NA,14.3528476485049,27.2093764737659
2067-07-19 12:00:00,2067,7,19,NA,17.452117784649,32.006535619288
2067-07-20 12:00:00,2067,7,20,NA,20.7780446668835,30.0401735683362
2067-07-21 12:00:00,2067,7,21,NA,24.1416397324225,30.1778320408672
2067-07-22 12:00:00,2067,7,22,NA,21.6516837826058,29.5392071860111
2067-07-23 12:00:00,2067,7,23,NA,23.4987759210826,33.2189342277894
2067-07-24 12:00:00,2067,7,24,NA,17.6222423388841,26.5076590576854
2067-07-25 12:00:00,2067,7,25,NA,17.4763364385926,25.0175485288458
2067-07-26 12:00:00,2067,7,26,NA,20.5675625025482,23.4384185837333
2067-07-27 12:00:00,2067,7,27,NA,16.5105015313995,25.2350360893097
2067-07-28 12:00:00,2067,7,28,NA,14.2970802092245,28.4751649793175
2067-07-29 12:00:00,2067,7,29,NA,14.5678049616976,28.007244068404
2067-07-30 12:00:00,2067,7,30,NA,14.4297847008632,26.9273954497696
2067-07-31 12:00:00,2067,7,31,NA,11.6595300177732,26.0471428711356
2067-08-01 12:00:00,2067,8,1,NA,12.5796711872253,25.7021648004165
2067-08-02 12:00:00,2067,8,2,NA,14.1767860879407,27.3239082683047
2067-08-03 12:00:00,2067,8,3,NA,12.797361944961,24.8324521717979
2067-08-04 12:00:00,2067,8,4,NA,8.71954396394566,27.1155525349051
2067-08-05 12:00:00,2067,8,5,NA,11.0579888740858,26.3390244851919
2067-08-06 12:00:00,2067,8,6,NA,16.724354799375,31.3926601270327
2067-08-07 12:00:00,2067,8,7,NA,18.5771911139107,33.3638572461487
2067-08-08 12:00:00,2067,8,8,NA,18.0021307145457,29.4475283456913
2067-08-09 12:00:00,2067,8,9,NA,15.9456367533005,29.3720674346863
2067-08-10 12:00:00,2067,8,10,NA,22.5011801371152,28.1366320657694
2067-08-11 12:00:00,2067,8,11,NA,20.3995582635451,29.5540262687987
2067-08-12 12:00:00,2067,8,12,NA,16.6315798045044,28.8774459104645
2067-08-13 12:00:00,2067,8,13,NA,15.4861518584356,29.4165721950596
2067-08-14 12:00:00,2067,8,14,NA,15.4755565871569,26.7006128186398
2067-08-15 12:00:00,2067,8,15,NA,17.7220465243692,30.3203600596742
2067-08-16 12:00:00,2067,8,16,NA,17.5598415836954,31.3119984826423
2067-08-17 12:00:00,2067,8,17,NA,16.8995706553352,25.9487038267971
2067-08-18 12:00:00,2067,8,18,NA,15.9523964096457,30.8443526502579
2067-08-19 12:00:00,2067,8,19,NA,18.1877509975516,28.4274447525393
2067-08-20 12:00:00,2067,8,20,NA,15.8753550130703,22.4617135117157
2067-08-21 12:00:00,2067,8,21,NA,16.1192444679638,21.0111291088647
2067-08-22 12:00:00,2067,8,22,NA,13.8043909665804,24.0536387523653
2067-08-23 12:00:00,2067,8,23,NA,13.2291091840409,26.450641585335
2067-08-24 12:00:00,2067,8,24,NA,15.929432471269,27.604120963956
2067-08-25 12:00:00,2067,8,25,NA,13.6170991202844,20.8431963528247
2067-08-26 12:00:00,2067,8,26,NA,14.1202232253567,19.5847627554531
2067-08-27 12:00:00,2067,8,27,NA,11.5523548309438,25.5785683739137
2067-08-28 12:00:00,2067,8,28,NA,17.472683191722,25.8129858952166
2067-08-29 12:00:00,2067,8,29,NA,15.611081314583,23.7237097095853
2067-08-30 12:00:00,2067,8,30,NA,15.0428809461086,25.3499048931486
2067-08-31 12:00:00,2067,8,31,NA,18.3145333807786,23.7182017311008
2067-09-01 12:00:00,2067,9,1,NA,21.3536615320126,26.2455461729135
2067-09-02 12:00:00,2067,9,2,NA,18.4011189593893,27.0140083123059
2067-09-03 12:00:00,2067,9,3,NA,17.1439739547052,20.7393984405902
2067-09-04 12:00:00,2067,9,4,NA,15.2919504172566,17.635621956501
2067-09-05 12:00:00,2067,9,5,NA,15.8986491106207,19.9490908853442
2067-09-06 12:00:00,2067,9,6,NA,15.8832979465984,19.4750570149952
2067-09-07 12:00:00,2067,9,7,NA,12.9936598738153,20.5023702790716
2067-09-08 12:00:00,2067,9,8,NA,11.2006959821784,22.9161653505191
2067-09-09 12:00:00,2067,9,9,NA,11.7980351670344,19.975999996024
2067-09-10 12:00:00,2067,9,10,NA,12.09449299477,18.9140651935772
2067-09-11 12:00:00,2067,9,11,NA,9.83394847504828,22.2681744555134
2067-09-12 12:00:00,2067,9,12,NA,8.25981566021697,22.4310770776714
2067-09-13 12:00:00,2067,9,13,NA,8.97471499023147,21.419340019232
2067-09-14 12:00:00,2067,9,14,NA,12.37058457155,21.2287703093164
2067-09-15 12:00:00,2067,9,15,NA,11.6391075005802,27.0034440479048
2067-09-16 12:00:00,2067,9,16,NA,12.6562443692464,25.1022381660609
2067-09-17 12:00:00,2067,9,17,NA,15.8530110924916,27.4201996541711
2067-09-18 12:00:00,2067,9,18,NA,14.0806904724739,31.6731145711858
2067-09-19 12:00:00,2067,9,19,NA,14.2734347971687,25.57106542263
2067-09-20 12:00:00,2067,9,20,NA,14.1511430581903,21.2309387098904
2067-09-21 12:00:00,2067,9,21,NA,12.0938755821441,22.4638511553743
2067-09-22 12:00:00,2067,9,22,NA,14.1591698716224,21.8884643495231
2067-09-23 12:00:00,2067,9,23,NA,13.2591244339671,21.935908630836
2067-09-24 12:00:00,2067,9,24,NA,12.2100045723484,15.8054290582334
2067-09-25 12:00:00,2067,9,25,NA,11.117906299037,16.7663809473001
2067-09-26 12:00:00,2067,9,26,NA,13.2893400015451,17.8945638131357
2067-09-27 12:00:00,2067,9,27,NA,9.5173754965793,18.0006426529625
2067-09-28 12:00:00,2067,9,28,NA,8.74957870911406,18.4844054891985
2067-09-29 12:00:00,2067,9,29,NA,7.14502223157809,16.6113918210652
2067-09-30 12:00:00,2067,9,30,NA,6.77705540944169,18.7083506607034
2067-10-01 12:00:00,2067,10,1,NA,8.02757445176612,17.7710627943654
2067-10-02 12:00:00,2067,10,2,NA,5.99574533036567,13.936325376112
2067-10-03 12:00:00,2067,10,3,NA,9.28639649646538,16.8181677311378
2067-10-04 12:00:00,2067,10,4,NA,9.57557897882812,17.8923717945092
2067-10-05 12:00:00,2067,10,5,NA,8.20495486092168,18.1898340472418
2067-10-06 12:00:00,2067,10,6,NA,6.59655350510875,16.9043592109859
2067-10-07 12:00:00,2067,10,7,NA,9.15001795122472,17.2118546233777
2067-10-08 12:00:00,2067,10,8,NA,9.95946626097517,19.4503984957439
2067-10-09 12:00:00,2067,10,9,NA,12.6120795261571,17.3230944496583
2067-10-10 12:00:00,2067,10,10,NA,14.2178623906652,23.4672845843589
2067-10-11 12:00:00,2067,10,11,NA,9.31451020202597,18.6539226219512
2067-10-12 12:00:00,2067,10,12,NA,6.19534070956079,19.1127321598503
2067-10-13 12:00:00,2067,10,13,NA,5.46994074403438,14.2676809321856
2067-10-14 12:00:00,2067,10,14,NA,12.0430334562132,17.4299999453405
2067-10-15 12:00:00,2067,10,15,NA,14.4570840545065,24.0451678824633
2067-10-16 12:00:00,2067,10,16,NA,11.2599469943399,23.4301167057584
2067-10-17 12:00:00,2067,10,17,NA,10.9606930481915,22.0144914873198
2067-10-18 12:00:00,2067,10,18,NA,10.5453819224716,19.1950910414638
2067-10-19 12:00:00,2067,10,19,NA,9.95724291635656,16.2396300114372
2067-10-20 12:00:00,2067,10,20,NA,10.9674608412136,15.3207422600032
2067-10-21 12:00:00,2067,10,21,NA,8.97100342716474,17.5482205348064
2067-10-22 12:00:00,2067,10,22,NA,10.4829594417048,18.330036995433
2067-10-23 12:00:00,2067,10,23,NA,10.8985135596898,19.5268844921053
2067-10-24 12:00:00,2067,10,24,NA,11.7458734167998,19.1934336309828
2067-10-25 12:00:00,2067,10,25,NA,9.85718172388975,13.0600718087965
2067-10-26 12:00:00,2067,10,26,NA,5.29045024810795,11.669870868372
2067-10-27 12:00:00,2067,10,27,NA,6.759372767409,13.6198834493766
2067-10-28 12:00:00,2067,10,28,NA,6.09500057012465,13.077374035491
2067-10-29 12:00:00,2067,10,29,NA,6.80199292088751,12.1316432935757
2067-10-30 12:00:00,2067,10,30,NA,5.17000097673156,15.5397672200311
2067-10-31 12:00:00,2067,10,31,NA,5.37142208190649,16.3647518375326
2067-11-01 12:00:00,2067,11,1,NA,8.28639605758674,15.8181672922591
2067-11-02 12:00:00,2067,11,2,NA,10.0134154653148,19.5406543762292
2067-11-03 12:00:00,2067,11,3,NA,9.99885438703922,15.6101541540199
2067-11-04 12:00:00,2067,11,4,NA,6.76224695664806,9.92595312682563
2067-11-05 12:00:00,2067,11,5,NA,5.03434866264592,13.8318052879829
2067-11-06 12:00:00,2067,11,6,NA,7.66704153224298,16.1236624870507
2067-11-07 12:00:00,2067,11,7,NA,7.66537087016498,11.5960872555654
2067-11-08 12:00:00,2067,11,8,NA,5.34741176907207,8.18168085850752
2067-11-09 12:00:00,2067,11,9,NA,5.93812842801671,8.38444219549809
2067-11-10 12:00:00,2067,11,10,NA,1.83247725946124,7.42043134657399
2067-11-11 12:00:00,2067,11,11,NA,4.08776108249895,5.03543490789126
2067-11-12 12:00:00,2067,11,12,NA,3.51098460946551,7.39689310483993
2067-11-13 12:00:00,2067,11,13,NA,4.65288330132381,7.48106874237828
2067-11-14 12:00:00,2067,11,14,NA,-1.4853164176971,7.63910586532269
2067-11-15 12:00:00,2067,11,15,NA,-1.67677458271763,6.25575996355207
2067-11-16 12:00:00,2067,11,16,NA,0.868902946947523,9.84829656388268
2067-11-17 12:00:00,2067,11,17,NA,1.04218070605283,8.55670292365673
2067-11-18 12:00:00,2067,11,18,NA,0.494571483306784,6.28841527138841
2067-11-19 12:00:00,2067,11,19,NA,3.03564246528322,7.96012389143405
2067-11-20 12:00:00,2067,11,20,NA,3.6003163032397,9.98804892543781
2067-11-21 12:00:00,2067,11,21,NA,5.56586961686841,9.51800773193315
2067-11-22 12:00:00,2067,11,22,NA,3.06561357563089,11.2888227269194
2067-11-23 12:00:00,2067,11,23,NA,3.13145970991533,9.93388814419742
2067-11-24 12:00:00,2067,11,24,NA,5.2347705147484,11.0722071180245
2067-11-25 12:00:00,2067,11,25,NA,3.57806832971199,5.52560242796952
2067-11-26 12:00:00,2067,11,26,NA,-0.266104944081403,4.85929587804413
2067-11-27 12:00:00,2067,11,27,NA,-2.2311697026751,4.37486950122025
2067-11-28 12:00:00,2067,11,28,NA,-0.419188958239318,7.76185410178074
2067-11-29 12:00:00,2067,11,29,NA,-1.87188622652538,9.54120154119921
2067-11-30 12:00:00,2067,11,30,NA,-2.83738430781348,6.95647108431772
2067-12-01 12:00:00,2067,12,1,NA,-2.08938012239704,6.27344607089726
2067-12-02 12:00:00,2067,12,2,NA,1.74307163946271,3.62649180299611
2067-12-03 12:00:00,2067,12,3,NA,-0.145155422810611,3.83631803459485
2067-12-04 12:00:00,2067,12,4,NA,-1.44730093294661,3.6426773289958
2067-12-05 12:00:00,2067,12,5,NA,1.42312656774415,5.24748813348839
2067-12-06 12:00:00,2067,12,6,NA,-0.99366613654943,6.11598342614665
2067-12-07 12:00:00,2067,12,7,NA,-9.77543347145302,2.43743669184587
2067-12-08 12:00:00,2067,12,8,NA,3.22008357484143,9.50395255009957
2067-12-09 12:00:00,2067,12,9,NA,0.976542165928454,7.05550482260395
2067-12-10 12:00:00,2067,12,10,NA,-1.0005511731267,6.62883970963957
2067-12-11 12:00:00,2067,12,11,NA,4.18062786299307,10.1979157536331
2067-12-12 12:00:00,2067,12,12,NA,3.09834531940874,14.5236556676138
2067-12-13 12:00:00,2067,12,13,NA,2.04318280621881,6.47801770257697
2067-12-14 12:00:00,2067,12,14,NA,-2.46813538642487,3.62841158532899
2067-12-15 12:00:00,2067,12,15,NA,-2.04328985255989,4.92388847875014
2067-12-16 12:00:00,2067,12,16,NA,3.57972446074792,11.7295088676865
2067-12-17 12:00:00,2067,12,17,NA,6.85275514947094,11.6444807086706
2067-12-18 12:00:00,2067,12,18,NA,5.16076377622923,8.57050220239784
2067-12-19 12:00:00,2067,12,19,NA,4.15727717650218,7.06820573934777
2067-12-20 12:00:00,2067,12,20,NA,3.74686290666906,9.2757610446912
2067-12-21 12:00:00,2067,12,21,NA,6.49428880275193,10.2635878826914
2067-12-22 12:00:00,2067,12,22,NA,7.43557425555757,11.9075844071341
2067-12-23 12:00:00,2067,12,23,NA,5.9961784100902,12.1542916004636
2067-12-24 12:00:00,2067,12,24,NA,4.29873399181023,9.19352784669692
2067-12-25 12:00:00,2067,12,25,NA,3.785205112026,6.82471517290063
2067-12-26 12:00:00,2067,12,26,NA,4.0737818254253,6.52016957398117
2067-12-27 12:00:00,2067,12,27,NA,3.48839308266238,6.3809804775616
2067-12-28 12:00:00,2067,12,28,NA,2.64476150730949,5.7009276800714
2067-12-29 12:00:00,2067,12,29,NA,2.90006751853715,7.76557396965945
2067-12-30 12:00:00,2067,12,30,NA,3.42304905539259,5.23331919152526
2067-12-31 12:00:00,2067,12,31,NA,-0.653229118332385,2.36756452439196
2068-01-01 12:00:00,2068,1,1,NA,-1.65115584845096,5.18716602592632
2068-01-02 12:00:00,2068,1,2,NA,-3.32606071351948,1.4365733219205
2068-01-03 12:00:00,2068,1,3,NA,2.64120053645542,7.46606560839422
2068-01-04 12:00:00,2068,1,4,NA,1.37510431930016,9.4344952810809
2068-01-05 12:00:00,2068,1,5,NA,-1.31416723530406,6.90409572118536
2068-01-06 12:00:00,2068,1,6,NA,0.758729016034276,8.61070355988805
2068-01-07 12:00:00,2068,1,7,NA,1.07307365063841,5.72503757355048
2068-01-08 12:00:00,2068,1,8,NA,7.48195789895254,13.6564303924222
2068-01-09 12:00:00,2068,1,9,NA,6.36201274795637,13.401769076173
2068-01-10 12:00:00,2068,1,10,NA,3.79324556852335,11.0052218547844
2068-01-11 12:00:00,2068,1,11,NA,1.48252515375543,11.4266496122217
2068-01-12 12:00:00,2068,1,12,NA,3.87225166019803,7.64374708846363
2068-01-13 12:00:00,2068,1,13,NA,5.44238443687579,8.58723119490433
2068-01-14 12:00:00,2068,1,14,NA,1.68216139559592,6.15061996045327
2068-01-15 12:00:00,2068,1,15,NA,3.34358076539227,7.31666727529275
2068-01-16 12:00:00,2068,1,16,NA,1.63570224050115,8.64524307502158
2068-01-17 12:00:00,2068,1,17,NA,-1.63842887472269,5.44093321372292
2068-01-18 12:00:00,2068,1,18,NA,-0.382744142816217,11.0704117718731
2068-01-19 12:00:00,2068,1,19,NA,4.90096404082948,9.84335966223531
2068-01-20 12:00:00,2068,1,20,NA,6.28261693066635,13.818829398178
2068-01-21 12:00:00,2068,1,21,NA,4.9653171735865,13.2348262735722
2068-01-22 12:00:00,2068,1,22,NA,7.78422761802062,13.2224683332076
2068-01-23 12:00:00,2068,1,23,NA,8.6213946197999,12.3928900480655
2068-01-24 12:00:00,2068,1,24,NA,8.15140568267471,11.2873051373167
2068-01-25 12:00:00,2068,1,25,NA,4.37950696384257,10.1581801202234
2068-01-26 12:00:00,2068,1,26,NA,-0.98665299746124,5.394877267066
2068-01-27 12:00:00,2068,1,27,NA,1.99758882111994,5.14707420556686
2068-01-28 12:00:00,2068,1,28,NA,-0.107114766236005,2.11873173794852
2068-01-29 12:00:00,2068,1,29,NA,-3.17989893594031,3.94985468269468
2068-01-30 12:00:00,2068,1,30,NA,-11.3974992735487,-8.26252741128192
2068-01-31 12:00:00,2068,1,31,NA,-1.3403906558521,2.37584607038431
2068-02-01 12:00:00,2068,2,1,NA,-1.63970042197001,2.42344875096827
2068-02-02 12:00:00,2068,2,2,NA,-1.80124176840111,7.89759828065744
2068-02-03 12:00:00,2068,2,3,NA,-4.8430153914758,5.66883554382438
2068-02-04 12:00:00,2068,2,4,NA,2.81271634573346,6.84058799429956
2068-02-05 12:00:00,2068,2,5,NA,-1.3292918629206,8.24498189378918
2068-02-06 12:00:00,2068,2,6,NA,1.94320620036158,7.6194956548057
2068-02-07 12:00:00,2068,2,7,NA,0.439995515895483,6.96097033014921
2068-02-08 12:00:00,2068,2,8,NA,-6.57912037178547,7.35200072062185
2068-02-09 12:00:00,2068,2,9,NA,-2.94612355487693,14.2458748220853
2068-02-10 12:00:00,2068,2,10,NA,-6.58718589259891,6.07513041498246
2068-02-11 12:00:00,2068,2,11,NA,0.490431806440378,8.23237329087826
2068-02-12 12:00:00,2068,2,12,NA,-0.531655950204002,10.8796336517052
2068-02-13 12:00:00,2068,2,13,NA,0.465487429735765,11.1226555320506
2068-02-14 12:00:00,2068,2,14,NA,3.97506378117244,16.2170337771493
2068-02-15 12:00:00,2068,2,15,NA,4.31820117716584,14.8582981060338
2068-02-16 12:00:00,2068,2,16,NA,-0.502937762751405,11.2772890181911
2068-02-17 12:00:00,2068,2,17,NA,0.638330358934606,6.64733124342858
2068-02-18 12:00:00,2068,2,18,NA,-1.90292686848983,7.03798861289995
2068-02-19 12:00:00,2068,2,19,NA,-1.86748410383039,4.89572012656291
2068-02-20 12:00:00,2068,2,20,NA,-6.30974747314555,3.2190371253971
2068-02-21 12:00:00,2068,2,21,NA,-4.81387137482647,1.22891877148597
2068-02-22 12:00:00,2068,2,22,NA,-0.79569199197403,7.29471222046149
2068-02-23 12:00:00,2068,2,23,NA,-0.672844127923779,8.21408492025255
2068-02-24 12:00:00,2068,2,24,NA,-0.58667601021425,7.17819727231603
2068-02-25 12:00:00,2068,2,25,NA,1.96872917316466,10.1702642859023
2068-02-26 12:00:00,2068,2,26,NA,2.54653454712051,9.45966110759007
2068-02-27 12:00:00,2068,2,27,NA,-0.663264535009905,4.29460005063082
2068-02-28 12:00:00,2068,2,28,NA,-6.9310401922903,0.342263832798305
2068-02-29 12:00:00,2068,2,29,NA,-3.44286363232264,5.04097993366292
2068-03-01 12:00:00,2068,3,1,NA,2.86250473585502,8.87150562034899
2068-03-02 12:00:00,2068,3,2,NA,6.85913234813347,10.8905892059422
2068-03-03 12:00:00,2068,3,3,NA,4.68302221642764,8.38702269875558
2068-03-04 12:00:00,2068,3,4,NA,0.669527330893025,10.6771057380929
2068-03-05 12:00:00,2068,3,5,NA,1.72593083666685,6.88681368055745
2068-03-06 12:00:00,2068,3,6,NA,-2.38976177304038,7.49573036960799
2068-03-07 12:00:00,2068,3,7,NA,-4.81241786661875,11.0381294253323
2068-03-08 12:00:00,2068,3,8,NA,0.595817846652109,14.8359024321581
2068-03-09 12:00:00,2068,3,9,NA,-0.541428912761877,15.0292983851365
2068-03-10 12:00:00,2068,3,10,NA,-0.324314516935573,9.03642741008698
2068-03-11 12:00:00,2068,3,11,NA,-4.6312028667503,11.4312708539057
2068-03-12 12:00:00,2068,3,12,NA,2.1440602989959,9.66767496858663
2068-03-13 12:00:00,2068,3,13,NA,4.50920270734684,15.4732888751466
2068-03-14 12:00:00,2068,3,14,NA,6.56880641316895,20.8013266617283
2068-03-15 12:00:00,2068,3,15,NA,4.68293565459087,19.7194566033586
2068-03-16 12:00:00,2068,3,16,NA,5.99156083937496,16.2265290364158
2068-03-17 12:00:00,2068,3,17,NA,6.69596047137581,11.0239551411053
2068-03-18 12:00:00,2068,3,18,NA,9.35440543663443,15.2738450740986
2068-03-19 12:00:00,2068,3,19,NA,12.7033582514603,17.2239806440203
2068-03-20 12:00:00,2068,3,20,NA,8.5772110991643,12.8443716037025
2068-03-21 12:00:00,2068,3,21,NA,11.0744598915766,15.2700478042473
2068-03-22 12:00:00,2068,3,22,NA,8.57816149618368,18.3399825760555
2068-03-23 12:00:00,2068,3,23,NA,11.1953826650309,21.3100347079634
2068-03-24 12:00:00,2068,3,24,NA,9.24959495281832,16.5966076099092
2068-03-25 12:00:00,2068,3,25,NA,3.83185695453582,16.0642622661422
2068-03-26 12:00:00,2068,3,26,NA,3.60460764441872,22.0410781010275
2068-03-27 12:00:00,2068,3,27,NA,14.8669640643615,18.5002934061615
2068-03-28 12:00:00,2068,3,28,NA,9.10557866143161,13.2678219525004
2068-03-29 12:00:00,2068,3,29,NA,6.3715146029353,12.3728705018268
2068-03-30 12:00:00,2068,3,30,NA,4.89678372356075,13.9629419009951
2068-03-31 12:00:00,2068,3,31,NA,6.08881708670343,16.2810944073292
2068-04-01 12:00:00,2068,4,1,NA,6.15677020470942,18.0988790042994
2068-04-02 12:00:00,2068,4,2,NA,4.55485785893048,15.4076685824688
2068-04-03 12:00:00,2068,4,3,NA,-0.0753862878958858,12.6308510602264
2068-04-04 12:00:00,2068,4,4,NA,-0.941113602040124,15.3363168029629
2068-04-05 12:00:00,2068,4,5,NA,-2.59453727830987,16.2532699666903
2068-04-06 12:00:00,2068,4,6,NA,-0.344438533702715,12.3337121821694
2068-04-07 12:00:00,2068,4,7,NA,3.8447667525915,17.0151320687503
2068-04-08 12:00:00,2068,4,8,NA,1.3145805323234,18.2692482879279
2068-04-09 12:00:00,2068,4,9,NA,1.32519230026582,17.6805503532552
2068-04-10 12:00:00,2068,4,10,NA,-1.64272163255224,14.3607757320613
2068-04-11 12:00:00,2068,4,11,NA,1.15328373500248,13.5094171873085
2068-04-12 12:00:00,2068,4,12,NA,4.16523589038773,13.3720065832605
2068-04-13 12:00:00,2068,4,13,NA,17.8772536315941,26.2967144008506
2068-04-14 12:00:00,2068,4,14,NA,14.8204059260381,29.6474360377497
2068-04-15 12:00:00,2068,4,15,NA,15.1439713598391,28.632886707424
2068-04-16 12:00:00,2068,4,16,NA,17.878697067275,25.9791833998449
2068-04-17 12:00:00,2068,4,17,NA,15.3854670546493,28.7546372684066
2068-04-18 12:00:00,2068,4,18,NA,16.451235700505,25.9523917395555
2068-04-19 12:00:00,2068,4,19,NA,15.3336971835118,28.2066746455662
2068-04-20 12:00:00,2068,4,20,NA,11.1240790096855,22.7240188655473
2068-04-21 12:00:00,2068,4,21,NA,7.25918457007293,27.2831454406982
2068-04-22 12:00:00,2068,4,22,NA,11.1995378381618,22.8314995753676
2068-04-23 12:00:00,2068,4,23,NA,9.69712745407044,24.4406819415144
2068-04-24 12:00:00,2068,4,24,NA,19.0434698908787,21.8781118539116
2068-04-25 12:00:00,2068,4,25,NA,12.3344572210744,17.6139129601661
2068-04-26 12:00:00,2068,4,26,NA,6.31002719182063,17.9528007258887
2068-04-27 12:00:00,2068,4,27,NA,5.16871576050784,18.3497122950312
2068-04-28 12:00:00,2068,4,28,NA,7.35341976077147,20.4927543378279
2068-04-29 12:00:00,2068,4,29,NA,12.3365621766374,21.5978964650186
2068-04-30 12:00:00,2068,4,30,NA,11.3524057479262,21.9447570039192
2068-05-01 12:00:00,2068,5,1,NA,14.884059770296,20.398399730111
2068-05-02 12:00:00,2068,5,2,NA,14.0702142056853,23.5201569271312
2068-05-03 12:00:00,2068,5,3,NA,11.9246678114205,19.8079445971256
2068-05-04 12:00:00,2068,5,4,NA,12.4877336450479,23.3658032966011
2068-05-05 12:00:00,2068,5,5,NA,10.5504513427573,25.2089166713679
2068-05-06 12:00:00,2068,5,6,NA,15.1482883014184,26.3474148544715
2068-05-07 12:00:00,2068,5,7,NA,14.3919378688201,22.2258267175525
2068-05-08 12:00:00,2068,5,8,NA,11.6456337524831,24.2369734489974
2068-05-09 12:00:00,2068,5,9,NA,10.6505518448307,27.4012363434952
2068-05-10 12:00:00,2068,5,10,NA,14.9823122341753,28.6595928679642
2068-05-11 12:00:00,2068,5,11,NA,13.3958409219006,23.1701699410091
2068-05-12 12:00:00,2068,5,12,NA,11.1879644856071,20.1072580558753
2068-05-13 12:00:00,2068,5,13,NA,9.50758210271699,13.4897874130203
2068-05-14 12:00:00,2068,5,14,NA,12.1478075081113,14.3192803255547
2068-05-15 12:00:00,2068,5,15,NA,11.1350500120161,15.0610549238164
2068-05-16 12:00:00,2068,5,16,NA,8.83533218994017,13.7323525426243
2068-05-17 12:00:00,2068,5,17,NA,5.62506904785957,15.5086939740771
2068-05-18 12:00:00,2068,5,18,NA,6.28900707230865,17.915316966618
2068-05-19 12:00:00,2068,5,19,NA,13.2033047546963,19.9829297122448
2068-05-20 12:00:00,2068,5,20,NA,11.9774058466481,20.3247285682645
2068-05-21 12:00:00,2068,5,21,NA,4.94731618787451,18.9018250017407
2068-05-22 12:00:00,2068,5,22,NA,8.06827241160497,18.7736062933787
2068-05-23 12:00:00,2068,5,23,NA,3.97942163738477,20.5640287542502
2068-05-24 12:00:00,2068,5,24,NA,4.86719803565546,22.9143140074583
2068-05-25 12:00:00,2068,5,25,NA,6.23847841027756,22.1001948499108
2068-05-26 12:00:00,2068,5,26,NA,9.74582474871134,22.4832769755789
2068-05-27 12:00:00,2068,5,27,NA,10.4623550229933,20.0155973137563
2068-05-28 12:00:00,2068,5,28,NA,12.2510362440334,28.0539103380016
2068-05-29 12:00:00,2068,5,29,NA,10.8834056132895,18.6682631242092
2068-05-30 12:00:00,2068,5,30,NA,8.75779276960514,20.3918204121345
2068-05-31 12:00:00,2068,5,31,NA,10.5662131286177,24.9240481367694
2068-06-01 12:00:00,2068,6,1,NA,11.3801293806219,26.9874013306548
2068-06-02 12:00:00,2068,6,2,NA,10.3883768885897,27.7643330046473
2068-06-03 12:00:00,2068,6,3,NA,13.2448858284852,25.4855595367015
2068-06-04 12:00:00,2068,6,4,NA,8.50932599544178,23.9781952527122
2068-06-05 12:00:00,2068,6,5,NA,14.7659073338897,24.9152036425132
2068-06-06 12:00:00,2068,6,6,NA,17.015628363776,28.2964152159959
2068-06-07 12:00:00,2068,6,7,NA,15.2065331834644,27.3912902672868
2068-06-08 12:00:00,2068,6,8,NA,13.2716597672541,29.7110020202811
2068-06-09 12:00:00,2068,6,9,NA,13.6036631737837,26.0775844758796
2068-06-10 12:00:00,2068,6,10,NA,16.2407377596424,26.4388904087135
2068-06-11 12:00:00,2068,6,11,NA,11.9531670741212,27.2020321163079
2068-06-12 12:00:00,2068,6,12,NA,16.3174320256833,23.4090936987298
2068-06-13 12:00:00,2068,6,13,NA,17.0488890596141,23.2182992611806
2068-06-14 12:00:00,2068,6,14,NA,16.0762255659154,23.9981694239508
2068-06-15 12:00:00,2068,6,15,NA,11.3011214091413,22.6561827196342
2068-06-16 12:00:00,2068,6,16,NA,13.4165949404796,24.7716562509725
2068-06-17 12:00:00,2068,6,17,NA,14.8984871924549,22.7294703192053
2068-06-18 12:00:00,2068,6,18,NA,12.1028414074664,24.4646938583024
2068-06-19 12:00:00,2068,6,19,NA,18.2328927800789,24.6591567180313
2068-06-20 12:00:00,2068,6,20,NA,15.7137985689043,27.0207851511868
2068-06-21 12:00:00,2068,6,21,NA,16.1972933363914,24.3702236357118
2068-06-22 12:00:00,2068,6,22,NA,11.4000723941234,21.2190044993601
2068-06-23 12:00:00,2068,6,23,NA,12.0501951901293,20.3085606212141
2068-06-24 12:00:00,2068,6,24,NA,13.2740726804963,18.3457686299825
2068-06-25 12:00:00,2068,6,25,NA,10.9993636778324,22.2579104540781
2068-06-26 12:00:00,2068,6,26,NA,8.67500832110034,21.3304594020608
2068-06-27 12:00:00,2068,6,27,NA,5.74865389628347,25.3793346262073
2068-06-28 12:00:00,2068,6,28,NA,9.77856094088725,26.0694794407902
2068-06-29 12:00:00,2068,6,29,NA,9.42053390772828,28.4377013141332
2068-06-30 12:00:00,2068,6,30,NA,11.7458927445345,31.0297119131796
2068-07-01 12:00:00,2068,7,1,NA,16.2559687963401,32.7840097847923
2068-07-02 12:00:00,2068,7,2,NA,17.9442215682038,25.1713576569007
2068-07-03 12:00:00,2068,7,3,NA,13.0192406187345,21.4147634287446
2068-07-04 12:00:00,2068,7,4,NA,11.985904834748,20.0892351729519
2068-07-05 12:00:00,2068,7,5,NA,8.87295448321342,25.9394225747317
2068-07-06 12:00:00,2068,7,6,NA,19.2874997902556,35.3454211721367
2068-07-07 12:00:00,2068,7,7,NA,18.1776307068931,37.4461190852001
2068-07-08 12:00:00,2068,7,8,NA,11.84111019337,29.0260372531415
2068-07-09 12:00:00,2068,7,9,NA,11.8804085548952,22.952623959869
2068-07-10 12:00:00,2068,7,10,NA,11.3877556928303,24.2324596032498
2068-07-11 12:00:00,2068,7,11,NA,14.5351103485957,22.2899456815024
2068-07-12 12:00:00,2068,7,12,NA,11.7580108797444,22.2783127655313
2068-07-13 12:00:00,2068,7,13,NA,8.9254510195244,23.2655978601683
2068-07-14 12:00:00,2068,7,14,NA,9.79238998822855,22.8234131181065
2068-07-15 12:00:00,2068,7,15,NA,6.48911797222426,24.3276517001431
2068-07-16 12:00:00,2068,7,16,NA,10.4412680851915,27.8144415599392
2068-07-17 12:00:00,2068,7,17,NA,15.1926653220118,30.381647944572
2068-07-18 12:00:00,2068,7,18,NA,17.8567531813713,25.2595425602852
2068-07-19 12:00:00,2068,7,19,NA,20.6591337716208,29.5445504904221
2068-07-20 12:00:00,2068,7,20,NA,21.4069572834876,31.3782177204602
2068-07-21 12:00:00,2068,7,21,NA,19.5287333705628,29.0888673236839
2068-07-22 12:00:00,2068,7,22,NA,18.1220086125116,33.186146309958
2068-07-23 12:00:00,2068,7,23,NA,16.275267082302,29.0352985273879
2068-07-24 12:00:00,2068,7,24,NA,17.2105515631793,30.1976549721541
2068-07-25 12:00:00,2068,7,25,NA,21.0703061230664,36.0873545245135
2068-07-26 12:00:00,2068,7,26,NA,21.1700430130779,33.8523863555674
2068-07-27 12:00:00,2068,7,27,NA,18.7479965119642,33.0478263104506
2068-07-28 12:00:00,2068,7,28,NA,22.4071929552629,27.3000653815445
2068-07-29 12:00:00,2068,7,29,NA,19.0741021438363,28.4878024673176
2068-07-30 12:00:00,2068,7,30,NA,12.8038693219135,27.8215244672744
2068-07-31 12:00:00,2068,7,31,NA,13.7553096651184,23.615522659196
2068-08-01 12:00:00,2068,8,1,NA,16.5980529210167,26.0962424478778
2068-08-02 12:00:00,2068,8,2,NA,13.477848885267,24.0228156386735
2068-08-03 12:00:00,2068,8,3,NA,7.76557767663406,26.3874110458316
2068-08-04 12:00:00,2068,8,4,NA,14.8180938790396,29.3168021366296
2068-08-05 12:00:00,2068,8,5,NA,16.7810411232722,26.9808657651534
2068-08-06 12:00:00,2068,8,6,NA,18.4443518840491,27.9805331298251
2068-08-07 12:00:00,2068,8,7,NA,15.4813874758042,28.3905958179019
2068-08-08 12:00:00,2068,8,8,NA,16.8953156624757,29.109550601282
2068-08-09 12:00:00,2068,8,9,NA,16.1655702986228,29.1400510269177
2068-08-10 12:00:00,2068,8,10,NA,14.1194490573056,24.3686968430905
2068-08-11 12:00:00,2068,8,11,NA,15.4781338254941,23.8326651663175
2068-08-12 12:00:00,2068,8,12,NA,14.7765598696516,24.5697899496995
2068-08-13 12:00:00,2068,8,13,NA,14.7369986095321,23.5195321924682
2068-08-14 12:00:00,2068,8,14,NA,14.5779929454601,25.2646965964713
2068-08-15 12:00:00,2068,8,15,NA,16.2344879507118,29.0485693164184
2068-08-16 12:00:00,2068,8,16,NA,16.5163727562561,25.6136945851007
2068-08-17 12:00:00,2068,8,17,NA,15.1547004251416,24.6757411425479
2068-08-18 12:00:00,2068,8,18,NA,14.9923741583074,23.6052635112239
2068-08-19 12:00:00,2068,8,19,NA,17.0966150395845,28.6138533688328
2068-08-20 12:00:00,2068,8,20,NA,19.9310387216384,27.5896515376433
2068-08-21 12:00:00,2068,8,21,NA,14.7214880586063,22.8222291055446
2068-08-22 12:00:00,2068,8,22,NA,14.6397525347019,21.8388107342636
2068-08-23 12:00:00,2068,8,23,NA,11.4671724234234,19.1257852394283
2068-08-24 12:00:00,2068,8,24,NA,13.725905988834,22.8694157964695
2068-08-25 12:00:00,2068,8,25,NA,16.1159881398621,23.3048022150246
2068-08-26 12:00:00,2068,8,26,NA,17.5317138049419,25.1903266209468
2068-08-27 12:00:00,2068,8,27,NA,19.3549355374218,23.8434474034656
2068-08-28 12:00:00,2068,8,28,NA,19.0806046888256,26.9570615252694
2068-08-29 12:00:00,2068,8,29,NA,18.0568155046094,24.4197906982256
2068-08-30 12:00:00,2068,8,30,NA,18.2090120144264,22.8142610060424
2068-08-31 12:00:00,2068,8,31,NA,18.9877919938151,26.1766060689776
2068-09-01 12:00:00,2068,9,1,NA,14.115746675063,20.6175634406461
2068-09-02 12:00:00,2068,9,2,NA,11.7535568710339,24.6881075227891
2068-09-03 12:00:00,2068,9,3,NA,15.3787724935998,25.8466058388537
2068-09-04 12:00:00,2068,9,4,NA,15.6726364129958,27.6355123283218
2068-09-05 12:00:00,2068,9,5,NA,13.627334394776,23.3621611748604
2068-09-06 12:00:00,2068,9,6,NA,9.79658921821827,24.1090742624718
2068-09-07 12:00:00,2068,9,7,NA,9.44718795827451,24.5362330897516
2068-09-08 12:00:00,2068,9,8,NA,9.95246705218459,21.2799040364686
2068-09-09 12:00:00,2068,9,9,NA,9.36629861467627,22.6370794774952
2068-09-10 12:00:00,2068,9,10,NA,8.88012718796004,24.4816186236605
2068-09-11 12:00:00,2068,9,11,NA,13.0877693029292,22.8810350098495
2068-09-12 12:00:00,2068,9,12,NA,14.6069509948126,20.4673269664577
2068-09-13 12:00:00,2068,9,13,NA,11.063215300675,22.1134660469709
2068-09-14 12:00:00,2068,9,14,NA,11.870181131548,18.6577465965834
2068-09-15 12:00:00,2068,9,15,NA,13.9218646425659,19.570339290829
2068-09-16 12:00:00,2068,9,16,NA,11.2612165677101,21.0570353826535
2068-09-17 12:00:00,2068,9,17,NA,9.94532641075628,19.5150801516007
2068-09-18 12:00:00,2068,9,18,NA,6.45005157722828,20.7625366214819
2068-09-19 12:00:00,2068,9,19,NA,13.849151254835,21.0415150302802
2068-09-20 12:00:00,2068,9,20,NA,11.7029733278022,17.4936122905896
2068-09-21 12:00:00,2068,9,21,NA,7.45478057312652,17.2033915576031
2068-09-22 12:00:00,2068,9,22,NA,5.63057435909285,17.6335401270406
2068-09-23 12:00:00,2068,9,23,NA,11.1445794528512,18.6448359868724
2068-09-24 12:00:00,2068,9,24,NA,9.91201266723973,18.3410822585481
2068-09-25 12:00:00,2068,9,25,NA,9.15578018751125,15.0453677796596
2068-09-26 12:00:00,2068,9,26,NA,3.93034965173979,19.2946861990644
2068-09-27 12:00:00,2068,9,27,NA,3.6437647544607,18.5563737957402
2068-09-28 12:00:00,2068,9,28,NA,7.68824833409548,20.174031852439
2068-09-29 12:00:00,2068,9,29,NA,7.9937426375447,18.0173990906983
2068-09-30 12:00:00,2068,9,30,NA,4.540990612452,15.0293645091065
2068-10-01 12:00:00,2068,10,1,NA,3.25583065112243,16.7283573609258
2068-10-02 12:00:00,2068,10,2,NA,8.73178639017236,18.1476197783412
2068-10-03 12:00:00,2068,10,3,NA,7.35130823117395,15.9507224388567
2068-10-04 12:00:00,2068,10,4,NA,6.47064504180469,17.3247088432946
2068-10-05 12:00:00,2068,10,5,NA,7.14554991178352,20.0121250139735
2068-10-06 12:00:00,2068,10,6,NA,7.62376309300768,14.464346115576
2068-10-07 12:00:00,2068,10,7,NA,5.56318306825021,16.4199025870869
2068-10-08 12:00:00,2068,10,8,NA,8.40168014327693,19.9753672482287
2068-10-09 12:00:00,2068,10,9,NA,12.1857658440349,21.6223731451128
2068-10-10 12:00:00,2068,10,10,NA,11.2797389651152,17.7678596633006
2068-10-11 12:00:00,2068,10,11,NA,11.5670020012159,18.7327360449179
2068-10-12 12:00:00,2068,10,12,NA,14.0654756421785,18.771614729831
2068-10-13 12:00:00,2068,10,13,NA,12.7745619054556,18.133138380484
2068-10-14 12:00:00,2068,10,14,NA,11.267198371662,16.5868667145757
2068-10-15 12:00:00,2068,10,15,NA,9.84883913760231,21.7578265200873
2068-10-16 12:00:00,2068,10,16,NA,10.0630667388965,23.319830128987
2068-10-17 12:00:00,2068,10,17,NA,10.5675662869851,24.6009046929002
2068-10-18 12:00:00,2068,10,18,NA,11.7191393459153,24.9717254590227
2068-10-19 12:00:00,2068,10,19,NA,10.2528334287872,21.0882671230665
2068-10-20 12:00:00,2068,10,20,NA,11.3456391002008,25.4106779838018
2068-10-21 12:00:00,2068,10,21,NA,10.6757725302715,26.8742809855087
2068-10-22 12:00:00,2068,10,22,NA,11.7612439927862,28.0238410310716
2068-10-23 12:00:00,2068,10,23,NA,9.17410642464507,25.1277231313661
2068-10-24 12:00:00,2068,10,24,NA,10.424087951874,24.4416741492539
2068-10-25 12:00:00,2068,10,25,NA,12.9549434516255,26.657758996682
2068-10-26 12:00:00,2068,10,26,NA,12.1542288761527,25.0825038056112
2068-10-27 12:00:00,2068,10,27,NA,11.3289789730329,22.4003718949319
2068-10-28 12:00:00,2068,10,28,NA,7.50547468058402,18.7691634498599
2068-10-29 12:00:00,2068,10,29,NA,7.22358123118395,23.8024531313504
2068-10-30 12:00:00,2068,10,30,NA,6.46772804669956,19.8242711085884
2068-10-31 12:00:00,2068,10,31,NA,8.86686452976955,17.6315604340495
2068-11-01 12:00:00,2068,11,1,NA,12.3837611936417,17.7916253957249
2068-11-02 12:00:00,2068,11,2,NA,12.4903511713934,14.5973224200676
2068-11-03 12:00:00,2068,11,3,NA,12.7382485858525,16.4675970873429
2068-11-04 12:00:00,2068,11,4,NA,10.6327402443448,16.2875651075385
2068-11-05 12:00:00,2068,11,5,NA,8.22126726779291,13.222795598661
2068-11-06 12:00:00,2068,11,6,NA,10.0777890040298,13.6054968825713
2068-11-07 12:00:00,2068,11,7,NA,6.37730462749186,8.72038128585007
2068-11-08 12:00:00,2068,11,8,NA,7.97112875731855,10.0277253131481
2068-11-09 12:00:00,2068,11,9,NA,5.10877456654687,8.90771979352997
2068-11-10 12:00:00,2068,11,10,NA,7.77785306071458,10.5796108991662
2068-11-11 12:00:00,2068,11,11,NA,6.96706523548286,13.0400052085597
2068-11-12 12:00:00,2068,11,12,NA,4.2605435817933,13.5518607975691
2068-11-13 12:00:00,2068,11,13,NA,5.21147922856624,10.8814521758016
2068-11-14 12:00:00,2068,11,14,NA,4.35922468421353,11.9215911926762
2068-11-15 12:00:00,2068,11,15,NA,7.92966134952123,16.3658049817462
2068-11-16 12:00:00,2068,11,16,NA,8.92735175149608,15.4612304059499
2068-11-17 12:00:00,2068,11,17,NA,4.69188005461972,15.1749963167096
2068-11-18 12:00:00,2068,11,18,NA,1.42899958647879,11.4767580343967
2068-11-19 12:00:00,2068,11,19,NA,-2.86346140211333,5.49936479118097
2068-11-20 12:00:00,2068,11,20,NA,-4.86727147796772,6.12229296694379
2068-11-21 12:00:00,2068,11,21,NA,0.945005519063048,5.64855953605913
2068-11-22 12:00:00,2068,11,22,NA,-0.314328286999102,7.20968265715187
2068-11-23 12:00:00,2068,11,23,NA,2.01499083956,8.40222176579553
2068-11-24 12:00:00,2068,11,24,NA,7.88746969674104,15.3410952025545
2068-11-25 12:00:00,2068,11,25,NA,6.78365267385225,9.60181969836988
2068-11-26 12:00:00,2068,11,26,NA,4.36586060460428,6.80367948942571
2068-11-27 12:00:00,2068,11,27,NA,4.43792429501132,7.51144056270413
2068-11-28 12:00:00,2068,11,28,NA,3.97688774623805,12.774344371575
2068-11-29 12:00:00,2068,11,29,NA,2.33753780832053,12.0569192501646
2068-11-30 12:00:00,2068,11,30,NA,4.0987286635404,8.94104025091514
2068-12-01 12:00:00,2068,12,1,NA,6.89294932997468,8.84612156151244
2068-12-02 12:00:00,2068,12,2,NA,2.80404665384207,7.10320777935684
2068-12-03 12:00:00,2068,12,3,NA,3.97650736139355,7.59248114715948
2068-12-04 12:00:00,2068,12,4,NA,3.52420932745933,5.54958653943249
2068-12-05 12:00:00,2068,12,5,NA,2.03566884951015,4.98194465532832
2068-12-06 12:00:00,2068,12,6,NA,3.48171693016723,7.50338119106906
2068-12-07 12:00:00,2068,12,7,NA,5.04077298255202,8.09844206036139
2068-12-08 12:00:00,2068,12,8,NA,8.60422735137366,11.5473453839402
2068-12-09 12:00:00,2068,12,9,NA,8.68172100978746,12.8347429675187
2068-12-10 12:00:00,2068,12,10,NA,5.16471327336656,10.254556644128
2068-12-11 12:00:00,2068,12,11,NA,6.17429919149104,11.2729668255743
2068-12-12 12:00:00,2068,12,12,NA,9.08998246168249,14.5822284819848
2068-12-13 12:00:00,2068,12,13,NA,6.93857256436004,12.9102697959317
2068-12-14 12:00:00,2068,12,14,NA,7.07107721601995,10.8954387817642
2068-12-15 12:00:00,2068,12,15,NA,4.61974430936583,10.6094593930279
2068-12-16 12:00:00,2068,12,16,NA,0.179734861535022,9.82568969078159
2068-12-17 12:00:00,2068,12,17,NA,3.09861092718347,13.5701017041856
2068-12-18 12:00:00,2068,12,18,NA,3.55349546618952,14.7403095611858
2068-12-19 12:00:00,2068,12,19,NA,4.94043891458358,8.80026904145635
2068-12-20 12:00:00,2068,12,20,NA,4.03511838425947,8.90062483538176
2068-12-21 12:00:00,2068,12,21,NA,4.88685841973237,11.1163450792996
2068-12-22 12:00:00,2068,12,22,NA,8.0684617219368,11.1246278946987
2068-12-23 12:00:00,2068,12,23,NA,4.06292065762621,11.8535443678705
2068-12-24 12:00:00,2068,12,24,NA,7.87914817242743,11.8395185526913
2068-12-25 12:00:00,2068,12,25,NA,5.24075479796507,13.0692377372635
2068-12-26 12:00:00,2068,12,26,NA,6.62715098671091,12.4028760791425
2068-12-27 12:00:00,2068,12,27,NA,10.9602606280126,18.6280547974144
2068-12-28 12:00:00,2068,12,28,NA,10.4182348445138,14.8352682119925
2068-12-29 12:00:00,2068,12,29,NA,2.45762863124338,10.5835682256307
2068-12-30 12:00:00,2068,12,30,NA,7.32284234611522,14.1611642204925
2068-12-31 12:00:00,2068,12,31,NA,1.47481442188912,12.4404211826609
2069-01-01 12:00:00,2069,1,1,NA,0.639624992303765,11.8264390873
2069-01-02 12:00:00,2069,1,2,NA,-4.56245604577319,9.93422842558816
2069-01-03 12:00:00,2069,1,3,NA,6.46430307830426,10.969271511605
2069-01-04 12:00:00,2069,1,4,NA,6.10406069929353,12.3943339498578
2069-01-05 12:00:00,2069,1,5,NA,9.59121849403059,13.3627139222962
2069-01-06 12:00:00,2069,1,6,NA,11.5697206129513,20.568217635857
2069-01-07 12:00:00,2069,1,7,NA,7.87074872308008,12.9451937710118
2069-01-08 12:00:00,2069,1,8,NA,8.09494715570008,15.3106753075367
2069-01-09 12:00:00,2069,1,9,NA,7.28423037974005,15.5909030186343
2069-01-10 12:00:00,2069,1,10,NA,8.27366492943724,18.6307274036239
2069-01-11 12:00:00,2069,1,11,NA,7.6192540583397,14.8925984875354
2069-01-12 12:00:00,2069,1,12,NA,13.0087454564198,16.1488394355998
2069-01-13 12:00:00,2069,1,13,NA,10.3597692858687,16.6615759293707
2069-01-14 12:00:00,2069,1,14,NA,9.09420235868705,13.292068132219
2069-01-15 12:00:00,2069,1,15,NA,8.05536271341429,10.1232437750194
2069-01-16 12:00:00,2069,1,16,NA,10.9089605734917,12.6645643009264
2069-01-17 12:00:00,2069,1,17,NA,5.91933826896725,10.5055172123868
2069-01-18 12:00:00,2069,1,18,NA,2.08379932273689,6.91088804546463
2069-01-19 12:00:00,2069,1,19,NA,7.40682876963498,10.2000545283397
2069-01-20 12:00:00,2069,1,20,NA,12.1207035271413,14.7927440421717
2069-01-21 12:00:00,2069,1,21,NA,7.01838056637189,8.75241081253215
2069-01-22 12:00:00,2069,1,22,NA,5.21802166213834,8.98240915320169
2069-01-23 12:00:00,2069,1,23,NA,7.44113142513189,10.5906168095788
2069-01-24 12:00:00,2069,1,24,NA,7.2309415142858,12.4502141754801
2069-01-25 12:00:00,2069,1,25,NA,9.21732964888301,15.34266995231
2069-01-26 12:00:00,2069,1,26,NA,8.35978067857817,11.4588307412653
2069-01-27 12:00:00,2069,1,27,NA,6.83716427231014,16.4512657968581
2069-01-28 12:00:00,2069,1,28,NA,8.99093635640753,17.2604454563932
2069-01-29 12:00:00,2069,1,29,NA,6.89363509353201,12.6060435511226
2069-01-30 12:00:00,2069,1,30,NA,8.20680267084099,12.5148420989193
2069-01-31 12:00:00,2069,1,31,NA,0.394309842836638,6.48140850504308
2069-02-01 12:00:00,2069,2,1,NA,3.7995039712051,8.70651101514266
2069-02-02 12:00:00,2069,2,2,NA,0.581101564769169,3.29185892900554
2069-02-03 12:00:00,2069,2,3,NA,-3.15618981599664,1.80167476964409
2069-02-04 12:00:00,2069,2,4,NA,-3.98991043848192,0.0770436918873094
2069-02-05 12:00:00,2069,2,5,NA,1.30022897468976,5.32810062325586
2069-02-06 12:00:00,2069,2,6,NA,0.437506580018461,4.3898856347735
2069-02-07 12:00:00,2069,2,7,NA,0.667223431358878,8.18292788789035
2069-02-08 12:00:00,2069,2,8,NA,-0.982022561838473,9.45634045496035
2069-02-09 12:00:00,2069,2,9,NA,0.159986990677297,9.68877158921994
2069-02-10 12:00:00,2069,2,10,NA,2.68051095635242,8.35680041079653
2069-02-11 12:00:00,2069,2,11,NA,1.84227914946886,7.71314398258211
2069-02-12 12:00:00,2069,2,12,NA,3.30033981299398,7.52037759383419
2069-02-13 12:00:00,2069,2,13,NA,1.8913189114141,10.5527786135263
2069-02-14 12:00:00,2069,2,14,NA,6.47122051261177,10.9990458691694
2069-02-15 12:00:00,2069,2,15,NA,2.20895835753293,5.48255331842921
2069-02-16 12:00:00,2069,2,16,NA,4.53930449760257,10.6385697546394
2069-02-17 12:00:00,2069,2,17,NA,0.80329762143699,9.35365069073451
2069-02-18 12:00:00,2069,2,18,NA,-1.78778313493029,6.73316694291433
2069-02-19 12:00:00,2069,2,19,NA,0.0336752531225226,12.2662475035071
2069-02-20 12:00:00,2069,2,20,NA,-0.619930506814865,13.0064874861786
2069-02-21 12:00:00,2069,2,21,NA,-1.79226918106443,9.76431849905796
2069-02-22 12:00:00,2069,2,22,NA,0.60088767815475,3.96885503665823
2069-02-23 12:00:00,2069,2,23,NA,-1.31318301928857,3.64468156635216
2069-02-24 12:00:00,2069,2,24,NA,-0.0276716954350982,6.47421394357157
2069-02-25 12:00:00,2069,2,25,NA,0.659223310494859,7.50822672277399
2069-02-26 12:00:00,2069,2,26,NA,-1.18573248561866,7.77137489537219
2069-02-27 12:00:00,2069,2,27,NA,1.65546700030726,5.88850306073067
2069-02-28 12:00:00,2069,2,28,NA,3.97899055076692,9.93066927743518
2069-03-01 12:00:00,2069,3,1,NA,9.06930626460782,10.5643540657436
2069-03-02 12:00:00,2069,3,2,NA,7.68795494271568,7.04891793402051
2069-03-03 12:00:00,2069,3,3,NA,5.80311136707545,8.33288630025675
2069-03-04 12:00:00,2069,3,4,NA,4.98301640792928,9.25017691246751
2069-03-05 12:00:00,2069,3,5,NA,3.09110296466156,8.27660136099092
2069-03-06 12:00:00,2069,3,6,NA,7.00613980633124,13.0074957052227
2069-03-07 12:00:00,2069,3,7,NA,3.97666141967236,14.3040551769747
2069-03-08 12:00:00,2069,3,8,NA,6.64394933300997,14.0593541087778
2069-03-09 12:00:00,2069,3,9,NA,5.76455273453796,17.6050355644788
2069-03-10 12:00:00,2069,3,10,NA,6.80579569141682,9.39429863747778
2069-03-11 12:00:00,2069,3,11,NA,7.57444965164265,10.668461913769
2069-03-12 12:00:00,2069,3,12,NA,7.0642160191826,13.0655719180741
2069-03-13 12:00:00,2069,3,13,NA,7.64579059794496,14.2570815034725
2069-03-14 12:00:00,2069,3,14,NA,9.34947642244654,13.8996283374607
2069-03-15 12:00:00,2069,3,15,NA,6.4273210540297,15.0431913619071
2069-03-16 12:00:00,2069,3,16,NA,4.95172125106827,13.26242883867
2069-03-17 12:00:00,2069,3,17,NA,2.42719006451484,16.3928070404137
2069-03-18 12:00:00,2069,3,18,NA,6.67390770225705,13.0000100435844
2069-03-19 12:00:00,2069,3,19,NA,3.95957086579258,11.5115935422313
2069-03-20 12:00:00,2069,3,20,NA,2.19874431197555,12.3910216326013
2069-03-21 12:00:00,2069,3,21,NA,8.28010287989857,12.7628887004944
2069-03-22 12:00:00,2069,3,22,NA,10.3697022110079,15.3176010728694
2069-03-23 12:00:00,2069,3,23,NA,5.95235710276898,16.2662842769068
2069-03-24 12:00:00,2069,3,24,NA,8.44978448255831,19.9270143885135
2069-03-25 12:00:00,2069,3,25,NA,5.05760333639285,22.3170125303243
2069-03-26 12:00:00,2069,3,26,NA,6.26073466693262,16.6703759430145
2069-03-27 12:00:00,2069,3,27,NA,-0.325203866222967,9.90976433081787
2069-03-28 12:00:00,2069,3,28,NA,-2.42016536079018,13.7475562453088
2069-03-29 12:00:00,2069,3,29,NA,6.16882640291412,11.7233415478599
2069-03-30 12:00:00,2069,3,30,NA,4.83409857023299,16.0025360945629
2069-03-31 12:00:00,2069,3,31,NA,2.82548293153931,16.8885926425495
2069-04-01 12:00:00,2069,4,1,NA,3.69931691924605,11.4911976446481
2069-04-02 12:00:00,2069,4,2,NA,5.9151191755957,13.2592247236751
2069-04-03 12:00:00,2069,4,3,NA,1.14705482556811,16.3721095920805
2069-04-04 12:00:00,2069,4,4,NA,1.81726442196542,21.5345508799275
2069-04-05 12:00:00,2069,4,5,NA,1.81389897720299,21.622955657287
2069-04-06 12:00:00,2069,4,6,NA,0.15364923329434,28.1037640579018
2069-04-07 12:00:00,2069,4,7,NA,2.05085701329544,20.6394609457577
2069-04-08 12:00:00,2069,4,8,NA,3.43465767336001,23.1486303214247
2069-04-09 12:00:00,2069,4,9,NA,4.46935892288317,18.8709978829839
2069-04-10 12:00:00,2069,4,10,NA,2.52895101141217,17.8322523917873
2069-04-11 12:00:00,2069,4,11,NA,2.18844284725987,19.1965899822518
2069-04-12 12:00:00,2069,4,12,NA,8.19377289248652,16.5186746200499
2069-04-13 12:00:00,2069,4,13,NA,7.87915412278607,19.3481002763916
2069-04-14 12:00:00,2069,4,14,NA,6.5938572394596,23.1720305263206
2069-04-15 12:00:00,2069,4,15,NA,12.2353967379949,19.1068672057104
2069-04-16 12:00:00,2069,4,16,NA,9.77648189767336,18.9391068261129
2069-04-17 12:00:00,2069,4,17,NA,11.2919368215018,20.5472092134385
2069-04-18 12:00:00,2069,4,18,NA,7.14117304464354,22.3662278111559
2069-04-19 12:00:00,2069,4,19,NA,11.9488331356346,29.003118510376
2069-04-20 12:00:00,2069,4,20,NA,9.01790073099748,24.3212021113726
2069-04-21 12:00:00,2069,4,21,NA,8.56683182685103,19.0248453765994
2069-04-22 12:00:00,2069,4,22,NA,9.93997818321576,13.1164004580575
2069-04-23 12:00:00,2069,4,23,NA,7.69804290551157,13.3585832592329
2069-04-24 12:00:00,2069,4,24,NA,7.21610648695345,13.2973101034147
2069-04-25 12:00:00,2069,4,25,NA,9.8206075736658,16.5952376351729
2069-04-26 12:00:00,2069,4,26,NA,6.69990094735584,15.569856727917
2069-04-27 12:00:00,2069,4,27,NA,6.34530684952754,13.5760437077581
2069-04-28 12:00:00,2069,4,28,NA,8.39035424904631,15.7820160352749
2069-04-29 12:00:00,2069,4,29,NA,2.87013808492341,14.8825637621614
2069-04-30 12:00:00,2069,4,30,NA,8.5463187265522,15.7770555847828
2069-05-01 12:00:00,2069,5,1,NA,9.09355408857266,16.3242909468033
2069-05-02 12:00:00,2069,5,2,NA,7.29210046546483,16.6188492712772
2069-05-03 12:00:00,2069,5,3,NA,4.78937438430998,18.5636706477783
2069-05-04 12:00:00,2069,5,4,NA,5.5649198208921,24.6737408879087
2069-05-05 12:00:00,2069,5,5,NA,9.46653153717489,26.9079166800747
2069-05-06 12:00:00,2069,5,6,NA,11.8762141349558,18.7196002237687
2069-05-07 12:00:00,2069,5,7,NA,10.7260745052677,14.6855796724156
2069-05-08 12:00:00,2069,5,8,NA,8.40235622927269,19.3180081768016
2069-05-09 12:00:00,2069,5,9,NA,11.2368752189532,25.8793397442775
2069-05-10 12:00:00,2069,5,10,NA,8.93679529268741,22.0264618367415
2069-05-11 12:00:00,2069,5,11,NA,6.13047804223083,21.8641278178965
2069-05-12 12:00:00,2069,5,12,NA,9.56171148752536,16.4212832752567
2069-05-13 12:00:00,2069,5,13,NA,10.8281513995035,16.7074736091432
2069-05-14 12:00:00,2069,5,14,NA,11.0824641226994,21.3652939678792
2069-05-15 12:00:00,2069,5,15,NA,9.21905027502402,20.4181768280771
2069-05-16 12:00:00,2069,5,16,NA,8.48668550065378,19.1833202900237
2069-05-17 12:00:00,2069,5,17,NA,5.77910834975139,19.4519013258961
2069-05-18 12:00:00,2069,5,18,NA,7.67105710845012,18.9513539089736
2069-05-19 12:00:00,2069,5,19,NA,8.16690076624865,14.0287829193807
2069-05-20 12:00:00,2069,5,20,NA,5.81711662640002,14.6925616441082
2069-05-21 12:00:00,2069,5,21,NA,12.6139275759666,15.5920347467346
2069-05-22 12:00:00,2069,5,22,NA,9.90555269632008,13.9689595223133
2069-05-23 12:00:00,2069,5,23,NA,9.31085376594389,11.2688483257934
2069-05-24 12:00:00,2069,5,24,NA,4.96721881446758,14.6679951842846
2069-05-25 12:00:00,2069,5,25,NA,8.69741921390552,18.5109167088229
2069-05-26 12:00:00,2069,5,26,NA,5.82824011965797,23.4488384095109
2069-05-27 12:00:00,2069,5,27,NA,11.4664542238962,21.2269706155308
2069-05-28 12:00:00,2069,5,28,NA,9.13006788504466,17.9056118360797
2069-05-29 12:00:00,2069,5,29,NA,4.8702354231714,16.7237866524918
2069-05-30 12:00:00,2069,5,30,NA,5.04981315263308,16.3301099531565
2069-05-31 12:00:00,2069,5,31,NA,5.46367234136633,16.1777073929283
2069-06-01 12:00:00,2069,6,1,NA,2.20034961544053,20.9146209762684
2069-06-02 12:00:00,2069,6,2,NA,8.60846888703707,22.1812742481078
2069-06-03 12:00:00,2069,6,3,NA,6.41695156580923,19.1413769723157
2069-06-04 12:00:00,2069,6,4,NA,6.78002689179595,21.1948829126263
2069-06-05 12:00:00,2069,6,5,NA,10.0361137882012,20.4430747028594
2069-06-06 12:00:00,2069,6,6,NA,6.37536651085303,22.9071894574962
2069-06-07 12:00:00,2069,6,7,NA,9.36794816925893,24.8170458387279
2069-06-08 12:00:00,2069,6,8,NA,16.505689066476,22.6631409524287
2069-06-09 12:00:00,2069,6,9,NA,14.5884394248109,20.7309911177893
2069-06-10 12:00:00,2069,6,10,NA,13.1046839663681,18.1868359443679
2069-06-11 12:00:00,2069,6,11,NA,15.509909437776,21.6666539450214
2069-06-12 12:00:00,2069,6,12,NA,7.29155178283409,20.5339038962558
2069-06-13 12:00:00,2069,6,13,NA,9.52369301759072,23.3003142498323
2069-06-14 12:00:00,2069,6,14,NA,9.81306859955368,25.180862164436
2069-06-15 12:00:00,2069,6,15,NA,16.2853374016388,26.6150941702505
2069-06-16 12:00:00,2069,6,16,NA,15.9980090533735,25.2188128439424
2069-06-17 12:00:00,2069,6,17,NA,17.6232754918482,27.8673908698058
2069-06-18 12:00:00,2069,6,18,NA,18.5371109809808,25.9682100686353
2069-06-19 12:00:00,2069,6,19,NA,18.5135995699484,27.1188711233466
2069-06-20 12:00:00,2069,6,20,NA,13.8634647507523,29.8259711071898
2069-06-21 12:00:00,2069,6,21,NA,13.7047386958956,31.2403957932206
2069-06-22 12:00:00,2069,6,22,NA,9.26063975754287,31.0140603303089
2069-06-23 12:00:00,2069,6,23,NA,14.1855873058046,30.0330500753114
2069-06-24 12:00:00,2069,6,24,NA,15.0293860647676,30.6351627035327
2069-06-25 12:00:00,2069,6,25,NA,18.5641618995962,31.7459918541047
2069-06-26 12:00:00,2069,6,26,NA,17.2299471218361,28.3424418503492
2069-06-27 12:00:00,2069,6,27,NA,20.8024982256272,24.93385699829
2069-06-28 12:00:00,2069,6,28,NA,15.8806198365417,30.0346120389502
2069-06-29 12:00:00,2069,6,29,NA,18.2837057507056,34.9070045821051
2069-06-30 12:00:00,2069,6,30,NA,19.1051700542218,35.2507011620364
2069-07-01 12:00:00,2069,7,1,NA,17.3825100433561,27.6757593714528
2069-07-02 12:00:00,2069,7,2,NA,11.5907771189028,29.1416380380767
2069-07-03 12:00:00,2069,7,3,NA,19.9278022871197,27.897969318322
2069-07-04 12:00:00,2069,7,4,NA,21.0036301200229,32.126859117569
2069-07-05 12:00:00,2069,7,5,NA,18.607061893024,30.5024319963511
2069-07-06 12:00:00,2069,7,6,NA,14.8505101701985,28.550008004473
2069-07-07 12:00:00,2069,7,7,NA,13.7890804158378,25.823366482686
2069-07-08 12:00:00,2069,7,8,NA,12.8635722252564,23.3138560223617
2069-07-09 12:00:00,2069,7,9,NA,17.2600609234988,24.884161857897
2069-07-10 12:00:00,2069,7,10,NA,15.0956877559552,23.8202223138654
2069-07-11 12:00:00,2069,7,11,NA,16.2898518545091,24.328474837459
2069-07-12 12:00:00,2069,7,12,NA,14.5122813742931,29.5453738231282
2069-07-13 12:00:00,2069,7,13,NA,13.8273769397648,27.2668160464712
2069-07-14 12:00:00,2069,7,14,NA,14.8008830146123,24.7680212601886
2069-07-15 12:00:00,2069,7,15,NA,12.0975570647993,27.1152122101602
2069-07-16 12:00:00,2069,7,16,NA,16.0817869788708,33.1711594362796
2069-07-17 12:00:00,2069,7,17,NA,13.8631087875201,29.5359079431286
2069-07-18 12:00:00,2069,7,18,NA,17.85462779473,26.0334124086891
2069-07-19 12:00:00,2069,7,19,NA,15.7486739567685,30.9824664642476
2069-07-20 12:00:00,2069,7,20,NA,13.9907237655297,32.2983489789635
2069-07-21 12:00:00,2069,7,21,NA,14.3467251917324,31.9770255448113
2069-07-22 12:00:00,2069,7,22,NA,16.0333521588025,26.2709525842091
2069-07-23 12:00:00,2069,7,23,NA,19.6353678083234,24.5820638479468
2069-07-24 12:00:00,2069,7,24,NA,16.8366569473018,20.7363046773252
2069-07-25 12:00:00,2069,7,25,NA,12.9931246712537,26.1131162519762
2069-07-26 12:00:00,2069,7,26,NA,16.5272036541359,21.4738996937593
2069-07-27 12:00:00,2069,7,27,NA,16.1298046771081,25.6279942039692
2069-07-28 12:00:00,2069,7,28,NA,15.7721008208347,27.547157908643
2069-07-29 12:00:00,2069,7,29,NA,15.6467188078275,22.2442623266127
2069-07-30 12:00:00,2069,7,30,NA,15.4267783267214,20.6904390280769
2069-07-31 12:00:00,2069,7,31,NA,14.9828185648112,22.6069194992095
2069-08-01 12:00:00,2069,8,1,NA,12.3548981177952,18.9633647315371
2069-08-02 12:00:00,2069,8,2,NA,10.7722238983486,18.3963248327468
2069-08-03 12:00:00,2069,8,3,NA,10.3980821006556,19.648451822989
2069-08-04 12:00:00,2069,8,4,NA,8.99550664901236,22.6480554087654
2069-08-05 12:00:00,2069,8,5,NA,14.3646840318685,22.5737313734827
2069-08-06 12:00:00,2069,8,6,NA,14.3460804228264,22.9589697757429
2069-08-07 12:00:00,2069,8,7,NA,14.1866191282447,24.8733227792559
2069-08-08 12:00:00,2069,8,8,NA,15.5907847438067,20.9837234806016
2069-08-09 12:00:00,2069,8,9,NA,16.8380016170359,24.7237086318051
2069-08-10 12:00:00,2069,8,10,NA,16.1623759076069,26.5100173417176
2069-08-11 12:00:00,2069,8,11,NA,15.9329977374186,27.7873166926795
2069-08-12 12:00:00,2069,8,12,NA,12.8895223048839,26.0172206447075
2069-08-13 12:00:00,2069,8,13,NA,9.86762923143763,21.1889423694345
2069-08-14 12:00:00,2069,8,14,NA,13.6622549409566,23.7863861781019
2069-08-15 12:00:00,2069,8,15,NA,11.7947728715646,25.3433169875517
2069-08-16 12:00:00,2069,8,16,NA,12.105987688161,25.3426160738181
2069-08-17 12:00:00,2069,8,17,NA,11.5387181227143,24.6753245332362
2069-08-18 12:00:00,2069,8,18,NA,6.4112830501992,24.7209029852456
2069-08-19 12:00:00,2069,8,19,NA,9.34568880166459,24.9116435735814
2069-08-20 12:00:00,2069,8,20,NA,9.23614552554322,22.9883024244901
2069-08-21 12:00:00,2069,8,21,NA,13.1836514017459,24.4012129003961
2069-08-22 12:00:00,2069,8,22,NA,15.7742760390807,22.9630901142432
2069-08-23 12:00:00,2069,8,23,NA,16.4563757897891,29.3909264415443
2069-08-24 12:00:00,2069,8,24,NA,13.3507970884289,29.9761040178478
2069-08-25 12:00:00,2069,8,25,NA,19.2517659081467,26.9524652592539
2069-08-26 12:00:00,2069,8,26,NA,16.6876410768812,23.9059955653906
2069-08-27 12:00:00,2069,8,27,NA,15.305052884243,26.0882573602517
2069-08-28 12:00:00,2069,8,28,NA,20.7220098282692,29.3348991811857
2069-08-29 12:00:00,2069,8,29,NA,14.9014968808902,28.3579293628941
2069-08-30 12:00:00,2069,8,30,NA,12.0693728463866,24.9306524887355
2069-08-31 12:00:00,2069,8,31,NA,12.4967015702739,24.1955853691084
2069-09-01 12:00:00,2069,9,1,NA,14.4267345797408,25.2479964191866
2069-09-02 12:00:00,2069,9,2,NA,13.8129543746974,21.8900269612697
2069-09-03 12:00:00,2069,9,3,NA,16.6780558594002,22.6357280855061
2069-09-04 12:00:00,2069,9,4,NA,18.0699343239715,21.6953085968735
2069-09-05 12:00:00,2069,9,5,NA,17.5927761241767,22.2743265686768
2069-09-06 12:00:00,2069,9,6,NA,14.432826002529,24.2021701085976
2069-09-07 12:00:00,2069,9,7,NA,13.0285171330685,25.4546109320338
2069-09-08 12:00:00,2069,9,8,NA,10.7399618549052,23.7666169343953
2069-09-09 12:00:00,2069,9,9,NA,8.51988318039755,25.402345529998
2069-09-10 12:00:00,2069,9,10,NA,6.99872316486595,21.9433640124624
2069-09-11 12:00:00,2069,9,11,NA,7.39501895182076,22.0689822552638
2069-09-12 12:00:00,2069,9,12,NA,14.4152885279436,27.7121949165582
2069-09-13 12:00:00,2069,9,13,NA,14.5659573427242,23.0909496335778
2069-09-14 12:00:00,2069,9,14,NA,12.8699633640646,22.9237984008842
2069-09-15 12:00:00,2069,9,15,NA,11.2459520730518,22.5435826985131
2069-09-16 12:00:00,2069,9,16,NA,16.4966821003606,20.9338135769381
2069-09-17 12:00:00,2069,9,17,NA,16.5761194396321,21.8928095727608
2069-09-18 12:00:00,2069,9,18,NA,16.6732670451957,20.5844834399963
2069-09-19 12:00:00,2069,9,19,NA,15.8693232502134,18.1399533316313
2069-09-20 12:00:00,2069,9,20,NA,11.7066035566738,19.966497853398
2069-09-21 12:00:00,2069,9,21,NA,7.42555335792402,19.6897791912309
2069-09-22 12:00:00,2069,9,22,NA,17.2780320425136,23.0356542914246
2069-09-23 12:00:00,2069,9,23,NA,16.1937653823653,20.8753158268655
2069-09-24 12:00:00,2069,9,24,NA,16.1278751139706,22.0228807496138
2069-09-25 12:00:00,2069,9,25,NA,11.3708189636134,20.2100175276134
2069-09-26 12:00:00,2069,9,26,NA,8.30934977890252,21.7172762511884
2069-09-27 12:00:00,2069,9,27,NA,4.90028444843066,20.9648896798194
2069-09-28 12:00:00,2069,9,28,NA,7.49019675597657,19.5237018448929
2069-09-29 12:00:00,2069,9,29,NA,11.3849671506155,20.9547208914599
2069-09-30 12:00:00,2069,9,30,NA,13.7300205237513,19.4073665777496
2069-10-01 12:00:00,2069,10,1,NA,13.2382138806966,21.4043699006873
2069-10-02 12:00:00,2069,10,2,NA,12.4937930610143,20.7206063661656
2069-10-03 12:00:00,2069,10,3,NA,10.7694946783472,17.6789174896585
2069-10-04 12:00:00,2069,10,4,NA,10.236079657181,17.5409783425874
2069-10-05 12:00:00,2069,10,5,NA,11.7795766413095,15.0025438848151
2069-10-06 12:00:00,2069,10,6,NA,8.57800319935847,15.8829018847648
2069-10-07 12:00:00,2069,10,7,NA,7.87417780319308,14.2936569246622
2069-10-08 12:00:00,2069,10,8,NA,3.83880023851305,13.2432578773337
2069-10-09 12:00:00,2069,10,9,NA,5.53293840877734,15.3089103045499
2069-10-10 12:00:00,2069,10,10,NA,2.07681528447949,16.9561495912234
2069-10-11 12:00:00,2069,10,11,NA,5.26505829504076,19.6012791600842
2069-10-12 12:00:00,2069,10,12,NA,9.07004465744675,21.8391763320492
2069-10-13 12:00:00,2069,10,13,NA,8.52096970465187,24.2681747275061
2069-10-14 12:00:00,2069,10,14,NA,12.9389246876241,19.7994353695917
2069-10-15 12:00:00,2069,10,15,NA,12.0260065881558,18.575256003819
2069-10-16 12:00:00,2069,10,16,NA,6.55844346585674,16.0493757006254
2069-10-17 12:00:00,2069,10,17,NA,4.49944418736912,16.0359366072651
2069-10-18 12:00:00,2069,10,18,NA,10.1367029002025,17.6995638195882
2069-10-19 12:00:00,2069,10,19,NA,10.2914196564907,14.6016132237555
2069-10-20 12:00:00,2069,10,20,NA,7.2949380333059,17.0501015626583
2069-10-21 12:00:00,2069,10,21,NA,5.11331193534067,19.2937227610754
2069-10-22 12:00:00,2069,10,22,NA,10.2488875228569,15.1691523206702
2069-10-23 12:00:00,2069,10,23,NA,7.99739584167347,12.1528102695636
2069-10-24 12:00:00,2069,10,24,NA,8.66316383560266,15.1438336730867
2069-10-25 12:00:00,2069,10,25,NA,5.6824270601247,13.1349995251712
2069-10-26 12:00:00,2069,10,26,NA,2.01746884650265,13.3550026475213
2069-10-27 12:00:00,2069,10,27,NA,9.58908006267579,13.744494490566
2069-10-28 12:00:00,2069,10,28,NA,8.63542201103234,13.8462496074691
2069-10-29 12:00:00,2069,10,29,NA,7.34887835807764,17.8834759046345
2069-10-30 12:00:00,2069,10,30,NA,9.40391827543043,18.7924121802972
2069-10-31 12:00:00,2069,10,31,NA,5.37958839143737,17.6719501780841
2069-11-01 12:00:00,2069,11,1,NA,3.16331235111779,17.3437231768526
2069-11-02 12:00:00,2069,11,2,NA,7.37086055697323,20.7467164772919
2069-11-03 12:00:00,2069,11,3,NA,7.83767091059527,17.5636430457991
2069-11-04 12:00:00,2069,11,4,NA,8.48178804605952,11.3607307414012
2069-11-05 12:00:00,2069,11,5,NA,2.1707469885999,6.89134159420972
2069-11-06 12:00:00,2069,11,6,NA,0.509477633398859,7.16037051410718
2069-11-07 12:00:00,2069,11,7,NA,0.27705142631675,10.2241715841477
2069-11-08 12:00:00,2069,11,8,NA,4.73143902694538,11.7071985051052
2069-11-09 12:00:00,2069,11,9,NA,7.3312813968715,15.716725132187
2069-11-10 12:00:00,2069,11,10,NA,8.4172232698285,14.2546598731046
2069-11-11 12:00:00,2069,11,11,NA,4.38436025840726,7.21254569946173
2069-11-12 12:00:00,2069,11,12,NA,2.91872328385886,9.52629612011565
2069-11-13 12:00:00,2069,11,13,NA,4.13312159752517,9.87898781017473
2069-11-14 12:00:00,2069,11,14,NA,6.34624108041276,13.7898209650455
2069-11-15 12:00:00,2069,11,15,NA,6.57889685968351,11.8571682468658
2069-11-16 12:00:00,2069,11,16,NA,8.82176576553445,14.5565641109746
2069-11-17 12:00:00,2069,11,17,NA,6.08021219982152,14.2965975181469
2069-11-18 12:00:00,2069,11,18,NA,7.40527419238488,13.9285981147209
2069-11-19 12:00:00,2069,11,19,NA,10.1763320518488,13.2608462566239
2069-11-20 12:00:00,2069,11,20,NA,6.08203228211559,11.0065137082664
2069-11-21 12:00:00,2069,11,21,NA,6.73209773758374,9.19542643908416
2069-11-22 12:00:00,2069,11,22,NA,1.66230609854795,7.34005494394289
2069-11-23 12:00:00,2069,11,23,NA,-1.02404441653576,5.8101494118097
2069-11-24 12:00:00,2069,11,24,NA,-1.20229018838985,7.84086197307218
2069-11-25 12:00:00,2069,11,25,NA,-0.275869592731351,6.82137499326072
2069-11-26 12:00:00,2069,11,26,NA,-1.84141223773895,10.3014066988551
2069-11-27 12:00:00,2069,11,27,NA,5.09208852213728,13.3152976734258
2069-11-28 12:00:00,2069,11,28,NA,8.5316456411382,14.1366725623677
2069-11-29 12:00:00,2069,11,29,NA,3.72417298311447,13.9032936993649
2069-11-30 12:00:00,2069,11,30,NA,7.56863918910521,20.5324746907087
2069-12-01 12:00:00,2069,12,1,NA,9.60847301634851,19.8832598544115
2069-12-02 12:00:00,2069,12,2,NA,10.9823538594053,18.0575520874303
2069-12-03 12:00:00,2069,12,3,NA,9.12905405614496,19.2013273432795
2069-12-04 12:00:00,2069,12,4,NA,11.2712294688743,19.8678428576272
2069-12-05 12:00:00,2069,12,5,NA,10.0277153625654,17.1886431591441
2069-12-06 12:00:00,2069,12,6,NA,11.019982210923,16.9968175340255
2069-12-07 12:00:00,2069,12,7,NA,9.59757064464656,15.5406634727645
2069-12-08 12:00:00,2069,12,8,NA,5.30921078849291,9.93580568194388
2069-12-09 12:00:00,2069,12,9,NA,5.85272952699348,11.8700174176335
2069-12-10 12:00:00,2069,12,10,NA,-1.13907889844745,3.95076447231403
2069-12-11 12:00:00,2069,12,11,NA,-4.82069505122197,2.90524061763167
2069-12-12 12:00:00,2069,12,12,NA,2.62307057669176,4.64844778866492
2069-12-13 12:00:00,2069,12,13,NA,1.59146844547202,4.4639871950456
2069-12-14 12:00:00,2069,12,14,NA,-0.911228917944088,2.95589636730056
2069-12-15 12:00:00,2069,12,15,NA,-0.0877012361158283,1.93689414558271
2069-12-16 12:00:00,2069,12,16,NA,1.01371432961462,3.46882497222321
2069-12-17 12:00:00,2069,12,17,NA,0.730185441727181,5.76967242376375
2069-12-18 12:00:00,2069,12,18,NA,-1.62006981282346,8.02588501642311
2069-12-19 12:00:00,2069,12,19,NA,-1.26359920696884,5.58909691282766
2069-12-20 12:00:00,2069,12,20,NA,5.97173614919407,10.7227412749538
2069-12-21 12:00:00,2069,12,21,NA,6.57928414454831,11.3973094677125
2069-12-22 12:00:00,2069,12,22,NA,1.47434072310277,7.34924617563532
2069-12-23 12:00:00,2069,12,23,NA,1.13863324448274,9.26457283887004
2069-12-24 12:00:00,2069,12,24,NA,1.15990899685603,5.78054226198207
2069-12-25 12:00:00,2069,12,25,NA,-2.02900319341871,8.11337570867766
2069-12-26 12:00:00,2069,12,26,NA,-2.26970951907619,8.66187394635677
2069-12-27 12:00:00,2069,12,27,NA,-0.200848386485513,4.37033126665098
2069-12-28 12:00:00,2069,12,28,NA,-0.239746254982082,7.00830673389938
2069-12-29 12:00:00,2069,12,29,NA,-0.539484491650382,12.7065634252954
2069-12-30 12:00:00,2069,12,30,NA,4.35366428645791,15.778974634663
2069-12-31 12:00:00,2069,12,31,NA,-4.50150849665503,8.34825499646378
2070-01-01 12:00:00,2070,1,1,NA,-3.08855921036286,6.08229971843165
2070-01-02 12:00:00,2070,1,2,NA,4.053200265143,8.12603075255072
2070-01-03 12:00:00,2070,1,3,NA,2.69425572801471,9.74701131798039
2070-01-04 12:00:00,2070,1,4,NA,4.25827764130758,10.6972316794489
2070-01-05 12:00:00,2070,1,5,NA,5.03338628317657,9.38735924058389
2070-01-06 12:00:00,2070,1,6,NA,5.65602773209094,12.6957840603075
2070-01-07 12:00:00,2070,1,7,NA,1.4189062683355,9.63716922482492
2070-01-08 12:00:00,2070,1,8,NA,6.81789174793718,11.0833427150992
2070-01-09 12:00:00,2070,1,9,NA,5.62721951170992,8.33797687594629
2070-01-10 12:00:00,2070,1,10,NA,4.82790124097869,6.65026953754071
2070-01-11 12:00:00,2070,1,11,NA,5.43667757351127,8.69618153588899
2070-01-12 12:00:00,2070,1,12,NA,6.18372111004442,9.31691964288422
2070-01-13 12:00:00,2070,1,13,NA,4.15184583310304,7.2565015990621
2070-01-14 12:00:00,2070,1,14,NA,-3.2686517849386,6.89835507414233
2070-01-15 12:00:00,2070,1,15,NA,-1.15573850515516,9.78034568283467
2070-01-16 12:00:00,2070,1,16,NA,0.385942068596228,7.43869765856191
2070-01-17 12:00:00,2070,1,17,NA,-4.01688580781683,2.40083744546924
2070-01-18 12:00:00,2070,1,18,NA,-7.00181561560542,0.850158928248348
2070-01-19 12:00:00,2070,1,19,NA,0.0770389242020649,2.00739315448407
2070-01-20 12:00:00,2070,1,20,NA,3.18255659027485,5.93001421241841
2070-01-21 12:00:00,2070,1,21,NA,1.53798903463874,3.42391239847942
2070-01-22 12:00:00,2070,1,22,NA,3.88342624881231,6.66805164439545
2070-01-23 12:00:00,2070,1,23,NA,5.60237938054956,7.67026044215465
2070-01-24 12:00:00,2070,1,24,NA,8.92678993178388,11.7999437409398
2070-01-25 12:00:00,2070,1,25,NA,7.37457698982293,10.4659172971757
2070-01-26 12:00:00,2070,1,26,NA,4.91023672623539,8.05972211068232
2070-01-27 12:00:00,2070,1,27,NA,1.24985135147126,6.48938694137276
2070-01-28 12:00:00,2070,1,28,NA,-5.01532549757279,-0.947222169281911
2070-01-29 12:00:00,2070,1,29,NA,-2.17000418493486,2.77239143647098
2070-01-30 12:00:00,2070,1,30,NA,1.00787536154855,8.28121979074423
2070-01-31 12:00:00,2070,1,31,NA,1.32053395699535,10.5340273878082
2070-02-01 12:00:00,2070,2,1,NA,4.98656742514291,12.0595850504194
2070-02-02 12:00:00,2070,2,2,NA,8.63988811884516,13.4153595188143
2070-02-03 12:00:00,2070,2,3,NA,9.61291568810065,13.6628071845589
2070-02-04 12:00:00,2070,2,4,NA,8.98132174834604,12.3492891068495
2070-02-05 12:00:00,2070,2,5,NA,6.18540798037045,7.13988561693044
2070-02-06 12:00:00,2070,2,6,NA,0.598384790701042,4.48810067479793
2070-02-07 12:00:00,2070,2,7,NA,3.33047253224704,5.91233298077212
2070-02-08 12:00:00,2070,2,8,NA,0.968956491950658,4.22398431329999
2070-02-09 12:00:00,2070,2,9,NA,-1.29714049693644,2.7698136334328
2070-02-10 12:00:00,2070,2,10,NA,4.67728838796847,7.61003203654276
2070-02-11 12:00:00,2070,2,11,NA,-0.00800458128594772,2.35275298461444
2070-02-12 12:00:00,2070,2,12,NA,-4.39804800187578,-1.95091854057134
2070-02-13 12:00:00,2070,2,13,NA,-7.26216332801701,-5.57808023918923
2070-02-14 12:00:00,2070,2,14,NA,-9.58425267979804,-3.13001153863784
2070-02-15 12:00:00,2070,2,15,NA,-2.96839380131952,4.5976322895374
2070-02-16 12:00:00,2070,2,16,NA,-6.91536610377475,1.63498696552277
2070-02-17 12:00:00,2070,2,17,NA,-3.55347782394509,1.74993070472302
2070-02-18 12:00:00,2070,2,18,NA,0.59097796007619,4.8240140204996
2070-02-19 12:00:00,2070,2,19,NA,3.21375118520257,8.4551884955635
2070-02-20 12:00:00,2070,2,20,NA,-2.33032298033766,8.22746764112915
2070-02-21 12:00:00,2070,2,21,NA,-1.62499199908115,11.9371170352783
2070-02-22 12:00:00,2070,2,22,NA,2.91782499646406,13.0392412430826
2070-02-23 12:00:00,2070,2,23,NA,3.96399639213997,12.2141203426559
2070-02-24 12:00:00,2070,2,24,NA,5.69365386697079,15.7080214069606
2070-02-25 12:00:00,2070,2,25,NA,4.08325615529836,12.0510924278877
2070-02-26 12:00:00,2070,2,26,NA,5.68274019903946,10.4643191820879
2070-02-27 12:00:00,2070,2,27,NA,5.03490089215883,9.09338670298856
2070-02-28 12:00:00,2070,2,28,NA,-1.5994771462438,7.97479661046599
2070-03-01 12:00:00,2070,3,1,NA,-0.699610298047932,2.70612138934981
2070-03-02 12:00:00,2070,3,2,NA,2.96959615197317,7.84251742094559
2070-03-03 12:00:00,2070,3,3,NA,1.82764084978897,9.34436778456951
2070-03-04 12:00:00,2070,3,4,NA,2.58391437843105,14.0455605337537
2070-03-05 12:00:00,2070,3,5,NA,8.06651935238222,15.421850671978
2070-03-06 12:00:00,2070,3,6,NA,9.42247772032291,20.8430854773969
2070-03-07 12:00:00,2070,3,7,NA,5.00761062019272,21.9589165075672
2070-03-08 12:00:00,2070,3,8,NA,-1.56635400208821,16.8701164545205
2070-03-09 12:00:00,2070,3,9,NA,1.84205285522245,16.3244988275121
2070-03-10 12:00:00,2070,3,10,NA,4.73286752056095,14.9251448411867
2070-03-11 12:00:00,2070,3,11,NA,-1.1135558245671,14.189627225537
2070-03-12 12:00:00,2070,3,12,NA,3.26654182381386,20.6013461308209
2070-03-13 12:00:00,2070,3,13,NA,8.81778562431,19.9166995133854
2070-03-14 12:00:00,2070,3,14,NA,4.39438048039683,22.6837746953947
2070-03-15 12:00:00,2070,3,15,NA,7.00970397387877,17.0585805766436
2070-03-16 12:00:00,2070,3,16,NA,7.65917586851993,13.8319915977827
2070-03-17 12:00:00,2070,3,17,NA,8.29483318504609,16.8188074292683
2070-03-18 12:00:00,2070,3,18,NA,10.8459253800206,18.7420364542982
2070-03-19 12:00:00,2070,3,19,NA,11.3028728354505,18.1523322297397
2070-03-20 12:00:00,2070,3,20,NA,10.7063743512956,16.0935056805441
2070-03-21 12:00:00,2070,3,21,NA,7.91145243754859,18.7642631610869
2070-03-22 12:00:00,2070,3,22,NA,12.4108295521263,16.6779900566645
2070-03-23 12:00:00,2070,3,23,NA,10.4151400148491,18.9123702876968
2070-03-24 12:00:00,2070,3,24,NA,3.84794790559509,20.0551267006466
2070-03-25 12:00:00,2070,3,25,NA,3.36429494910055,15.0953558067363
2070-03-26 12:00:00,2070,3,26,NA,7.2001506543834,10.2941629165098
2070-03-27 12:00:00,2070,3,27,NA,6.54379860255356,12.0685722553668
2070-03-28 12:00:00,2070,3,28,NA,3.07039290063566,10.5685090801133
2070-03-29 12:00:00,2070,3,29,NA,5.93835255775254,15.8959431961206
2070-03-30 12:00:00,2070,3,30,NA,5.55233218513626,13.7763639776463
2070-03-31 12:00:00,2070,3,31,NA,3.99827113544692,18.4936137406617
2070-04-01 12:00:00,2070,4,1,NA,5.20930164225019,21.9391226483949
2070-04-02 12:00:00,2070,4,2,NA,4.83479208729831,12.1901234068941
2070-04-03 12:00:00,2070,4,3,NA,-3.44646292138758,13.4107453609134
2070-04-04 12:00:00,2070,4,4,NA,-3.15031876928363,10.5587022001615
2070-04-05 12:00:00,2070,4,5,NA,-3.55409229356015,12.7350259077219
2070-04-06 12:00:00,2070,4,6,NA,-2.78078882302245,7.79677604482692
2070-04-07 12:00:00,2070,4,7,NA,-2.22172698279796,7.9796989316254
2070-04-08 12:00:00,2070,4,8,NA,2.40024228665228,11.2616785158169
2070-04-09 12:00:00,2070,4,9,NA,2.59270995169232,10.7086339277535
2070-04-10 12:00:00,2070,4,10,NA,3.26965643328882,10.3334699258163
2070-04-11 12:00:00,2070,4,11,NA,3.62052165563602,12.1257040128675
2070-04-12 12:00:00,2070,4,12,NA,4.33318687843109,7.38521864004949
2070-04-13 12:00:00,2070,4,13,NA,-0.338554743782218,9.86287117064114
2070-04-14 12:00:00,2070,4,14,NA,3.08524394892704,7.83426597784513
2070-04-15 12:00:00,2070,4,15,NA,-1.99913042464268,12.7584023313419
2070-04-16 12:00:00,2070,4,16,NA,2.6772071457617,15.8582036802851
2070-04-17 12:00:00,2070,4,17,NA,1.81892154034439,14.0012856609536
2070-04-18 12:00:00,2070,4,18,NA,2.50513949964372,15.9760329433961
2070-04-19 12:00:00,2070,4,19,NA,5.02932181085318,15.1461071338919
2070-04-20 12:00:00,2070,4,20,NA,5.92273634687911,12.1758315300438
2070-04-21 12:00:00,2070,4,21,NA,3.0254784018419,18.1170430274299
2070-04-22 12:00:00,2070,4,22,NA,0.519441266524479,20.9114086542122
2070-04-23 12:00:00,2070,4,23,NA,3.96320095274514,23.093474425402
2070-04-24 12:00:00,2070,4,24,NA,11.2791301428472,25.0055992002205
2070-04-25 12:00:00,2070,4,25,NA,10.2699251108802,28.633523813102
2070-04-26 12:00:00,2070,4,26,NA,12.1388299886506,31.0775434957322
2070-04-27 12:00:00,2070,4,27,NA,8.15926054125426,26.0475791774503
2070-04-28 12:00:00,2070,4,28,NA,8.14890727143539,25.1019131607315
2070-04-29 12:00:00,2070,4,29,NA,9.92334922617583,24.9775501846472
2070-04-30 12:00:00,2070,4,30,NA,8.65542455138018,24.0395630537551
2070-05-01 12:00:00,2070,5,1,NA,9.61099055820122,22.3655282312072
2070-05-02 12:00:00,2070,5,2,NA,10.3645857984151,14.7008109393679
2070-05-03 12:00:00,2070,5,3,NA,8.12706018077863,20.973875553251
2070-05-04 12:00:00,2070,5,4,NA,6.21450252886342,21.5702255127116
2070-05-05 12:00:00,2070,5,5,NA,11.1437940710173,23.9814819738789
2070-05-06 12:00:00,2070,5,6,NA,13.3208019979029,24.0261358796766
2070-05-07 12:00:00,2070,5,7,NA,16.6556935979346,17.7251973622828
2070-05-08 12:00:00,2070,5,8,NA,14.4296280129688,17.3397209158356
2070-05-09 12:00:00,2070,5,9,NA,16.0330350030979,21.9022785324972
2070-05-10 12:00:00,2070,5,10,NA,13.1245426178832,24.8775799942378
2070-05-11 12:00:00,2070,5,11,NA,15.8706767382884,21.8911179538333
2070-05-12 12:00:00,2070,5,12,NA,14.3118836549215,25.9363915529329
2070-05-13 12:00:00,2070,5,13,NA,15.7914236387582,25.4795165194243
2070-05-14 12:00:00,2070,5,14,NA,13.3483207399111,25.1391272529449
2070-05-15 12:00:00,2070,5,15,NA,14.1828970232601,28.9902353061749
2070-05-16 12:00:00,2070,5,16,NA,14.8843489772011,29.7078711765791
2070-05-17 12:00:00,2070,5,17,NA,16.7183456926691,29.5119389316453
2070-05-18 12:00:00,2070,5,18,NA,11.9933470385922,32.4995007418927
2070-05-19 12:00:00,2070,5,19,NA,16.0610604074961,32.8291820280892
2070-05-20 12:00:00,2070,5,20,NA,12.9442886877444,29.7509631099253
2070-05-21 12:00:00,2070,5,21,NA,11.8973993508747,26.7042840398577
2070-05-22 12:00:00,2070,5,22,NA,16.5386898526591,22.3795037656126
2070-05-23 12:00:00,2070,5,23,NA,12.8862412624075,20.8065727240746
2070-05-24 12:00:00,2070,5,24,NA,11.024541679428,21.9026113309812
2070-05-25 12:00:00,2070,5,25,NA,13.5930734783379,23.4931720168974
2070-05-26 12:00:00,2070,5,26,NA,13.2326402699171,23.0039058909563
2070-05-27 12:00:00,2070,5,27,NA,7.34477240955159,21.8761297786416
2070-05-28 12:00:00,2070,5,28,NA,5.92150359708131,22.5711144202405
2070-05-29 12:00:00,2070,5,29,NA,6.60016434419649,21.1315217132865
2070-05-30 12:00:00,2070,5,30,NA,5.58049944473579,20.8717349157878
2070-05-31 12:00:00,2070,5,31,NA,9.97267959457803,21.6067072371073
2070-06-01 12:00:00,2070,6,1,NA,5.65644255188131,21.2336998578523
2070-06-02 12:00:00,2070,6,2,NA,5.14904555242907,17.7601262030849
2070-06-03 12:00:00,2070,6,3,NA,11.768929588995,17.9680200752333
2070-06-04 12:00:00,2070,6,4,NA,9.143168886206,17.9982928167739
2070-06-05 12:00:00,2070,6,5,NA,7.08010640626076,24.6047422921062
2070-06-06 12:00:00,2070,6,6,NA,6.94947943059291,25.4897108638901
2070-06-07 12:00:00,2070,6,7,NA,8.05837565343914,24.3131795927444
2070-06-08 12:00:00,2070,6,8,NA,7.98415817793841,25.6738012907114
2070-06-09 12:00:00,2070,6,9,NA,6.11254015754157,24.0787148061739
2070-06-10 12:00:00,2070,6,10,NA,8.83550583940523,18.9380152443578
2070-06-11 12:00:00,2070,6,11,NA,7.5534518828009,25.0039371877397
2070-06-12 12:00:00,2070,6,12,NA,8.34051735402996,25.1516548569784
2070-06-13 12:00:00,2070,6,13,NA,13.7881650288881,24.0683400431977
2070-06-14 12:00:00,2070,6,14,NA,8.41672004703521,25.9150207483407
2070-06-15 12:00:00,2070,6,15,NA,11.2064355119031,29.4037764400698
2070-06-16 12:00:00,2070,6,16,NA,13.4541320860354,21.6805530595966
2070-06-17 12:00:00,2070,6,17,NA,13.3639333238945,21.6141806232918
2070-06-18 12:00:00,2070,6,18,NA,10.4489665022082,23.4573191228999
2070-06-19 12:00:00,2070,6,19,NA,9.98559453527183,22.9939471559635
2070-06-20 12:00:00,2070,6,20,NA,14.1033725446929,22.762166993084
2070-06-21 12:00:00,2070,6,21,NA,11.7316127805237,26.5109933339671
2070-06-22 12:00:00,2070,6,22,NA,12.4832299988163,23.4729425285784
2070-06-23 12:00:00,2070,6,23,NA,12.9491333944314,22.1178803616084
2070-06-24 12:00:00,2070,6,24,NA,14.2146330862867,23.5126003700407
2070-06-25 12:00:00,2070,6,25,NA,11.5357098983385,25.3073294679658
2070-06-26 12:00:00,2070,6,26,NA,13.5388471714446,32.6307419369099
2070-06-27 12:00:00,2070,6,27,NA,16.6124283062258,34.1443607820063
2070-06-28 12:00:00,2070,6,28,NA,15.629509051051,32.3822520351124
2070-06-29 12:00:00,2070,6,29,NA,17.9049813169999,35.3730504039479
2070-06-30 12:00:00,2070,6,30,NA,18.6580513915202,34.1072514349703
2070-07-01 12:00:00,2070,7,1,NA,23.2732194478253,34.6282807583182
2070-07-02 12:00:00,2070,7,2,NA,18.0340434285812,33.9965497850186
2070-07-03 12:00:00,2070,7,3,NA,19.6177709621309,28.1510789017998
2070-07-04 12:00:00,2070,7,4,NA,17.7661865466471,29.1783744651636
2070-07-05 12:00:00,2070,7,5,NA,14.9509588020302,29.5005002794509
2070-07-06 12:00:00,2070,7,6,NA,15.8882701819407,30.0088425936391
2070-07-07 12:00:00,2070,7,7,NA,16.6881864327185,26.2820516501023
2070-07-08 12:00:00,2070,7,8,NA,13.6244114144977,30.9276481594559
2070-07-09 12:00:00,2070,7,9,NA,18.6890774998529,24.9334237665939
2070-07-10 12:00:00,2070,7,10,NA,18.5165767545614,28.3560527146278
2070-07-11 12:00:00,2070,7,11,NA,20.0081806931209,36.1610173597969
2070-07-12 12:00:00,2070,7,12,NA,21.0606518192852,38.8991855472041
2070-07-13 12:00:00,2070,7,13,NA,21.4393831164829,37.1580325824826
2070-07-14 12:00:00,2070,7,14,NA,22.8247092306657,35.8447354816131
2070-07-15 12:00:00,2070,7,15,NA,22.4532968297716,32.7701556609543
2070-07-16 12:00:00,2070,7,16,NA,19.0269981928882,36.0194104173585
2070-07-17 12:00:00,2070,7,17,NA,20.9427106904298,27.9622306411034
2070-07-18 12:00:00,2070,7,18,NA,17.0650162417422,25.8753467464407
2070-07-19 12:00:00,2070,7,19,NA,14.9073620738533,28.486862145628
2070-07-20 12:00:00,2070,7,20,NA,18.8648315797494,28.1498569661665
2070-07-21 12:00:00,2070,7,21,NA,20.6325558728754,30.5859081702384
2070-07-22 12:00:00,2070,7,22,NA,16.5302679928254,30.3197544612403
2070-07-23 12:00:00,2070,7,23,NA,19.1764093934651,32.3611387968829
2070-07-24 12:00:00,2070,7,24,NA,18.3409661406444,27.9323807572952
2070-07-25 12:00:00,2070,7,25,NA,16.0589660344278,25.5853838147542
2070-07-26 12:00:00,2070,7,26,NA,11.6681679714021,21.2620331887859
2070-07-27 12:00:00,2070,7,27,NA,6.38809867837435,24.4838956153126
2070-07-28 12:00:00,2070,7,28,NA,14.0807175829819,30.6785828602405
2070-07-29 12:00:00,2070,7,29,NA,17.0611633596842,30.2082855400483
2070-07-30 12:00:00,2070,7,30,NA,15.4240628846598,30.61304550722
2070-07-31 12:00:00,2070,7,31,NA,15.2567203415717,31.0294047961286
2070-08-01 12:00:00,2070,8,1,NA,15.218444945,29.1369648900406
2070-08-02 12:00:00,2070,8,2,NA,10.5081089085561,27.862922837192
2070-08-03 12:00:00,2070,8,3,NA,10.9272827496153,24.3837152316191
2070-08-04 12:00:00,2070,8,4,NA,10.685638194286,24.6170808644786
2070-08-05 12:00:00,2070,8,5,NA,15.4197377921808,29.1718946911277
2070-08-06 12:00:00,2070,8,6,NA,16.4713627526869,30.262128339627
2070-08-07 12:00:00,2070,8,7,NA,19.3313563659124,31.2472822804395
2070-08-08 12:00:00,2070,8,8,NA,21.8885158084881,29.0773298836506
2070-08-09 12:00:00,2070,8,9,NA,19.0675022561241,30.9977490999991
2070-08-10 12:00:00,2070,8,10,NA,16.6333904473298,34.2473657898817
2070-08-11 12:00:00,2070,8,11,NA,13.7401340064604,30.4634464901703
2070-08-12 12:00:00,2070,8,12,NA,11.184935529029,28.1597611279909
2070-08-13 12:00:00,2070,8,13,NA,14.9689816331074,25.7941691059098
2070-08-14 12:00:00,2070,8,14,NA,17.9541105384856,28.1408239947097
2070-08-15 12:00:00,2070,8,15,NA,18.1897411215846,28.0696943964166
2070-08-16 12:00:00,2070,8,16,NA,18.0217270462872,29.157961561592
2070-08-17 12:00:00,2070,8,17,NA,14.9107040842703,25.6703217358181
2070-08-18 12:00:00,2070,8,18,NA,13.3247324721967,21.2104394869659
2070-08-19 12:00:00,2070,8,19,NA,13.2952830698744,22.9926291328599
2070-08-20 12:00:00,2070,8,20,NA,13.445140062671,22.0580294155875
2070-08-21 12:00:00,2070,8,21,NA,13.859128097079,25.1397070703214
2070-08-22 12:00:00,2070,8,22,NA,14.9943072032788,26.695730843057
2070-08-23 12:00:00,2070,8,23,NA,15.158624381205,23.4989270846997
2070-08-24 12:00:00,2070,8,24,NA,17.526900292179,24.9190411949106
2070-08-25 12:00:00,2070,8,25,NA,13.3755042281239,25.7894986828671
2070-08-26 12:00:00,2070,8,26,NA,13.1485963656604,23.4962377997712
2070-08-27 12:00:00,2070,8,27,NA,14.17145603672,24.2520649937463
2070-08-28 12:00:00,2070,8,28,NA,10.9209616812415,21.7013213826497
2070-08-29 12:00:00,2070,8,29,NA,16.7325820764495,24.8755837352106
2070-08-30 12:00:00,2070,8,30,NA,14.9057434873442,26.2817614604034
2070-08-31 12:00:00,2070,8,31,NA,10.764280757126,26.4472218337429
2070-09-01 12:00:00,2070,9,1,NA,12.1386615705442,27.848266939641
2070-09-02 12:00:00,2070,9,2,NA,15.7612193644096,26.4372025204215
2070-09-03 12:00:00,2070,9,3,NA,14.6804847719277,22.6794876031643
2070-09-04 12:00:00,2070,9,4,NA,15.8637273523407,27.8666931202885
2070-09-05 12:00:00,2070,9,5,NA,15.8832052398261,23.8237852855724
2070-09-06 12:00:00,2070,9,6,NA,17.732514959112,21.5450648007555
2070-09-07 12:00:00,2070,9,7,NA,14.303703968865,20.3959281269284
2070-09-08 12:00:00,2070,9,8,NA,15.4684305393712,22.2880027381784
2070-09-09 12:00:00,2070,9,9,NA,14.5556641087252,20.7276044093354
2070-09-10 12:00:00,2070,9,10,NA,10.7072453721302,25.7445576700379
2070-09-11 12:00:00,2070,9,11,NA,9.79989779140581,26.9909419934839
2070-09-12 12:00:00,2070,9,12,NA,10.0103804848852,26.9427096600306
2070-09-13 12:00:00,2070,9,13,NA,12.8230857196274,26.9982238091139
2070-09-14 12:00:00,2070,9,14,NA,12.3219863355485,24.9474515823406
2070-09-15 12:00:00,2070,9,15,NA,9.53676788554349,27.0414348722011
2070-09-16 12:00:00,2070,9,16,NA,10.994151884222,24.2670245988332
2070-09-17 12:00:00,2070,9,17,NA,13.5013233741638,23.7034238985284
2070-09-18 12:00:00,2070,9,18,NA,12.5794262651293,24.5842597714727
2070-09-19 12:00:00,2070,9,19,NA,12.100104781651,21.8349315617354
2070-09-20 12:00:00,2070,9,20,NA,14.4911311040097,22.8486133722829
2070-09-21 12:00:00,2070,9,21,NA,13.5355929351447,21.6106124015298
2070-09-22 12:00:00,2070,9,22,NA,8.29173557351142,21.568148869045
2070-09-23 12:00:00,2070,9,23,NA,7.22066138111812,21.6801555733131
2070-09-24 12:00:00,2070,9,24,NA,9.58224280450425,25.3679913932346
2070-09-25 12:00:00,2070,9,25,NA,15.8690270150389,26.5666692354256
2070-09-26 12:00:00,2070,9,26,NA,15.7043834124162,29.5492747126954
2070-09-27 12:00:00,2070,9,27,NA,15.5547931320789,27.5596266384223
2070-09-28 12:00:00,2070,9,28,NA,15.8996107415767,26.5972529619634
2070-09-29 12:00:00,2070,9,29,NA,11.4016344212087,22.2886526090618
2070-09-30 12:00:00,2070,9,30,NA,11.9822608218375,25.0394263428495
2070-10-01 12:00:00,2070,10,1,NA,12.1661211361577,24.6519046545012
2070-10-02 12:00:00,2070,10,2,NA,9.81828815936852,22.6667540048827
2070-10-03 12:00:00,2070,10,3,NA,8.63684292716396,12.3759680154294
2070-10-04 12:00:00,2070,10,4,NA,9.15464087071152,13.5079222895012
2070-10-05 12:00:00,2070,10,5,NA,8.16876465997416,13.4989491406261
2070-10-06 12:00:00,2070,10,6,NA,7.73301939295888,16.2860045860731
2070-10-07 12:00:00,2070,10,7,NA,6.89529665953749,18.8280295371048
2070-10-08 12:00:00,2070,10,8,NA,12.3441696861857,19.2046803681533
2070-10-09 12:00:00,2070,10,9,NA,12.7337759060575,24.5705328098985
2070-10-10 12:00:00,2070,10,10,NA,12.9231041669341,19.4043410853924
2070-10-11 12:00:00,2070,10,11,NA,7.88652819792657,20.8485742618716
2070-10-12 12:00:00,2070,10,12,NA,9.37708544765452,16.2375961296221
2070-10-13 12:00:00,2070,10,13,NA,11.1216886015962,17.5011092218602
2070-10-14 12:00:00,2070,10,14,NA,10.1461190523489,13.5193011702781
2070-10-15 12:00:00,2070,10,15,NA,7.7130218934491,9.83732550474107
2070-10-16 12:00:00,2070,10,16,NA,7.65264874524433,9.52371310967499
2070-10-17 12:00:00,2070,10,17,NA,4.84807060370435,8.08809482745954
2070-10-18 12:00:00,2070,10,18,NA,3.97170357046699,11.3230197177864
2070-10-19 12:00:00,2070,10,19,NA,1.11388587711417,14.0312773274037
2070-10-20 12:00:00,2070,10,20,NA,7.96758420476495,22.041135366012
2070-10-21 12:00:00,2070,10,21,NA,9.73776860679584,23.7642102774776
2070-10-22 12:00:00,2070,10,22,NA,8.18361336819852,21.3200136531974
2070-10-23 12:00:00,2070,10,23,NA,8.55859433219872,20.2957310294404
2070-10-24 12:00:00,2070,10,24,NA,8.87043226686806,20.6977264900807
2070-10-25 12:00:00,2070,10,25,NA,7.47028777024016,17.058371598197
2070-10-26 12:00:00,2070,10,26,NA,4.72734683224351,18.9878677045552
2070-10-27 12:00:00,2070,10,27,NA,5.42964732519128,17.6735289384986
2070-10-28 12:00:00,2070,10,28,NA,4.88888851443266,15.3291948420516
2070-10-29 12:00:00,2070,10,29,NA,-0.0241236983843045,16.5903550846535
2070-10-30 12:00:00,2070,10,30,NA,7.26651371268886,16.076266261508
2070-10-31 12:00:00,2070,10,31,NA,7.16656202522581,14.7516934668816
2070-11-01 12:00:00,2070,11,1,NA,2.18248567923856,15.1517382811436
2070-11-02 12:00:00,2070,11,2,NA,-1.26214508480429,14.48505993805
2070-11-03 12:00:00,2070,11,3,NA,6.98770733470629,14.0629055627313
2070-11-04 12:00:00,2070,11,4,NA,8.79797292844264,16.3219838725936
2070-11-05 12:00:00,2070,11,5,NA,10.6774164130934,15.915013106823
2070-11-06 12:00:00,2070,11,6,NA,8.10874373931173,14.0625104757269
2070-11-07 12:00:00,2070,11,7,NA,7.06075164563756,11.7325945833509
2070-11-08 12:00:00,2070,11,8,NA,5.8373823025586,12.6715761309041
2070-11-09 12:00:00,2070,11,9,NA,7.59569579716324,13.609641915143
2070-11-10 12:00:00,2070,11,10,NA,5.18976470383838,10.8977336328834
2070-11-11 12:00:00,2070,11,11,NA,4.31930782159571,9.93060758857642
2070-11-12 12:00:00,2070,11,12,NA,2.69956465701515,9.64917048743808
2070-11-13 12:00:00,2070,11,13,NA,4.64256769514246,7.47435918971929
2070-11-14 12:00:00,2070,11,14,NA,5.28441170051755,17.3119374771266
2070-11-15 12:00:00,2070,11,15,NA,2.97668204393773,15.5797016209833
2070-11-16 12:00:00,2070,11,16,NA,5.75160441623365,15.4775765514375
2070-11-17 12:00:00,2070,11,17,NA,7.22117833807981,14.7516827598553
2070-11-18 12:00:00,2070,11,18,NA,6.48648564103449,10.822313186022
2070-11-19 12:00:00,2070,11,19,NA,6.1912817626605,10.0766281139668
2070-11-20 12:00:00,2070,11,20,NA,4.88902588539384,13.6864825107308
2070-11-21 12:00:00,2070,11,21,NA,5.67691125562243,13.2907454597975
2070-11-22 12:00:00,2070,11,22,NA,2.04236323768365,9.63417287347822
2070-11-23 12:00:00,2070,11,23,NA,-2.4947892058526,4.19647104964895
2070-11-24 12:00:00,2070,11,24,NA,-2.90583733788716,5.28265371672615
2070-11-25 12:00:00,2070,11,25,NA,-3.78172799239058,6.91045341656489
2070-11-26 12:00:00,2070,11,26,NA,-1.93616623526468,7.18825604775511
2070-11-27 12:00:00,2070,11,27,NA,1.12977409877059,9.70777622685413
2070-11-28 12:00:00,2070,11,28,NA,1.40225980863416,5.13641065436706
2070-11-29 12:00:00,2070,11,29,NA,3.64648459064915,9.04932256040232
2070-11-30 12:00:00,2070,11,30,NA,3.7552734711031,12.9069101665054
2070-12-01 12:00:00,2070,12,1,NA,2.38843106242218,10.1934310683001
2070-12-02 12:00:00,2070,12,2,NA,5.86370028403551,9.59802009968646
2070-12-03 12:00:00,2070,12,3,NA,4.92482736494485,8.41352107831718
2070-12-04 12:00:00,2070,12,4,NA,6.46044474292507,10.1110350426513
2070-12-05 12:00:00,2070,12,5,NA,4.14397470739144,7.96833627313568
2070-12-06 12:00:00,2070,12,6,NA,3.38448706571769,8.22134764526969
2070-12-07 12:00:00,2070,12,7,NA,5.28704017206771,10.2098712841095
2070-12-08 12:00:00,2070,12,8,NA,5.04793234808225,10.6760134415661
2070-12-09 12:00:00,2070,12,9,NA,6.2493026044808,10.8595860707765
2070-12-10 12:00:00,2070,12,10,NA,3.32970676258904,10.1680286369663
2070-12-11 12:00:00,2070,12,11,NA,4.58819141661372,9.45369786773602
2070-12-12 12:00:00,2070,12,12,NA,6.11618551210566,9.2169062275684
2070-12-13 12:00:00,2070,12,13,NA,5.33099015903098,12.1265094170163
2070-12-14 12:00:00,2070,12,14,NA,11.5347184571831,12.3014238792448
2070-12-15 12:00:00,2070,12,15,NA,8.73103933716761,11.293364827534
2070-12-16 12:00:00,2070,12,16,NA,7.02510138912927,8.96668920383757
2070-12-17 12:00:00,2070,12,17,NA,11.0582316072989,12.0304009359369
2070-12-18 12:00:00,2070,12,18,NA,3.36119076809074,5.93441740876703
2070-12-19 12:00:00,2070,12,19,NA,4.18780363852331,8.1481740187872
2070-12-20 12:00:00,2070,12,20,NA,0.585969885958287,8.21325421666412
2070-12-21 12:00:00,2070,12,21,NA,-0.0510517894074924,9.66107315087129
2070-12-22 12:00:00,2070,12,22,NA,4.98069924910916,11.031528446198
2070-12-23 12:00:00,2070,12,23,NA,6.58710811349761,8.60952352235267
2070-12-24 12:00:00,2070,12,24,NA,4.19794654635626,5.67746548950894
2070-12-25 12:00:00,2070,12,25,NA,4.95264976407235,8.04429829147886
2070-12-26 12:00:00,2070,12,26,NA,6.23474448472283,8.38421520189026
2070-12-27 12:00:00,2070,12,27,NA,3.4405991037357,4.41276843237367
2070-12-28 12:00:00,2070,12,28,NA,-1.31057815871846,1.33317828994694
2070-12-29 12:00:00,2070,12,29,NA,1.40610114845155,4.2796977442873
2070-12-30 12:00:00,2070,12,30,NA,1.26183159560138,3.07210173173405
2070-12-31 12:00:00,2070,12,31,NA,1.60943396833967,5.54419993905336
2071-01-01 12:00:00,2071,1,1,NA,4.30417490397269,7.36034107673461
2071-01-02 12:00:00,2071,1,2,NA,2.26988186128012,4.22692381744594
2071-01-03 12:00:00,2071,1,3,NA,-1.63468465395618,0.906477763847275
2071-01-04 12:00:00,2071,1,4,NA,-2.03213983801691,0.923953246717714
2071-01-05 12:00:00,2071,1,5,NA,1.81227647825753,4.96176186270445
2071-01-06 12:00:00,2071,1,6,NA,-4.66991822662875,7.07382041239111
2071-01-07 12:00:00,2071,1,7,NA,-1.958989632212,14.3861350665536
2071-01-08 12:00:00,2071,1,8,NA,4.22552634738805,15.3072873844526
2071-01-09 12:00:00,2071,1,9,NA,4.15532819107748,11.6915406585891
2071-01-10 12:00:00,2071,1,10,NA,0.702317815727485,8.76691267389885
2071-01-11 12:00:00,2071,1,11,NA,2.62029327032934,8.65770023706294
2071-01-12 12:00:00,2071,1,12,NA,3.7092041502463,7.81119540559021
2071-01-13 12:00:00,2071,1,13,NA,6.3731778045356,15.6394065224889
2071-01-14 12:00:00,2071,1,14,NA,6.7425464462366,17.8790737103356
2071-01-15 12:00:00,2071,1,15,NA,7.89290738912571,19.2867910462442
2071-01-16 12:00:00,2071,1,16,NA,8.27489232718643,18.4418991862674
2071-01-17 12:00:00,2071,1,17,NA,8.00527392684165,12.6147253636433
2071-01-18 12:00:00,2071,1,18,NA,4.30477111852434,8.54671086977925
2071-01-19 12:00:00,2071,1,19,NA,4.39994078378224,10.3751771303455
2071-01-20 12:00:00,2071,1,20,NA,2.82473928944866,9.26369332758994
2071-01-21 12:00:00,2071,1,21,NA,5.27932367331801,8.0073027757668
2071-01-22 12:00:00,2071,1,22,NA,3.78138852749789,9.81879549423149
2071-01-23 12:00:00,2071,1,23,NA,2.82868355073476,7.70480156714837
2071-01-24 12:00:00,2071,1,24,NA,0.20554308188165,7.40920007637926
2071-01-25 12:00:00,2071,1,25,NA,-2.47608009500741,4.85239839591936
2071-01-26 12:00:00,2071,1,26,NA,-2.00936973002822,6.98912729287749
2071-01-27 12:00:00,2071,1,27,NA,2.67004904642534,12.4845147462349
2071-01-28 12:00:00,2071,1,28,NA,1.70956952114908,6.52204036531582
2071-01-29 12:00:00,2071,1,29,NA,4.85389693815889,7.9888688004257
2071-01-30 12:00:00,2071,1,30,NA,3.54465321192766,8.93173161225986
2071-01-31 12:00:00,2071,1,31,NA,6.17407719439769,10.528050151805
2071-02-01 12:00:00,2071,2,1,NA,6.28685839291678,9.30312665533933
2071-02-02 12:00:00,2071,2,2,NA,4.65109404297897,9.23727298639857
2071-02-03 12:00:00,2071,2,3,NA,0.852632602623401,8.82072266964505
2071-02-04 12:00:00,2071,2,4,NA,5.51713710447253,11.4957732382614
2071-02-05 12:00:00,2071,2,5,NA,6.85251169791225,11.9981435929824
2071-02-06 12:00:00,2071,2,6,NA,11.5896651392915,14.0055427477869
2071-02-07 12:00:00,2071,2,7,NA,11.1117012103736,15.7981370893868
2071-02-08 12:00:00,2071,2,8,NA,8.09829988533505,10.6801603338601
2071-02-09 12:00:00,2071,2,9,NA,6.22473857031957,16.554991633135
2071-02-10 12:00:00,2071,2,10,NA,10.3300898292737,15.6334983579418
2071-02-11 12:00:00,2071,2,11,NA,9.60021990327737,13.7524393698628
2071-02-12 12:00:00,2071,2,12,NA,4.02200061751869,6.49426926779646
2071-02-13 12:00:00,2071,2,13,NA,-0.839418222451626,0.77773605054094
2071-02-14 12:00:00,2071,2,14,NA,1.83244611192353,3.11876692351406
2071-02-15 12:00:00,2071,2,15,NA,-8.10257639497905,-1.15392766021688
2071-02-16 12:00:00,2071,2,16,NA,-4.61503817293882,3.9059119049058
2071-02-17 12:00:00,2071,2,17,NA,2.36808118093955,6.60111724136296
2071-02-18 12:00:00,2071,2,18,NA,-3.2597709148596,3.7663410754975
2071-02-19 12:00:00,2071,2,19,NA,-1.10113521987791,6.56247993938728
2071-02-20 12:00:00,2071,2,20,NA,-0.403669324883121,3.43374595031616
2071-02-21 12:00:00,2071,2,21,NA,-10.1116620906924,1.44492558943001
2071-02-22 12:00:00,2071,2,22,NA,-0.983416994102657,5.73196774244497
2071-02-23 12:00:00,2071,2,23,NA,4.16327914579816,14.0085883230581
2071-02-24 12:00:00,2071,2,24,NA,-2.42975684505866,2.42968515706224
2071-02-25 12:00:00,2071,2,25,NA,-3.15741076779748,3.8871027056976
2071-02-26 12:00:00,2071,2,26,NA,-6.0078947267868,2.59886239943284
2071-02-27 12:00:00,2071,2,27,NA,-11.2145635432431,-1.28443421474332
2071-02-28 12:00:00,2071,2,28,NA,-9.04904321404945,1.48612728222558
2071-03-01 12:00:00,2071,3,1,NA,-12.8567366029509,1.98717663122879
2071-03-02 12:00:00,2071,3,2,NA,-2.30885149975568,9.29461051597931
2071-03-03 12:00:00,2071,3,3,NA,-4.22327803609534,8.69838660582493
2071-03-04 12:00:00,2071,3,4,NA,1.30392129287239,11.557675741398
2071-03-05 12:00:00,2071,3,5,NA,6.38594265740534,14.0881704202628
2071-03-06 12:00:00,2071,3,6,NA,7.97404960391749,13.8934892413817
2071-03-07 12:00:00,2071,3,7,NA,4.23165435754774,10.9723909729375
2071-03-08 12:00:00,2071,3,8,NA,6.24152367555976,10.5702836857722
2071-03-09 12:00:00,2071,3,9,NA,7.80240220177081,14.8301458831273
2071-03-10 12:00:00,2071,3,10,NA,5.71345554070365,13.4971466211091
2071-03-11 12:00:00,2071,3,11,NA,5.27016631217664,14.0567969884096
2071-03-12 12:00:00,2071,3,12,NA,8.97464680402783,13.4899222456101
2071-03-13 12:00:00,2071,3,13,NA,5.8033939507983,10.9415098848537
2071-03-14 12:00:00,2071,3,14,NA,1.78776601133118,8.04852701133219
2071-03-15 12:00:00,2071,3,15,NA,2.9853565620611,9.15817229132387
2071-03-16 12:00:00,2071,3,16,NA,4.13656232981406,10.4461152250316
2071-03-17 12:00:00,2071,3,17,NA,3.41255763242306,10.1532942478128
2071-03-18 12:00:00,2071,3,18,NA,2.68105950632493,16.0672771856184
2071-03-19 12:00:00,2071,3,19,NA,-3.50824844744281,15.1517757016889
2071-03-20 12:00:00,2071,3,20,NA,-1.43824518314847,13.1737508809448
2071-03-21 12:00:00,2071,3,21,NA,-1.69884502363347,16.6320025660429
2071-03-22 12:00:00,2071,3,22,NA,2.71290143681753,14.1901313427727
2071-03-23 12:00:00,2071,3,23,NA,3.65212666235987,15.1104651907217
2071-03-24 12:00:00,2071,3,24,NA,5.63253052548805,15.9475684429594
2071-03-25 12:00:00,2071,3,25,NA,5.08669344071282,18.5311822853528
2071-03-26 12:00:00,2071,3,26,NA,10.5533554098491,20.8683933273205
2071-03-27 12:00:00,2071,3,27,NA,10.6346275339467,13.4597971280042
2071-03-28 12:00:00,2071,3,28,NA,5.22638691290303,12.480657855146
2071-03-29 12:00:00,2071,3,29,NA,4.40791624594497,11.2714216662033
2071-03-30 12:00:00,2071,3,30,NA,5.48390881620695,10.6694072125363
2071-03-31 12:00:00,2071,3,31,NA,1.5885453121019,12.1304702579262
2071-04-01 12:00:00,2071,4,1,NA,4.19338895685072,16.4257942684571
2071-04-02 12:00:00,2071,4,2,NA,6.58961926602765,19.7914841636844
2071-04-03 12:00:00,2071,4,3,NA,6.58311601958915,24.5574229660524
2071-04-04 12:00:00,2071,4,4,NA,7.82825999105626,19.2857815893806
2071-04-05 12:00:00,2071,4,5,NA,3.94085033314897,18.969818946926
2071-04-06 12:00:00,2071,4,6,NA,6.02724983117696,19.2082463657003
2071-04-07 12:00:00,2071,4,7,NA,6.06255126401521,15.5829885539825
2071-04-08 12:00:00,2071,4,8,NA,-0.51944718133484,12.1272607740778
2071-04-09 12:00:00,2071,4,9,NA,3.85313172530949,9.98717049206052
2071-04-10 12:00:00,2071,4,10,NA,4.868006890274,17.2000657232012
2071-04-11 12:00:00,2071,4,11,NA,3.11027624024189,13.5405879859619
2071-04-12 12:00:00,2071,4,12,NA,1.08522512491817,19.0091724850297
2071-04-13 12:00:00,2071,4,13,NA,6.81074305797192,15.1906078679898
2071-04-14 12:00:00,2071,4,14,NA,6.37336937993945,14.4483422059492
2071-04-15 12:00:00,2071,4,15,NA,6.78684178482039,15.2920241420519
2071-04-16 12:00:00,2071,4,16,NA,10.2699302265544,13.3190109311414
2071-04-17 12:00:00,2071,4,17,NA,5.84764340610751,14.1561341609247
2071-04-18 12:00:00,2071,4,18,NA,7.22233442239683,10.0569763854298
2071-04-19 12:00:00,2071,4,19,NA,3.20879587221911,7.42522087703334
2071-04-20 12:00:00,2071,4,20,NA,4.76968111978828,9.49478808826067
2071-04-21 12:00:00,2071,4,21,NA,-1.60047310327529,13.5413895707099
2071-04-22 12:00:00,2071,4,22,NA,5.79635875257108,11.9303975193221
2071-04-23 12:00:00,2071,4,23,NA,4.93988221564132,11.275559635288
2071-04-24 12:00:00,2071,4,24,NA,10.7985473307738,16.3224897662761
2071-04-25 12:00:00,2071,4,25,NA,11.40408130285,15.0505105240184
2071-04-26 12:00:00,2071,4,26,NA,6.90542646171582,16.7281548098728
2071-04-27 12:00:00,2071,4,27,NA,1.17904956699487,21.018478547956
2071-04-28 12:00:00,2071,4,28,NA,3.48485340816058,23.0969552967847
2071-04-29 12:00:00,2071,4,29,NA,4.41864513570296,19.7002356271329
2071-04-30 12:00:00,2071,4,30,NA,4.83401713330817,22.0478593680814
2071-05-01 12:00:00,2071,5,1,NA,5.0602825188344,21.5949722907775
2071-05-02 12:00:00,2071,5,2,NA,8.19235006692372,18.7537623135649
2071-05-03 12:00:00,2071,5,3,NA,8.95695976878712,27.3964185790359
2071-05-04 12:00:00,2071,5,4,NA,11.0491276051568,28.6597523085473
2071-05-05 12:00:00,2071,5,5,NA,11.8395371998231,24.6183283858793
2071-05-06 12:00:00,2071,5,6,NA,16.8754157974305,29.9650823414846
2071-05-07 12:00:00,2071,5,7,NA,16.0245368502385,27.6773756238448
2071-05-08 12:00:00,2071,5,8,NA,14.9003484158889,25.5736077509435
2071-05-09 12:00:00,2071,5,9,NA,15.3711974975063,22.8683704424506
2071-05-10 12:00:00,2071,5,10,NA,10.9968432642578,20.225279011433
2071-05-11 12:00:00,2071,5,11,NA,10.2475767382397,24.185705099904
2071-05-12 12:00:00,2071,5,12,NA,11.3159452619488,23.1135038745671
2071-05-13 12:00:00,2071,5,13,NA,10.9972301452495,22.7319764961951
2071-05-14 12:00:00,2071,5,14,NA,15.1383207548823,25.6780887440358
2071-05-15 12:00:00,2071,5,15,NA,14.2419164248665,24.2244471468795
2071-05-16 12:00:00,2071,5,16,NA,14.2042063727008,29.9196406719539
2071-05-17 12:00:00,2071,5,17,NA,20.4618473285358,27.3052334173486
2071-05-18 12:00:00,2071,5,18,NA,15.7452717288712,23.4963419810661
2071-05-19 12:00:00,2071,5,19,NA,10.2551146967214,22.0526733093397
2071-05-20 12:00:00,2071,5,20,NA,12.1586038172529,18.435803873739
2071-05-21 12:00:00,2071,5,21,NA,2.8437638690603,19.6156766337416
2071-05-22 12:00:00,2071,5,22,NA,9.100448681052,18.7848907646887
2071-05-23 12:00:00,2071,5,23,NA,6.02623529889022,19.9643636605546
2071-05-24 12:00:00,2071,5,24,NA,7.33703336014268,24.8550334060275
2071-05-25 12:00:00,2071,5,25,NA,7.06014638734816,23.6691801637644
2071-05-26 12:00:00,2071,5,26,NA,14.4699231766481,22.0662480712394
2071-05-27 12:00:00,2071,5,27,NA,10.2351218852427,18.9776709373679
2071-05-28 12:00:00,2071,5,28,NA,11.8258211894452,15.7882982070531
2071-05-29 12:00:00,2071,5,29,NA,13.5297341702214,21.4500656318885
2071-05-30 12:00:00,2071,5,30,NA,5.66056103051955,20.3030255558439
2071-05-31 12:00:00,2071,5,31,NA,10.6184568151412,25.1498141842312
2071-06-01 12:00:00,2071,6,1,NA,16.7561996394253,19.6890428607247
2071-06-02 12:00:00,2071,6,2,NA,13.7121448884698,32.1278421886061
2071-06-03 12:00:00,2071,6,3,NA,15.5340107998061,32.0331172614113
2071-06-04 12:00:00,2071,6,4,NA,16.9545626882464,29.385408025575
2071-06-05 12:00:00,2071,6,5,NA,18.0617151050529,28.1753851387546
2071-06-06 12:00:00,2071,6,6,NA,15.2253754735393,29.6402314943696
2071-06-07 12:00:00,2071,6,7,NA,11.8712079774373,27.2306602852507
2071-06-08 12:00:00,2071,6,8,NA,15.026101434075,28.0357681958624
2071-06-09 12:00:00,2071,6,9,NA,15.2640064106409,28.7788546967739
2071-06-10 12:00:00,2071,6,10,NA,18.4985785045748,27.7005213638359
2071-06-11 12:00:00,2071,6,11,NA,15.9962442967151,24.2226652702764
2071-06-12 12:00:00,2071,6,12,NA,17.4087228068591,23.7547480931211
2071-06-13 12:00:00,2071,6,13,NA,17.8319091751744,30.2301020299016
2071-06-14 12:00:00,2071,6,14,NA,15.723622447284,31.5047518282652
2071-06-15 12:00:00,2071,6,15,NA,13.194763907234,28.5223302399251
2071-06-16 12:00:00,2071,6,16,NA,15.524626777398,26.8796880878909
2071-06-17 12:00:00,2071,6,17,NA,17.9127968508731,22.4845567052813
2071-06-18 12:00:00,2071,6,18,NA,18.5187677808241,25.7303475358271
2071-06-19 12:00:00,2071,6,19,NA,16.598038177234,27.8700772656295
2071-06-20 12:00:00,2071,6,20,NA,14.2209702176789,29.3678211562936
2071-06-21 12:00:00,2071,6,21,NA,11.590970977794,27.9973413593776
2071-06-22 12:00:00,2071,6,22,NA,16.5620451126289,24.1665608661478
2071-06-23 12:00:00,2071,6,23,NA,15.3563512123589,26.5569219253307
2071-06-24 12:00:00,2071,6,24,NA,15.3538914099,24.0347024885579
2071-06-25 12:00:00,2071,6,25,NA,17.6579917221376,24.8695714771405
2071-06-26 12:00:00,2071,6,26,NA,15.9843146051065,25.2243844815469
2071-06-27 12:00:00,2071,6,27,NA,16.1997687761448,19.5220429146524
2071-06-28 12:00:00,2071,6,28,NA,10.511855212724,20.6606183567256
2071-06-29 12:00:00,2071,6,29,NA,9.97424496421022,22.6296960451707
2071-06-30 12:00:00,2071,6,30,NA,12.7251617196972,20.9328405701846
2071-07-01 12:00:00,2071,7,1,NA,12.371013764634,21.5398584498668
2071-07-02 12:00:00,2071,7,2,NA,10.9177366904205,25.3325927112509
2071-07-03 12:00:00,2071,7,3,NA,11.2977742929235,23.4348227039473
2071-07-04 12:00:00,2071,7,4,NA,9.95858146338963,26.536265874805
2071-07-05 12:00:00,2071,7,5,NA,8.31305323614053,26.8245018979457
2071-07-06 12:00:00,2071,7,6,NA,12.0667429689356,28.1494570373195
2071-07-07 12:00:00,2071,7,7,NA,16.90712526116,29.0441736721838
2071-07-08 12:00:00,2071,7,8,NA,21.4011343752518,29.02523530965
2071-07-09 12:00:00,2071,7,9,NA,21.2328666360215,28.9605712791764
2071-07-10 12:00:00,2071,7,10,NA,19.3279532378986,35.2719256762405
2071-07-11 12:00:00,2071,7,11,NA,16.7609107638717,33.5582588384964
2071-07-12 12:00:00,2071,7,12,NA,19.7476486078412,29.354620019039
2071-07-13 12:00:00,2071,7,13,NA,19.3526149763678,28.9286070678439
2071-07-14 12:00:00,2071,7,14,NA,15.9983443176598,26.7924847905656
2071-07-15 12:00:00,2071,7,15,NA,15.3901793316707,27.8340868353835
2071-07-16 12:00:00,2071,7,16,NA,18.0403287760536,29.5348301653194
2071-07-17 12:00:00,2071,7,17,NA,17.3262528583964,26.5883817598491
2071-07-18 12:00:00,2071,7,18,NA,20.507079009443,34.6276514211414
2071-07-19 12:00:00,2071,7,19,NA,17.6152140042431,31.0291816460058
2071-07-20 12:00:00,2071,7,20,NA,19.019172964225,34.07725281157
2071-07-21 12:00:00,2071,7,21,NA,17.8310395544883,26.8335589840462
2071-07-22 12:00:00,2071,7,22,NA,14.8199338537765,26.427794155163
2071-07-23 12:00:00,2071,7,23,NA,13.9436985670714,28.6295309102147
2071-07-24 12:00:00,2071,7,24,NA,12.2624830197607,26.2440451091
2071-07-25 12:00:00,2071,7,25,NA,13.5902701898688,25.6488957071412
2071-07-26 12:00:00,2071,7,26,NA,17.010739505625,28.2901480556851
2071-07-27 12:00:00,2071,7,27,NA,16.7915983306298,28.1907939601876
2071-07-28 12:00:00,2071,7,28,NA,19.9120214854919,33.059143665856
2071-07-29 12:00:00,2071,7,29,NA,19.4312189450533,33.8109906281667
2071-07-30 12:00:00,2071,7,30,NA,22.418061611132,36.7582084517759
2071-07-31 12:00:00,2071,7,31,NA,24.5066866804714,36.3451868002652
2071-08-01 12:00:00,2071,8,1,NA,20.7378690488896,36.4106682044982
2071-08-02 12:00:00,2071,8,2,NA,20.6519133583619,30.2457785757457
2071-08-03 12:00:00,2071,8,3,NA,18.9217524573329,31.1359873961392
2071-08-04 12:00:00,2071,8,4,NA,19.9746321452931,27.1608015816502
2071-08-05 12:00:00,2071,8,5,NA,14.7638890033747,22.9275113459456
2071-08-06 12:00:00,2071,8,6,NA,16.5253049117377,27.2869424823401
2071-08-07 12:00:00,2071,8,7,NA,14.6704383504432,25.4475569475129
2071-08-08 12:00:00,2071,8,8,NA,13.0226330830453,22.9088048598626
2071-08-09 12:00:00,2071,8,9,NA,11.255680610411,22.3484422237382
2071-08-10 12:00:00,2071,8,10,NA,8.07747014080713,20.7045124084448
2071-08-11 12:00:00,2071,8,11,NA,7.22347472915388,23.3689632303512
2071-08-12 12:00:00,2071,8,12,NA,12.17715913583,23.4022153673129
2071-08-13 12:00:00,2071,8,13,NA,11.173092406472,21.0422552580361
2071-08-14 12:00:00,2071,8,14,NA,12.1842819308827,21.3225064167658
2071-08-15 12:00:00,2071,8,15,NA,15.678824568913,21.8819906612071
2071-08-16 12:00:00,2071,8,16,NA,17.4091310941128,23.772106287729
2071-08-17 12:00:00,2071,8,17,NA,15.9522885400798,28.6780150623818
2071-08-18 12:00:00,2071,8,18,NA,15.8405658738836,24.9950338791371
2071-08-19 12:00:00,2071,8,19,NA,16.7968760317255,23.1598512253417
2071-08-20 12:00:00,2071,8,20,NA,16.4204303501756,21.8079631480609
2071-08-21 12:00:00,2071,8,21,NA,11.9613441901861,25.7020311803676
2071-08-22 12:00:00,2071,8,22,NA,18.6482527530939,25.1642108264536
2071-08-23 12:00:00,2071,8,23,NA,14.8527128473439,23.2298044202733
2071-08-24 12:00:00,2071,8,24,NA,16.3453832807099,23.7910420373971
2071-08-25 12:00:00,2071,8,25,NA,15.7357273404901,25.0485614011568
2071-08-26 12:00:00,2071,8,26,NA,14.5442024389937,24.4303742158111
2071-08-27 12:00:00,2071,8,27,NA,16.22341863825,24.6628002107061
2071-08-28 12:00:00,2071,8,28,NA,18.4279683205283,26.6706491413801
2071-08-29 12:00:00,2071,8,29,NA,13.632513299882,26.1671285396213
2071-08-30 12:00:00,2071,8,30,NA,14.2340450515643,27.226329081838
2071-08-31 12:00:00,2071,8,31,NA,19.3430548776132,24.4449789605275
2071-09-01 12:00:00,2071,9,1,NA,19.4280510800199,26.4122639450857
2071-09-02 12:00:00,2071,9,2,NA,15.4681678890261,25.3546042883535
2071-09-03 12:00:00,2071,9,3,NA,18.3152653769691,26.9684248249007
2071-09-04 12:00:00,2071,9,4,NA,16.7570310509417,24.2372490233106
2071-09-05 12:00:00,2071,9,5,NA,14.5586853833377,21.3782575821449
2071-09-06 12:00:00,2071,9,6,NA,14.3273747023036,22.5872689990278
2071-09-07 12:00:00,2071,9,7,NA,10.815563959522,22.3145930247872
2071-09-08 12:00:00,2071,9,8,NA,13.0568221964566,24.1347457770154
2071-09-09 12:00:00,2071,9,9,NA,14.7640705177745,22.9302265377652
2071-09-10 12:00:00,2071,9,10,NA,12.8299573054183,21.6691558694183
2071-09-11 12:00:00,2071,9,11,NA,9.48771813686943,22.9133493129435
2071-09-12 12:00:00,2071,9,12,NA,12.6015884334773,21.9021519227877
2071-09-13 12:00:00,2071,9,13,NA,14.4897982455536,20.2242558201517
2071-09-14 12:00:00,2071,9,14,NA,12.1093247443473,24.5363429964115
2071-09-15 12:00:00,2071,9,15,NA,12.3243714541962,26.7535772999447
2071-09-16 12:00:00,2071,9,16,NA,13.6331289629888,27.823707300771
2071-09-17 12:00:00,2071,9,17,NA,11.5092776283051,22.1460354497637
2071-09-18 12:00:00,2071,9,18,NA,14.9074434469398,22.865186062076
2071-09-19 12:00:00,2071,9,19,NA,14.1754070768895,20.3755328202312
2071-09-20 12:00:00,2071,9,20,NA,12.9632428818185,18.8231010690124
2071-09-21 12:00:00,2071,9,21,NA,11.0860022413195,20.6557559821639
2071-09-22 12:00:00,2071,9,22,NA,9.95485418345837,25.5255476056353
2071-09-23 12:00:00,2071,9,23,NA,12.1998444919854,27.2888896234624
2071-09-24 12:00:00,2071,9,24,NA,13.4356052079953,22.7361686973058
2071-09-25 12:00:00,2071,9,25,NA,12.4670410576629,24.7930612175631
2071-09-26 12:00:00,2071,9,26,NA,9.25808563457585,24.4212212332742
2071-09-27 12:00:00,2071,9,27,NA,14.1580138901416,22.158514029546
2071-09-28 12:00:00,2071,9,28,NA,10.204204341065,21.3395076891257
2071-09-29 12:00:00,2071,9,29,NA,10.6063322238166,18.416731642804
2071-09-30 12:00:00,2071,9,30,NA,11.5005382829681,24.7974446715827
2071-10-01 12:00:00,2071,10,1,NA,12.1196647069966,22.7695767120416
2071-10-02 12:00:00,2071,10,2,NA,8.33604486796794,17.1752434319679
2071-10-03 12:00:00,2071,10,3,NA,7.12677192220401,17.6331304058632
2071-10-04 12:00:00,2071,10,4,NA,10.3497890931765,15.6799735738285
2071-10-05 12:00:00,2071,10,5,NA,11.323898729256,20.5733209229498
2071-10-06 12:00:00,2071,10,6,NA,15.7564872282741,19.0060032123548
2071-10-07 12:00:00,2071,10,7,NA,10.4489611850521,15.4100454664682
2071-10-08 12:00:00,2071,10,8,NA,15.1927604305195,18.4065178572916
2071-10-09 12:00:00,2071,10,9,NA,14.6966132548332,20.9282917557438
2071-10-10 12:00:00,2071,10,10,NA,12.9908555126697,24.5682065604224
2071-10-11 12:00:00,2071,10,11,NA,12.510409696324,22.2510503535763
2071-10-12 12:00:00,2071,10,12,NA,13.0423201336455,23.8777538279248
2071-10-13 12:00:00,2071,10,13,NA,12.7987161605693,19.5358831609735
2071-10-14 12:00:00,2071,10,14,NA,10.1445410462228,16.4378755639123
2071-10-15 12:00:00,2071,10,15,NA,10.3767821293322,21.2335016481688
2071-10-16 12:00:00,2071,10,16,NA,9.75426477611267,19.5302366718852
2071-10-17 12:00:00,2071,10,17,NA,15.3635774813553,20.776317614865
2071-10-18 12:00:00,2071,10,18,NA,4.69393871836043,19.8601352058146
2071-10-19 12:00:00,2071,10,19,NA,7.24235226546753,23.1959689721886
2071-10-20 12:00:00,2071,10,20,NA,10.6711725438133,20.3577486196844
2071-10-21 12:00:00,2071,10,21,NA,18.4993368285119,21.9099667221904
2071-10-22 12:00:00,2071,10,22,NA,12.7202931433136,20.0358082093198
2071-10-23 12:00:00,2071,10,23,NA,12.3799222396695,16.1190473279349
2071-10-24 12:00:00,2071,10,24,NA,8.00309283081899,15.168826874521
2071-10-25 12:00:00,2071,10,25,NA,5.66105144429607,11.0737915778058
2071-10-26 12:00:00,2071,10,26,NA,7.66623415099319,13.9075852548676
2071-10-27 12:00:00,2071,10,27,NA,5.64452276486095,13.7095577195971
2071-10-28 12:00:00,2071,10,28,NA,6.65349604556584,12.0120725205943
2071-10-29 12:00:00,2071,10,29,NA,4.47010593857826,10.9724430148624
2071-10-30 12:00:00,2071,10,30,NA,6.59931002905284,15.6923833942557
2071-10-31 12:00:00,2071,10,31,NA,5.16313753724855,15.5961810574191
2071-11-01 12:00:00,2071,11,1,NA,2.94452677623448,16.7905522548624
2071-11-02 12:00:00,2071,11,2,NA,2.93936758747375,14.8273212924416
2071-11-03 12:00:00,2071,11,3,NA,8.59443521465936,13.2489120534999
2071-11-04 12:00:00,2071,11,4,NA,11.2782570734617,19.359138802099
2071-11-05 12:00:00,2071,11,5,NA,11.3254906590046,15.0548391604949
2071-11-06 12:00:00,2071,11,6,NA,7.94764810800573,11.6769966094961
2071-11-07 12:00:00,2071,11,7,NA,8.57387035451749,12.2999475377103
2071-11-08 12:00:00,2071,11,8,NA,5.60795852570989,9.39050856800292
2071-11-09 12:00:00,2071,11,9,NA,3.96760214615997,9.84105763671426
2071-11-10 12:00:00,2071,11,10,NA,4.90890508752748,10.9928344790655
2071-11-11 12:00:00,2071,11,11,NA,6.40340353625142,12.6936679290445
2071-11-12 12:00:00,2071,11,12,NA,7.44440551133953,9.39814140094981
2071-11-13 12:00:00,2071,11,13,NA,2.37556192638253,10.1879123657943
2071-11-14 12:00:00,2071,11,14,NA,2.73693907301583,9.87683113699478
2071-11-15 12:00:00,2071,11,15,NA,3.99152314949182,9.94528988590697
2071-11-16 12:00:00,2071,11,16,NA,9.3882318667686,11.2315767815291
2071-11-17 12:00:00,2071,11,17,NA,5.40158127639158,8.46427876958854
2071-11-18 12:00:00,2071,11,18,NA,-0.386535349301775,3.36031554858113
2071-11-19 12:00:00,2071,11,19,NA,-1.8227753046771,1.23992218851986
2071-11-20 12:00:00,2071,11,20,NA,3.72671955054258,6.81232434163179
2071-11-21 12:00:00,2071,11,21,NA,3.65795940885907,7.41347405845111
2071-11-22 12:00:00,2071,11,22,NA,2.48700948583347,7.56336523112169
2071-11-23 12:00:00,2071,11,23,NA,6.39562924507607,10.4091311196942
2071-11-24 12:00:00,2071,11,24,NA,7.06454836702048,13.7635121661631
2071-11-25 12:00:00,2071,11,25,NA,5.70521078908719,15.9435358387284
2071-11-26 12:00:00,2071,11,26,NA,5.71447075046404,12.8117153364561
2071-11-27 12:00:00,2071,11,27,NA,6.38568665061265,11.4004128140044
2071-11-28 12:00:00,2071,11,28,NA,5.56740219482263,9.57432012781493
2071-11-29 12:00:00,2071,11,29,NA,2.44512581847659,8.9790044729304
2071-11-30 12:00:00,2071,11,30,NA,6.61513693082897,9.0529558156504
2071-12-01 12:00:00,2071,12,1,NA,4.65538761083454,9.52303636700486
2071-12-02 12:00:00,2071,12,2,NA,4.99368743082905,10.6176253805402
2071-12-03 12:00:00,2071,12,3,NA,2.81490321489681,6.88765870762897
2071-12-04 12:00:00,2071,12,4,NA,-0.483091047950051,5.5323322359358
2071-12-05 12:00:00,2071,12,5,NA,-2.54364813776959,2.98525000025256
2071-12-06 12:00:00,2071,12,6,NA,2.11613155564429,7.20470912358268
2071-12-07 12:00:00,2071,12,7,NA,-0.601839359161969,3.11834468461494
2071-12-08 12:00:00,2071,12,8,NA,-5.14811969106667,3.88041160158517
2071-12-09 12:00:00,2071,12,9,NA,-3.62577062440126,4.48245487378773
2071-12-10 12:00:00,2071,12,10,NA,-0.630209403496413,7.35032576524378
2071-12-11 12:00:00,2071,12,11,NA,-1.61619721816293,2.56253651178134
2071-12-12 12:00:00,2071,12,12,NA,-0.222648066695168,3.95146193722142
2071-12-13 12:00:00,2071,12,13,NA,3.06387966054373,7.23798966446031
2071-12-14 12:00:00,2071,12,14,NA,1.58760937756084,5.54797975782474
2071-12-15 12:00:00,2071,12,15,NA,1.98244293456545,6.62802544576978
2071-12-16 12:00:00,2071,12,16,NA,1.60982072469234,13.1026355194285
2071-12-17 12:00:00,2071,12,17,NA,1.390525409365,12.5943415509477
2071-12-18 12:00:00,2071,12,18,NA,3.53570731561151,9.6153748214067
2071-12-19 12:00:00,2071,12,19,NA,2.04737822020698,4.64420018053747
2071-12-20 12:00:00,2071,12,20,NA,2.45556276874263,4.47993755419795
2071-12-21 12:00:00,2071,12,21,NA,5.21587982399968,8.26743492332843
2071-12-22 12:00:00,2071,12,22,NA,1.01635163792238,3.58957827859867
2071-12-23 12:00:00,2071,12,23,NA,2.69046450366715,4.63205231837546
2071-12-24 12:00:00,2071,12,24,NA,-0.149606387847673,2.5094275965208
2071-12-25 12:00:00,2071,12,25,NA,0.896022218779757,4.34132186194616
2071-12-26 12:00:00,2071,12,26,NA,0.248376938005231,9.19191510542098
2071-12-27 12:00:00,2071,12,27,NA,-1.17092220920969,11.0369068491044
2071-12-28 12:00:00,2071,12,28,NA,-1.44202889247174,14.5793325177849
2071-12-29 12:00:00,2071,12,29,NA,5.29982209552018,11.6368049097434
2071-12-30 12:00:00,2071,12,30,NA,2.31360866904144,6.058677923834
2071-12-31 12:00:00,2071,12,31,NA,4.99805239745486,6.93964021216316
2072-01-01 12:00:00,2072,1,1,NA,5.37014494672339,8.41221619986357
2072-01-02 12:00:00,2072,1,2,NA,3.96954976914712,6.54277640982341
2072-01-03 12:00:00,2072,1,3,NA,5.32272568835468,8.2666433352914
2072-01-04 12:00:00,2072,1,4,NA,3.62439821899073,4.63033076537761
2072-01-05 12:00:00,2072,1,5,NA,1.44045709438332,6.02663603780292
2072-01-06 12:00:00,2072,1,6,NA,-0.046004936999539,2.012389983349
2072-01-07 12:00:00,2072,1,7,NA,-1.9841615548927,2.14402342508014
2072-01-08 12:00:00,2072,1,8,NA,-4.59992295105766,-0.094954517756904
2072-01-09 12:00:00,2072,1,9,NA,-1.91214212706428,5.32487105245124
2072-01-10 12:00:00,2072,1,10,NA,-1.06948449333632,2.54449238295695
2072-01-11 12:00:00,2072,1,11,NA,-1.53792813854862,2.63004528039233
2072-01-12 12:00:00,2072,1,12,NA,-12.6238567525057,-9.1256698841484
2072-01-13 12:00:00,2072,1,13,NA,-5.42254659090714,-0.0598592299251788
2072-01-14 12:00:00,2072,1,14,NA,-1.42489127612779,1.67384656728071
2072-01-15 12:00:00,2072,1,15,NA,-0.154990639224674,3.61650478904093
2072-01-16 12:00:00,2072,1,16,NA,-0.723022013330878,4.05244938663831
2072-01-17 12:00:00,2072,1,17,NA,-0.865792536430172,5.66826947058423
2072-01-18 12:00:00,2072,1,18,NA,4.22364968229547,4.69617688956824
2072-01-19 12:00:00,2072,1,19,NA,2.09724358091427,3.74585667207624
2072-01-20 12:00:00,2072,1,20,NA,6.72281333140506,11.0767862888124
2072-01-21 12:00:00,2072,1,21,NA,5.64772252956453,9.56502396273287
2072-01-22 12:00:00,2072,1,22,NA,1.72460925792136,6.49066805714987
2072-01-23 12:00:00,2072,1,23,NA,5.15310657772909,8.2629170787478
2072-01-24 12:00:00,2072,1,24,NA,3.15818854875801,5.16234830342502
2072-01-25 12:00:00,2072,1,25,NA,3.95506844060717,10.5293841396431
2072-01-26 12:00:00,2072,1,26,NA,4.89598697887989,9.48216592229949
2072-01-27 12:00:00,2072,1,27,NA,8.61687575974677,11.4900295689027
2072-01-28 12:00:00,2072,1,28,NA,7.88283282388572,9.88236271870898
2072-01-29 12:00:00,2072,1,29,NA,0.0350933265540762,-0.0703635547786556
2072-01-30 12:00:00,2072,1,30,NA,-3.97836685609563,-1.90321147973909
2072-01-31 12:00:00,2072,1,31,NA,-4.16793208666825,0.418246856751352
2072-02-01 12:00:00,2072,2,1,NA,-1.99456761049352,4.29858110518422
2072-02-02 12:00:00,2072,2,2,NA,0.104396013220281,4.91946648305654
2072-02-03 12:00:00,2072,2,3,NA,1.08564548141185,6.84273419250175
2072-02-04 12:00:00,2072,2,4,NA,2.83443089599951,9.74755745646907
2072-02-05 12:00:00,2072,2,5,NA,4.13550713221812,9.81179658666224
2072-02-06 12:00:00,2072,2,6,NA,3.4774007571693,8.88273889200799
2072-02-07 12:00:00,2072,2,7,NA,2.2104530057777,11.3085583560953
2072-02-08 12:00:00,2072,2,8,NA,4.06479664438142,13.8116232757734
2072-02-09 12:00:00,2072,2,9,NA,9.17941130016543,17.2560624209995
2072-02-10 12:00:00,2072,2,10,NA,11.1169540880598,18.0300806485294
2072-02-11 12:00:00,2072,2,11,NA,11.4475190892401,19.189460573678
2072-02-12 12:00:00,2072,2,12,NA,14.0717395961992,17.4860241546214
2072-02-13 12:00:00,2072,2,13,NA,9.16050323049128,18.7150004671042
2072-02-14 12:00:00,2072,2,14,NA,14.4138846750473,17.8163766997385
2072-02-15 12:00:00,2072,2,15,NA,9.3059695958301,13.7056542574162
2072-02-16 12:00:00,2072,2,16,NA,8.66175660090662,16.0102555088795
2072-02-17 12:00:00,2072,2,17,NA,10.0379240432294,13.2980266673901
2072-02-18 12:00:00,2072,2,18,NA,3.98821497386593,9.31944393680208
2072-02-19 12:00:00,2072,2,19,NA,2.33910060092924,6.07247402326949
2072-02-20 12:00:00,2072,2,20,NA,0.0978659635446166,7.61381617814529
2072-02-21 12:00:00,2072,2,21,NA,3.90798218304949,13.2876211868803
2072-02-22 12:00:00,2072,2,22,NA,9.28678063887181,13.6358946195995
2072-02-23 12:00:00,2072,2,23,NA,9.61728682826367,16.378370532624
2072-02-24 12:00:00,2072,2,24,NA,9.67341967635432,13.5631355604512
2072-02-25 12:00:00,2072,2,25,NA,10.4759634373537,14.5004119287562
2072-02-26 12:00:00,2072,2,26,NA,9.46095213894693,17.5426054777565
2072-02-27 12:00:00,2072,2,27,NA,9.83296170081815,13.9737676322061
2072-02-28 12:00:00,2072,2,28,NA,9.41708242948723,17.5689654556194
2072-02-29 12:00:00,2072,2,29,NA,6.24303715424739,15.2001445352382
2072-03-01 12:00:00,2072,3,1,NA,9.16148717276013,15.6622148907753
2072-03-02 12:00:00,2072,3,2,NA,3.9484863848454,7.2533165403416
2072-03-03 12:00:00,2072,3,3,NA,3.78488231366867,9.70432195113285
2072-03-04 12:00:00,2072,3,4,NA,4.48923157969545,10.6620473089582
2072-03-05 12:00:00,2072,3,5,NA,5.73341026989392,11.3408159936583
2072-03-06 12:00:00,2072,3,6,NA,6.49709944228676,9.55768668489798
2072-03-07 12:00:00,2072,3,7,NA,2.04216783205046,6.33882262686492
2072-03-08 12:00:00,2072,3,8,NA,2.31550809605888,5.74393962870459
2072-03-09 12:00:00,2072,3,9,NA,-1.9761602260306,4.92601846621845
2072-03-10 12:00:00,2072,3,10,NA,2.77783033447002,8.39439714615634
2072-03-11 12:00:00,2072,3,11,NA,3.18890548514637,7.56665947033199
2072-03-12 12:00:00,2072,3,12,NA,5.47175456760377,11.3911942050679
2072-03-13 12:00:00,2072,3,13,NA,5.34180982938789,16.4616177091009
2072-03-14 12:00:00,2072,3,14,NA,8.68831231489164,11.7797047887791
2072-03-15 12:00:00,2072,3,15,NA,4.32343512590931,10.9370074900221
2072-03-16 12:00:00,2072,3,16,NA,3.32707033429449,13.5146916026823
2072-03-17 12:00:00,2072,3,17,NA,3.35651897300091,20.2019667257272
2072-03-18 12:00:00,2072,3,18,NA,2.28061036399138,15.3725972723653
2072-03-19 12:00:00,2072,3,19,NA,1.23497386831723,15.1994846277895
2072-03-20 12:00:00,2072,3,20,NA,1.05315620558681,16.8961138347277
2072-03-21 12:00:00,2072,3,21,NA,6.27010487425569,17.7473347802109
2072-03-22 12:00:00,2072,3,22,NA,4.62524087542425,13.6800490374211
2072-03-23 12:00:00,2072,3,23,NA,12.5794616552596,17.7831991102021
2072-03-24 12:00:00,2072,3,24,NA,13.9815976286377,16.9761293802828
2072-03-25 12:00:00,2072,3,25,NA,8.92895382657272,12.8509891858093
2072-03-26 12:00:00,2072,3,26,NA,4.56771933884403,15.6666332279194
2072-03-27 12:00:00,2072,3,27,NA,1.35482293355016,15.9253574046178
2072-03-28 12:00:00,2072,3,28,NA,1.8454178479993,6.32820366859513
2072-03-29 12:00:00,2072,3,29,NA,1.72356132684855,6.10131531203416
2072-03-30 12:00:00,2072,3,30,NA,-0.708860437220862,7.735083945079
2072-03-31 12:00:00,2072,3,31,NA,3.83273627414617,12.4107124413
2072-04-01 12:00:00,2072,4,1,NA,0.468746382257428,4.79674105198693
2072-04-02 12:00:00,2072,4,2,NA,-1.20197971527344,4.92851368495898
2072-04-03 12:00:00,2072,4,3,NA,2.00504974692731,6.22147475174153
2072-04-04 12:00:00,2072,4,4,NA,-1.62957696007069,6.58660913874274
2072-04-05 12:00:00,2072,4,5,NA,-5.20465211642197,8.53317684332825
2072-04-06 12:00:00,2072,4,6,NA,-0.228629828391329,7.07382356913872
2072-04-07 12:00:00,2072,4,7,NA,-1.70842160405845,8.52753651572749
2072-04-08 12:00:00,2072,4,8,NA,-4.01318180858771,11.3861428520111
2072-04-09 12:00:00,2072,4,9,NA,-6.7037186545588,13.1357103264023
2072-04-10 12:00:00,2072,4,10,NA,-0.56298119273966,17.3609661673719
2072-04-11 12:00:00,2072,4,11,NA,3.09922145043124,19.4866851472276
2072-04-12 12:00:00,2072,4,12,NA,2.85068173746298,18.1539831178381
2072-04-13 12:00:00,2072,4,13,NA,4.51779911274858,20.5212964773621
2072-04-14 12:00:00,2072,4,14,NA,5.86940198124569,23.7748120941008
2072-04-15 12:00:00,2072,4,15,NA,1.1964550347805,19.4276447502615
2072-04-16 12:00:00,2072,4,16,NA,2.12104911006788,20.650972532587
2072-04-17 12:00:00,2072,4,17,NA,10.0388520325667,14.3547668306202
2072-04-18 12:00:00,2072,4,18,NA,13.335603478112,15.9659093234895
2072-04-19 12:00:00,2072,4,19,NA,8.42015393852641,17.7407421283227
2072-04-20 12:00:00,2072,4,20,NA,8.00164139075839,16.3101321455756
2072-04-21 12:00:00,2072,4,21,NA,7.99625776620013,16.8576939953647
2072-04-22 12:00:00,2072,4,22,NA,6.59219390902694,13.7534803012031
2072-04-23 12:00:00,2072,4,23,NA,7.34255090563233,14.7291390855478
2072-04-24 12:00:00,2072,4,24,NA,6.6189285137162,14.0271886473912
2072-04-25 12:00:00,2072,4,25,NA,4.98726090976927,12.1485473019454
2072-04-26 12:00:00,2072,4,26,NA,3.22828363237877,14.3136872208302
2072-04-27 12:00:00,2072,4,27,NA,3.46788484461468,13.0017948452227
2072-04-28 12:00:00,2072,4,28,NA,1.13428622393874,17.0041730877784
2072-04-29 12:00:00,2072,4,29,NA,2.7741233526495,11.9495405770573
2072-04-30 12:00:00,2072,4,30,NA,1.6587764598386,10.8214013882781
2072-05-01 12:00:00,2072,5,1,NA,2.83866876173158,14.3076149153371
2072-05-02 12:00:00,2072,5,2,NA,-0.594767023792265,16.0631216220659
2072-05-03 12:00:00,2072,5,3,NA,0.909794395894921,14.2059014276942
2072-05-04 12:00:00,2072,5,4,NA,8.90745448605518,19.7675249959184
2072-05-05 12:00:00,2072,5,5,NA,7.15770119942176,18.8502510342434
2072-05-06 12:00:00,2072,5,6,NA,8.74191738089682,15.6525448661583
2072-05-07 12:00:00,2072,5,7,NA,9.49405009253445,15.4005728958322
2072-05-08 12:00:00,2072,5,8,NA,12.1253681167496,21.0008131344579
2072-05-09 12:00:00,2072,5,9,NA,14.3408655050766,21.858611658991
2072-05-10 12:00:00,2072,5,10,NA,10.9205722209242,21.8358802638061
2072-05-11 12:00:00,2072,5,11,NA,12.2451890938569,21.020733044892
2072-05-12 12:00:00,2072,5,12,NA,11.1365528871665,14.086468740443
2072-05-13 12:00:00,2072,5,13,NA,5.25906188731487,18.6675246035534
2072-05-14 12:00:00,2072,5,14,NA,4.98002581325259,20.5352770425172
2072-05-15 12:00:00,2072,5,15,NA,6.41020339777569,23.9088858088906
2072-05-16 12:00:00,2072,5,16,NA,4.72724249205669,22.2729119783715
2072-05-17 12:00:00,2072,5,17,NA,11.5831857328732,25.3981731534011
2072-05-18 12:00:00,2072,5,18,NA,11.2754402843584,27.9250511075175
2072-05-19 12:00:00,2072,5,19,NA,12.5106517982031,29.0154687657873
2072-05-20 12:00:00,2072,5,20,NA,16.3919337515005,31.2428452637483
2072-05-21 12:00:00,2072,5,21,NA,19.0453817585136,29.7545231102944
2072-05-22 12:00:00,2072,5,22,NA,20.8623054270701,26.7059995653486
2072-05-23 12:00:00,2072,5,23,NA,20.4052371040236,26.2246822657321
2072-05-24 12:00:00,2072,5,24,NA,19.0464787204984,23.0095088390944
2072-05-25 12:00:00,2072,5,25,NA,18.8965800199399,23.7699722070753
2072-05-26 12:00:00,2072,5,26,NA,17.2439827151336,24.6210518943835
2072-05-27 12:00:00,2072,5,27,NA,15.2564400535655,26.1345097051187
2072-05-28 12:00:00,2072,5,28,NA,14.4805291132426,23.2908148871888
2072-05-29 12:00:00,2072,5,29,NA,9.19349375660622,23.7248511256963
2072-05-30 12:00:00,2072,5,30,NA,15.9391897822986,21.3421951442789
2072-05-31 12:00:00,2072,5,31,NA,13.5045679779516,22.3148537518979
2072-06-01 12:00:00,2072,6,1,NA,22.4000808030059,24.3550136737034
2072-06-02 12:00:00,2072,6,2,NA,20.718270423001,24.6606410699702
2072-06-03 12:00:00,2072,6,3,NA,15.3224336617722,21.408577056353
2072-06-04 12:00:00,2072,6,4,NA,10.1444377185482,19.327824289778
2072-06-05 12:00:00,2072,6,5,NA,8.13350635158262,22.5476891125521
2072-06-06 12:00:00,2072,6,6,NA,10.6993963618095,21.1063572764677
2072-06-07 12:00:00,2072,6,7,NA,14.3715645159899,21.6036873996455
2072-06-08 12:00:00,2072,6,8,NA,12.4919877024041,20.7403391536837
2072-06-09 12:00:00,2072,6,9,NA,7.71836298420926,25.4080060969822
2072-06-10 12:00:00,2072,6,10,NA,9.91284728236201,21.9989183955856
2072-06-11 12:00:00,2072,6,11,NA,13.7182251033068,22.9360918475009
2072-06-12 12:00:00,2072,6,12,NA,10.7042789331262,27.2033853947314
2072-06-13 12:00:00,2072,6,13,NA,14.1832503890482,27.8371627399894
2072-06-14 12:00:00,2072,6,14,NA,10.5695586517708,24.4455410566368
2072-06-15 12:00:00,2072,6,15,NA,16.1421651110551,29.1505177317468
2072-06-16 12:00:00,2072,6,16,NA,16.8313646097564,23.4430483462017
2072-06-17 12:00:00,2072,6,17,NA,14.2602933828626,20.6836145233074
2072-06-18 12:00:00,2072,6,18,NA,11.9011109166789,22.0498740606805
2072-06-19 12:00:00,2072,6,19,NA,11.0999427482528,28.378951150917
2072-06-20 12:00:00,2072,6,20,NA,17.0906760424732,26.2595207277059
2072-06-21 12:00:00,2072,6,21,NA,13.7616737625248,24.5798339116957
2072-06-22 12:00:00,2072,6,22,NA,10.3185359562107,27.7995106797076
2072-06-23 12:00:00,2072,6,23,NA,15.6640765555594,25.8376185498675
2072-06-24 12:00:00,2072,6,24,NA,14.1330424465523,32.726842432754
2072-06-25 12:00:00,2072,6,25,NA,15.5315969983418,26.5213095281039
2072-06-26 12:00:00,2072,6,26,NA,18.326384002641,26.5452737628967
2072-06-27 12:00:00,2072,6,27,NA,16.6360277374534,30.9823852365216
2072-06-28 12:00:00,2072,6,28,NA,13.6698992378296,23.9500742521392
2072-06-29 12:00:00,2072,6,29,NA,13.8025937908401,24.3163451970221
2072-06-30 12:00:00,2072,6,30,NA,11.7565255128462,19.150089783446
2072-07-01 12:00:00,2072,7,1,NA,8.82239356835335,19.2549522798299
2072-07-02 12:00:00,2072,7,2,NA,12.3613833805807,21.5301303477578
2072-07-03 12:00:00,2072,7,3,NA,10.9915749137222,22.9189614826425
2072-07-04 12:00:00,2072,7,4,NA,11.3125758913172,25.7081252671499
2072-07-05 12:00:00,2072,7,5,NA,16.7048184153055,26.4673950555961
2072-07-06 12:00:00,2072,7,6,NA,19.5346750166747,26.3499446388252
2072-07-07 12:00:00,2072,7,7,NA,15.1040499672932,21.6847563607021
2072-07-08 12:00:00,2072,7,8,NA,10.2092391167906,24.3946963821267
2072-07-09 12:00:00,2072,7,9,NA,7.9868021759835,26.0825991129218
2072-07-10 12:00:00,2072,7,10,NA,10.7833133190781,28.1564867938257
2072-07-11 12:00:00,2072,7,11,NA,16.503703975968,26.8277101267721
2072-07-12 12:00:00,2072,7,12,NA,17.7757721602165,25.3998730946148
2072-07-13 12:00:00,2072,7,13,NA,17.7674518329768,24.836081682749
2072-07-14 12:00:00,2072,7,14,NA,19.4242016355515,27.5275319737555
2072-07-15 12:00:00,2072,7,15,NA,10.4784084424656,29.7468968207726
2072-07-16 12:00:00,2072,7,16,NA,11.3619584870371,31.1853004454115
2072-07-17 12:00:00,2072,7,17,NA,12.1520179909365,27.1310383312348
2072-07-18 12:00:00,2072,7,18,NA,9.86559652149525,25.8289778359438
2072-07-19 12:00:00,2072,7,19,NA,10.9850455354846,28.2995571122294
2072-07-20 12:00:00,2072,7,20,NA,13.7432074860071,23.1569078094885
2072-07-21 12:00:00,2072,7,21,NA,14.2672205631695,22.9917551210797
2072-07-22 12:00:00,2072,7,22,NA,15.117065670727,25.07041796809
2072-07-23 12:00:00,2072,7,23,NA,13.6991481731258,25.4411079831948
2072-07-24 12:00:00,2072,7,24,NA,13.0488868117544,28.8718655806933
2072-07-25 12:00:00,2072,7,25,NA,12.5550292084865,31.1848008626193
2072-07-26 12:00:00,2072,7,26,NA,17.3271548208684,30.2148710142886
2072-07-27 12:00:00,2072,7,27,NA,17.6163858831823,32.7326532008539
2072-07-28 12:00:00,2072,7,28,NA,15.2307937418518,31.0537725107906
2072-07-29 12:00:00,2072,7,29,NA,12.2748795775743,30.4259694717338
2072-07-30 12:00:00,2072,7,30,NA,13.5584807173071,25.8230493977831
2072-07-31 12:00:00,2072,7,31,NA,15.7335370919311,26.4906202748694
2072-08-01 12:00:00,2072,8,1,NA,15.8095948119038,30.9269366839379
2072-08-02 12:00:00,2072,8,2,NA,24.4903692907351,29.3582272801118
2072-08-03 12:00:00,2072,8,3,NA,19.5096513670987,30.2692690186465
2072-08-04 12:00:00,2072,8,4,NA,19.7360571687926,24.6075401280014
2072-08-05 12:00:00,2072,8,5,NA,19.537189793838,28.7390726009448
2072-08-06 12:00:00,2072,8,6,NA,20.7642249132146,26.249198594856
2072-08-07 12:00:00,2072,8,7,NA,17.2934649798696,23.1091990746209
2072-08-08 12:00:00,2072,8,8,NA,14.0206507501715,23.2776749958442
2072-08-09 12:00:00,2072,8,9,NA,16.8763126723919,25.1189934932438
2072-08-10 12:00:00,2072,8,10,NA,13.1251587128758,23.3118721690999
2072-08-11 12:00:00,2072,8,11,NA,14.1792420695639,23.4255014488449
2072-08-12 12:00:00,2072,8,12,NA,10.6877068406513,25.4194735273473
2072-08-13 12:00:00,2072,8,13,NA,15.5220114658763,23.3487884941532
2072-08-14 12:00:00,2072,8,14,NA,17.6363804488469,27.3337265118324
2072-08-15 12:00:00,2072,8,15,NA,20.019166623779,25.4066994216642
2072-08-16 12:00:00,2072,8,16,NA,19.2697900431125,23.8769403612829
2072-08-17 12:00:00,2072,8,17,NA,17.1145846035871,26.1056101539595
2072-08-18 12:00:00,2072,8,18,NA,13.9990843648285,24.0796933218548
2072-08-19 12:00:00,2072,8,19,NA,11.5725798278303,23.4365754136257
2072-08-20 12:00:00,2072,8,20,NA,14.9914158969717,26.1276504122764
2072-08-21 12:00:00,2072,8,21,NA,15.2092479988832,23.2759698413957
2072-08-22 12:00:00,2072,8,22,NA,18.7084128132246,26.9510936340765
2072-08-23 12:00:00,2072,8,23,NA,14.8475434912714,29.2400268340932
2072-08-24 12:00:00,2072,8,24,NA,19.4025397309129,27.6452205517648
2072-08-25 12:00:00,2072,8,25,NA,14.3665390104359,25.4593006237632
2072-08-26 12:00:00,2072,8,26,NA,14.1996851002834,25.8743735929704
2072-08-27 12:00:00,2072,8,27,NA,13.302964084651,27.0392359277548
2072-08-28 12:00:00,2072,8,28,NA,17.7515809123587,30.3786231799963
2072-08-29 12:00:00,2072,8,29,NA,14.8542513897323,26.7185527901169
2072-08-30 12:00:00,2072,8,30,NA,16.9032836573902,25.9979135913528
2072-08-31 12:00:00,2072,8,31,NA,16.4078180518496,25.0207074047662
2072-09-01 12:00:00,2072,9,1,NA,14.562193793027,18.6089342754217
2072-09-02 12:00:00,2072,9,2,NA,13.4978843218816,21.7405651427335
2072-09-03 12:00:00,2072,9,3,NA,12.9947549945748,20.1378849935794
2072-09-04 12:00:00,2072,9,4,NA,12.5731816781127,19.2751953556295
2072-09-05 12:00:00,2072,9,5,NA,10.0923356552524,21.5913647205176
2072-09-06 12:00:00,2072,9,6,NA,7.71082721256982,20.5825914672912
2072-09-07 12:00:00,2072,9,7,NA,7.67221650274748,20.2012258119641
2072-09-08 12:00:00,2072,9,8,NA,14.3859373234452,20.0632833774435
2072-09-09 12:00:00,2072,9,9,NA,14.4688182698632,20.9719958638374
2072-09-10 12:00:00,2072,9,10,NA,14.0720974782184,22.3393099177208
2072-09-11 12:00:00,2072,9,11,NA,10.767660688029,21.8179114343249
2072-09-12 12:00:00,2072,9,12,NA,11.8887995128752,23.4073618896845
2072-09-13 12:00:00,2072,9,13,NA,13.2275726210165,24.058248123406
2072-09-14 12:00:00,2072,9,14,NA,13.065783854745,26.5023450201065
2072-09-15 12:00:00,2072,9,15,NA,10.2445257710097,28.0771932209872
2072-09-16 12:00:00,2072,9,16,NA,12.3498847278055,30.7737333616745
2072-09-17 12:00:00,2072,9,17,NA,13.1836667432714,28.2209790411791
2072-09-18 12:00:00,2072,9,18,NA,16.4354493315448,20.3904230801373
2072-09-19 12:00:00,2072,9,19,NA,16.0130500269831,25.7823941330518
2072-09-20 12:00:00,2072,9,20,NA,9.14919668264507,21.6217801995148
2072-09-21 12:00:00,2072,9,21,NA,7.95173980104536,22.1268778905319
2072-09-22 12:00:00,2072,9,22,NA,9.34316878113457,23.1880600814138
2072-09-23 12:00:00,2072,9,23,NA,9.60772087575025,20.1326457981223
2072-09-24 12:00:00,2072,9,24,NA,9.78771765905312,19.0882811483636
2072-09-25 12:00:00,2072,9,25,NA,11.8787056060267,20.6728524985109
2072-09-26 12:00:00,2072,9,26,NA,13.2242800441083,23.670736333602
2072-09-27 12:00:00,2072,9,27,NA,9.69908882138565,18.2977671707245
2072-09-28 12:00:00,2072,9,28,NA,7.75700783362327,17.5422909401506
2072-09-29 12:00:00,2072,9,29,NA,7.83225078094286,17.5670775610272
2072-09-30 12:00:00,2072,9,30,NA,6.55480639854563,22.0731192781354
2072-10-01 12:00:00,2072,10,1,NA,8.56616512693484,20.4974603781966
2072-10-02 12:00:00,2072,10,2,NA,12.2403269842186,17.8879664351604
2072-10-03 12:00:00,2072,10,3,NA,16.8668252816547,23.2944659533366
2072-10-04 12:00:00,2072,10,4,NA,15.3320117598469,23.7500241681321
2072-10-05 12:00:00,2072,10,5,NA,17.6202693596239,23.8519478605345
2072-10-06 12:00:00,2072,10,6,NA,10.5276186146815,21.7787227685535
2072-10-07 12:00:00,2072,10,7,NA,10.357891238065,17.8104637031115
2072-10-08 12:00:00,2072,10,8,NA,11.5834042094702,14.9940341031488
2072-10-09 12:00:00,2072,10,9,NA,8.19365593842119,16.8279428098047
2072-10-10 12:00:00,2072,10,10,NA,10.4181606978172,15.6497278475399
2072-10-11 12:00:00,2072,10,11,NA,9.37441829828079,17.927403491395
2072-10-12 12:00:00,2072,10,12,NA,6.80537964246111,17.91018620064
2072-10-13 12:00:00,2072,10,13,NA,7.03016024340202,16.6050687006475
2072-10-14 12:00:00,2072,10,14,NA,9.82042978287376,17.0692232886634
2072-10-15 12:00:00,2072,10,15,NA,11.3365737402251,21.0170408371404
2072-10-16 12:00:00,2072,10,16,NA,14.0313631759932,20.2324542565041
2072-10-17 12:00:00,2072,10,17,NA,13.00171551553,19.4904858934404
2072-10-18 12:00:00,2072,10,18,NA,12.9687463723562,22.6002095154055
2072-10-19 12:00:00,2072,10,19,NA,10.7780216837722,22.1232795309088
2072-10-20 12:00:00,2072,10,20,NA,12.5363295601318,23.2020383524749
2072-10-21 12:00:00,2072,10,21,NA,11.8994653018056,17.1946583174892
2072-10-22 12:00:00,2072,10,22,NA,12.1548291180909,17.4947724761043
2072-10-23 12:00:00,2072,10,23,NA,8.84293416349673,15.8941030197596
2072-10-24 12:00:00,2072,10,24,NA,6.74942702227882,15.3781086212942
2072-10-25 12:00:00,2072,10,25,NA,6.29168431691138,14.9574715807905
2072-10-26 12:00:00,2072,10,26,NA,4.44651003706546,15.1122188294085
2072-10-27 12:00:00,2072,10,27,NA,3.99946579565721,17.1358660806561
2072-10-28 12:00:00,2072,10,28,NA,5.32599816660192,11.5673492704763
2072-10-29 12:00:00,2072,10,29,NA,4.96205924384915,11.1715834860384
2072-10-30 12:00:00,2072,10,30,NA,4.51123195511605,15.5341830936047
2072-10-31 12:00:00,2072,10,31,NA,3.36580085949193,13.0942210708722
2072-11-01 12:00:00,2072,11,1,NA,3.97104623615261,12.660131556651
2072-11-02 12:00:00,2072,11,2,NA,-0.815506163287727,10.6513184239186
2072-11-03 12:00:00,2072,11,3,NA,3.16587491740726,12.065157522228
2072-11-04 12:00:00,2072,11,4,NA,7.63026882805836,8.57794265345066
2072-11-05 12:00:00,2072,11,5,NA,2.59138373942214,4.90744131101446
2072-11-06 12:00:00,2072,11,6,NA,2.28138959008934,10.4880724771622
2072-11-07 12:00:00,2072,11,7,NA,4.05186832256566,8.05778165450225
2072-11-08 12:00:00,2072,11,8,NA,3.54920500139561,11.9694742121497
2072-11-09 12:00:00,2072,11,9,NA,4.77063287998295,15.4451032934
2072-11-10 12:00:00,2072,11,10,NA,5.28352854222182,14.0809851675588
2072-11-11 12:00:00,2072,11,11,NA,6.39657748232129,10.1336332383342
2072-11-12 12:00:00,2072,11,12,NA,6.04685499374205,10.8174486776892
2072-11-13 12:00:00,2072,11,13,NA,5.70651308723375,10.5741618434041
2072-11-14 12:00:00,2072,11,14,NA,6.03644618693053,9.66243982855049
2072-11-15 12:00:00,2072,11,15,NA,4.37233006211273,10.1557005575385
2072-11-16 12:00:00,2072,11,16,NA,3.35456488289692,13.7952801463338
2072-11-17 12:00:00,2072,11,17,NA,2.30773878030268,12.3770153352258
2072-11-18 12:00:00,2072,11,18,NA,1.69972560029445,13.532157973933
2072-11-19 12:00:00,2072,11,19,NA,3.62029347311677,12.0620005997968
2072-11-20 12:00:00,2072,11,20,NA,10.5473158990961,17.3497443333782
2072-11-21 12:00:00,2072,11,21,NA,11.7689800596118,19.3828142637869
2072-11-22 12:00:00,2072,11,22,NA,10.006781687696,15.6488026514806
2072-11-23 12:00:00,2072,11,23,NA,10.4123601561498,16.9807201935617
2072-11-24 12:00:00,2072,11,24,NA,10.2363110646388,15.1858978415031
2072-11-25 12:00:00,2072,11,25,NA,6.51788243097629,11.2165233597499
2072-11-26 12:00:00,2072,11,26,NA,3.9363588246965,7.94327675768879
2072-11-27 12:00:00,2072,11,27,NA,2.48957911081359,8.45254038564992
2072-11-28 12:00:00,2072,11,28,NA,1.79429771093152,7.57597282794799
2072-11-29 12:00:00,2072,11,29,NA,-1.52242429692155,8.2035478382823
2072-11-30 12:00:00,2072,11,30,NA,-5.97601029527379,4.40071768960654
2072-12-01 12:00:00,2072,12,1,NA,-4.55349101179387,3.88265262043106
2072-12-02 12:00:00,2072,12,2,NA,-3.9011102726935,1.25008650234796
2072-12-03 12:00:00,2072,12,3,NA,-2.12143456127704,4.29911806375021
2072-12-04 12:00:00,2072,12,4,NA,1.38053489068787,6.6532734558259
2072-12-05 12:00:00,2072,12,5,NA,3.93290623810116,10.9347383944506
2072-12-06 12:00:00,2072,12,6,NA,3.36411077294198,7.8361209245185
2072-12-07 12:00:00,2072,12,7,NA,2.67463380563112,6.44393288557058
2072-12-08 12:00:00,2072,12,8,NA,1.04878880895893,9.26079934996145
2072-12-09 12:00:00,2072,12,9,NA,1.08726817483586,10.5360454212062
2072-12-10 12:00:00,2072,12,10,NA,0.0683156280818724,5.78012821070586
2072-12-11 12:00:00,2072,12,11,NA,3.28372556909493,11.4333500446416
2072-12-12 12:00:00,2072,12,12,NA,4.42765510144795,13.0332115418646
2072-12-13 12:00:00,2072,12,13,NA,5.08452861573542,13.6999067806717
2072-12-14 12:00:00,2072,12,14,NA,4.41865013654704,14.4909234236816
2072-12-15 12:00:00,2072,12,15,NA,4.21829643908899,10.3098620997086
2072-12-16 12:00:00,2072,12,16,NA,5.31538311165223,12.4972426793084
2072-12-17 12:00:00,2072,12,17,NA,8.72843356178167,13.8170111297201
2072-12-18 12:00:00,2072,12,18,NA,10.0751550425388,17.6807532824385
2072-12-19 12:00:00,2072,12,19,NA,11.4965170117002,19.0248632397146
2072-12-20 12:00:00,2072,12,20,NA,10.1981333417492,17.3642648224849
2072-12-21 12:00:00,2072,12,21,NA,11.4408123975434,17.4561430156909
2072-12-22 12:00:00,2072,12,22,NA,8.24252892957781,13.7347749498801
2072-12-23 12:00:00,2072,12,23,NA,8.0488840126864,14.1278466693619
2072-12-24 12:00:00,2072,12,24,NA,8.03348414588917,10.0715994971231
2072-12-25 12:00:00,2072,12,25,NA,6.37763883468156,10.426783730796
2072-12-26 12:00:00,2072,12,26,NA,-2.18997140918279,3.29924763792713
2072-12-27 12:00:00,2072,12,27,NA,-7.0246538606902,-2.1591474095679
2072-12-28 12:00:00,2072,12,28,NA,-10.7908083797252,-2.6335058500589
2072-12-29 12:00:00,2072,12,29,NA,-4.95156925695483,2.08884270269641
2072-12-30 12:00:00,2072,12,30,NA,-2.19915758136934,7.24961966500104
2072-12-31 12:00:00,2072,12,31,NA,-5.99610239762348,3.15863421131739
2073-01-01 12:00:00,2073,1,1,NA,-0.741833795452056,6.42429768528372
2073-01-02 12:00:00,2073,1,2,NA,0.952672287399447,6.04124985533784
2073-01-03 12:00:00,2073,1,3,NA,-1.0504934907466,2.38594413861195
2073-01-04 12:00:00,2073,1,4,NA,2.59434905678727,6.76150450731282
2073-01-05 12:00:00,2073,1,5,NA,1.85033719668343,11.6001072673875
2073-01-06 12:00:00,2073,1,6,NA,3.04511936498364,12.5836520957119
2073-01-07 12:00:00,2073,1,7,NA,3.58013107715867,9.84927434213686
2073-01-08 12:00:00,2073,1,8,NA,5.88789221392497,8.99493128747246
2073-01-09 12:00:00,2073,1,9,NA,6.73584850776655,11.2215411115863
2073-01-10 12:00:00,2073,1,10,NA,5.94643282819283,11.4656920159631
2073-01-11 12:00:00,2073,1,11,NA,6.82227797780359,9.9572498400704
2073-01-12 12:00:00,2073,1,12,NA,7.79958401926342,10.6344201971457
2073-01-13 12:00:00,2073,1,13,NA,6.73368785852824,10.5051832867938
2073-01-14 12:00:00,2073,1,14,NA,1.37987536014197,6.28688240407953
2073-01-15 12:00:00,2073,1,15,NA,0.279001331014777,4.89237106519172
2073-01-16 12:00:00,2073,1,16,NA,1.99788605560011,12.3456997895765
2073-01-17 12:00:00,2073,1,17,NA,-0.15069640638681,8.72954740705649
2073-01-18 12:00:00,2073,1,18,NA,1.23210773888234,6.45655664446328
2073-01-19 12:00:00,2073,1,19,NA,-0.505719784041516,7.82312762303075
2073-01-20 12:00:00,2073,1,20,NA,-0.668526107077691,12.1320248438314
2073-01-21 12:00:00,2073,1,21,NA,2.70362214466329,9.23564025013367
2073-01-22 12:00:00,2073,1,22,NA,2.73801095563406,4.76827083486719
2073-01-23 12:00:00,2073,1,23,NA,-0.0754989350930466,5.67250277663365
2073-01-24 12:00:00,2073,1,24,NA,0.32101655503505,6.659715897273
2073-01-25 12:00:00,2073,1,25,NA,0.640550724121158,6.07879143930815
2073-01-26 12:00:00,2073,1,26,NA,-2.17041633304986,6.15298332436531
2073-01-27 12:00:00,2073,1,27,NA,-1.24322769818227,4.23416045984381
2073-01-28 12:00:00,2073,1,28,NA,2.35461886858325,7.08179676482025
2073-01-29 12:00:00,2073,1,29,NA,2.20092079802049,5.31282285043342
2073-01-30 12:00:00,2073,1,30,NA,3.70135873298432,8.68900301013738
2073-01-31 12:00:00,2073,1,31,NA,2.60799172800985,3.9515058277982
2073-02-01 12:00:00,2073,2,1,NA,-0.921021761853228,5.03353707253862
2073-02-02 12:00:00,2073,2,2,NA,-1.249665188753,11.5236869251798
2073-02-03 12:00:00,2073,2,3,NA,0.861614186444737,10.4358879431545
2073-02-04 12:00:00,2073,2,4,NA,2.77579372676882,11.9077420812412
2073-02-05 12:00:00,2073,2,5,NA,0.830709742757354,10.6243939245863
2073-02-06 12:00:00,2073,2,6,NA,4.49913308529965,8.63993901668756
2073-02-07 12:00:00,2073,2,7,NA,6.62495020697823,10.6733160550906
2073-02-08 12:00:00,2073,2,8,NA,3.66679916684616,10.8646799726016
2073-02-09 12:00:00,2073,2,9,NA,2.67883975204566,8.07384417663534
2073-02-10 12:00:00,2073,2,10,NA,4.54903027266869,7.77946781006731
2073-02-11 12:00:00,2073,2,11,NA,3.87939108224091,5.66862829147395
2073-02-12 12:00:00,2073,2,12,NA,0.633896338349479,3.92466348417314
2073-02-13 12:00:00,2073,2,13,NA,2.2426952795618,4.68568496324505
2073-02-14 12:00:00,2073,2,14,NA,-1.56676825852889,8.9733286703391
2073-02-15 12:00:00,2073,2,15,NA,3.41992955977733,14.1521050602627
2073-02-16 12:00:00,2073,2,16,NA,4.34052241224922,13.2274514604255
2073-02-17 12:00:00,2073,2,17,NA,10.9211876935537,17.4017810813395
2073-02-18 12:00:00,2073,2,18,NA,10.5920382360074,16.2656158028304
2073-02-19 12:00:00,2073,2,19,NA,9.36116869679972,18.9354424535095
2073-02-20 12:00:00,2073,2,20,NA,14.9973217178456,17.9326949458234
2073-02-21 12:00:00,2073,2,21,NA,11.9627453087888,18.0891716351787
2073-02-22 12:00:00,2073,2,22,NA,12.8691584914264,17.7451774778197
2073-02-23 12:00:00,2073,2,23,NA,13.8378971028802,17.9787030342681
2073-02-24 12:00:00,2073,2,24,NA,11.9854585419221,15.2762256877457
2073-02-25 12:00:00,2073,2,25,NA,8.33896144577582,17.9664062381793
2073-02-26 12:00:00,2073,2,26,NA,7.06169722239696,18.4421895786802
2073-02-27 12:00:00,2073,2,27,NA,4.69326184477064,17.961255904487
2073-02-28 12:00:00,2073,2,28,NA,12.0177441191159,18.5340423842013
2073-03-01 12:00:00,2073,3,1,NA,9.33653609036925,16.0976197947296
2073-03-02 12:00:00,2073,3,2,NA,8.95696967240544,12.9848413209715
2073-03-03 12:00:00,2073,3,3,NA,3.85048670958554,6.27154314347843
2073-03-04 12:00:00,2073,3,4,NA,5.71646493493717,8.88857298865803
2073-03-05 12:00:00,2073,3,5,NA,-1.07952339850965,9.80452321544547
2073-03-06 12:00:00,2073,3,6,NA,0.860608192000154,9.27961826253997
2073-03-07 12:00:00,2073,3,7,NA,4.03621108547635,11.2486502090857
2073-03-08 12:00:00,2073,3,8,NA,3.96715344052054,15.5429078091817
2073-03-09 12:00:00,2073,3,9,NA,1.9045370822128,10.7286584319535
2073-03-10 12:00:00,2073,3,10,NA,-0.0014410544597947,15.5660892133909
2073-03-11 12:00:00,2073,3,11,NA,5.54113072037742,13.0036736638806
2073-03-12 12:00:00,2073,3,12,NA,7.75343060386742,21.8165403148776
2073-03-13 12:00:00,2073,3,13,NA,8.98631176326635,21.1788878001683
2073-03-14 12:00:00,2073,3,14,NA,5.18702173196978,16.1746713707889
2073-03-15 12:00:00,2073,3,15,NA,4.46799332693301,20.6214680441912
2073-03-16 12:00:00,2073,3,16,NA,5.77780538379007,19.9589940753378
2073-03-17 12:00:00,2073,3,17,NA,7.66601303270393,16.1632433055517
2073-03-18 12:00:00,2073,3,18,NA,4.60312664660037,12.4651211345089
2073-03-19 12:00:00,2073,3,19,NA,3.22354796754522,13.5509417248476
2073-03-20 12:00:00,2073,3,20,NA,3.00324100289018,10.4308793972096
2073-03-21 12:00:00,2073,3,21,NA,3.38971229238856,9.18627201556232
2073-03-22 12:00:00,2073,3,22,NA,2.58553474098265,7.97266607023108
2073-03-23 12:00:00,2073,3,23,NA,6.0722052412396,10.9586857395862
2073-03-24 12:00:00,2073,3,24,NA,4.18608852087434,8.70136396245658
2073-03-25 12:00:00,2073,3,25,NA,1.4697560133199,7.92766437653175
2073-03-26 12:00:00,2073,3,26,NA,2.23481875118675,9.69186045589318
2073-03-27 12:00:00,2073,3,27,NA,3.6984261116856,7.9307435642952
2073-03-28 12:00:00,2073,3,28,NA,5.22305170449692,14.3432832742688
2073-03-29 12:00:00,2073,3,29,NA,8.74437127895651,18.8734518947474
2073-03-30 12:00:00,2073,3,30,NA,4.64304030534451,16.6049510748567
2073-03-31 12:00:00,2073,3,31,NA,2.19849954157443,19.2711847402473
2073-04-01 12:00:00,2073,4,1,NA,9.0824705007215,20.2534100305347
2073-04-02 12:00:00,2073,4,2,NA,11.1959301158549,18.6584730593581
2073-04-03 12:00:00,2073,4,3,NA,11.0306118438558,23.362670676783
2073-04-04 12:00:00,2073,4,4,NA,9.3948685757769,21.7727527095564
2073-04-05 12:00:00,2073,4,5,NA,6.46910703181466,24.717978624593
2073-04-06 12:00:00,2073,4,6,NA,5.3043323926502,21.257647086811
2073-04-07 12:00:00,2073,4,7,NA,8.55474890164593,21.7357454361693
2073-04-08 12:00:00,2073,4,8,NA,6.70129469719424,22.878023947339
2073-04-09 12:00:00,2073,4,9,NA,3.94376671144905,15.9561923886871
2073-04-10 12:00:00,2073,4,10,NA,4.90868528546204,23.0985340029871
2073-04-11 12:00:00,2073,4,11,NA,3.17213549125241,20.4509592868332
2073-04-12 12:00:00,2073,4,12,NA,0.188912544974791,16.6928219972541
2073-04-13 12:00:00,2073,4,13,NA,2.41688742423094,14.8918199999424
2073-04-14 12:00:00,2073,4,14,NA,-0.729206957232282,15.5267680455295
2073-04-15 12:00:00,2073,4,15,NA,-0.275799151347048,15.7276982132665
2073-04-16 12:00:00,2073,4,16,NA,-0.111858861080059,15.2484100401847
2073-04-17 12:00:00,2073,4,17,NA,-0.809066797306197,14.9994192702906
2073-04-18 12:00:00,2073,4,18,NA,-1.23423426800773,16.2845126082239
2073-04-19 12:00:00,2073,4,19,NA,1.83970690149279,12.401119148134
2073-04-20 12:00:00,2073,4,20,NA,-1.56465130601616,13.7956175952486
2073-04-21 12:00:00,2073,4,21,NA,-0.821646370145496,15.3011923919732
2073-04-22 12:00:00,2073,4,22,NA,4.290280561843,14.720592307563
2073-04-23 12:00:00,2073,4,23,NA,2.34467352391168,18.7242672553762
2073-04-24 12:00:00,2073,4,24,NA,1.86443791593759,18.2440316474022
2073-04-25 12:00:00,2073,4,25,NA,5.42058043589241,13.5210667684623
2073-04-26 12:00:00,2073,4,26,NA,9.42876485785481,15.7694277507131
2073-04-27 12:00:00,2073,4,27,NA,7.48315659496285,14.881139228014
2073-04-28 12:00:00,2073,4,28,NA,9.81337643118384,16.1602866438605
2073-04-29 12:00:00,2073,4,29,NA,11.0817220452563,22.5506681988618
2073-04-30 12:00:00,2073,4,30,NA,10.9775655891544,26.19221930737
2073-05-01 12:00:00,2073,5,1,NA,10.8842856239709,24.6425056218398
2073-05-02 12:00:00,2073,5,2,NA,13.3485030778594,22.8477461342574
2073-05-03 12:00:00,2073,5,3,NA,11.1963861059787,16.6695359032414
2073-05-04 12:00:00,2073,5,4,NA,10.7628212706406,12.8178958587068
2073-05-05 12:00:00,2073,5,5,NA,9.02707023102209,17.8373560049683
2073-05-06 12:00:00,2073,5,6,NA,8.72497575382696,16.5193566105159
2073-05-07 12:00:00,2073,5,7,NA,7.36179130652873,15.1655559914528
2073-05-08 12:00:00,2073,5,8,NA,9.50980022795224,20.3279093770451
2073-05-09 12:00:00,2073,5,9,NA,10.4551703001942,24.1973611389448
2073-05-10 12:00:00,2073,5,10,NA,7.01474889592687,19.6668253866308
2073-05-11 12:00:00,2073,5,11,NA,8.00414451139596,18.6585798188606
2073-05-12 12:00:00,2073,5,12,NA,3.13843796329358,15.4482184846237
2073-05-13 12:00:00,2073,5,13,NA,-0.717429689850423,17.7980028814025
2073-05-14 12:00:00,2073,5,14,NA,1.92300877876571,19.3851170128819
2073-05-15 12:00:00,2073,5,15,NA,5.63504598744187,17.1574529334469
2073-05-16 12:00:00,2073,5,16,NA,11.985211734629,19.9055431962961
2073-05-17 12:00:00,2073,5,17,NA,10.5608045776661,16.8058389153007
2073-05-18 12:00:00,2073,5,18,NA,8.26894194327531,15.6460111225252
2073-05-19 12:00:00,2073,5,19,NA,8.02047238825318,18.7114020892893
2073-05-20 12:00:00,2073,5,20,NA,12.5775645974695,18.4568868071092
2073-05-21 12:00:00,2073,5,21,NA,11.0687631494841,21.7226343480191
2073-05-22 12:00:00,2073,5,22,NA,11.3441106749262,18.3857104559923
2073-05-23 12:00:00,2073,5,23,NA,12.6037697918137,21.4497484964498
2073-05-24 12:00:00,2073,5,24,NA,14.2584237988018,21.9076714113174
2073-05-25 12:00:00,2073,5,25,NA,11.0290009164489,21.0413253145948
2073-05-26 12:00:00,2073,5,26,NA,7.23740241318895,16.9278032026832
2073-05-27 12:00:00,2073,5,27,NA,4.2270202103421,18.9810728778646
2073-05-28 12:00:00,2073,5,28,NA,2.49207418298695,21.9561176888959
2073-05-29 12:00:00,2073,5,29,NA,4.22563001291731,21.7499708780951
2073-05-30 12:00:00,2073,5,30,NA,10.9229377662706,17.7663238550835
2073-05-31 12:00:00,2073,5,31,NA,10.3836212388479,26.032149776544
2073-06-01 12:00:00,2073,6,1,NA,13.3359568253136,24.5403506399429
2073-06-02 12:00:00,2073,6,2,NA,11.6147191849542,22.2880877818911
2073-06-03 12:00:00,2073,6,3,NA,15.9681545792958,23.7085077449041
2073-06-04 12:00:00,2073,6,4,NA,18.4897195514153,20.5101853316022
2073-06-05 12:00:00,2073,6,5,NA,16.4338435005465,23.6608545203422
2073-06-06 12:00:00,2073,6,6,NA,10.0666271755072,21.3261551665604
2073-06-07 12:00:00,2073,6,7,NA,12.4040034039933,22.8365621154699
2073-06-08 12:00:00,2073,6,8,NA,10.805529865305,20.0632281406359
2073-06-09 12:00:00,2073,6,9,NA,7.85835016120767,22.2047076602758
2073-06-10 12:00:00,2073,6,10,NA,11.0918732648014,20.3887788849514
2073-06-11 12:00:00,2073,6,11,NA,13.6561726981917,24.6458852279538
2073-06-12 12:00:00,2073,6,12,NA,18.5923517951359,27.7590859039943
2073-06-13 12:00:00,2073,6,13,NA,17.8281441462788,27.0706959964659
2073-06-14 12:00:00,2073,6,14,NA,13.5487111938336,27.9604654437662
2073-06-15 12:00:00,2073,6,15,NA,12.9103577800793,28.6914871610605
2073-06-16 12:00:00,2073,6,16,NA,16.1865142675966,26.3600562619046
2073-06-17 12:00:00,2073,6,17,NA,15.9620585399342,29.909849819714
2073-06-18 12:00:00,2073,6,18,NA,12.636988781977,27.0518448028074
2073-06-19 12:00:00,2073,6,19,NA,14.5904570250594,30.5908873032096
2073-06-20 12:00:00,2073,6,20,NA,11.2396330103896,29.4344773176709
2073-06-21 12:00:00,2073,6,21,NA,11.1242056604684,26.9584005525149
2073-06-22 12:00:00,2073,6,22,NA,6.15847146916625,26.6129615102651
2073-06-23 12:00:00,2073,6,23,NA,10.5806072878505,26.0782654068242
2073-06-24 12:00:00,2073,6,24,NA,13.9157409463513,25.1163116593231
2073-06-25 12:00:00,2073,6,25,NA,13.8564017713613,22.3930796363877
2073-06-26 12:00:00,2073,6,26,NA,12.7722467768053,25.4371740580516
2073-06-27 12:00:00,2073,6,27,NA,7.61697234781233,25.0850414347603
2073-06-28 12:00:00,2073,6,28,NA,7.84913876083559,25.3856533116369
2073-06-29 12:00:00,2073,6,29,NA,7.18543982694794,27.8277073987376
2073-06-30 12:00:00,2073,6,30,NA,10.7954237283809,23.3966987676784
2073-07-01 12:00:00,2073,7,1,NA,10.6966422291967,23.2979172684942
2073-07-02 12:00:00,2073,7,2,NA,10.3549630671372,21.7132798794795
2073-07-03 12:00:00,2073,7,3,NA,11.985786658027,24.4833974069334
2073-07-04 12:00:00,2073,7,4,NA,12.9253312944434,25.7818601197044
2073-07-05 12:00:00,2073,7,5,NA,13.7605540354356,25.4751827300432
2073-07-06 12:00:00,2073,7,6,NA,13.9097263473479,23.8809867843205
2073-07-07 12:00:00,2073,7,7,NA,13.9401631942202,23.7871958518419
2073-07-08 12:00:00,2073,7,8,NA,14.8395605793542,28.7225261736221
2073-07-09 12:00:00,2073,7,9,NA,14.7006168367606,28.1145844785233
2073-07-10 12:00:00,2073,7,10,NA,16.8100209276762,26.8571624624185
2073-07-11 12:00:00,2073,7,11,NA,16.4512759540662,25.7134048555189
2073-07-12 12:00:00,2073,7,12,NA,14.9974492536138,23.5307571932827
2073-07-13 12:00:00,2073,7,13,NA,17.7370092653533,23.4717513098698
2073-07-14 12:00:00,2073,7,14,NA,15.8327153987249,25.6246574609284
2073-07-15 12:00:00,2073,7,15,NA,22.0878941272004,28.6686005206093
2073-07-16 12:00:00,2073,7,16,NA,17.501797859686,27.1623049655129
2073-07-17 12:00:00,2073,7,17,NA,13.2308435755116,31.0790556823111
2073-07-18 12:00:00,2073,7,18,NA,16.5789067107285,28.1300460816449
2073-07-19 12:00:00,2073,7,19,NA,16.3261918042555,27.3187209689443
2073-07-20 12:00:00,2073,7,20,NA,12.5993984362535,26.6758948405649
2073-07-21 12:00:00,2073,7,21,NA,13.1707583098402,26.1208233774994
2073-07-22 12:00:00,2073,7,22,NA,13.6730382970482,23.13112173035
2073-07-23 12:00:00,2073,7,23,NA,16.0903861272045,23.9888592659261
2073-07-24 12:00:00,2073,7,24,NA,19.4413876426796,29.016128291239
2073-07-25 12:00:00,2073,7,25,NA,14.3030481288869,29.7780811521628
2073-07-26 12:00:00,2073,7,26,NA,15.038297651104,30.2569035420101
2073-07-27 12:00:00,2073,7,27,NA,14.9593297207978,30.859850651073
2073-07-28 12:00:00,2073,7,28,NA,18.8702241084504,25.3190667514501
2073-07-29 12:00:00,2073,7,29,NA,17.1905877381425,21.0769504447531
2073-07-30 12:00:00,2073,7,30,NA,20.1545846472411,26.0114360096151
2073-07-31 12:00:00,2073,7,31,NA,14.4080444890713,27.8452095010968
2073-08-01 12:00:00,2073,8,1,NA,14.2000301286741,21.7451665140091
2073-08-02 12:00:00,2073,8,2,NA,14.4741031064821,26.4223251987699
2073-08-03 12:00:00,2073,8,3,NA,15.5876038050074,20.4794884459083
2073-08-04 12:00:00,2073,8,4,NA,15.922537735718,21.4832897549069
2073-08-05 12:00:00,2073,8,5,NA,13.5948267574742,22.8412178772483
2073-08-06 12:00:00,2073,8,6,NA,14.6287602045389,23.6778933760008
2073-08-07 12:00:00,2073,8,7,NA,7.24516196944057,25.9368325408035
2073-08-08 12:00:00,2073,8,8,NA,11.8830425249165,22.678203860103
2073-08-09 12:00:00,2073,8,9,NA,9.13303034828025,22.6656618481647
2073-08-10 12:00:00,2073,8,10,NA,9.68394547061287,19.8522147936736
2073-08-11 12:00:00,2073,8,11,NA,11.8181810670021,20.8379506796687
2073-08-12 12:00:00,2073,8,12,NA,12.1589799554749,18.4855716091057
2073-08-13 12:00:00,2073,8,13,NA,14.5707107442834,21.9254970713285
2073-08-14 12:00:00,2073,8,14,NA,13.5781791197951,24.3613835958037
2073-08-15 12:00:00,2073,8,15,NA,14.2262430672069,27.1607937189621
2073-08-16 12:00:00,2073,8,16,NA,13.9678274657813,27.1790057444158
2073-08-17 12:00:00,2073,8,17,NA,11.5563280467179,30.0632129971447
2073-08-18 12:00:00,2073,8,18,NA,12.6068432232205,30.391526482202
2073-08-19 12:00:00,2073,8,19,NA,13.0676957387755,30.6779689832671
2073-08-20 12:00:00,2073,8,20,NA,11.9994930275821,27.3186071089267
2073-08-21 12:00:00,2073,8,21,NA,11.0843289756953,19.6121937397521
2073-08-22 12:00:00,2073,8,22,NA,12.5092760868145,18.1504308356448
2073-08-23 12:00:00,2073,8,23,NA,9.83079902274632,22.671758985436
2073-08-24 12:00:00,2073,8,24,NA,13.9147652114167,18.5200142030327
2073-08-25 12:00:00,2073,8,25,NA,12.3270531675939,22.8273549370238
2073-08-26 12:00:00,2073,8,26,NA,13.3041466927452,20.5495435124938
2073-08-27 12:00:00,2073,8,27,NA,12.4856939093784,24.1603824020654
2073-08-28 12:00:00,2073,8,28,NA,8.7354318617151,25.1070179219483
2073-08-29 12:00:00,2073,8,29,NA,10.2591294296433,25.5309285900111
2073-08-30 12:00:00,2073,8,30,NA,8.94490727467377,22.527457064566
2073-08-31 12:00:00,2073,8,31,NA,14.6165805377649,22.8592613586168
2073-09-01 12:00:00,2073,9,1,NA,13.1688646681482,25.0231836234091
2073-09-02 12:00:00,2073,9,2,NA,15.5116867465251,25.6199411188856
2073-09-03 12:00:00,2073,9,3,NA,9.44798049004949,24.2907015372798
2073-09-04 12:00:00,2073,9,4,NA,12.2112890028337,27.7296018824234
2073-09-05 12:00:00,2073,9,5,NA,13.097529473941,19.7987224179247
2073-09-06 12:00:00,2073,9,6,NA,11.8001500447664,18.9925138202116
2073-09-07 12:00:00,2073,9,7,NA,10.1304535261211,22.0933294414471
2073-09-08 12:00:00,2073,9,8,NA,16.286543067092,23.8921042543545
2073-09-09 12:00:00,2073,9,9,NA,12.312626927418,22.0454713184929
2073-09-10 12:00:00,2073,9,10,NA,13.5570383172224,18.9544760677907
2073-09-11 12:00:00,2073,9,11,NA,18.585110730375,28.3199375104594
2073-09-12 12:00:00,2073,9,12,NA,16.4869841470973,25.5962748091351
2073-09-13 12:00:00,2073,9,13,NA,12.7426373070465,28.0422669144075
2073-09-14 12:00:00,2073,9,14,NA,19.4075739937035,28.704061628223
2073-09-15 12:00:00,2073,9,15,NA,19.8278200562347,26.0211516730947
2073-09-16 12:00:00,2073,9,16,NA,18.9752197385906,25.6375288440283
2073-09-17 12:00:00,2073,9,17,NA,18.6448860487557,25.7880160477602
2073-09-18 12:00:00,2073,9,18,NA,19.6550409076121,25.5446284997604
2073-09-19 12:00:00,2073,9,19,NA,13.4089143462964,24.7065449717577
2073-09-20 12:00:00,2073,9,20,NA,15.1147596196163,21.0043472117647
2073-09-21 12:00:00,2073,9,21,NA,12.1834932884005,22.8929391341232
2073-09-22 12:00:00,2073,9,22,NA,14.3014825682703,24.35531760509
2073-09-23 12:00:00,2073,9,23,NA,15.934124761238,22.0263489193014
2073-09-24 12:00:00,2073,9,24,NA,11.4290673878483,21.8755236773419
2073-09-25 12:00:00,2073,9,25,NA,11.4753889469766,17.266027909764
2073-09-26 12:00:00,2073,9,26,NA,8.76784962407294,17.6070481880729
2073-09-27 12:00:00,2073,9,27,NA,0.90708514171992,20.1269574090716
2073-09-28 12:00:00,2073,9,28,NA,1.43455820510353,21.3210711242244
2073-09-29 12:00:00,2073,9,29,NA,12.5587322713991,19.7510960468443
2073-09-30 12:00:00,2073,9,30,NA,10.8783116511001,19.7334323481585
2073-10-01 12:00:00,2073,10,1,NA,14.2674614143391,17.8592204827359
2073-10-02 12:00:00,2073,10,2,NA,8.49150084562777,18.5453358824474
2073-10-03 12:00:00,2073,10,3,NA,7.5800129319499,20.5434197359404
2073-10-04 12:00:00,2073,10,4,NA,5.53545448966914,17.37221139351
2073-10-05 12:00:00,2073,10,5,NA,6.54411373556816,17.1940938326959
2073-10-06 12:00:00,2073,10,6,NA,9.98684626003514,22.8031022984542
2073-10-07 12:00:00,2073,10,7,NA,13.8687203341674,23.9091177742782
2073-10-08 12:00:00,2073,10,8,NA,17.2942536790149,23.774923516499
2073-10-09 12:00:00,2073,10,9,NA,15.2202807457564,27.1464064100746
2073-10-10 12:00:00,2073,10,10,NA,14.9722538175741,25.4084278884619
2073-10-11 12:00:00,2073,10,11,NA,10.7987589711425,24.6321816949726
2073-10-12 12:00:00,2073,10,12,NA,8.22953033644423,20.134251985458
2073-10-13 12:00:00,2073,10,13,NA,8.4666568202029,17.8842501972272
2073-10-14 12:00:00,2073,10,14,NA,7.49617047413583,15.8129632898169
2073-10-15 12:00:00,2073,10,15,NA,4.78176070011322,16.2807562765235
2073-10-16 12:00:00,2073,10,16,NA,4.68772884026628,16.1867244166766
2073-10-17 12:00:00,2073,10,17,NA,9.46530245525032,15.9465393737087
2073-10-18 12:00:00,2073,10,18,NA,7.63717528888468,19.1211521933021
2073-10-19 12:00:00,2073,10,19,NA,9.84441656117992,13.9998309890701
2073-10-20 12:00:00,2073,10,20,NA,6.96282424023297,14.4153967052795
2073-10-21 12:00:00,2073,10,21,NA,8.12711281217746,17.6516184460246
2073-10-22 12:00:00,2073,10,22,NA,7.33497541929345,15.9926275162526
2073-10-23 12:00:00,2073,10,23,NA,8.21995658297382,14.6120829772055
2073-10-24 12:00:00,2073,10,24,NA,13.2750278771967,17.9725175434603
2073-10-25 12:00:00,2073,10,25,NA,14.5534600218519,22.0060324868985
2073-10-26 12:00:00,2073,10,26,NA,13.2499524208593,24.0115587679374
2073-10-27 12:00:00,2073,10,27,NA,14.3200900740998,25.7229881053878
2073-10-28 12:00:00,2073,10,28,NA,11.8429418258053,19.1992940128093
2073-10-29 12:00:00,2073,10,29,NA,11.1405235672003,17.6897729828635
2073-10-30 12:00:00,2073,10,30,NA,3.99070614097069,13.7146858222984
2073-10-31 12:00:00,2073,10,31,NA,2.24185859209032,16.0878840707182
2073-11-01 12:00:00,2073,11,1,NA,6.54721140309936,14.1148122191945
2073-11-02 12:00:00,2073,11,2,NA,10.5746597583603,18.0867352319925
2073-11-03 12:00:00,2073,11,3,NA,10.4818514385866,15.157111565856
2073-11-04 12:00:00,2073,11,4,NA,14.1678929501953,19.0591152532434
2073-11-05 12:00:00,2073,11,5,NA,11.5726540716297,15.4139522353794
2073-11-06 12:00:00,2073,11,6,NA,10.068106501404,16.5882476320882
2073-11-07 12:00:00,2073,11,7,NA,9.41250417674489,14.0889850719573
2073-11-08 12:00:00,2073,11,8,NA,8.38477778422908,12.1877179918437
2073-11-09 12:00:00,2073,11,9,NA,7.55641291914007,11.5633308521324
2073-11-10 12:00:00,2073,11,10,NA,6.33653372751698,16.3842921754348
2073-11-11 12:00:00,2073,11,11,NA,6.82622854679796,12.4944505237806
2073-11-12 12:00:00,2073,11,12,NA,7.15851782418414,12.7424122442976
2073-11-13 12:00:00,2073,11,13,NA,3.54996451942941,11.0770126428751
2073-11-14 12:00:00,2073,11,14,NA,5.78804934377441,15.1385996224554
2073-11-15 12:00:00,2073,11,15,NA,8.65832833452383,14.7318618438918
2073-11-16 12:00:00,2073,11,16,NA,4.06647292250738,9.70849388629204
2073-11-17 12:00:00,2073,11,17,NA,1.6039601988288,3.48506665054174
2073-11-18 12:00:00,2073,11,18,NA,6.68537404700868,8.55410054538421
2073-11-19 12:00:00,2073,11,19,NA,5.21646505576225,14.1958586726974
2073-11-20 12:00:00,2073,11,20,NA,5.95669722999761,9.71090571422909
2073-11-21 12:00:00,2073,11,21,NA,7.03251142410454,11.2321119755482
2073-11-22 12:00:00,2073,11,22,NA,6.54230674537223,11.2117819226238
2073-11-23 12:00:00,2073,11,23,NA,7.79980230414083,19.6961314745609
2073-11-24 12:00:00,2073,11,24,NA,6.35043292516134,16.3981913730792
2073-11-25 12:00:00,2073,11,25,NA,3.87618228806812,8.80066371421895
2073-11-26 12:00:00,2073,11,26,NA,4.58126620269702,9.24347829677502
2073-11-27 12:00:00,2073,11,27,NA,-5.07267426910333,-0.0961588431537579
2073-11-28 12:00:00,2073,11,28,NA,-4.7728423595511,0.699346417486447
2073-11-29 12:00:00,2073,11,29,NA,-1.16883503521737,2.60395413468615
2073-11-30 12:00:00,2073,11,30,NA,1.42709749540825,8.64627690036407
2073-12-01 12:00:00,2073,12,1,NA,3.06897742357101,15.1006675469436
2073-12-02 12:00:00,2073,12,2,NA,3.70340835055337,13.0853512155806
2073-12-03 12:00:00,2073,12,3,NA,5.69781857591476,10.0619141005658
2073-12-04 12:00:00,2073,12,4,NA,5.59687879875504,11.6877386877001
2073-12-05 12:00:00,2073,12,5,NA,6.52100533820288,8.33127547433555
2073-12-06 12:00:00,2073,12,6,NA,5.88223986000785,9.94869217142417
2073-12-07 12:00:00,2073,12,7,NA,3.9790208840783,9.73289797842365
2073-12-08 12:00:00,2073,12,8,NA,4.43258079329092,15.6365910462025
2073-12-09 12:00:00,2073,12,9,NA,1.41261675513934,7.52760948008129
2073-12-10 12:00:00,2073,12,10,NA,4.63518115928633,9.53047139571921
2073-12-11 12:00:00,2073,12,11,NA,4.62181946714348,7.53004139276763
2073-12-12 12:00:00,2073,12,12,NA,6.29544134785204,12.0088033662124
2073-12-13 12:00:00,2073,12,13,NA,6.85608505258232,11.0091070103135
2073-12-14 12:00:00,2073,12,14,NA,1.38440748232077,3.76767526503658
2073-12-15 12:00:00,2073,12,15,NA,4.08206827500905,10.2091950488023
2073-12-16 12:00:00,2073,12,16,NA,-0.00795281966789885,5.9781521079487
2073-12-17 12:00:00,2073,12,17,NA,1.63188048062876,7.7382069073758
2073-12-18 12:00:00,2073,12,18,NA,2.5574014479443,4.59654496450579
2073-12-19 12:00:00,2073,12,19,NA,0.295641582606648,6.31454937650928
2073-12-20 12:00:00,2073,12,20,NA,7.93210489249016,12.9820764006755
2073-12-21 12:00:00,2073,12,21,NA,5.46326777783956,12.5522103954501
2073-12-22 12:00:00,2073,12,22,NA,3.26600190675194,9.6865545317792
2073-12-23 12:00:00,2073,12,23,NA,4.60622831060579,7.70694902606853
2073-12-24 12:00:00,2073,12,24,NA,1.20072022763411,3.01099036376679
2073-12-25 12:00:00,2073,12,25,NA,-0.52091441881306,3.8961189486656
2073-12-26 12:00:00,2073,12,26,NA,2.50576508341108,5.44888311597766
2073-12-27 12:00:00,2073,12,27,NA,3.31184598884722,7.2607041277607
2073-12-28 12:00:00,2073,12,28,NA,3.14207299025525,9.00657057678857
2073-12-29 12:00:00,2073,12,29,NA,1.90576087498782,14.5024206058046
2073-12-30 12:00:00,2073,12,30,NA,5.35673956464808,14.633034638584
2073-12-31 12:00:00,2073,12,31,NA,7.92532244921458,12.8481535612564
2074-01-01 12:00:00,2074,1,1,NA,9.5531136475158,14.651781281599
2074-01-02 12:00:00,2074,1,2,NA,3.44649867766675,8.54837503737057
2074-01-03 12:00:00,2074,1,3,NA,5.3417420883316,11.9163263574633
2074-01-04 12:00:00,2074,1,4,NA,7.25383261875073,12.1518974618995
2074-01-05 12:00:00,2074,1,5,NA,7.13769837245372,11.2845173825187
2074-01-06 12:00:00,2074,1,6,NA,5.63908885625878,12.7121064815353
2074-01-07 12:00:00,2074,1,7,NA,7.20889822729137,10.6916801885108
2074-01-08 12:00:00,2074,1,8,NA,5.88797820409899,10.9185880608371
2074-01-09 12:00:00,2074,1,9,NA,5.91665388110967,12.6705470561696
2074-01-10 12:00:00,2074,1,10,NA,5.6024379093079,12.8820950864331
2074-01-11 12:00:00,2074,1,11,NA,3.23474926306651,8.17714488447235
2074-01-12 12:00:00,2074,1,12,NA,1.2841984477492,10.1644422611925
2074-01-13 12:00:00,2074,1,13,NA,-1.0626639949955,5.69239087559583
2074-01-14 12:00:00,2074,1,14,NA,4.14437544417606,10.5833294823173
2074-01-15 12:00:00,2074,1,15,NA,3.15398633096592,7.2171355039042
2074-01-16 12:00:00,2074,1,16,NA,3.21434019888671,11.570289802939
2074-01-17 12:00:00,2074,1,17,NA,2.52992387562519,7.24853343299946
2074-01-18 12:00:00,2074,1,18,NA,9.38044077835869,13.5374451254896
2074-01-19 12:00:00,2074,1,19,NA,10.6585191103076,14.8514129724109
2074-01-20 12:00:00,2074,1,20,NA,10.9363780888059,15.8433851327435
2074-01-21 12:00:00,2074,1,21,NA,9.42860929979268,15.867563337934
2074-01-22 12:00:00,2074,1,22,NA,6.46484592850147,12.69964432328
2074-01-23 12:00:00,2074,1,23,NA,8.87145322036125,11.9646081965243
2074-01-24 12:00:00,2074,1,24,NA,8.16621714769067,13.9699526698278
2074-01-25 12:00:00,2074,1,25,NA,7.03968529519793,15.483435422478
2074-01-26 12:00:00,2074,1,26,NA,7.29681567357369,18.2328998615635
2074-01-27 12:00:00,2074,1,27,NA,8.31329869291254,16.7983585106649
2074-01-28 12:00:00,2074,1,28,NA,7.30367287908769,16.1152065683456
2074-01-29 12:00:00,2074,1,29,NA,5.07641616148569,12.3893288847675
2074-01-30 12:00:00,2074,1,30,NA,5.13079391486783,8.28027929931475
2074-01-31 12:00:00,2074,1,31,NA,8.71502578532556,13.4810845845541
2074-02-01 12:00:00,2074,2,1,NA,7.91058608351733,10.9949591391262
2074-02-02 12:00:00,2074,2,2,NA,7.7003361246507,10.535172302533
2074-02-03 12:00:00,2074,2,3,NA,7.95250176504867,12.0654636698976
2074-02-04 12:00:00,2074,2,4,NA,7.78470475652468,15.1870809366708
2074-02-05 12:00:00,2074,2,5,NA,6.54324611967911,16.9507062570214
2074-02-06 12:00:00,2074,2,6,NA,5.96614010620267,10.4022888328549
2074-02-07 12:00:00,2074,2,7,NA,3.18772267915599,10.5362215871289
2074-02-08 12:00:00,2074,2,8,NA,-1.77808264959297,6.8605367245909
2074-02-09 12:00:00,2074,2,9,NA,-4.23845144918847,5.03751389420596
2074-02-10 12:00:00,2074,2,10,NA,-2.34329424150874,0.109292773287172
2074-02-11 12:00:00,2074,2,11,NA,-6.20540020716509,-1.94674526867243
2074-02-12 12:00:00,2074,2,12,NA,-5.24447650284593,-3.60763872429659
2074-02-13 12:00:00,2074,2,13,NA,-4.57833402245472,-1.63248704903995
2074-02-14 12:00:00,2074,2,14,NA,-5.54936594788461,-0.597767327563436
2074-02-15 12:00:00,2074,2,15,NA,-0.30543021395139,6.04251248969753
2074-02-16 12:00:00,2074,2,16,NA,3.72063357404461,7.08860093254809
2074-02-17 12:00:00,2074,2,17,NA,3.38796589196223,9.94233220985475
2074-02-18 12:00:00,2074,2,18,NA,1.82754157584266,10.3608167698743
2074-02-19 12:00:00,2074,2,19,NA,4.445496146805,7.1647719695019
2074-02-20 12:00:00,2074,2,20,NA,5.00999305762599,5.82551661680444
2074-02-21 12:00:00,2074,2,21,NA,3.36984266791647,8.2010799826842
2074-02-22 12:00:00,2074,2,22,NA,0.0801578951356863,3.3114429708476
2074-02-23 12:00:00,2074,2,23,NA,4.04433045159753,8.08787712161939
2074-02-24 12:00:00,2074,2,24,NA,4.75576860022902,9.71363318586975
2074-02-25 12:00:00,2074,2,25,NA,6.22567491659232,17.22143361653
2074-02-26 12:00:00,2074,2,26,NA,6.48220709068837,14.0482331815453
2074-02-27 12:00:00,2074,2,27,NA,12.3792546815363,15.6840848370325
2074-02-28 12:00:00,2074,2,28,NA,9.52217128804346,13.2478389045718
2074-03-01 12:00:00,2074,3,1,NA,5.2288168912969,10.057729226473
2074-03-02 12:00:00,2074,3,2,NA,7.49008683788262,12.3495815709933
2074-03-03 12:00:00,2074,3,3,NA,6.12442884860858,8.08163914510324
2074-03-04 12:00:00,2074,3,4,NA,4.9305872299734,7.99117447258463
2074-03-05 12:00:00,2074,3,5,NA,4.12171403755317,8.8144250635408
2074-03-06 12:00:00,2074,3,6,NA,2.79213564339623,7.9092461815837
2074-03-07 12:00:00,2074,3,7,NA,5.08690470156994,8.78711542455918
2074-03-08 12:00:00,2074,3,8,NA,1.38894709670057,8.0281805869357
2074-03-09 12:00:00,2074,3,9,NA,-3.03250794420469,9.96954524933405
2074-03-10 12:00:00,2074,3,10,NA,-0.936360510426101,10.5408693955291
2074-03-11 12:00:00,2074,3,11,NA,4.97912088129976,11.0635158530945
2074-03-12 12:00:00,2074,3,12,NA,2.25998120024036,7.38373489499265
2074-03-13 12:00:00,2074,3,13,NA,3.56728521506226,7.83444571960048
2074-03-14 12:00:00,2074,3,14,NA,0.491433825568223,8.98866409841597
2074-03-15 12:00:00,2074,3,15,NA,0.311291860182542,8.56993473966303
2074-03-16 12:00:00,2074,3,16,NA,-2.44892915028287,6.88001414407864
2074-03-17 12:00:00,2074,3,17,NA,-2.77839950751806,12.6757462476057
2074-03-18 12:00:00,2074,3,18,NA,3.04434744498499,17.5637959153625
2074-03-19 12:00:00,2074,3,19,NA,5.94744769227667,13.7311387726821
2074-03-20 12:00:00,2074,3,20,NA,2.75635333209164,11.372223639969
2074-03-21 12:00:00,2074,3,21,NA,0.0674428363080377,14.307527421814
2074-03-22 12:00:00,2074,3,22,NA,0.791815308192421,16.4339638039521
2074-03-23 12:00:00,2074,3,23,NA,8.01112999201913,11.7726218081477
2074-03-24 12:00:00,2074,3,24,NA,6.20959145762306,10.7248668992053
2074-03-25 12:00:00,2074,3,25,NA,2.02291908337251,8.14705479894922
2074-03-26 12:00:00,2074,3,26,NA,1.82103401681564,6.11768881163009
2074-03-27 12:00:00,2074,3,27,NA,-0.909019867279143,13.2759445019527
2074-03-28 12:00:00,2074,3,28,NA,-0.508990811418552,11.8021978201764
2074-03-29 12:00:00,2074,3,29,NA,1.98815775592848,11.9957361631283
2074-03-30 12:00:00,2074,3,30,NA,5.76077052802148,12.2186788912333
2074-03-31 12:00:00,2074,3,31,NA,7.62857520452205,12.7894580484127
2074-04-01 12:00:00,2074,4,1,NA,7.38422394052418,10.4448111831354
2074-04-02 12:00:00,2074,4,2,NA,9.68303429426613,14.3292381141804
2074-04-03 12:00:00,2074,4,3,NA,6.98707052445916,12.2536617318233
2074-04-04 12:00:00,2074,4,4,NA,7.87735570356257,15.0386420957387
2074-04-05 12:00:00,2074,4,5,NA,4.3952027457211,15.8641488993266
2074-04-06 12:00:00,2074,4,6,NA,11.9410850622229,15.9934358233334
2074-04-07 12:00:00,2074,4,7,NA,12.6895872238409,23.2922905690778
2074-04-08 12:00:00,2074,4,8,NA,16.9454571085784,22.0392753385394
2074-04-09 12:00:00,2074,4,9,NA,15.9801443886681,23.3718061748967
2074-04-10 12:00:00,2074,4,10,NA,9.03437070707604,19.2007007124743
2074-04-11 12:00:00,2074,4,11,NA,6.99905940722021,17.5604716538614
2074-04-12 12:00:00,2074,4,12,NA,3.03082468666519,19.9386433064842
2074-04-13 12:00:00,2074,4,13,NA,-1.03762508476087,21.0146041293153
2074-04-14 12:00:00,2074,4,14,NA,5.16375881853349,25.8486253458799
2074-04-15 12:00:00,2074,4,15,NA,5.6029259043346,23.5215277924574
2074-04-16 12:00:00,2074,4,16,NA,8.46442573619087,20.0934007806778
2074-04-17 12:00:00,2074,4,17,NA,6.40632584784753,21.9828084876491
2074-04-18 12:00:00,2074,4,18,NA,7.46121588163642,13.5283709666024
2074-04-19 12:00:00,2074,4,19,NA,3.78059565162875,11.8491528518198
2074-04-20 12:00:00,2074,4,20,NA,-1.02919348885166,18.5762793507183
2074-04-21 12:00:00,2074,4,21,NA,5.73397986647507,17.1684767912582
2074-04-22 12:00:00,2074,4,22,NA,6.85967483280225,11.5847818012746
2074-04-23 12:00:00,2074,4,23,NA,10.9955173382656,15.1037545417099
2074-04-24 12:00:00,2074,4,24,NA,12.1590798056734,19.4236199999595
2074-04-25 12:00:00,2074,4,25,NA,11.2732680825441,20.7937053725114
2074-04-26 12:00:00,2074,4,26,NA,13.8101229101179,24.9852951610418
2074-04-27 12:00:00,2074,4,27,NA,13.2680183401462,27.0177806943937
2074-04-28 12:00:00,2074,4,28,NA,11.2126386032103,29.1009572394064
2074-04-29 12:00:00,2074,4,29,NA,13.1952281771142,24.82718991432
2074-04-30 12:00:00,2074,4,30,NA,10.02418416917,26.8813924514709
2074-05-01 12:00:00,2074,5,1,NA,9.38107720701029,20.8155741317934
2074-05-02 12:00:00,2074,5,2,NA,4.99937190531116,21.7104467765862
2074-05-03 12:00:00,2074,5,3,NA,6.34279223927604,19.1254890278084
2074-05-04 12:00:00,2074,5,4,NA,1.87883420922998,18.3868280060545
2074-05-05 12:00:00,2074,5,5,NA,4.32822173289977,18.8824920060906
2074-05-06 12:00:00,2074,5,6,NA,7.35987075203896,16.2353157697472
2074-05-07 12:00:00,2074,5,7,NA,7.16181402604037,16.7538739139709
2074-05-08 12:00:00,2074,5,8,NA,3.64740405633363,16.7370706003877
2074-05-09 12:00:00,2074,5,9,NA,7.31708732977308,19.1710194147347
2074-05-10 12:00:00,2074,5,10,NA,6.45998833982133,18.2575469524397
2074-05-11 12:00:00,2074,5,11,NA,5.68849629014828,19.336407090238
2074-05-12 12:00:00,2074,5,12,NA,7.64521490066573,19.5190588356603
2074-05-13 12:00:00,2074,5,13,NA,4.83614795414278,22.5936319562042
2074-05-14 12:00:00,2074,5,14,NA,10.0075611071393,29.1906853353636
2074-05-15 12:00:00,2074,5,15,NA,10.0162570551933,27.4599999779019
2074-05-16 12:00:00,2074,5,16,NA,12.5270465127122,23.4426984602411
2074-05-17 12:00:00,2074,5,17,NA,9.612214085926,21.4860580209206
2074-05-18 12:00:00,2074,5,18,NA,16.3034731878611,26.7160034318937
2074-05-19 12:00:00,2074,5,19,NA,12.8170555076079,27.4595200329323
2074-05-20 12:00:00,2074,5,20,NA,14.8779558257618,23.0943356020486
2074-05-21 12:00:00,2074,5,21,NA,10.3945007131286,22.0285283556579
2074-05-22 12:00:00,2074,5,22,NA,7.49078155633126,22.2586851827469
2074-05-23 12:00:00,2074,5,23,NA,6.88153422298791,22.2443458776063
2074-05-24 12:00:00,2074,5,24,NA,12.1719783525485,20.5193010741649
2074-05-25 12:00:00,2074,5,25,NA,8.33929525486338,22.7729048965429
2074-05-26 12:00:00,2074,5,26,NA,13.3425247630461,23.8524160124066
2074-05-27 12:00:00,2074,5,27,NA,11.4585518384954,26.0543763022024
2074-05-28 12:00:00,2074,5,28,NA,11.0878317917105,25.52144143339
2074-05-29 12:00:00,2074,5,29,NA,13.8710097995279,31.4761888995073
2074-05-30 12:00:00,2074,5,30,NA,13.3821475773952,31.1396315794567
2074-05-31 12:00:00,2074,5,31,NA,13.5175677283775,29.2783284549366
2074-06-01 12:00:00,2074,6,1,NA,11.9915399776897,28.7110909422213
2074-06-02 12:00:00,2074,6,2,NA,11.3085637269251,25.9796499393965
2074-06-03 12:00:00,2074,6,3,NA,12.9131077624125,23.062404071036
2074-06-04 12:00:00,2074,6,4,NA,10.8545245299719,31.1754584781752
2074-06-05 12:00:00,2074,6,5,NA,14.3275590711018,31.0291376244412
2074-06-06 12:00:00,2074,6,6,NA,16.9589703806389,32.1966471236576
2074-06-07 12:00:00,2074,6,7,NA,14.9588211301111,29.4232226744398
2074-06-08 12:00:00,2074,6,8,NA,13.1835031844162,26.8374155353575
2074-06-09 12:00:00,2074,6,9,NA,11.6653256211161,30.415833629385
2074-06-10 12:00:00,2074,6,10,NA,13.3620168433106,30.4443766640469
2074-06-11 12:00:00,2074,6,11,NA,7.61339043182108,25.1380263176665
2074-06-12 12:00:00,2074,6,12,NA,12.650721629018,26.8906856995539
2074-06-13 12:00:00,2074,6,13,NA,14.2368468206806,25.2265593504427
2074-06-14 12:00:00,2074,6,14,NA,10.3637001067205,27.8141854116594
2074-06-15 12:00:00,2074,6,15,NA,15.2318089119415,24.1256020857589
2074-06-16 12:00:00,2074,6,16,NA,10.4005092626693,16.7939258581772
2074-06-17 12:00:00,2074,6,17,NA,10.5702141252146,19.7389610923916
2074-06-18 12:00:00,2074,6,18,NA,11.0870737956806,16.4548027980965
2074-06-19 12:00:00,2074,6,19,NA,8.4716998762727,19.7302466525184
2074-06-20 12:00:00,2074,6,20,NA,8.3467896805301,21.7081833092477
2074-06-21 12:00:00,2074,6,21,NA,9.70444196932838,22.0996257411904
2074-06-22 12:00:00,2074,6,22,NA,8.34067117503601,23.5583343046406
2074-06-23 12:00:00,2074,6,23,NA,8.41884744195454,23.9093616210406
2074-06-24 12:00:00,2074,6,24,NA,13.3998245052855,21.77475260169
2074-06-25 12:00:00,2074,6,25,NA,10.4478872316769,21.6484579446486
2074-06-26 12:00:00,2074,6,26,NA,9.68997797307856,24.7461030814404
2074-06-27 12:00:00,2074,6,27,NA,11.3455685397961,23.5862422480123
2074-06-28 12:00:00,2074,6,28,NA,10.8657358357119,25.8148042839789
2074-06-29 12:00:00,2074,6,29,NA,16.4380274241783,24.9003054228488
2074-06-30 12:00:00,2074,6,30,NA,18.2037766315486,26.8869121126934
2074-07-01 12:00:00,2074,7,1,NA,16.5862374501476,31.0506389944763
2074-07-02 12:00:00,2074,7,2,NA,16.2954443859961,31.4233433054273
2074-07-03 12:00:00,2074,7,3,NA,16.6742400546992,27.1229919194683
2074-07-04 12:00:00,2074,7,4,NA,16.9271732648031,28.0115934343528
2074-07-05 12:00:00,2074,7,5,NA,22.9954375689659,33.1210502074476
2074-07-06 12:00:00,2074,7,6,NA,20.880558160981,28.1916093171231
2074-07-07 12:00:00,2074,7,7,NA,17.2248279293359,32.1607416948361
2074-07-08 12:00:00,2074,7,8,NA,17.1581943500162,31.5171753803558
2074-07-09 12:00:00,2074,7,9,NA,23.1379119729855,30.7620129073837
2074-07-10 12:00:00,2074,7,10,NA,21.3040746194924,33.3101587282632
2074-07-11 12:00:00,2074,7,11,NA,20.9766209217892,27.0958700533289
2074-07-12 12:00:00,2074,7,12,NA,18.7184425683752,29.6180137612631
2074-07-13 12:00:00,2074,7,13,NA,20.3635022549534,28.2163934887003
2074-07-14 12:00:00,2074,7,14,NA,21.6020345802496,24.5997524184005
2074-07-15 12:00:00,2074,7,15,NA,20.5934999652031,22.3494770140296
2074-07-16 12:00:00,2074,7,16,NA,18.4336142203925,29.4261433850814
2074-07-17 12:00:00,2074,7,17,NA,17.8460710145693,22.8649898782049
2074-07-18 12:00:00,2074,7,18,NA,14.8792292683748,25.4241960217813
2074-07-19 12:00:00,2074,7,19,NA,14.5460992400829,25.669328237629
2074-07-20 12:00:00,2074,7,20,NA,18.8888540610165,28.0498272927413
2074-07-21 12:00:00,2074,7,21,NA,17.0206514033697,28.5151527926355
2074-07-22 12:00:00,2074,7,22,NA,17.7997595855639,26.0134959691772
2074-07-23 12:00:00,2074,7,23,NA,20.5658583676904,27.7646044233156
2074-07-24 12:00:00,2074,7,24,NA,20.0939966066199,27.6768766317589
2074-07-25 12:00:00,2074,7,25,NA,17.1332091587925,27.9420292657664
2074-07-26 12:00:00,2074,7,26,NA,14.2413870751432,25.7579823085974
2074-07-27 12:00:00,2074,7,27,NA,11.9371598517021,28.1871768937552
2074-07-28 12:00:00,2074,7,28,NA,16.6142502840743,28.1950096269185
2074-07-29 12:00:00,2074,7,29,NA,15.8039055751656,22.4088285614008
2074-07-30 12:00:00,2074,7,30,NA,14.6882185879433,22.3123195223416
2074-07-31 12:00:00,2074,7,31,NA,10.9785884444192,25.9576087847175
2074-08-01 12:00:00,2074,8,1,NA,13.820811406327,20.4015177997359
2074-08-02 12:00:00,2074,8,2,NA,13.6781447563052,19.7973938878449
2074-08-03 12:00:00,2074,8,3,NA,9.54802257330855,23.0002203242851
2074-08-04 12:00:00,2074,8,4,NA,9.96672358844448,21.4121212195901
2074-08-05 12:00:00,2074,8,5,NA,7.06661790203894,21.7983845887349
2074-08-06 12:00:00,2074,8,6,NA,10.3271826394568,20.2321833663486
2074-08-07 12:00:00,2074,8,7,NA,10.0004279391654,21.445825570311
2074-08-08 12:00:00,2074,8,8,NA,14.643581287487,20.2847360363172
2074-08-09 12:00:00,2074,8,9,NA,13.0852186045671,15.5819655120028
2074-08-10 12:00:00,2074,8,10,NA,9.49091978477207,17.5738119029567
2074-08-11 12:00:00,2074,8,11,NA,4.00470424672212,22.9460488656985
2074-08-12 12:00:00,2074,8,12,NA,13.7036373692141,19.923881922968
2074-08-13 12:00:00,2074,8,13,NA,14.2984505070409,25.1374736697826
2074-08-14 12:00:00,2074,8,14,NA,16.7316612151311,21.3455853595773
2074-08-15 12:00:00,2074,8,15,NA,13.0107382980772,22.8969100748946
2074-08-16 12:00:00,2074,8,16,NA,13.8292406526136,23.6475109616506
2074-08-17 12:00:00,2074,8,17,NA,9.6658832895227,25.4786454287286
2074-08-18 12:00:00,2074,8,18,NA,7.22925484052562,27.6132809882937
2074-08-19 12:00:00,2074,8,19,NA,9.95255357247847,28.9201274275248
2074-08-20 12:00:00,2074,8,20,NA,10.7378504950341,28.195725242837
2074-08-21 12:00:00,2074,8,21,NA,13.0166555041937,22.7250980485252
2074-08-22 12:00:00,2074,8,22,NA,11.8198606801022,23.5187444789367
2074-08-23 12:00:00,2074,8,23,NA,13.5611535874565,25.3480673387318
2074-08-24 12:00:00,2074,8,24,NA,11.1054256745709,23.6400409143102
2074-08-25 12:00:00,2074,8,25,NA,13.9323844226449,26.314853805549
2074-08-26 12:00:00,2074,8,26,NA,13.7086834633756,28.8864290036074
2074-08-27 12:00:00,2074,8,27,NA,9.62531183955686,26.5457070887074
2074-08-28 12:00:00,2074,8,28,NA,12.6148079116827,23.8323694103329
2074-08-29 12:00:00,2074,8,29,NA,6.71073242698101,25.0203523620274
2074-08-30 12:00:00,2074,8,30,NA,12.4491069004217,27.1803720167994
2074-08-31 12:00:00,2074,8,31,NA,14.9272245650705,30.033089447969
2074-09-01 12:00:00,2074,9,1,NA,15.3092890788244,27.9924192613678
2074-09-02 12:00:00,2074,9,2,NA,9.93943318689332,23.6915900858402
2074-09-03 12:00:00,2074,9,3,NA,10.5127035496613,21.3329973247771
2074-09-04 12:00:00,2074,9,4,NA,10.5341163677711,19.8306040022906
2074-09-05 12:00:00,2074,9,5,NA,7.90007481770441,22.3292806634529
2074-09-06 12:00:00,2074,9,6,NA,6.80988354451191,21.8756194278296
2074-09-07 12:00:00,2074,9,7,NA,11.7909346443822,23.3581232060617
2074-09-08 12:00:00,2074,9,8,NA,12.6864505281627,20.6007697221124
2074-09-09 12:00:00,2074,9,9,NA,13.6531794881104,23.4163123502993
2074-09-10 12:00:00,2074,9,10,NA,13.784568385718,20.264115250048
2074-09-11 12:00:00,2074,9,11,NA,16.0629279904069,21.0690338322729
2074-09-12 12:00:00,2074,9,12,NA,9.09468560029861,19.5641318075854
2074-09-13 12:00:00,2074,9,13,NA,8.04145774203667,19.9727529932984
2074-09-14 12:00:00,2074,9,14,NA,10.6412432040997,19.1245103604829
2074-09-15 12:00:00,2074,9,15,NA,13.4122423356987,18.6378165369785
2074-09-16 12:00:00,2074,9,16,NA,11.9446837385935,19.8852637843398
2074-09-17 12:00:00,2074,9,17,NA,12.213855985067,21.2732606432322
2074-09-18 12:00:00,2074,9,18,NA,12.7438088008686,21.5981287373942
2074-09-19 12:00:00,2074,9,19,NA,10.8306753654387,18.5638172412304
2074-09-20 12:00:00,2074,9,20,NA,6.84709529971472,19.9699775126696
2074-09-21 12:00:00,2074,9,21,NA,9.81323023262028,21.3122592978854
2074-09-22 12:00:00,2074,9,22,NA,8.17412549804742,23.2114377959551
2074-09-23 12:00:00,2074,9,23,NA,11.7094541669577,27.1127609800949
2074-09-24 12:00:00,2074,9,24,NA,10.9798915190769,26.3831983322141
2074-09-25 12:00:00,2074,9,25,NA,13.3576973191949,24.8904919274978
2074-09-26 12:00:00,2074,9,26,NA,12.9702165521119,25.2344423854188
2074-09-27 12:00:00,2074,9,27,NA,16.181576171987,27.5733711287222
2074-09-28 12:00:00,2074,9,28,NA,15.6360821213797,28.1086656382494
2074-09-29 12:00:00,2074,9,29,NA,16.0756883512338,22.5788659452081
2074-09-30 12:00:00,2074,9,30,NA,15.1610232087932,22.5905743432178
2074-10-01 12:00:00,2074,10,1,NA,10.6232880871506,19.0940057707913
2074-10-02 12:00:00,2074,10,2,NA,7.25409654381964,15.8698461040292
2074-10-03 12:00:00,2074,10,3,NA,4.85917275856903,16.6839888283528
2074-10-04 12:00:00,2074,10,4,NA,8.2713084888795,15.4283081097321
2074-10-05 12:00:00,2074,10,5,NA,5.49953659320595,17.4256622575241
2074-10-06 12:00:00,2074,10,6,NA,3.5306123633163,16.4480038136058
2074-10-07 12:00:00,2074,10,7,NA,9.59502852560487,21.1687156305567
2074-10-08 12:00:00,2074,10,8,NA,5.26024742707446,19.0185824691758
2074-10-09 12:00:00,2074,10,9,NA,9.62258371336449,23.7159290165371
2074-10-10 12:00:00,2074,10,10,NA,12.7417119560083,18.9830630598827
2074-10-11 12:00:00,2074,10,11,NA,10.2820204114828,17.842581403475
2074-10-12 12:00:00,2074,10,12,NA,11.3655719672127,19.9998588385962
2074-10-13 12:00:00,2074,10,13,NA,8.13053269992547,21.0939395039159
2074-10-14 12:00:00,2074,10,14,NA,9.94181658671679,22.9110691886219
2074-10-15 12:00:00,2074,10,15,NA,9.63559019569302,19.4115620914656
2074-10-16 12:00:00,2074,10,16,NA,11.7650762242831,22.2196707283795
2074-10-17 12:00:00,2074,10,17,NA,8.49536969588908,18.2322543551224
2074-10-18 12:00:00,2074,10,18,NA,4.62094873053632,13.3100340510347
2074-10-19 12:00:00,2074,10,19,NA,9.9744146304856,16.2971430061565
2074-10-20 12:00:00,2074,10,20,NA,11.8258573734702,17.9435098190715
2074-10-21 12:00:00,2074,10,21,NA,10.7833678105461,12.9076714218381
2074-10-22 12:00:00,2074,10,22,NA,6.40886656533223,13.8614390303788
2074-10-23 12:00:00,2074,10,23,NA,2.93526947795308,9.31469009821709
2074-10-24 12:00:00,2074,10,24,NA,8.87497472342811,12.5804046087589
2074-10-25 12:00:00,2074,10,25,NA,8.43100525451803,18.1326518930916
2074-10-26 12:00:00,2074,10,26,NA,9.02203955852994,16.4746120235765
2074-10-27 12:00:00,2074,10,27,NA,10.1826077395483,17.5619467265558
2074-10-28 12:00:00,2074,10,28,NA,10.0520117043358,18.6806933033511
2074-10-29 12:00:00,2074,10,29,NA,13.4080282903224,19.6904153854031
2074-10-30 12:00:00,2074,10,30,NA,11.4114054575932,20.6608276512869
2074-10-31 12:00:00,2074,10,31,NA,10.6841794674307,23.6534320693357
2074-11-01 12:00:00,2074,11,1,NA,14.1689589500544,25.7413782712965
2074-11-02 12:00:00,2074,11,2,NA,11.4061399277226,26.4873024256111
2074-11-03 12:00:00,2074,11,3,NA,15.4335028503427,23.1584147987369
2074-11-04 12:00:00,2074,11,4,NA,13.8112921195424,21.3353030636934
2074-11-05 12:00:00,2074,11,5,NA,16.1438224365172,24.4316180783805
2074-11-06 12:00:00,2074,11,6,NA,14.8703579323413,20.605157589863
2074-11-07 12:00:00,2074,11,7,NA,13.6971263939955,18.5394379813702
2074-11-08 12:00:00,2074,11,8,NA,12.7946950309652,21.1979855868388
2074-11-09 12:00:00,2074,11,9,NA,10.6064652703154,16.6204113882952
2074-11-10 12:00:00,2074,11,10,NA,9.44571788391185,15.5661472508231
2074-11-11 12:00:00,2074,11,11,NA,10.6992280588899,15.3732707986772
2074-11-12 12:00:00,2074,11,12,NA,9.90598418228941,17.4205063998933
2074-11-13 12:00:00,2074,11,13,NA,8.51159705257562,17.6119372064148
2074-11-14 12:00:00,2074,11,14,NA,8.25270866199041,21.8697335983863
2074-11-15 12:00:00,2074,11,15,NA,9.23949547306229,22.3340256309566
2074-11-16 12:00:00,2074,11,16,NA,11.285283214077,18.9069046378052
2074-11-17 12:00:00,2074,11,17,NA,12.3339999857214,16.3409179187137
2074-11-18 12:00:00,2074,11,18,NA,7.53277757831079,12.2791008303358
2074-11-19 12:00:00,2074,11,19,NA,6.83773025528691,11.7977530386137
2074-11-20 12:00:00,2074,11,20,NA,4.33138612561867,9.03494014261476
2074-11-21 12:00:00,2074,11,21,NA,6.48257434729962,10.2086515304924
2074-11-22 12:00:00,2074,11,22,NA,4.28832609719536,8.98485606436063
2074-11-23 12:00:00,2074,11,23,NA,2.17660535666418,7.78962173398584
2074-11-24 12:00:00,2074,11,24,NA,4.52303753651577,11.5694151081679
2074-11-25 12:00:00,2074,11,25,NA,4.1939589465263,14.1410791043573
2074-11-26 12:00:00,2074,11,26,NA,5.52437364720116,11.7446604528864
2074-11-27 12:00:00,2074,11,27,NA,7.01996979590399,10.7927589658075
2074-11-28 12:00:00,2074,11,28,NA,7.21305119564526,10.9966428817448
2074-11-29 12:00:00,2074,11,29,NA,7.7680733537251,13.3773655964703
2074-11-30 12:00:00,2074,11,30,NA,8.71636232273313,15.6585676366702
2074-12-01 12:00:00,2074,12,1,NA,2.82090821527179,8.43220798225251
2074-12-02 12:00:00,2074,12,2,NA,6.53737742060306,10.9928467385719
2074-12-03 12:00:00,2074,12,3,NA,2.12816202581944,12.7333666351541
2074-12-04 12:00:00,2074,12,4,NA,3.47353578184796,11.4883007160018
2074-12-05 12:00:00,2074,12,5,NA,5.60935602868072,10.3660531925758
2074-12-06 12:00:00,2074,12,6,NA,5.79040201437166,14.1694744255631
2074-12-07 12:00:00,2074,12,7,NA,6.47953348200286,10.4610069394083
2074-12-08 12:00:00,2074,12,8,NA,5.05365104611712,10.0291746720807
2074-12-09 12:00:00,2074,12,9,NA,2.6598296101868,7.52533606130909
2074-12-10 12:00:00,2074,12,10,NA,0.820224227811939,4.71934535482959
2074-12-11 12:00:00,2074,12,11,NA,0.17216795481339,3.94146703475285
2074-12-12 12:00:00,2074,12,12,NA,-3.10795560975316,1.96280139495351
2074-12-13 12:00:00,2074,12,13,NA,-7.9030553207348,-0.765565359486995
2074-12-14 12:00:00,2074,12,14,NA,-6.87880896244671,1.26240873543737
2074-12-15 12:00:00,2074,12,15,NA,1.43921324497342,5.35734618390312
2074-12-16 12:00:00,2074,12,16,NA,2.31492726544371,7.84382540346585
2074-12-17 12:00:00,2074,12,17,NA,4.58489455144702,9.29642421398885
2074-12-18 12:00:00,2074,12,18,NA,0.219957728438052,6.14273591315355
2074-12-19 12:00:00,2074,12,19,NA,2.90370013030894,3.92177141278213
2074-12-20 12:00:00,2074,12,20,NA,1.84032410487944,6.65207342020557
2074-12-21 12:00:00,2074,12,21,NA,1.02849671976649,8.07080981241305
2074-12-22 12:00:00,2074,12,22,NA,-2.51793869742994,4.32038317694734
2074-12-23 12:00:00,2074,12,23,NA,-4.82165015071081,0.604710849786195
2074-12-24 12:00:00,2074,12,24,NA,-8.47039168456357,-0.344452090176274
2074-12-25 12:00:00,2074,12,25,NA,-1.84052967600546,3.25813795807777
2074-12-26 12:00:00,2074,12,26,NA,-4.62514128271866,3.9673292027176
2074-12-27 12:00:00,2074,12,27,NA,2.87792487372618,7.8387519942375
2074-12-28 12:00:00,2074,12,28,NA,0.168850160583387,9.21109755465884
2074-12-29 12:00:00,2074,12,29,NA,1.32895190680333,4.31742134344879
2074-12-30 12:00:00,2074,12,30,NA,4.32646064311677,10.7048588736668
2074-12-31 12:00:00,2074,12,31,NA,1.80752640972598,11.361308373709
2075-01-01 12:00:00,2075,1,1,NA,4.25047243715638,11.2547869461759
2075-01-02 12:00:00,2075,1,2,NA,6.28850704856657,13.0840263065519
2075-01-03 12:00:00,2075,1,3,NA,7.39328653178681,11.6352262830417
2075-01-04 12:00:00,2075,1,4,NA,6.53751093821067,8.61537123158011
2075-01-05 12:00:00,2075,1,5,NA,1.50015403280469,5.69508739754368
2075-01-06 12:00:00,2075,1,6,NA,0.236637241055744,2.93668765044199
2075-01-07 12:00:00,2075,1,7,NA,1.16315744903828,6.91115916076498
2075-01-08 12:00:00,2075,1,8,NA,5.11839442920095,7.78342125061319
2075-01-09 12:00:00,2075,1,9,NA,1.31152897288414,7.96383032724605
2075-01-10 12:00:00,2075,1,10,NA,2.20178194457885,8.27587615972325
2075-01-11 12:00:00,2075,1,11,NA,-3.20512162321168,5.05010144368857
2075-01-12 12:00:00,2075,1,12,NA,-0.674388721322196,4.38059304498952
2075-01-13 12:00:00,2075,1,13,NA,-1.41397592712807,2.29305208231589
2075-01-14 12:00:00,2075,1,14,NA,-4.83605076343068,0.388398142150266
2075-01-15 12:00:00,2075,1,15,NA,-7.06413053742534,-1.3045669326545
2075-01-16 12:00:00,2075,1,16,NA,-7.59846876339929,1.28177505004401
2075-01-17 12:00:00,2075,1,17,NA,-2.43212006700062,5.87289863828479
2075-01-18 12:00:00,2075,1,18,NA,-3.95611179738053,8.91584153449239
2075-01-19 12:00:00,2075,1,19,NA,-0.80490483676302,9.90724793596377
2075-01-20 12:00:00,2075,1,20,NA,0.930240927629423,7.2320475711314
2075-01-21 12:00:00,2075,1,21,NA,3.75941841825069,9.42611633185214
2075-01-22 12:00:00,2075,1,22,NA,4.26781148856847,12.4860744450579
2075-01-23 12:00:00,2075,1,23,NA,6.01345032483464,11.4908384828607
2075-01-24 12:00:00,2075,1,24,NA,4.39070506883339,11.2299698527878
2075-01-25 12:00:00,2075,1,25,NA,8.72785688186032,11.8269069445475
2075-01-26 12:00:00,2075,1,26,NA,7.3399479945505,10.3012419544842
2075-01-27 12:00:00,2075,1,27,NA,7.63919131835234,10.5123451275082
2075-01-28 12:00:00,2075,1,28,NA,4.44090486416696,6.42086440244727
2075-01-29 12:00:00,2075,1,29,NA,5.77747480374689,6.6715384442638
2075-01-30 12:00:00,2075,1,30,NA,2.19238172892189,5.02098416699408
2075-01-31 12:00:00,2075,1,31,NA,3.01039760767553,6.09724189779189
2075-02-01 12:00:00,2075,2,1,NA,1.09683273046804,7.17092694561244
2075-02-02 12:00:00,2075,2,2,NA,2.9939744126934,7.19107569690713
2075-02-03 12:00:00,2075,2,3,NA,2.60219425957109,4.64712265494506
2075-02-04 12:00:00,2075,2,4,NA,-11.0847888750756,-2.7666243377056
2075-02-05 12:00:00,2075,2,5,NA,-7.51527653129142,-2.7509707895484
2075-02-06 12:00:00,2075,2,6,NA,-6.56914543974207,-1.32576978485399
2075-02-07 12:00:00,2075,2,7,NA,-2.81437554255277,3.72979167130312
2075-02-08 12:00:00,2075,2,8,NA,-4.10164950222563,3.52778949800497
2075-02-09 12:00:00,2075,2,9,NA,-9.02461733400458,-3.21715019532162
2075-02-10 12:00:00,2075,2,10,NA,-3.71882215720331,-0.260614266311776
2075-02-11 12:00:00,2075,2,11,NA,-11.3439668078405,1.56893123334111
2075-02-12 12:00:00,2075,2,12,NA,-9.87849451791506,-4.75668107320245
2075-02-13 12:00:00,2075,2,13,NA,-4.24002153773369,-0.970083797939818
2075-02-14 12:00:00,2075,2,14,NA,-6.66155484725141,-1.8071292842932
2075-02-15 12:00:00,2075,2,15,NA,-2.12346599316479,3.92515033255085
2075-02-16 12:00:00,2075,2,16,NA,0.226231157537518,9.12899038090249
2075-02-17 12:00:00,2075,2,17,NA,1.07050558121898,13.9834036224006
2075-02-18 12:00:00,2075,2,18,NA,6.30685490770995,15.8613521443229
2075-02-19 12:00:00,2075,2,19,NA,8.12175748248104,16.6056010484666
2075-02-20 12:00:00,2075,2,20,NA,10.5857644045759,14.6596814261788
2075-02-21 12:00:00,2075,2,21,NA,7.98165310611272,14.4512811083413
2075-02-22 12:00:00,2075,2,22,NA,5.03141585532426,9.55924121188186
2075-02-23 12:00:00,2075,2,23,NA,3.84711542110162,11.0335849509597
2075-02-24 12:00:00,2075,2,24,NA,5.31074528485814,16.8928701868678
2075-02-25 12:00:00,2075,2,25,NA,3.4054322294966,13.9632228509634
2075-02-26 12:00:00,2075,2,26,NA,8.84372271884595,15.5164039882402
2075-02-27 12:00:00,2075,2,27,NA,6.09500635532268,15.4746453591535
2075-02-28 12:00:00,2075,2,28,NA,3.68981379393201,12.2401668632295
2075-03-01 12:00:00,2075,3,1,NA,-0.723691038225544,10.255395314714
2075-03-02 12:00:00,2075,3,2,NA,1.71511075345002,4.1401423864732
2075-03-03 12:00:00,2075,3,3,NA,-4.82154319239427,4.56778445809717
2075-03-04 12:00:00,2075,3,4,NA,-6.57196318102432,5.6206128558776
2075-03-05 12:00:00,2075,3,5,NA,-7.41353812917088,7.06890784311881
2075-03-06 12:00:00,2075,3,6,NA,-4.86813669276634,12.0327371399608
2075-03-07 12:00:00,2075,3,7,NA,-1.91527830876018,8.93753241477816
2075-03-08 12:00:00,2075,3,8,NA,-1.06973348243343,8.69208759743842
2075-03-09 12:00:00,2075,3,9,NA,2.24122998033469,10.3525305171186
2075-03-10 12:00:00,2075,3,10,NA,0.822810025052354,7.43638238916513
2075-03-11 12:00:00,2075,3,11,NA,0.818781518764069,9.39675768591785
2075-03-12 12:00:00,2075,3,12,NA,1.51792558184278,5.15125492364284
2075-03-13 12:00:00,2075,3,13,NA,3.75274305578367,7.43147755986448
2075-03-14 12:00:00,2075,3,14,NA,3.96078365415847,11.0737758531886
2075-03-15 12:00:00,2075,3,15,NA,4.02406272739997,11.1747641003753
2075-03-16 12:00:00,2075,3,16,NA,6.05038900090088,12.7911256162906
2075-03-17 12:00:00,2075,3,17,NA,4.01410382097736,19.5816340888281
2075-03-18 12:00:00,2075,3,18,NA,2.90440190314298,13.2317956604454
2075-03-19 12:00:00,2075,3,19,NA,4.09697475280164,14.0635455023233
2075-03-20 12:00:00,2075,3,20,NA,4.22438436891151,12.6083254417496
2075-03-21 12:00:00,2075,3,21,NA,5.08602093696727,13.5659162317484
2075-03-22 12:00:00,2075,3,22,NA,1.06101978056743,15.0787941382186
2075-03-23 12:00:00,2075,3,23,NA,0.59885272666056,15.1738516212771
2075-03-24 12:00:00,2075,3,24,NA,1.43011145652209,15.7498739486929
2075-03-25 12:00:00,2075,3,25,NA,6.13721691795938,13.8497028296657
2075-03-26 12:00:00,2075,3,26,NA,6.95942591883977,18.3764919826628
2075-03-27 12:00:00,2075,3,27,NA,4.16699856623813,10.0864382037023
2075-03-28 12:00:00,2075,3,28,NA,5.57936884901,9.67873386010189
2075-03-29 12:00:00,2075,3,29,NA,8.35703301693317,16.3229342068018
2075-03-30 12:00:00,2075,3,30,NA,11.1270730524087,19.2383735891926
2075-03-31 12:00:00,2075,3,31,NA,9.82757958451696,14.935244937801
2075-04-01 12:00:00,2075,4,1,NA,7.76434947695949,16.8543791955904
2075-04-02 12:00:00,2075,4,2,NA,11.6170979859882,15.3785898021167
2075-04-03 12:00:00,2075,4,3,NA,6.32557952852534,20.6202653246886
2075-04-04 12:00:00,2075,4,4,NA,8.96414156600408,22.5694372345336
2075-04-05 12:00:00,2075,4,5,NA,13.8740875570549,19.7241196122477
2075-04-06 12:00:00,2075,4,6,NA,9.08805411041498,14.3469646346216
2075-04-07 12:00:00,2075,4,7,NA,10.0691200031467,18.5172900674665
2075-04-08 12:00:00,2075,4,8,NA,10.2112840227956,18.5197747776129
2075-04-09 12:00:00,2075,4,9,NA,9.60716970655058,26.1189225088631
2075-04-10 12:00:00,2075,4,10,NA,9.3815267349598,21.0990382159431
2075-04-11 12:00:00,2075,4,11,NA,6.0049991395333,24.8618958323667
2075-04-12 12:00:00,2075,4,12,NA,7.21715178773402,22.7318224456387
2075-04-13 12:00:00,2075,4,13,NA,8.50679864771037,24.4061294877767
2075-04-14 12:00:00,2075,4,14,NA,5.57075541509252,22.9949952251023
2075-04-15 12:00:00,2075,4,15,NA,9.35079516530955,24.6540965456846
2075-04-16 12:00:00,2075,4,16,NA,5.74300436143696,21.8186531796716
2075-04-17 12:00:00,2075,4,17,NA,11.9100863871416,26.2047721833048
2075-04-18 12:00:00,2075,4,18,NA,9.63923878093667,27.6329876115774
2075-04-19 12:00:00,2075,4,19,NA,8.69194057153314,28.0047200309097
2075-04-20 12:00:00,2075,4,20,NA,7.64448924603266,25.7087528656902
2075-04-21 12:00:00,2075,4,21,NA,5.89839064728942,25.5577265077321
2075-04-22 12:00:00,2075,4,22,NA,10.8322463961619,17.1729092890202
2075-04-23 12:00:00,2075,4,23,NA,5.3927981069156,22.8170379169254
2075-04-24 12:00:00,2075,4,24,NA,8.50409555128056,14.6042153999351
2075-04-25 12:00:00,2075,4,25,NA,6.22022995346761,11.3176557832633
2075-04-26 12:00:00,2075,4,26,NA,2.74793910954258,13.1782508552626
2075-04-27 12:00:00,2075,4,27,NA,1.90388269731444,18.9120298323064
2075-04-28 12:00:00,2075,4,28,NA,7.1710469422135,15.4126232381398
2075-04-29 12:00:00,2075,4,29,NA,5.27739473327223,15.0711418632099
2075-04-30 12:00:00,2075,4,30,NA,2.81278307086165,11.279724759021
2075-05-01 12:00:00,2075,5,1,NA,0.367178956147272,15.8082252124159
2075-05-02 12:00:00,2075,5,2,NA,1.01940083566569,19.8762975284991
2075-05-03 12:00:00,2075,5,3,NA,14.8125669292927,23.8985634395663
2075-05-04 12:00:00,2075,5,4,NA,16.6439563003247,22.4944988702335
2075-05-05 12:00:00,2075,5,5,NA,15.0877743474612,22.9185761886065
2075-05-06 12:00:00,2075,5,6,NA,17.1154626910714,21.9642442731039
2075-05-07 12:00:00,2075,5,7,NA,13.2991062243524,20.8168523782667
2075-05-08 12:00:00,2075,5,8,NA,12.9664905544967,16.9295206730926
2075-05-09 12:00:00,2075,5,9,NA,11.2386048763065,19.7559726782089
2075-05-10 12:00:00,2075,5,10,NA,12.0452420364605,20.7628972896311
2075-05-11 12:00:00,2075,5,11,NA,9.77055851195261,19.9559818743999
2075-05-12 12:00:00,2075,5,12,NA,6.15517307053644,25.6192165764454
2075-05-13 12:00:00,2075,5,13,NA,9.82621354641522,27.2943805010353
2075-05-14 12:00:00,2075,5,14,NA,10.6883267850399,26.9291291091027
2075-05-15 12:00:00,2075,5,15,NA,11.238183461426,20.0483163033962
2075-05-16 12:00:00,2075,5,16,NA,12.4199852022147,21.6911618759377
2075-05-17 12:00:00,2075,5,17,NA,14.4563288659438,22.3766603276109
2075-05-18 12:00:00,2075,5,18,NA,11.2564721054006,21.9531068947705
2075-05-19 12:00:00,2075,5,19,NA,11.2422533703227,21.121493741833
2075-05-20 12:00:00,2075,5,20,NA,14.1232627971554,19.9940742565178
2075-05-21 12:00:00,2075,5,21,NA,13.1023559764936,18.9504021207774
2075-05-22 12:00:00,2075,5,22,NA,10.4463894739192,24.9466043891395
2075-05-23 12:00:00,2075,5,23,NA,8.75406582135687,26.202986765952
2075-05-24 12:00:00,2075,5,24,NA,9.17242692867625,17.9827127026225
2075-05-25 12:00:00,2075,5,25,NA,12.2273827798008,19.0720447004255
2075-05-26 12:00:00,2075,5,26,NA,14.8686827608815,25.7467524124348
2075-05-27 12:00:00,2075,5,27,NA,12.8262221781516,25.7512291789183
2075-05-28 12:00:00,2075,5,28,NA,14.1628066108121,26.0163578401325
2075-05-29 12:00:00,2075,5,29,NA,11.5780868713969,28.2276976945561
2075-05-30 12:00:00,2075,5,30,NA,9.22280146365749,24.0463236630355
2075-05-31 12:00:00,2075,5,31,NA,10.2542476370969,19.9550240069139
2075-06-01 12:00:00,2075,6,1,NA,9.80399496502849,20.4594041063374
2075-06-02 12:00:00,2075,6,2,NA,10.4194048070728,19.3360746860121
2075-06-03 12:00:00,2075,6,3,NA,11.7771230795522,24.0984320260748
2075-06-04 12:00:00,2075,6,4,NA,11.2614444828107,18.3915645430621
2075-06-05 12:00:00,2075,6,5,NA,10.8912341765273,27.4230571231705
2075-06-06 12:00:00,2075,6,6,NA,10.8653943120439,30.415425867075
2075-06-07 12:00:00,2075,6,7,NA,12.3966302840272,27.7644238489095
2075-06-08 12:00:00,2075,6,8,NA,10.9179772224973,23.3131136162503
2075-06-09 12:00:00,2075,6,9,NA,13.9218857858293,22.1094008547886
2075-06-10 12:00:00,2075,6,10,NA,10.897860017064,15.8238922908305
2075-06-11 12:00:00,2075,6,11,NA,10.0445895060155,16.4023605823201
2075-06-12 12:00:00,2075,6,12,NA,10.1558216288963,19.3893563807216
2075-06-13 12:00:00,2075,6,13,NA,3.8290600691511,24.4713276409408
2075-06-14 12:00:00,2075,6,14,NA,7.32007692142225,25.9061964278357
2075-06-15 12:00:00,2075,6,15,NA,12.4156089641432,27.4717340725051
2075-06-16 12:00:00,2075,6,16,NA,11.9309142686677,25.2923078973853
2075-06-17 12:00:00,2075,6,17,NA,18.0501673366272,26.3116614521612
2075-06-18 12:00:00,2075,6,18,NA,15.1329057786258,21.2754574716042
2075-06-19 12:00:00,2075,6,19,NA,11.7344552524652,24.1296390243272
2075-06-20 12:00:00,2075,6,20,NA,13.4733887285456,30.992285463389
2075-06-21 12:00:00,2075,6,21,NA,19.1734370727754,26.0829329443288
2075-06-22 12:00:00,2075,6,22,NA,16.9952246722446,28.2537714484904
2075-06-23 12:00:00,2075,6,23,NA,21.5980318180856,28.2846527162475
2075-06-24 12:00:00,2075,6,24,NA,17.6179221247986,27.9390434696186
2075-06-25 12:00:00,2075,6,25,NA,19.520838128315,26.7414107515732
2075-06-26 12:00:00,2075,6,26,NA,15.0282378438984,24.1970825291312
2075-06-27 12:00:00,2075,6,27,NA,11.6568081283757,19.8314216454185
2075-06-28 12:00:00,2075,6,28,NA,13.211288070725,25.4519617789413
2075-06-29 12:00:00,2075,6,29,NA,11.2701715134696,19.9289659618607
2075-06-30 12:00:00,2075,6,30,NA,13.3603000774544,20.5808727007126
2075-07-01 12:00:00,2075,7,1,NA,7.54661787130486,20.6886723561357
2075-07-02 12:00:00,2075,7,2,NA,9.76741125838447,24.1979817668575
2075-07-03 12:00:00,2075,7,3,NA,9.6861791932705,25.4588636478274
2075-07-04 12:00:00,2075,7,4,NA,9.04360339330416,26.39841732194
2075-07-05 12:00:00,2075,7,5,NA,12.6491410000007,25.4452557472265
2075-07-06 12:00:00,2075,7,6,NA,17.2003322375894,27.047364895211
2075-07-07 12:00:00,2075,7,7,NA,16.0652885884012,26.1153414103595
2075-07-08 12:00:00,2075,7,8,NA,14.806328188709,24.9301942278612
2075-07-09 12:00:00,2075,7,9,NA,10.5790525990731,26.3210132521184
2075-07-10 12:00:00,2075,7,10,NA,10.5599587655733,24.5415208549126
2075-07-11 12:00:00,2075,7,11,NA,12.8520887129354,25.0142102351187
2075-07-12 12:00:00,2075,7,12,NA,11.6314603451252,23.9511262599765
2075-07-13 12:00:00,2075,7,13,NA,9.27726101605692,29.1794961481373
2075-07-14 12:00:00,2075,7,14,NA,11.2245034759161,23.7221142248225
2075-07-15 12:00:00,2075,7,15,NA,9.3569906832062,25.9259240465007
2075-07-16 12:00:00,2075,7,16,NA,7.38393841078548,27.5190764306618
2075-07-17 12:00:00,2075,7,17,NA,10.4086450037005,25.0944773468437
2075-07-18 12:00:00,2075,7,18,NA,13.1486668740006,22.5547220727673
2075-07-19 12:00:00,2075,7,19,NA,14.0461216561191,20.261162284288
2075-07-20 12:00:00,2075,7,20,NA,14.6336231321967,16.592559273286
2075-07-21 12:00:00,2075,7,21,NA,11.5010554818652,19.4329400416023
2075-07-22 12:00:00,2075,7,22,NA,13.1528755702729,17.0818164442986
2075-07-23 12:00:00,2075,7,23,NA,12.5298845295143,18.6491336610541
2075-07-24 12:00:00,2075,7,24,NA,10.3748928896207,22.8188003933334
2075-07-25 12:00:00,2075,7,25,NA,14.5262701382369,22.2539747813918
2075-07-26 12:00:00,2075,7,26,NA,17.8485034010285,23.6243113469273
2075-07-27 12:00:00,2075,7,27,NA,13.2749855687303,21.6705083787404
2075-07-28 12:00:00,2075,7,28,NA,12.281981162405,18.5396654263627
2075-07-29 12:00:00,2075,7,29,NA,5.94519374919231,23.7753451414321
2075-07-30 12:00:00,2075,7,30,NA,13.4406948424434,20.4714695445903
2075-07-31 12:00:00,2075,7,31,NA,12.7625766445808,19.1827207438491
2075-08-01 12:00:00,2075,8,1,NA,14.8323186106697,19.5467223917953
2075-08-02 12:00:00,2075,8,2,NA,10.8883740336104,23.5707173761
2075-08-03 12:00:00,2075,8,3,NA,12.4342304937674,24.298531894152
2075-08-04 12:00:00,2075,8,4,NA,10.6441758077938,28.6098812247514
2075-08-05 12:00:00,2075,8,5,NA,12.3481328860659,24.3832231129027
2075-08-06 12:00:00,2075,8,6,NA,12.2202094615162,21.2039484048131
2075-08-07 12:00:00,2075,8,7,NA,14.8915560750449,19.643199803414
2075-08-08 12:00:00,2075,8,8,NA,11.551197206534,22.7440228739296
2075-08-09 12:00:00,2075,8,9,NA,16.2942962031814,18.434014905331
2075-08-10 12:00:00,2075,8,10,NA,14.4059892527296,19.022205834861
2075-08-11 12:00:00,2075,8,11,NA,14.5676122289028,18.2396895122045
2075-08-12 12:00:00,2075,8,12,NA,14.3333702698997,20.7208330462576
2075-08-13 12:00:00,2075,8,13,NA,10.4168499737132,23.9993997636054
2075-08-14 12:00:00,2075,8,14,NA,10.4977551560997,26.6399362282928
2075-08-15 12:00:00,2075,8,15,NA,16.1329508756139,21.677845439849
2075-08-16 12:00:00,2075,8,16,NA,11.4400791465377,24.5677774863613
2075-08-17 12:00:00,2075,8,17,NA,12.6333924640755,23.8262181314712
2075-08-18 12:00:00,2075,8,18,NA,8.28707432763861,23.088851415176
2075-08-19 12:00:00,2075,8,19,NA,9.27266088800722,20.0449698823456
2075-08-20 12:00:00,2075,8,20,NA,9.61310292902179,15.9590623095708
2075-08-21 12:00:00,2075,8,21,NA,6.5835378136849,21.8373444760062
2075-08-22 12:00:00,2075,8,22,NA,8.38364389732348,24.1621633569161
2075-08-23 12:00:00,2075,8,23,NA,14.8725257213679,27.551698033419
2075-08-24 12:00:00,2075,8,24,NA,16.3410187821445,31.2329750227567
2075-08-25 12:00:00,2075,8,25,NA,14.3443883709989,26.0466464091251
2075-08-26 12:00:00,2075,8,26,NA,16.7271475432555,25.9300583890272
2075-08-27 12:00:00,2075,8,27,NA,14.8507593550044,28.3221609957479
2075-08-28 12:00:00,2075,8,28,NA,16.092598381622,24.3352792024739
2075-08-29 12:00:00,2075,8,29,NA,13.503672198233,21.8439749017276
2075-08-30 12:00:00,2075,8,30,NA,12.3152067851528,21.3062323355252
2075-08-31 12:00:00,2075,8,31,NA,12.013088034314,22.4740187936053
2075-09-01 12:00:00,2075,9,1,NA,10.0677571899357,22.6660707252408
2075-09-02 12:00:00,2075,9,2,NA,10.0498114835529,28.0155169005105
2075-09-03 12:00:00,2075,9,3,NA,7.4507873810026,29.1789963016587
2075-09-04 12:00:00,2075,9,4,NA,11.3377307160375,27.4704514158316
2075-09-05 12:00:00,2075,9,5,NA,13.7787905100089,27.3025049420402
2075-09-06 12:00:00,2075,9,6,NA,16.44991430968,26.8963705991737
2075-09-07 12:00:00,2075,9,7,NA,15.7873548681526,23.9535108881433
2075-09-08 12:00:00,2075,9,8,NA,18.2625650340941,22.839128283586
2075-09-09 12:00:00,2075,9,9,NA,16.0107810842522,19.1819545061691
2075-09-10 12:00:00,2075,9,10,NA,11.400121433874,17.2645033988789
2075-09-11 12:00:00,2075,9,11,NA,13.5192864144013,17.3002304509401
2075-09-12 12:00:00,2075,9,12,NA,16.4172825131217,21.3548071275787
2075-09-13 12:00:00,2075,9,13,NA,16.927878367469,23.3479625481712
2075-09-14 12:00:00,2075,9,14,NA,17.0080128654519,23.1002370235152
2075-09-15 12:00:00,2075,9,15,NA,16.8311881503115,26.5707901528882
2075-09-16 12:00:00,2075,9,16,NA,14.8089896170954,23.6481881810954
2075-09-17 12:00:00,2075,9,17,NA,14.349514863814,23.2077006015805
2075-09-18 12:00:00,2075,9,18,NA,14.9831830224022,22.7124775003029
2075-09-19 12:00:00,2075,9,19,NA,14.2343236896581,21.4690909777266
2075-09-20 12:00:00,2075,9,20,NA,13.8882448630034,24.334701152497
2075-09-21 12:00:00,2075,9,21,NA,11.8806498993344,25.095337577321
2075-09-22 12:00:00,2075,9,22,NA,14.1411195932632,20.3355895629233
2075-09-23 12:00:00,2075,9,23,NA,14.2021156119025,19.9860454161691
2075-09-24 12:00:00,2075,9,24,NA,13.7228765748645,24.2478014972365
2075-09-25 12:00:00,2075,9,25,NA,12.3849261398917,22.1245281424684
2075-09-26 12:00:00,2075,9,26,NA,9.68302266996856,26.2947950372738
2075-09-27 12:00:00,2075,9,27,NA,15.0816382249813,19.4052800505585
2075-09-28 12:00:00,2075,9,28,NA,12.0645625910136,21.365126080324
2075-09-29 12:00:00,2075,9,29,NA,11.8242400329216,22.8053906816546
2075-09-30 12:00:00,2075,9,30,NA,13.1133807091965,20.6231936644397
2075-10-01 12:00:00,2075,10,1,NA,13.6528862708593,22.3296704677282
2075-10-02 12:00:00,2075,10,2,NA,15.0904918433453,19.8908099165942
2075-10-03 12:00:00,2075,10,3,NA,12.7792897302943,18.1192330883077
2075-10-04 12:00:00,2075,10,4,NA,9.62009003450556,16.7858240782076
2075-10-05 12:00:00,2075,10,5,NA,11.6558383399711,18.9607370253774
2075-10-06 12:00:00,2075,10,6,NA,13.9303341480741,25.767091051915
2075-10-07 12:00:00,2075,10,7,NA,17.4824936317306,20.0553747029926
2075-10-08 12:00:00,2075,10,8,NA,14.0363707467842,17.583695361396
2075-10-09 12:00:00,2075,10,9,NA,12.0121981419099,16.1676125698001
2075-10-10 12:00:00,2075,10,10,NA,11.3277041122635,19.96897011185
2075-10-11 12:00:00,2075,10,11,NA,6.21588802492338,16.326328187542
2075-10-12 12:00:00,2075,10,12,NA,9.60763686924526,14.9273052121589
2075-10-13 12:00:00,2075,10,13,NA,8.54578745953958,13.8655919705462
2075-10-14 12:00:00,2075,10,14,NA,6.57008615002013,13.4305968319877
2075-10-15 12:00:00,2075,10,15,NA,1.14079669151032,14.3069480075059
2075-10-16 12:00:00,2075,10,16,NA,3.36958064535728,16.3316267093023
2075-10-17 12:00:00,2075,10,17,NA,9.03775164889501,21.8068833234975
2075-10-18 12:00:00,2075,10,18,NA,13.021027274374,23.3907935176735
2075-10-19 12:00:00,2075,10,19,NA,13.2082753322357,20.7758761483308
2075-10-20 12:00:00,2075,10,20,NA,13.1355936326152,19.6471603139628
2075-10-21 12:00:00,2075,10,21,NA,13.2201140751523,20.7712441821752
2075-10-22 12:00:00,2075,10,22,NA,7.30590859997489,21.180445576069
2075-10-23 12:00:00,2075,10,23,NA,12.2338106419773,16.4276965700962
2075-10-24 12:00:00,2075,10,24,NA,9.83855618997497,15.3165920003544
2075-10-25 12:00:00,2075,10,25,NA,8.84833739044982,17.4770189894652
2075-10-26 12:00:00,2075,10,26,NA,11.0217586899865,21.0770067209009
2075-10-27 12:00:00,2075,10,27,NA,6.06993323113426,11.612758830501
2075-10-28 12:00:00,2075,10,28,NA,7.01031691198721,10.5014456309478
2075-10-29 12:00:00,2075,10,29,NA,3.09970028250563,11.788785603004
2075-10-30 12:00:00,2075,10,30,NA,4.63243647652999,12.9207862177143
2075-10-31 12:00:00,2075,10,31,NA,1.22947956177042,12.6323775930585
2075-11-01 12:00:00,2075,11,1,NA,0.0304845823331994,7.68423782838387
2075-11-02 12:00:00,2075,11,2,NA,4.09199539412212,12.6914096018049
2075-11-03 12:00:00,2075,11,3,NA,7.24274673929409,14.3439365700918
2075-11-04 12:00:00,2075,11,4,NA,7.01082150880687,13.7020817643084
2075-11-05 12:00:00,2075,11,5,NA,12.0113167555681,18.5543049929932
2075-11-06 12:00:00,2075,11,6,NA,11.0497972827712,21.3586584730044
2075-11-07 12:00:00,2075,11,7,NA,12.2553938587651,19.7890839454486
2075-11-08 12:00:00,2075,11,8,NA,10.4865698722838,15.978432146997
2075-11-09 12:00:00,2075,11,9,NA,9.44175161314758,14.1488960430495
2075-11-10 12:00:00,2075,11,10,NA,10.6411011142258,14.5929235469053
2075-11-11 12:00:00,2075,11,11,NA,6.46972751631455,11.3713580880164
2075-11-12 12:00:00,2075,11,12,NA,10.9638979552392,13.0965794508449
2075-11-13 12:00:00,2075,11,13,NA,8.54356634991416,12.2670961888329
2075-11-14 12:00:00,2075,11,14,NA,9.45965306586846,13.1933185114938
2075-11-15 12:00:00,2075,11,15,NA,8.59232663042399,11.3897933717999
2075-11-16 12:00:00,2075,11,16,NA,5.84969753745842,9.85661547045072
2075-11-17 12:00:00,2075,11,17,NA,4.34598593584836,9.8181747128859
2075-11-18 12:00:00,2075,11,18,NA,4.26866356232442,11.0672533311895
2075-11-19 12:00:00,2075,11,19,NA,2.12478689656609,11.3594558491051
2075-11-20 12:00:00,2075,11,20,NA,6.62387681484151,14.2280411288875
2075-11-21 12:00:00,2075,11,21,NA,5.19731948400973,12.9462243775394
2075-11-22 12:00:00,2075,11,22,NA,1.73689892548251,12.0263013804984
2075-11-23 12:00:00,2075,11,23,NA,4.0386130857852,11.014372563945
2075-11-24 12:00:00,2075,11,24,NA,1.49933962296455,8.19059987846611
2075-11-25 12:00:00,2075,11,25,NA,5.32960010932313,10.5889124281502
2075-11-26 12:00:00,2075,11,26,NA,5.93522415977412,12.4876413739462
2075-11-27 12:00:00,2075,11,27,NA,-1.19901392585781,9.10231291365648
2075-11-28 12:00:00,2075,11,28,NA,4.89506098577165,11.9923055717637
2075-11-29 12:00:00,2075,11,29,NA,8.08754456528881,12.7519243008276
2075-11-30 12:00:00,2075,11,30,NA,6.62191629796199,14.3367217640325
2075-12-01 12:00:00,2075,12,1,NA,6.50959786567414,10.2345100135766
2075-12-02 12:00:00,2075,12,2,NA,2.88530612669838,12.9330645746162
2075-12-03 12:00:00,2075,12,3,NA,2.76468051166624,7.46284226706768
2075-12-04 12:00:00,2075,12,4,NA,0.215574962330924,7.91204486764012
2075-12-05 12:00:00,2075,12,5,NA,-0.0482679655408949,4.00919029490163
2075-12-06 12:00:00,2075,12,6,NA,1.01250284598428,3.76459640082732
2075-12-07 12:00:00,2075,12,7,NA,-3.32827530661081,0.538849978633833
2075-12-08 12:00:00,2075,12,8,NA,-1.47215314076528,0.213195287348497
2075-12-09 12:00:00,2075,12,9,NA,-4.27439648069423,1.32762958979707
2075-12-10 12:00:00,2075,12,10,NA,-7.17865267353027,0.649830265768164
2075-12-11 12:00:00,2075,12,11,NA,-7.38294899016588,1.21366439858708
2075-12-12 12:00:00,2075,12,12,NA,-5.37594832001963,0.647552258888635
2075-12-13 12:00:00,2075,12,13,NA,0.969441070181662,6.57146714067296
2075-12-14 12:00:00,2075,12,14,NA,1.73356615662974,9.54140561975536
2075-12-15 12:00:00,2075,12,15,NA,6.8652851537102,13.9922939144018
2075-12-16 12:00:00,2075,12,16,NA,8.82274773201866,11.8789139047806
2075-12-17 12:00:00,2075,12,17,NA,7.43607083185823,12.5903162564993
2075-12-18 12:00:00,2075,12,18,NA,7.41889968438044,9.4442768963536
2075-12-19 12:00:00,2075,12,19,NA,4.88145350918809,7.72834702178614
2075-12-20 12:00:00,2075,12,20,NA,3.0548241999302,10.6604224398299
2075-12-21 12:00:00,2075,12,21,NA,3.21640544647571,7.36942740420694
2075-12-22 12:00:00,2075,12,22,NA,4.62964671194868,8.46145845142041
2075-12-23 12:00:00,2075,12,23,NA,0.643816975834931,6.62082375075597
2075-12-24 12:00:00,2075,12,24,NA,0.404770804826293,3.26722873636867
2075-12-25 12:00:00,2075,12,25,NA,-0.959211761208275,1.03618593572478
2075-12-26 12:00:00,2075,12,26,NA,-2.15590963720391,2.20818588744714
2075-12-27 12:00:00,2075,12,27,NA,-6.27449041604971,5.95685156986109
2075-12-28 12:00:00,2075,12,28,NA,-3.03106634736398,4.99636565708828
2075-12-29 12:00:00,2075,12,29,NA,-1.81458299269908,5.83123100792452
2075-12-30 12:00:00,2075,12,30,NA,1.30031959478841,6.72668059528541
2075-12-31 12:00:00,2075,12,31,NA,-2.78761385283074,8.14396961260222
2076-01-01 12:00:00,2076,1,1,NA,2.12370968466365,10.7652999765282
2076-01-02 12:00:00,2076,1,2,NA,4.62542298336321,13.7905469263118
2076-01-03 12:00:00,2076,1,3,NA,6.78813535055883,15.7866323734645
2076-01-04 12:00:00,2076,1,4,NA,7.3837533700395,14.7580189132358
2076-01-05 12:00:00,2076,1,5,NA,2.43086160367027,9.50387922894677
2076-01-06 12:00:00,2076,1,6,NA,1.88662141400953,6.07951527611283
2076-01-07 12:00:00,2076,1,7,NA,3.76272990191016,6.93330185377556
2076-01-08 12:00:00,2076,1,8,NA,2.24576464113934,10.2156352094947
2076-01-09 12:00:00,2076,1,9,NA,3.61162104423302,10.9245337675148
2076-01-10 12:00:00,2076,1,10,NA,6.57305753065482,12.7842289072088
2076-01-11 12:00:00,2076,1,11,NA,2.97287423554654,9.25151552554849
2076-01-12 12:00:00,2076,1,12,NA,5.5962658083453,11.6703600234897
2076-01-13 12:00:00,2076,1,13,NA,7.04894831750411,9.94478581739136
2076-01-14 12:00:00,2076,1,14,NA,1.03326489105381,3.03742464572082
2076-01-15 12:00:00,2076,1,15,NA,-1.07091420788696,2.75613698087489
2076-01-16 12:00:00,2076,1,16,NA,-3.88240740363538,2.64634055238112
2076-01-17 12:00:00,2076,1,17,NA,-1.55624606005825,6.92881375769413
2076-01-18 12:00:00,2076,1,18,NA,-2.63655701500699,6.57693641580584
2076-01-19 12:00:00,2076,1,19,NA,1.3698829677717,9.49681985913763
2076-01-20 12:00:00,2076,1,20,NA,6.76718572115479,12.9219832026046
2076-01-21 12:00:00,2076,1,21,NA,12.1167599364304,14.8168103458167
2076-01-22 12:00:00,2076,1,22,NA,10.2691096355866,13.8498321781456
2076-01-23 12:00:00,2076,1,23,NA,8.76739657229326,10.5897648688553
2076-01-24 12:00:00,2076,1,24,NA,4.53810789099364,6.56536952474838
2076-01-25 12:00:00,2076,1,25,NA,4.51007732150746,7.05123973931091
2076-01-26 12:00:00,2076,1,26,NA,-2.74159710146077,0.342775954148115
2076-01-27 12:00:00,2076,1,27,NA,-4.99245280581892,-4.0998985937438
2076-01-28 12:00:00,2076,1,28,NA,-2.45766029036524,0.48625735657148
2076-01-29 12:00:00,2076,1,29,NA,-5.22205866660536,-3.1334621549735
2076-01-30 12:00:00,2076,1,30,NA,-4.54029154754301,1.66811865344782
2076-01-31 12:00:00,2076,1,31,NA,0.24649972673585,6.45490992772668
2076-02-01 12:00:00,2076,2,1,NA,-0.0665063558053611,3.69740514500606
2076-02-02 12:00:00,2076,2,2,NA,2.49832372881197,9.57768581725759
2076-02-03 12:00:00,2076,2,3,NA,2.17416258159807,10.2441860625184
2076-02-04 12:00:00,2076,2,4,NA,-0.67376326491981,8.88073397169315
2076-02-05 12:00:00,2076,2,5,NA,5.69770399911942,9.80181211834987
2076-02-06 12:00:00,2076,2,6,NA,8.67906378762471,16.6675037266596
2076-02-07 12:00:00,2076,2,7,NA,12.2426463010146,17.1416360094976
2076-02-08 12:00:00,2076,2,8,NA,8.39616692327453,16.1871447031399
2076-02-09 12:00:00,2076,2,9,NA,10.1087290491667,15.1417592887134
2076-02-10 12:00:00,2076,2,10,NA,9.86191845892466,12.3903304043228
2076-02-11 12:00:00,2076,2,11,NA,10.93779469936,13.9775371435986
2076-02-12 12:00:00,2076,2,12,NA,8.84039242461468,16.1961401694632
2076-02-13 12:00:00,2076,2,13,NA,9.3235936570901,19.8065372022941
2076-02-14 12:00:00,2076,2,14,NA,11.4268665006219,18.0337564866482
2076-02-15 12:00:00,2076,2,15,NA,9.28329055699443,16.8676044153217
2076-02-16 12:00:00,2076,2,16,NA,6.30926665061493,13.8935805089422
2076-02-17 12:00:00,2076,2,17,NA,6.4856708609023,11.2509079186819
2076-02-18 12:00:00,2076,2,18,NA,3.01909275984967,12.3987317636805
2076-02-19 12:00:00,2076,2,19,NA,10.8533999788,16.3659131559318
2076-02-20 12:00:00,2076,2,20,NA,10.182279673024,15.0716491663508
2076-02-21 12:00:00,2076,2,21,NA,13.0951685188364,19.8583727492297
2076-02-22 12:00:00,2076,2,22,NA,8.41359906765185,18.8965426128559
2076-02-23 12:00:00,2076,2,23,NA,9.5922442748818,20.746578558079
2076-02-24 12:00:00,2076,2,24,NA,8.97566588443745,17.4271697659851
2076-02-25 12:00:00,2076,2,25,NA,7.90770999451454,17.183675337909
2076-02-26 12:00:00,2076,2,26,NA,6.72221246503066,16.2671946881275
2076-02-27 12:00:00,2076,2,27,NA,4.01396163080405,14.8649534293139
2076-02-28 12:00:00,2076,2,28,NA,0.695458096283748,10.2697318529935
2076-02-29 12:00:00,2076,2,29,NA,0.435179375354512,9.8557886660534
2076-03-01 12:00:00,2076,3,1,NA,-0.916616009628602,9.93437578888128
2076-03-02 12:00:00,2076,3,2,NA,0.188501311550963,9.56814031538182
2076-03-03 12:00:00,2076,3,3,NA,-6.03358108949807,4.15404017888973
2076-03-04 12:00:00,2076,3,4,NA,-6.37536136608793,7.59113261793073
2076-03-05 12:00:00,2076,3,5,NA,-3.05248115692826,10.2066290535354
2076-03-06 12:00:00,2076,3,6,NA,0.0906004712169084,11.1340183357835
2076-03-07 12:00:00,2076,3,7,NA,-0.263904392579648,14.2314382126352
2076-03-08 12:00:00,2076,3,8,NA,1.55955967694313,12.6793675566562
2076-03-09 12:00:00,2076,3,9,NA,5.73026027744732,12.4930306882787
2076-03-10 12:00:00,2076,3,10,NA,5.03504795214182,13.7897167808629
2076-03-11 12:00:00,2076,3,11,NA,5.45083296957413,12.8607217731296
2076-03-12 12:00:00,2076,3,12,NA,2.62812066198916,14.8206966988911
2076-03-13 12:00:00,2076,3,13,NA,3.26622961150076,15.4588056484027
2076-03-14 12:00:00,2076,3,14,NA,7.62761945376274,13.1562519236451
2076-03-15 12:00:00,2076,3,15,NA,2.18987773960947,11.4229880066781
2076-03-16 12:00:00,2076,3,16,NA,-1.08904061154609,10.4159715062683
2076-03-17 12:00:00,2076,3,17,NA,-1.3615597910303,9.3247825982546
2076-03-18 12:00:00,2076,3,18,NA,0.0466733675781539,11.4812679123336
2076-03-19 12:00:00,2076,3,19,NA,-4.60996286868875,13.3539698242188
2076-03-20 12:00:00,2076,3,20,NA,-1.24162235095131,11.6006626148321
2076-03-21 12:00:00,2076,3,21,NA,4.82665136237367,8.90178159527854
2076-03-22 12:00:00,2076,3,22,NA,3.44988725930981,7.39766228443527
2076-03-23 12:00:00,2076,3,23,NA,0.756686542562086,6.81799175064503
2076-03-24 12:00:00,2076,3,24,NA,0.210342920583666,5.37122576447427
2076-03-25 12:00:00,2076,3,25,NA,3.36341163737109,11.6741192249728
2076-03-26 12:00:00,2076,3,26,NA,4.21471251326855,14.5421062705709
2076-03-27 12:00:00,2076,3,27,NA,3.10642843330214,10.2571298062775
2076-03-28 12:00:00,2076,3,28,NA,-2.25890968928688,14.3608476560034
2076-03-29 12:00:00,2076,3,29,NA,-0.984230286340138,13.482395718146
2076-03-30 12:00:00,2076,3,30,NA,-1.42952932706953,15.778075810186
2076-03-31 12:00:00,2076,3,31,NA,6.69966353336322,18.1202712904372
2076-04-01 12:00:00,2076,4,1,NA,1.99013680051362,14.2940487302496
2076-04-02 12:00:00,2076,4,2,NA,-0.322343992265544,13.2574416461629
2076-04-03 12:00:00,2076,4,3,NA,2.28259087273108,8.38271072138562
2076-04-04 12:00:00,2076,4,4,NA,2.20453935128986,8.3485908766722
2076-04-05 12:00:00,2076,4,5,NA,1.62604705377179,6.14493902653048
2076-04-06 12:00:00,2076,4,6,NA,1.01659936086491,9.48354104902426
2076-04-07 12:00:00,2076,4,7,NA,1.59865566198419,10.1038380192157
2076-04-08 12:00:00,2076,4,8,NA,1.99421924532622,14.6409272007389
2076-04-09 12:00:00,2076,4,9,NA,3.24821480383442,18.3853050190938
2076-04-10 12:00:00,2076,4,10,NA,3.97737122181215,17.5212023830171
2076-04-11 12:00:00,2076,4,11,NA,6.33641892142357,15.8546399812217
2076-04-12 12:00:00,2076,4,12,NA,4.93662438951417,8.98897515062467
2076-04-13 12:00:00,2076,4,13,NA,3.89061877540426,18.6481515313888
2076-04-14 12:00:00,2076,4,14,NA,9.18569761496374,18.644683350154
2076-04-15 12:00:00,2076,4,15,NA,7.09348436250811,12.9435164177009
2076-04-16 12:00:00,2076,4,16,NA,6.12788208987105,10.7153104546606
2076-04-17 12:00:00,2076,4,17,NA,5.77489333339119,16.5553478769215
2076-04-18 12:00:00,2076,4,18,NA,11.5013625907658,21.9316743364858
2076-04-19 12:00:00,2076,4,19,NA,7.86190728282623,19.7232214707021
2076-04-20 12:00:00,2076,4,20,NA,5.55574889834166,16.9902458231248
2076-04-21 12:00:00,2076,4,21,NA,6.36931163889588,20.6261839340809
2076-04-22 12:00:00,2076,4,22,NA,3.90574849316193,17.0157014196528
2076-04-23 12:00:00,2076,4,23,NA,5.2511023573289,14.7522583963793
2076-04-24 12:00:00,2076,4,24,NA,1.285753413247,18.6563823026978
2076-04-25 12:00:00,2076,4,25,NA,0.461617693117526,15.899905165393
2076-04-26 12:00:00,2076,4,26,NA,-0.394556763976883,19.4025102852138
2076-04-27 12:00:00,2076,4,27,NA,-2.78235602048071,18.4386320029018
2076-04-28 12:00:00,2076,4,28,NA,0.969437285029537,17.8772559048486
2076-04-29 12:00:00,2076,4,29,NA,8.53197805141452,15.7965182457006
2076-04-30 12:00:00,2076,4,30,NA,8.04283414880986,11.0948659104283
2076-05-01 12:00:00,2076,5,1,NA,6.88489651574117,12.1443964120806
2076-05-02 12:00:00,2076,5,2,NA,5.73513369861722,13.2544858653956
2076-05-03 12:00:00,2076,5,3,NA,2.43918970872735,17.1131430276018
2076-05-04 12:00:00,2076,5,4,NA,2.24932132863573,14.8604019792916
2076-05-05 12:00:00,2076,5,5,NA,2.13602496289311,14.5224680168865
2076-05-06 12:00:00,2076,5,6,NA,3.21858466518199,16.8990548798862
2076-05-07 12:00:00,2076,5,7,NA,3.29746349066035,13.9610996042009
2076-05-08 12:00:00,2076,5,8,NA,5.45986160165325,16.6642554162826
2076-05-09 12:00:00,2076,5,9,NA,3.33320370808552,18.1950855200829
2076-05-10 12:00:00,2076,5,10,NA,7.66920326658895,16.8335305590607
2076-05-11 12:00:00,2076,5,11,NA,6.06700250021685,15.9506274264344
2076-05-12 12:00:00,2076,5,12,NA,2.87031870266589,19.2932180257656
2076-05-13 12:00:00,2076,5,13,NA,9.5823357750894,22.0253722061153
2076-05-14 12:00:00,2076,5,14,NA,9.64711795233139,18.3682957437128
2076-05-15 12:00:00,2076,5,15,NA,11.2772124090743,15.2396894266822
2076-05-16 12:00:00,2076,5,16,NA,3.87680022124756,18.547886433719
2076-05-17 12:00:00,2076,5,17,NA,5.40944992889702,23.1133208434537
2076-05-18 12:00:00,2076,5,18,NA,11.8071304128653,30.2228277130015
2076-05-19 12:00:00,2076,5,19,NA,7.41670592322973,28.2947198721468
2076-05-20 12:00:00,2076,5,20,NA,4.9845622653263,23.7665508447258
2076-05-21 12:00:00,2076,5,21,NA,10.7237770323868,18.6441084940539
2076-05-22 12:00:00,2076,5,22,NA,11.5208287569728,19.3516305981181
2076-05-23 12:00:00,2076,5,23,NA,5.44112984531399,18.5433182462223
2076-05-24 12:00:00,2076,5,24,NA,5.31344256785806,21.9846244721589
2076-05-25 12:00:00,2076,5,25,NA,6.95134829721125,21.4667715360203
2076-05-26 12:00:00,2076,5,26,NA,5.09305683488999,24.2784417935202
2076-05-27 12:00:00,2076,5,27,NA,7.2904695459116,24.9010942493021
2076-05-28 12:00:00,2076,5,28,NA,13.8278115692136,21.7110883549188
2076-05-29 12:00:00,2076,5,29,NA,16.018838710716,17.9768332705655
2076-05-30 12:00:00,2076,5,30,NA,13.3758642800376,16.3257801333141
2076-05-31 12:00:00,2076,5,31,NA,11.5417950011352,17.4804300468868
2076-06-01 12:00:00,2076,6,1,NA,12.1449186013831,18.0514414046809
2076-06-02 12:00:00,2076,6,2,NA,9.86871513263107,16.7133770532558
2076-06-03 12:00:00,2076,6,3,NA,8.615624548485,18.9590904896152
2076-06-04 12:00:00,2076,6,4,NA,5.35822822623001,22.8956369816034
2076-06-05 12:00:00,2076,6,5,NA,7.05324917570625,21.4681051965366
2076-06-06 12:00:00,2076,6,6,NA,8.86113781307296,19.2936965245496
2076-06-07 12:00:00,2076,6,7,NA,7.17626495313389,16.3451096383667
2076-06-08 12:00:00,2076,6,8,NA,9.80680530624495,14.9024533056305
2076-06-09 12:00:00,2076,6,9,NA,7.70299524771931,19.8877523315417
2076-06-10 12:00:00,2076,6,10,NA,9.08794316240149,16.3175857899596
2076-06-11 12:00:00,2076,6,11,NA,9.38439084609573,16.5959706010987
2076-06-12 12:00:00,2076,6,12,NA,10.1942016820596,17.4200520016796
2076-06-13 12:00:00,2076,6,13,NA,15.7620054997441,17.5620959840567
2076-06-14 12:00:00,2076,6,14,NA,12.1763754583649,18.8299269446355
2076-06-15 12:00:00,2076,6,15,NA,13.6696998436841,19.1238052925666
2076-06-16 12:00:00,2076,6,16,NA,11.4660555410167,17.6235074269694
2076-06-17 12:00:00,2076,6,17,NA,7.91115448855638,17.7300865937931
2076-06-18 12:00:00,2076,6,18,NA,7.68121866618182,19.0395354785242
2076-06-19 12:00:00,2076,6,19,NA,5.07400607462348,19.9542617319775
2076-06-20 12:00:00,2076,6,20,NA,6.57863283427296,22.027832877723
2076-06-21 12:00:00,2076,6,21,NA,7.12754647850727,22.6747169244572
2076-06-22 12:00:00,2076,6,22,NA,7.56243159442138,23.0313008516918
2076-06-23 12:00:00,2076,6,23,NA,12.6184989839896,17.4287480653284
2076-06-24 12:00:00,2076,6,24,NA,10.7265625664971,18.8328822749625
2076-06-25 12:00:00,2076,6,25,NA,10.8646383005349,22.9507094137585
2076-06-26 12:00:00,2076,6,26,NA,8.63882289768524,26.7975050001818
2076-06-27 12:00:00,2076,6,27,NA,13.8543220023556,25.2201555564514
2076-06-28 12:00:00,2076,6,28,NA,14.207897465499,28.6488638834349
2076-06-29 12:00:00,2076,6,29,NA,10.6362733394577,27.1449163358084
2076-06-30 12:00:00,2076,6,30,NA,15.7467741294887,23.9970214288861
2076-07-01 12:00:00,2076,7,1,NA,18.1419684763534,25.7057614138325
2076-07-02 12:00:00,2076,7,2,NA,16.1596689755185,23.3913297847355
2076-07-03 12:00:00,2076,7,3,NA,12.0673656088601,29.0060480179964
2076-07-04 12:00:00,2076,7,4,NA,13.3802485810663,28.6538012927608
2076-07-05 12:00:00,2076,7,5,NA,15.0272198461704,25.0743613809127
2076-07-06 12:00:00,2076,7,6,NA,15.4284487344705,23.0525496688688
2076-07-07 12:00:00,2076,7,7,NA,14.4881217987414,23.0214297384103
2076-07-08 12:00:00,2076,7,8,NA,11.5898585613068,22.5643932437809
2076-07-09 12:00:00,2076,7,9,NA,12.0837007865789,21.9307334442006
2076-07-10 12:00:00,2076,7,10,NA,10.089286459237,27.3333323334471
2076-07-11 12:00:00,2076,7,11,NA,9.78867934437269,22.8197024742507
2076-07-12 12:00:00,2076,7,12,NA,10.7546460395647,25.1032220338056
2076-07-13 12:00:00,2076,7,13,NA,11.6763520296718,30.8321963946047
2076-07-14 12:00:00,2076,7,14,NA,14.7096130296642,27.8879176345867
2076-07-15 12:00:00,2076,7,15,NA,14.996555714518,27.9454207179925
2076-07-16 12:00:00,2076,7,16,NA,15.0010492355514,28.4409901316896
2076-07-17 12:00:00,2076,7,17,NA,19.4099244405992,28.8236247640805
2076-07-18 12:00:00,2076,7,18,NA,19.1893023050916,30.2707144846105
2076-07-19 12:00:00,2076,7,19,NA,16.8028572409791,36.0057299641942
2076-07-20 12:00:00,2076,7,20,NA,16.7201159160845,32.6834972305331
2076-07-21 12:00:00,2076,7,21,NA,11.6345046644802,27.5978859789288
2076-07-22 12:00:00,2076,7,22,NA,12.8726237956403,23.9173151650309
2076-07-23 12:00:00,2076,7,23,NA,11.1060074539476,24.0416844560707
2076-07-24 12:00:00,2076,7,24,NA,15.5772477876123,25.3226547136685
2076-07-25 12:00:00,2076,7,25,NA,17.4951380859396,27.4663985229122
2076-07-26 12:00:00,2076,7,26,NA,16.5610127564785,26.6409075039946
2076-07-27 12:00:00,2076,7,27,NA,20.4525260913465,25.325550066618
2076-07-28 12:00:00,2076,7,28,NA,14.9838987545743,25.7341822874916
2076-07-29 12:00:00,2076,7,29,NA,12.1059377048205,27.1235928501814
2076-07-30 12:00:00,2076,7,30,NA,15.530470134508,25.7799701875501
2076-07-31 12:00:00,2076,7,31,NA,16.2994214367282,25.1848381555294
2076-08-01 12:00:00,2076,8,1,NA,18.2251263751132,21.1708778417156
2076-08-02 12:00:00,2076,8,2,NA,15.2177849112336,22.9036849050044
2076-08-03 12:00:00,2076,8,3,NA,13.2467938659958,24.3830283813006
2076-08-04 12:00:00,2076,8,4,NA,16.032129498486,28.6116528227993
2076-08-05 12:00:00,2076,8,5,NA,20.4510528613917,27.6926980675648
2076-08-06 12:00:00,2076,8,6,NA,23.2122004855943,25.9041319939947
2076-08-07 12:00:00,2076,8,7,NA,20.3442785261282,24.9495275177442
2076-08-08 12:00:00,2076,8,8,NA,21.455587354482,23.2742775038397
2076-08-09 12:00:00,2076,8,9,NA,19.0003557603369,21.6940927942774
2076-08-10 12:00:00,2076,8,10,NA,14.955385391419,20.0859030698817
2076-08-11 12:00:00,2076,8,11,NA,13.2070337789475,20.39584785411
2076-08-12 12:00:00,2076,8,12,NA,14.2827365909279,23.2737621413002
2076-08-13 12:00:00,2076,8,13,NA,12.1371055612109,22.1655532054553
2076-08-14 12:00:00,2076,8,14,NA,11.0900181230719,21.6748468503792
2076-08-15 12:00:00,2076,8,15,NA,10.9151854583848,20.8013572352021
2076-08-16 12:00:00,2076,8,16,NA,10.0701255406183,20.6549542679255
2076-08-17 12:00:00,2076,8,17,NA,11.0874081721626,21.6589964462061
2076-08-18 12:00:00,2076,8,18,NA,11.9221187811414,24.5204323164464
2076-08-19 12:00:00,2076,8,19,NA,16.345479855968,18.3931281786751
2076-08-20 12:00:00,2076,8,20,NA,16.1694454569849,19.5785917991622
2076-08-21 12:00:00,2076,8,21,NA,15.5762916380676,20.058744093919
2076-08-22 12:00:00,2076,8,22,NA,13.5488628860809,19.0525479577021
2076-08-23 12:00:00,2076,8,23,NA,10.7960575524745,20.5310507867083
2076-08-24 12:00:00,2076,8,24,NA,14.1330828894961,16.2777838656691
2076-08-25 12:00:00,2076,8,25,NA,8.3405290845415,20.039412883376
2076-08-26 12:00:00,2076,8,26,NA,6.6178266019996,20.0892282427431
2076-08-27 12:00:00,2076,8,27,NA,8.90513091528623,17.3445124877424
2076-08-28 12:00:00,2076,8,28,NA,9.0909685630277,16.9766755777969
2076-08-29 12:00:00,2076,8,29,NA,12.0339776821186,15.4431240242958
2076-08-30 12:00:00,2076,8,30,NA,7.37565332065092,19.9551766449642
2076-08-31 12:00:00,2076,8,31,NA,7.85685075982308,22.4391387150559
2076-09-01 12:00:00,2076,9,1,NA,6.64549600419172,22.6540398905787
2076-09-02 12:00:00,2076,9,2,NA,8.00864459243027,22.9006008330425
2076-09-03 12:00:00,2076,9,3,NA,12.2877386683727,16.336074541688
2076-09-04 12:00:00,2076,9,4,NA,13.1674914889831,16.7928657618851
2076-09-05 12:00:00,2076,9,5,NA,11.6374352143491,18.8297989897943
2076-09-06 12:00:00,2076,9,6,NA,14.2795934301428,22.5468058696453
2076-09-07 12:00:00,2076,9,7,NA,13.8613386477525,26.2510769912864
2076-09-08 12:00:00,2076,9,8,NA,12.4977389445549,23.6993907486445
2076-09-09 12:00:00,2076,9,9,NA,14.1342989933893,19.9443299879252
2076-09-10 12:00:00,2076,9,10,NA,12.2244303570428,16.7583952186695
2076-09-11 12:00:00,2076,9,11,NA,8.45402899816223,15.9542855321834
2076-09-12 12:00:00,2076,9,12,NA,7.35038491300787,18.0877926246898
2076-09-13 12:00:00,2076,9,13,NA,9.47147061760061,17.8289528858738
2076-09-14 12:00:00,2076,9,14,NA,11.2549455615089,18.9065481632302
2076-09-15 12:00:00,2076,9,15,NA,13.2932341544379,21.6862468391794
2076-09-16 12:00:00,2076,9,16,NA,12.782247940175,18.6421061273689
2076-09-17 12:00:00,2076,9,17,NA,10.4032141164016,18.403714255806
2076-09-18 12:00:00,2076,9,18,NA,8.82653634353756,19.4764483485826
2076-09-19 12:00:00,2076,9,19,NA,7.77479697412813,16.7094717247352
2076-09-20 12:00:00,2076,9,20,NA,6.71772280082707,15.5569213648271
2076-09-21 12:00:00,2076,9,21,NA,2.17661918286303,17.1212600304595
2076-09-22 12:00:00,2076,9,22,NA,7.59065308969726,15.0585983837745
2076-09-23 12:00:00,2076,9,23,NA,6.21513306360801,16.0004161701353
2076-09-24 12:00:00,2076,9,24,NA,6.8773269914728,14.4828881787353
2076-09-25 12:00:00,2076,9,25,NA,7.0704605397301,14.1019140656111
2076-09-26 12:00:00,2076,9,26,NA,4.66104792551617,18.2526692111667
2076-09-27 12:00:00,2076,9,27,NA,6.78612808664386,18.7909615929873
2076-09-28 12:00:00,2076,9,28,NA,6.35728632788935,15.6578498171998
2076-09-29 12:00:00,2076,9,29,NA,8.66799663888111,18.0838300270499
2076-09-30 12:00:00,2076,9,30,NA,10.8494664338425,16.7390540259909
2076-10-01 12:00:00,2076,10,1,NA,13.2283515160418,20.8799541177631
2076-10-02 12:00:00,2076,10,2,NA,9.99545880142595,18.8567744345137
2076-10-03 12:00:00,2076,10,3,NA,9.75029102179387,18.5484254624067
2076-10-04 12:00:00,2076,10,4,NA,9.2228563098512,12.7956902979968
2076-10-05 12:00:00,2076,10,5,NA,6.75274737891706,13.075475754588
2076-10-06 12:00:00,2076,10,6,NA,6.18719271890914,13.2440529011574
2076-10-07 12:00:00,2076,10,7,NA,4.74387934780654,16.6405010734
2076-10-08 12:00:00,2076,10,8,NA,7.36918189077314,16.0002157432626
2076-10-09 12:00:00,2076,10,9,NA,7.02510175893923,17.7056973989875
2076-10-10 12:00:00,2076,10,10,NA,11.2390637151506,19.4770432664118
2076-10-11 12:00:00,2076,10,11,NA,9.77280831144679,23.5603027251437
2076-10-12 12:00:00,2076,10,12,NA,8.09263453147782,23.0527477026684
2076-10-13 12:00:00,2076,10,13,NA,5.59842201857559,21.1369183019086
2076-10-14 12:00:00,2076,10,14,NA,7.31240292659207,20.2132852706027
2076-10-15 12:00:00,2076,10,15,NA,5.7388505357684,19.797180512212
2076-10-16 12:00:00,2076,10,16,NA,9.48922328795001,23.1075480227504
2076-10-17 12:00:00,2076,10,17,NA,9.13987270939534,19.9475711777129
2076-10-18 12:00:00,2076,10,18,NA,9.00167622146251,16.9279607842039
2076-10-19 12:00:00,2076,10,19,NA,6.58455201198915,16.8583001564524
2076-10-20 12:00:00,2076,10,20,NA,8.4748167317441,16.0721414470742
2076-10-21 12:00:00,2076,10,21,NA,7.60931588947184,14.7594838317375
2076-10-22 12:00:00,2076,10,22,NA,4.31385956926575,16.9047836421323
2076-10-23 12:00:00,2076,10,23,NA,3.65825379506777,12.681304839654
2076-10-24 12:00:00,2076,10,24,NA,-1.70153374864161,17.5234694934247
2076-10-25 12:00:00,2076,10,25,NA,1.4785527769231,15.5435916605241
2076-10-26 12:00:00,2076,10,26,NA,4.82710274489178,16.7150564498597
2076-10-27 12:00:00,2076,10,27,NA,12.156369809344,20.7093550024582
2076-10-28 12:00:00,2076,10,28,NA,7.14216669311566,15.6468954700214
2076-10-29 12:00:00,2076,10,29,NA,7.34638388603187,14.090729530353
2076-10-30 12:00:00,2076,10,30,NA,10.8232872957783,13.6761374370154
2076-10-31 12:00:00,2076,10,31,NA,9.07581453271411,12.8149396209796
2076-11-01 12:00:00,2076,11,1,NA,5.93105375415425,17.3978783413605
2076-11-02 12:00:00,2076,11,2,NA,6.03126612662061,13.8293829375485
2076-11-03 12:00:00,2076,11,3,NA,7.595105106967,13.2058504252372
2076-11-04 12:00:00,2076,11,4,NA,12.691371396786,18.3026711637667
2076-11-05 12:00:00,2076,11,5,NA,11.4416311127005,14.4127199503843
2076-11-06 12:00:00,2076,11,6,NA,9.44892865260058,14.4504569834687
2076-11-07 12:00:00,2076,11,7,NA,9.23215086903533,16.6757307536681
2076-11-08 12:00:00,2076,11,8,NA,9.57286021510786,17.546011804903
2076-11-09 12:00:00,2076,11,9,NA,8.17559345120541,14.4389469955116
2076-11-10 12:00:00,2076,11,10,NA,3.8759441650899,10.8517036432497
2076-11-11 12:00:00,2076,11,11,NA,5.41001841375444,12.5072629997465
2076-11-12 12:00:00,2076,11,12,NA,1.37297159493127,9.09411159418462
2076-11-13 12:00:00,2076,11,13,NA,3.06004611339202,7.76847874032029
2076-11-14 12:00:00,2076,11,14,NA,1.75486619572423,5.89061419256432
2076-11-15 12:00:00,2076,11,15,NA,3.91607221408597,9.10208222611586
2076-11-16 12:00:00,2076,11,16,NA,3.39725392955317,10.1388127201399
2076-11-17 12:00:00,2076,11,17,NA,4.90466033220838,7.71331363605532
2076-11-18 12:00:00,2076,11,18,NA,8.82715523127855,10.5786446987647
2076-11-19 12:00:00,2076,11,19,NA,6.93558150334047,8.82163503221557
2076-11-20 12:00:00,2076,11,20,NA,5.84075310200042,7.24325808626804
2076-11-21 12:00:00,2076,11,21,NA,5.24316685578596,6.72105434955437
2076-11-22 12:00:00,2076,11,22,NA,2.91695402114366,7.866540798008
2076-11-23 12:00:00,2076,11,23,NA,-1.39829711358955,9.87604077145749
2076-11-24 12:00:00,2076,11,24,NA,2.04633416870294,8.5602788343731
2076-11-25 12:00:00,2076,11,25,NA,0.781882909154394,8.03685487552716
2076-11-26 12:00:00,2076,11,26,NA,-4.16157200364012,6.88367117055993
2076-11-27 12:00:00,2076,11,27,NA,-0.59666768765124,5.93721096680257
2076-11-28 12:00:00,2076,11,28,NA,4.2416353525988,9.36728987713972
2076-11-29 12:00:00,2076,11,29,NA,3.57485020958105,9.18559552785125
2076-11-30 12:00:00,2076,11,30,NA,2.5893488458634,7.26339158565071
2076-12-01 12:00:00,2076,12,1,NA,2.76062632291964,5.55340866738855
2076-12-02 12:00:00,2076,12,2,NA,0.227018267016958,6.77943548118902
2076-12-03 12:00:00,2076,12,3,NA,5.15447942035939,9.21216928728324
2076-12-04 12:00:00,2076,12,4,NA,2.28927610837058,9.53790321537643
2076-12-05 12:00:00,2076,12,5,NA,3.75053694957784,11.8764765439651
2076-12-06 12:00:00,2076,12,6,NA,1.25740334620029,9.39862104408438
2076-12-07 12:00:00,2076,12,7,NA,3.78704694281391,11.5948864059395
2076-12-08 12:00:00,2076,12,8,NA,9.15207909707433,14.8626027326278
2076-12-09 12:00:00,2076,12,9,NA,9.15502726873485,15.1704505526207
2076-12-10 12:00:00,2076,12,10,NA,9.09737862484896,13.0321445955627
2076-12-11 12:00:00,2076,12,11,NA,11.2429564063088,12.5486212486886
2076-12-12 12:00:00,2076,12,12,NA,9.84545148966208,14.9340290576005
2076-12-13 12:00:00,2076,12,13,NA,8.58755864686779,13.4530650979901
2076-12-14 12:00:00,2076,12,14,NA,10.0075965251749,15.0964273302854
2076-12-15 12:00:00,2076,12,15,NA,6.08077123032215,12.8762904883075
2076-12-16 12:00:00,2076,12,16,NA,7.740595835733,14.0838069948875
2076-12-17 12:00:00,2076,12,17,NA,6.43643803114364,13.2891341509401
2076-12-18 12:00:00,2076,12,18,NA,8.001341078291,14.1171950099703
2076-12-19 12:00:00,2076,12,19,NA,4.14362458304886,13.4199196569848
2076-12-20 12:00:00,2076,12,20,NA,7.0454068220142,10.9801727927279
2076-12-21 12:00:00,2076,12,21,NA,8.50876157358212,14.6254803790119
2076-12-22 12:00:00,2076,12,22,NA,7.84934808384388,16.1426071827863
2076-12-23 12:00:00,2076,12,23,NA,10.1919095159027,13.4245549747695
2076-12-24 12:00:00,2076,12,24,NA,6.50478846729656,8.42767255794663
2076-12-25 12:00:00,2076,12,25,NA,3.88949443242513,7.96224992515729
2076-12-26 12:00:00,2076,12,26,NA,2.66606670292208,8.33786968400092
2076-12-27 12:00:00,2076,12,27,NA,1.04281759707416,8.87130053637259
2076-12-28 12:00:00,2076,12,28,NA,-1.41680847074349,9.78208111752932
2076-12-29 12:00:00,2076,12,29,NA,2.35438141020814,13.4322567757375
2076-12-30 12:00:00,2076,12,30,NA,1.36129336660439,7.47062791755456
2076-12-31 12:00:00,2076,12,31,NA,1.21849764924346,8.96172191149531
2077-01-01 12:00:00,2077,1,1,NA,-0.650008064133337,4.45267557500778
2077-01-02 12:00:00,2077,1,2,NA,-1.8593742972916,2.98282854176156
2077-01-03 12:00:00,2077,1,3,NA,3.33827153539462,9.7772255735359
2077-01-04 12:00:00,2077,1,4,NA,5.7286003241611,12.7813559141268
2077-01-05 12:00:00,2077,1,5,NA,8.15215183990603,15.2633500956788
2077-01-06 12:00:00,2077,1,6,NA,5.06501448863933,7.66627177999544
2077-01-07 12:00:00,2077,1,7,NA,1.69793698807031,6.04843642306358
2077-01-08 12:00:00,2077,1,8,NA,5.69580477237226,7.7736650657417
2077-01-09 12:00:00,2077,1,9,NA,7.68235720199742,9.78048161643533
2077-01-10 12:00:00,2077,1,10,NA,2.4958390706361,3.42082508545584
2077-01-11 12:00:00,2077,1,11,NA,5.00284759344819,6.93320182373019
2077-01-12 12:00:00,2077,1,12,NA,7.57507477913786,10.7100466414047
2077-01-13 12:00:00,2077,1,13,NA,7.3930174157222,11.2121064615355
2077-01-14 12:00:00,2077,1,14,NA,7.12464756062412,9.15190919437885
2077-01-15 12:00:00,2077,1,15,NA,5.30027818544111,8.40493395140017
2077-01-16 12:00:00,2077,1,16,NA,6.32727560843187,13.1235012953827
2077-01-17 12:00:00,2077,1,17,NA,6.47910600707156,13.6827630015692
2077-01-18 12:00:00,2077,1,18,NA,5.53520429958174,10.9434207580256
2077-01-19 12:00:00,2077,1,19,NA,5.42048220318743,11.5752796846373
2077-01-20 12:00:00,2077,1,20,NA,4.64633987831114,9.66401480680467
2077-01-21 12:00:00,2077,1,21,NA,5.72661792602747,9.54750913188862
2077-01-22 12:00:00,2077,1,22,NA,1.61125115069895,8.13999910671545
2077-01-23 12:00:00,2077,1,23,NA,1.93827458188761,8.32243721757147
2077-01-24 12:00:00,2077,1,24,NA,0.706205963274994,7.88187096206474
2077-01-25 12:00:00,2077,1,25,NA,8.40376245239263,15.3268270813592
2077-01-26 12:00:00,2077,1,26,NA,9.78758345001326,16.3163314060298
2077-01-27 12:00:00,2077,1,27,NA,9.00560249191482,19.3626649661015
2077-01-28 12:00:00,2077,1,28,NA,7.90126631668193,16.8997633395876
2077-01-29 12:00:00,2077,1,29,NA,3.63519001240313,6.59470539526439
2077-01-30 12:00:00,2077,1,30,NA,5.55162419750471,8.70110958195163
2077-01-31 12:00:00,2077,1,31,NA,5.37656845692268,9.4785597122666
2077-02-01 12:00:00,2077,2,1,NA,3.0882977443172,10.940272288171
2077-02-02 12:00:00,2077,2,2,NA,7.9732987200169,13.3126779471975
2077-02-03 12:00:00,2077,2,3,NA,6.94999535026371,11.0084811610934
2077-02-04 12:00:00,2077,2,4,NA,6.10835499014855,10.341391050572
2077-02-05 12:00:00,2077,2,5,NA,1.89129083838985,4.25204840429024
2077-02-06 12:00:00,2077,2,6,NA,0.994689993650915,5.14690946023633
2077-02-07 12:00:00,2077,2,7,NA,-3.30635927539577,3.54264413688336
2077-02-08 12:00:00,2077,2,8,NA,0.477644714508132,5.68943745062198
2077-02-09 12:00:00,2077,2,9,NA,5.97005438852001,11.2692001717712
2077-02-10 12:00:00,2077,2,10,NA,0.996621709290625,10.7203198022317
2077-02-11 12:00:00,2077,2,11,NA,3.33702872169109,13.0513640937042
2077-02-12 12:00:00,2077,2,12,NA,6.41783238501044,11.5785100143499
2077-02-13 12:00:00,2077,2,13,NA,2.63429867084689,7.07044739749916
2077-02-14 12:00:00,2077,2,14,NA,4.59318927942984,8.81322706027006
2077-02-15 12:00:00,2077,2,15,NA,1.62793824869721,8.07527023842636
2077-02-16 12:00:00,2077,2,16,NA,5.69921974330848,11.0026282719766
2077-02-17 12:00:00,2077,2,17,NA,4.28318207637222,12.9446417784844
2077-02-18 12:00:00,2077,2,18,NA,6.69103456442816,14.6862845472029
2077-02-19 12:00:00,2077,2,19,NA,5.33074302102244,14.8757252441193
2077-02-20 12:00:00,2077,2,20,NA,7.90257563620728,12.7620703693179
2077-02-21 12:00:00,2077,2,21,NA,6.90095804757806,18.3942473447235
2077-02-22 12:00:00,2077,2,22,NA,6.7572330352763,18.5424319761203
2077-02-23 12:00:00,2077,2,23,NA,6.13227784729137,15.4798286065488
2077-02-24 12:00:00,2077,2,24,NA,8.90371059716602,13.0655449742426
2077-02-25 12:00:00,2077,2,25,NA,7.07486724791625,10.4331536097198
2077-02-26 12:00:00,2077,2,26,NA,5.80510978803323,9.06521241219391
2077-02-27 12:00:00,2077,2,27,NA,5.80827142416497,13.1632042448306
2077-02-28 12:00:00,2077,2,28,NA,1.31490965657966,3.74170787651441
2077-03-01 12:00:00,2077,3,1,NA,1.25375427861547,6.15274398709843
2077-03-02 12:00:00,2077,3,2,NA,2.24964644597131,4.72191509624908
2077-03-03 12:00:00,2077,3,3,NA,-3.04886227719563,7.66205839441406
2077-03-04 12:00:00,2077,3,4,NA,0.391025534258561,8.28713660853616
2077-03-05 12:00:00,2077,3,5,NA,0.72637949456477,5.84349003275224
2077-03-06 12:00:00,2077,3,6,NA,-0.338645967279308,6.56353272496975
2077-03-07 12:00:00,2077,3,7,NA,-1.56383199644332,7.16166786897064
2077-03-08 12:00:00,2077,3,8,NA,0.581899505617025,8.79705352185245
2077-03-09 12:00:00,2077,3,9,NA,2.07766354505229,11.1978951148242
2077-03-10 12:00:00,2077,3,10,NA,4.46386945573118,19.0916013481395
2077-03-11 12:00:00,2077,3,11,NA,8.22502652188401,15.7417534566645
2077-03-12 12:00:00,2077,3,12,NA,7.42039447413568,17.5494750899265
2077-03-13 12:00:00,2077,3,13,NA,4.06412487135773,13.8259459512296
2077-03-14 12:00:00,2077,3,14,NA,7.86677867099635,12.6983231114414
2077-03-15 12:00:00,2077,3,15,NA,2.6329741604364,12.6405525676363
2077-03-16 12:00:00,2077,3,16,NA,1.81415204011555,11.8910864302841
2077-03-17 12:00:00,2077,3,17,NA,0.269491486512877,8.01298511537209
2077-03-18 12:00:00,2077,3,18,NA,-1.6656435117451,8.39840859834488
2077-03-19 12:00:00,2077,3,19,NA,2.38661653702753,16.8819591422423
2077-03-20 12:00:00,2077,3,20,NA,2.20273094680041,15.0644560687195
2077-03-21 12:00:00,2077,3,21,NA,6.34180366749025,14.652511255092
2077-03-22 12:00:00,2077,3,22,NA,3.41026091533818,15.8687681135992
2077-03-23 12:00:00,2077,3,23,NA,0.620071708314579,12.0406794653886
2077-03-24 12:00:00,2077,3,24,NA,3.78439933494776,13.9720206033356
2077-03-25 12:00:00,2077,3,25,NA,4.48341630869516,11.9459592521984
2077-03-26 12:00:00,2077,3,26,NA,10.6250058586518,14.8573233112614
2077-03-27 12:00:00,2077,3,27,NA,7.40888775742223,16.5291193271942
2077-03-28 12:00:00,2077,3,28,NA,6.51574870126651,15.9787621355823
2077-03-29 12:00:00,2077,3,29,NA,4.46746671880823,21.0599721486425
2077-03-30 12:00:00,2077,3,30,NA,2.29409890755063,15.2961521010894
2077-03-31 12:00:00,2077,3,31,NA,6.42747578219349,15.6605860492621
2077-04-01 12:00:00,2077,4,1,NA,6.74493714907774,11.9058199929683
2077-04-02 12:00:00,2077,4,2,NA,4.43565315814682,11.7909844777426
2077-04-03 12:00:00,2077,4,3,NA,1.68230113487613,17.1845895637555
2077-04-04 12:00:00,2077,4,4,NA,3.99834857178183,17.7248176291552
2077-04-05 12:00:00,2077,4,5,NA,7.24427603028614,14.8741991883187
2077-04-06 12:00:00,2077,4,6,NA,6.50049626537241,13.9166455394644
2077-04-07 12:00:00,2077,4,7,NA,8.20881651153114,16.6549956105302
2077-04-08 12:00:00,2077,4,8,NA,3.7755253801209,19.8493798830414
2077-04-09 12:00:00,2077,4,9,NA,5.14419567608176,18.6880268372867
2077-04-10 12:00:00,2077,4,10,NA,6.89005953230217,20.2592297460594
2077-04-11 12:00:00,2077,4,11,NA,8.54820211750929,21.2544394656316
2077-04-12 12:00:00,2077,4,12,NA,9.58516846915391,17.9800082346718
2077-04-13 12:00:00,2077,4,13,NA,5.9342352797707,17.9466609570087
2077-04-14 12:00:00,2077,4,14,NA,4.82940317096008,11.7918492405062
2077-04-15 12:00:00,2077,4,15,NA,3.22015635136974,12.3827812798093
2077-04-16 12:00:00,2077,4,16,NA,8.64190405932013,16.74239039189
2077-04-17 12:00:00,2077,4,17,NA,5.586278075077,15.7526741694646
2077-04-18 12:00:00,2077,4,18,NA,3.56267021137366,12.7669704221926
2077-04-19 12:00:00,2077,4,19,NA,2.57546179696145,15.2221697523741
2077-04-20 12:00:00,2077,4,20,NA,3.45268930890267,18.8909767811782
2077-04-21 12:00:00,2077,4,21,NA,9.92691079374057,17.0881971859167
2077-04-22 12:00:00,2077,4,22,NA,6.18198274290634,18.828690698319
2077-04-23 12:00:00,2077,4,23,NA,8.17630153894775,20.3203847924905
2077-04-24 12:00:00,2077,4,24,NA,5.96055915914335,18.607267114556
2077-04-25 12:00:00,2077,4,25,NA,6.71716155541811,20.0863317691754
2077-04-26 12:00:00,2077,4,26,NA,1.65493588078187,15.1258293245343
2077-04-27 12:00:00,2077,4,27,NA,0.538797550177527,21.0139242587095
2077-04-28 12:00:00,2077,4,28,NA,3.14841616201726,20.0056244443182
2077-04-29 12:00:00,2077,4,29,NA,10.0623651807256,21.4968621055087
2077-04-30 12:00:00,2077,4,30,NA,6.84478377618388,23.7526023960029
2077-05-01 12:00:00,2077,5,1,NA,11.3845232732697,23.0059696422333
2077-05-02 12:00:00,2077,5,2,NA,6.6875984366168,21.9022521548323
2077-05-03 12:00:00,2077,5,3,NA,10.8528705258398,23.4639511764956
2077-05-04 12:00:00,2077,5,4,NA,13.7090863129918,24.9082128660449
2077-05-05 12:00:00,2077,5,5,NA,10.4238549913486,17.5928704974224
2077-05-06 12:00:00,2077,5,6,NA,9.90080483819676,30.0284396382828
2077-05-07 12:00:00,2077,5,7,NA,9.29547020547759,28.8717933722093
2077-05-08 12:00:00,2077,5,8,NA,6.90420111109886,23.0653104583167
2077-05-09 12:00:00,2077,5,9,NA,12.2687714020049,22.0822688969223
2077-05-10 12:00:00,2077,5,10,NA,7.03693177003088,26.2946343448103
2077-05-11 12:00:00,2077,5,11,NA,5.47816097828362,22.9988382485327
2077-05-12 12:00:00,2077,5,12,NA,14.4417497215273,26.2953009508477
2077-05-13 12:00:00,2077,5,13,NA,15.0452618655482,28.8602492860761
2077-05-14 12:00:00,2077,5,14,NA,13.1493436043959,30.8532145189526
2077-05-15 12:00:00,2077,5,15,NA,15.8125384905425,27.4388483848518
2077-05-16 12:00:00,2077,5,16,NA,17.9563410047126,24.866968489974
2077-05-17 12:00:00,2077,5,17,NA,12.5901570823154,29.1991908587316
2077-05-18 12:00:00,2077,5,18,NA,18.3944018758924,31.2412172483648
2077-05-19 12:00:00,2077,5,19,NA,16.6509234370405,28.2849510795699
2077-05-20 12:00:00,2077,5,20,NA,14.4015080477912,20.0287529310431
2077-05-21 12:00:00,2077,5,21,NA,10.4808580105723,18.5135236511195
2077-05-22 12:00:00,2077,5,22,NA,6.26970174912035,24.7851343203732
2077-05-23 12:00:00,2077,5,23,NA,15.1214870911188,17.8610830660149
2077-05-24 12:00:00,2077,5,24,NA,13.3306384379273,21.128082972557
2077-05-25 12:00:00,2077,5,25,NA,12.2261182614833,21.9136034311176
2077-05-26 12:00:00,2077,5,26,NA,11.7634353259919,20.4951878519566
2077-05-27 12:00:00,2077,5,27,NA,15.7873346913647,26.0600520665221
2077-05-28 12:00:00,2077,5,28,NA,15.9579262954062,23.7331017135338
2077-05-29 12:00:00,2077,5,29,NA,10.228466721685,21.5316572264808
2077-05-30 12:00:00,2077,5,30,NA,10.095989062953,23.6819476548515
2077-05-31 12:00:00,2077,5,31,NA,7.92250933406524,21.570420134155
2077-06-01 12:00:00,2077,6,1,NA,7.04880759931498,16.7392083888093
2077-06-02 12:00:00,2077,6,2,NA,4.08909929255356,20.5939162601378
2077-06-03 12:00:00,2077,6,3,NA,10.8226390528871,18.8502684486188
2077-06-04 12:00:00,2077,6,4,NA,11.5195215795527,17.7183944472732
2077-06-05 12:00:00,2077,6,5,NA,11.6359327581702,18.1032799247955
2077-06-06 12:00:00,2077,6,6,NA,11.9706712172009,17.042367166687
2077-06-07 12:00:00,2077,6,7,NA,10.7400356828267,17.2579463437098
2077-06-08 12:00:00,2077,6,8,NA,14.3274614999997,25.2910991584752
2077-06-09 12:00:00,2077,6,9,NA,13.6378306758138,22.8065776429909
2077-06-10 12:00:00,2077,6,10,NA,9.35236026475844,23.7815840824656
2077-06-11 12:00:00,2077,6,11,NA,12.2801734766233,21.8625192554398
2077-06-12 12:00:00,2077,6,12,NA,9.47667900812356,26.5669183975087
2077-06-13 12:00:00,2077,6,13,NA,10.9937396071562,23.6491906881167
2077-06-14 12:00:00,2077,6,14,NA,14.7997786872836,22.9890922260608
2077-06-15 12:00:00,2077,6,15,NA,15.3938350300768,25.700861839546
2077-06-16 12:00:00,2077,6,16,NA,12.8720917231056,21.0985126966668
2077-06-17 12:00:00,2077,6,17,NA,10.4969710100723,23.1524220910328
2077-06-18 12:00:00,2077,6,18,NA,6.34294019772873,24.2110677867668
2077-06-19 12:00:00,2077,6,19,NA,13.2089659340176,22.3119244284602
2077-06-20 12:00:00,2077,6,20,NA,12.8103931475538,24.1654544580467
2077-06-21 12:00:00,2077,6,21,NA,8.98089483205227,19.2610698463619
2077-06-22 12:00:00,2077,6,22,NA,7.75049621713732,20.9586419007727
2077-06-23 12:00:00,2077,6,23,NA,7.9419776361084,24.348348017692
2077-06-24 12:00:00,2077,6,24,NA,13.3542630786609,23.2733085251174
2077-06-25 12:00:00,2077,6,25,NA,12.1614443218433,22.3968092816035
2077-06-26 12:00:00,2077,6,26,NA,8.70529573809115,26.2406579075668
2077-06-27 12:00:00,2077,6,27,NA,13.3916944900146,24.1002661055464
2077-06-28 12:00:00,2077,6,28,NA,11.0402159637891,27.5720389104323
2077-06-29 12:00:00,2077,6,29,NA,16.7255573409452,23.9384401788882
2077-06-30 12:00:00,2077,6,30,NA,16.0565507200234,22.5238978866487
2077-07-01 12:00:00,2077,7,1,NA,13.6831885575685,25.029737554723
2077-07-02 12:00:00,2077,7,2,NA,13.6832813754157,20.9129240029738
2077-07-03 12:00:00,2077,7,3,NA,14.8235502066719,22.3764977598473
2077-07-04 12:00:00,2077,7,4,NA,10.2199803302512,26.5623275897174
2077-07-05 12:00:00,2077,7,5,NA,9.98280413175998,24.9618244720583
2077-07-06 12:00:00,2077,7,6,NA,18.7206718909146,23.667367930538
2077-07-07 12:00:00,2077,7,7,NA,18.5072300064398,24.9273741057081
2077-07-08 12:00:00,2077,7,8,NA,19.3639576413573,27.5427422553164
2077-07-09 12:00:00,2077,7,9,NA,14.6694530606053,25.6439877430794
2077-07-10 12:00:00,2077,7,10,NA,15.5886087821486,27.8398878208008
2077-07-11 12:00:00,2077,7,11,NA,12.8278347679979,24.8339188767687
2077-07-12 12:00:00,2077,7,12,NA,13.2157134140085,24.0546381248792
2077-07-13 12:00:00,2077,7,13,NA,14.6279006115725,26.5761227038603
2077-07-14 12:00:00,2077,7,14,NA,15.2173995507409,28.2697006410033
2077-07-15 12:00:00,2077,7,15,NA,13.0648414487499,26.5042805554562
2077-07-16 12:00:00,2077,7,16,NA,13.7370200170959,31.5671714093357
2077-07-17 12:00:00,2077,7,17,NA,14.1248379916365,29.1579304404716
2077-07-18 12:00:00,2077,7,18,NA,18.3912428693588,26.9044184239527
2077-07-19 12:00:00,2077,7,19,NA,17.1441236820714,27.2262140567727
2077-07-20 12:00:00,2077,7,20,NA,17.5773745310052,26.3019090889154
2077-07-21 12:00:00,2077,7,21,NA,17.1097070132922,27.1745762796113
2077-07-22 12:00:00,2077,7,22,NA,15.8544707350871,21.5320440964196
2077-07-23 12:00:00,2077,7,23,NA,16.1114053951916,21.9136043459844
2077-07-24 12:00:00,2077,7,24,NA,14.7263271176468,20.7467727942557
2077-07-25 12:00:00,2077,7,25,NA,12.8765377132978,15.6886369613767
2077-07-26 12:00:00,2077,7,26,NA,11.5532141979557,18.1616808116976
2077-07-27 12:00:00,2077,7,27,NA,13.0688504156653,19.829222832814
2077-07-28 12:00:00,2077,7,28,NA,12.1979592842581,20.5934820942682
2077-07-29 12:00:00,2077,7,29,NA,15.3329550138158,23.2897700598071
2077-07-30 12:00:00,2077,7,30,NA,14.3898361399039,28.5104085516023
2077-07-31 12:00:00,2077,7,31,NA,14.6064450633946,24.6535865981369
2077-08-01 12:00:00,2077,8,1,NA,13.3307112212092,20.8719233114623
2077-08-02 12:00:00,2077,8,2,NA,15.1215555196861,24.124074949244
2077-08-03 12:00:00,2077,8,3,NA,12.8713845196659,26.3191955801547
2077-08-04 12:00:00,2077,8,4,NA,12.2832555972999,25.1389254195564
2077-08-05 12:00:00,2077,8,5,NA,12.3415238535787,24.8956713016342
2077-08-06 12:00:00,2077,8,6,NA,14.9622515372514,26.3382695103106
2077-08-07 12:00:00,2077,8,7,NA,16.6028499826475,31.4046270701848
2077-08-08 12:00:00,2077,8,8,NA,17.4886078357592,29.1632963284462
2077-08-09 12:00:00,2077,8,9,NA,14.8962912751629,30.6164316278846
2077-08-10 12:00:00,2077,8,10,NA,16.0610058380585,22.9027580917501
2077-08-11 12:00:00,2077,8,11,NA,12.1683107838115,24.9823921495182
2077-08-12 12:00:00,2077,8,12,NA,16.7266906097311,21.3429071918625
2077-08-13 12:00:00,2077,8,13,NA,14.1627469866721,26.1978372135089
2077-08-14 12:00:00,2077,8,14,NA,17.0498436252675,25.1624720202698
2077-08-15 12:00:00,2077,8,15,NA,14.8114692282298,23.4243585811464
2077-08-16 12:00:00,2077,8,16,NA,13.5151640676754,22.6656036660744
2077-08-17 12:00:00,2077,8,17,NA,12.9371991939489,21.2719279125146
2077-08-18 12:00:00,2077,8,18,NA,10.7063526819701,27.5063736632515
2077-08-19 12:00:00,2077,8,19,NA,10.5227514229785,23.5878521825384
2077-08-20 12:00:00,2077,8,20,NA,5.60259434737269,22.4026153286541
2077-08-21 12:00:00,2077,8,21,NA,8.67814036151552,23.2091861709442
2077-08-22 12:00:00,2077,8,22,NA,15.9876018278069,24.0614404698166
2077-08-23 12:00:00,2077,8,23,NA,16.2614476196779,27.0385662167476
2077-08-24 12:00:00,2077,8,24,NA,20.1616437711727,23.7987990392546
2077-08-25 12:00:00,2077,8,25,NA,14.850166309011,22.923687600233
2077-08-26 12:00:00,2077,8,26,NA,9.85601462994829,21.2326160546762
2077-08-27 12:00:00,2077,8,27,NA,9.97707479030868,26.1605663163452
2077-08-28 12:00:00,2077,8,28,NA,9.37194814872741,26.0289249831257
2077-08-29 12:00:00,2077,8,29,NA,12.9612835260517,22.1157515313053
2077-08-30 12:00:00,2077,8,30,NA,13.4306308638247,19.7071347717183
2077-08-31 12:00:00,2077,8,31,NA,1.16942452741775,22.7119181957795
2077-09-01 12:00:00,2077,9,1,NA,8.61329170115486,23.8195380556372
2077-09-02 12:00:00,2077,9,2,NA,11.9528589420648,24.1987250480249
2077-09-03 12:00:00,2077,9,3,NA,13.6496574263202,22.4888559903202
2077-09-04 12:00:00,2077,9,4,NA,8.04785622809768,21.3769049922976
2077-09-05 12:00:00,2077,9,5,NA,12.1635418199047,18.9831140187119
2077-09-06 12:00:00,2077,9,6,NA,10.7054485077695,24.0344972719694
2077-09-07 12:00:00,2077,9,7,NA,12.4546936064589,19.6470573819041
2077-09-08 12:00:00,2077,9,8,NA,15.9322216670334,21.7920798542273
2077-09-09 12:00:00,2077,9,9,NA,18.4607165314997,28.2003185340764
2077-09-10 12:00:00,2077,9,10,NA,15.9942897380615,27.4093338079176
2077-09-11 12:00:00,2077,9,11,NA,20.2890795985414,28.2591227259695
2077-09-12 12:00:00,2077,9,12,NA,18.545750179645,28.3415689945885
2077-09-13 12:00:00,2077,9,13,NA,14.5614691605512,27.4977812246037
2077-09-14 12:00:00,2077,9,14,NA,13.4496614015715,28.1236247050145
2077-09-15 12:00:00,2077,9,15,NA,11.8629880221266,26.9625754251791
2077-09-16 12:00:00,2077,9,16,NA,14.9740034197392,22.6297328269855
2077-09-17 12:00:00,2077,9,17,NA,12.001219745551,19.9710295545347
2077-09-18 12:00:00,2077,9,18,NA,13.1470252957465,22.7167790365909
2077-09-19 12:00:00,2077,9,19,NA,14.678871967098,23.745349811888
2077-09-20 12:00:00,2077,9,20,NA,14.7267928952334,18.90210311025
2077-09-21 12:00:00,2077,9,21,NA,12.7082159324689,18.5051817258104
2077-09-22 12:00:00,2077,9,22,NA,8.95023968483555,16.6795341627363
2077-09-23 12:00:00,2077,9,23,NA,7.55139053386629,17.5110639763003
2077-09-24 12:00:00,2077,9,24,NA,8.71159692571288,17.6185697886694
2077-09-25 12:00:00,2077,9,25,NA,4.65137760954648,18.8265156990331
2077-09-26 12:00:00,2077,9,26,NA,6.58410403774821,20.0566307475516
2077-09-27 12:00:00,2077,9,27,NA,11.5718351755548,20.4864714501382
2077-09-28 12:00:00,2077,9,28,NA,11.784761992498,24.5643931238553
2077-09-29 12:00:00,2077,9,29,NA,12.8806391273197,25.9676354892102
2077-09-30 12:00:00,2077,9,30,NA,10.8165603447856,19.7642538000199
2077-10-01 12:00:00,2077,10,1,NA,9.49798481118769,17.545622265776
2077-10-02 12:00:00,2077,10,2,NA,6.15039083445116,18.6713326152566
2077-10-03 12:00:00,2077,10,3,NA,5.39367960202792,24.1821069860047
2077-10-04 12:00:00,2077,10,4,NA,8.39350287426781,24.676777503822
2077-10-05 12:00:00,2077,10,5,NA,2.85686676460187,19.1091418043334
2077-10-06 12:00:00,2077,10,6,NA,3.62732184835792,16.7934731643535
2077-10-07 12:00:00,2077,10,7,NA,11.3309614333428,14.7981359786712
2077-10-08 12:00:00,2077,10,8,NA,9.77371439855854,15.1038988792105
2077-10-09 12:00:00,2077,10,9,NA,8.73672326312591,16.9901238704716
2077-10-10 12:00:00,2077,10,10,NA,7.80237840537515,18.535137026541
2077-10-11 12:00:00,2077,10,11,NA,4.92090263948876,13.5492735719042
2077-10-12 12:00:00,2077,10,12,NA,3.75035984322927,17.421548784775
2077-10-13 12:00:00,2077,10,13,NA,7.17750097111827,18.8969121602511
2077-10-14 12:00:00,2077,10,14,NA,6.70255482329349,17.3682636156366
2077-10-15 12:00:00,2077,10,15,NA,8.77063558620545,17.4201896121697
2077-10-16 12:00:00,2077,10,16,NA,7.81750392358581,15.5786381017877
2077-10-17 12:00:00,2077,10,17,NA,8.01629229404796,14.496962131532
2077-10-18 12:00:00,2077,10,18,NA,3.59816495423626,12.9289094614264
2077-10-19 12:00:00,2077,10,19,NA,3.21328869906428,19.7097403863391
2077-10-20 12:00:00,2077,10,20,NA,4.65762107039711,19.3426847961302
2077-10-21 12:00:00,2077,10,21,NA,7.05715029390242,15.2446594506855
2077-10-22 12:00:00,2077,10,22,NA,6.17948878670176,8.31221452665434
2077-10-23 12:00:00,2077,10,23,NA,5.29297836481461,9.64625978360427
2077-10-24 12:00:00,2077,10,24,NA,5.96673741478958,10.5578423332673
2077-10-25 12:00:00,2077,10,25,NA,7.76518300908942,13.1663999841918
2077-10-26 12:00:00,2077,10,26,NA,8.42885986804307,16.7002513473913
2077-10-27 12:00:00,2077,10,27,NA,5.33159089565929,9.47282275314023
2077-10-28 12:00:00,2077,10,28,NA,2.30135139343885,10.3927844760364
2077-10-29 12:00:00,2077,10,29,NA,1.59620052380267,9.68763360640019
2077-10-30 12:00:00,2077,10,30,NA,2.93394236666963,8.32392976897879
2077-10-31 12:00:00,2077,10,31,NA,2.316624727407,8.87028185078108
2077-11-01 12:00:00,2077,11,1,NA,-0.0564403845159438,9.55446894914693
2077-11-02 12:00:00,2077,11,2,NA,-0.322555044256201,10.3303111004666
2077-11-03 12:00:00,2077,11,3,NA,1.17332296192526,5.18024089491755
2077-11-04 12:00:00,2077,11,4,NA,-0.249565140128999,4.67491628602183
2077-11-05 12:00:00,2077,11,5,NA,-2.74244859735548,8.67063917036911
2077-11-06 12:00:00,2077,11,6,NA,-1.56607442655756,6.91027124066455
2077-11-07 12:00:00,2077,11,7,NA,-1.34342458602173,4.67052153195806
2077-11-08 12:00:00,2077,11,8,NA,-2.95443339800712,2.04709493286099
2077-11-09 12:00:00,2077,11,9,NA,-0.9742478240631,5.00686860968972
2077-11-10 12:00:00,2077,11,10,NA,1.1965867556055,7.84747963631382
2077-11-11 12:00:00,2077,11,11,NA,-3.06760063598273,7.06832693817657
2077-11-12 12:00:00,2077,11,12,NA,3.03978725400578,8.73756007427786
2077-11-13 12:00:00,2077,11,13,NA,5.5434728275452,8.37526432212202
2077-11-14 12:00:00,2077,11,14,NA,7.07407570440834,8.9222448612674
2077-11-15 12:00:00,2077,11,15,NA,4.94562103713413,10.131631049164
2077-11-16 12:00:00,2077,11,16,NA,4.68278656222514,12.4076985106193
2077-11-17 12:00:00,2077,11,17,NA,5.36908965146899,13.6961085127995
2077-11-18 12:00:00,2077,11,18,NA,3.47123140235929,11.6779142894321
2077-11-19 12:00:00,2077,11,19,NA,7.81506916139327,12.9404699835188
2077-11-20 12:00:00,2077,11,20,NA,12.137190899683,15.8607207386018
2077-11-21 12:00:00,2077,11,21,NA,10.3728033547978,12.2369728750775
2077-11-22 12:00:00,2077,11,22,NA,4.26685769481758,8.94211782208698
2077-11-23 12:00:00,2077,11,23,NA,4.42518751723365,7.22265425860956
2077-11-24 12:00:00,2077,11,24,NA,5.60411833586648,10.1746326489996
2077-11-25 12:00:00,2077,11,25,NA,3.41172272592482,9.96413994009689
2077-11-26 12:00:00,2077,11,26,NA,3.07118766878595,13.5317588998823
2077-11-27 12:00:00,2077,11,27,NA,2.67438848869963,6.40373699018995
2077-11-28 12:00:00,2077,11,28,NA,0.843912773071451,6.70836322781819
2077-11-29 12:00:00,2077,11,29,NA,4.11956966348841,10.0636193644034
2077-11-30 12:00:00,2077,11,30,NA,-2.50152749912983,8.14881727016621
2077-12-01 12:00:00,2077,12,1,NA,-0.763001268860854,7.13150882504475
2077-12-02 12:00:00,2077,12,2,NA,0.269522600235752,6.01538881288532
2077-12-03 12:00:00,2077,12,3,NA,4.35871290476076,6.35411060169382
2077-12-04 12:00:00,2077,12,4,NA,11.5708983707515,12.7907258333763
2077-12-05 12:00:00,2077,12,5,NA,6.35549286288373,8.78179085229476
2077-12-06 12:00:00,2077,12,6,NA,3.08423128572256,9.93692740551906
2077-12-07 12:00:00,2077,12,7,NA,0.595665161279237,5.69250466240981
2077-12-08 12:00:00,2077,12,8,NA,0.849208380258763,7.70190450005526
2077-12-09 12:00:00,2077,12,9,NA,1.95949162606838,5.06021234153112
2077-12-10 12:00:00,2077,12,10,NA,0.704826042286404,2.74187857899549
2077-12-11 12:00:00,2077,12,11,NA,-2.21027888781799,3.58997425044163
2077-12-12 12:00:00,2077,12,12,NA,-1.86327628338337,2.9789265556698
2077-12-13 12:00:00,2077,12,13,NA,-5.7158074481814,6.52211961390424
2077-12-14 12:00:00,2077,12,14,NA,2.78638285620941,7.62858569526257
2077-12-15 12:00:00,2077,12,15,NA,-1.2534732499762,2.19470248255898
2077-12-16 12:00:00,2077,12,16,NA,0.202343406000397,5.320668721519
2077-12-17 12:00:00,2077,12,17,NA,1.36502332928604,4.63896427740138
2077-12-18 12:00:00,2077,12,18,NA,2.38540864309245,5.43834280712117
2077-12-19 12:00:00,2077,12,19,NA,4.28079634449472,10.2238891726126
2077-12-20 12:00:00,2077,12,20,NA,0.672303285354816,11.7749567399126
2077-12-21 12:00:00,2077,12,21,NA,3.98365103755595,12.13413222059
2077-12-22 12:00:00,2077,12,22,NA,6.85264764074697,13.7053437605435
2077-12-23 12:00:00,2077,12,23,NA,1.37212260190326,10.5268592108441
2077-12-24 12:00:00,2077,12,24,NA,1.28256717442956,12.4814567627024
2077-12-25 12:00:00,2077,12,25,NA,-1.66436431469696,5.98144968592664
2077-12-26 12:00:00,2077,12,26,NA,5.30082504446796,9.37528156553563
2077-12-27 12:00:00,2077,12,27,NA,4.59173411341022,8.65755982913173
2077-12-28 12:00:00,2077,12,28,NA,-0.198048516394487,4.90061911768874
2077-12-29 12:00:00,2077,12,29,NA,2.14694493901969,6.16860919992152
2077-12-30 12:00:00,2077,12,30,NA,-2.47499027194058,2.6148530988209
2077-12-31 12:00:00,2077,12,31,NA,-0.911667697582572,3.15478461383375
2078-01-01 12:00:00,2078,1,1,NA,0.418673585267493,5.37540120640273
2078-01-02 12:00:00,2078,1,2,NA,-2.32731795140642,1.72899565006379
2078-01-03 12:00:00,2078,1,3,NA,0.675917246589815,2.880827661857
2078-01-04 12:00:00,2078,1,4,NA,2.24256532171574,3.25061531802772
2078-01-05 12:00:00,2078,1,5,NA,3.95441843694446,5.13874616446675
2078-01-06 12:00:00,2078,1,6,NA,-0.0462845554677862,3.21881314803515
2078-01-07 12:00:00,2078,1,7,NA,-4.98410467019665,-3.0391929633597
2078-01-08 12:00:00,2078,1,8,NA,-5.9657384661976,-5.07318425412249
2078-01-09 12:00:00,2078,1,9,NA,-0.50538865468607,0.419597360133673
2078-01-10 12:00:00,2078,1,10,NA,-2.55779459560533,0.0434626957507744
2078-01-11 12:00:00,2078,1,11,NA,-0.763938679488071,1.9176935869554
2078-01-12 12:00:00,2078,1,12,NA,-6.06367492632292,-0.396977012721471
2078-01-13 12:00:00,2078,1,13,NA,-1.13144583375155,2.52165032532523
2078-01-14 12:00:00,2078,1,14,NA,-2.98453967416829,2.50320870491286
2078-01-15 12:00:00,2078,1,15,NA,-3.6938432174602,0.334506514919981
2078-01-16 12:00:00,2078,1,16,NA,-3.24627561483194,3.37463735299138
2078-01-17 12:00:00,2078,1,17,NA,0.281656495353101,8.60505615276827
2078-01-18 12:00:00,2078,1,18,NA,6.34775177090539,8.37501340466013
2078-01-19 12:00:00,2078,1,19,NA,5.36084498552054,8.51033036996747
2078-01-20 12:00:00,2078,1,20,NA,2.31724342497888,9.59058785417457
2078-01-21 12:00:00,2078,1,21,NA,4.17854826373334,11.2906282559286
2078-01-22 12:00:00,2078,1,22,NA,5.40315151130997,13.8882113290623
2078-01-23 12:00:00,2078,1,23,NA,5.13128003039344,12.3522724005517
2078-01-24 12:00:00,2078,1,24,NA,3.8387457234296,9.93464556769966
2078-01-25 12:00:00,2078,1,25,NA,3.43034582100269,7.45445549710073
2078-01-26 12:00:00,2078,1,26,NA,1.21972295263352,6.28637632388571
2078-01-27 12:00:00,2078,1,27,NA,-2.09562068677914,5.6770871132233
2078-01-28 12:00:00,2078,1,28,NA,0.447477861282773,4.27452905004463
2078-01-29 12:00:00,2078,1,29,NA,3.48703422773241,4.18658977215212
2078-01-30 12:00:00,2078,1,30,NA,2.92637833113285,4.57499142229482
2078-01-31 12:00:00,2078,1,31,NA,0.589175983721626,5.17535492714123
2078-02-01 12:00:00,2078,2,1,NA,3.01205442757945,11.8922982410227
2078-02-02 12:00:00,2078,2,2,NA,-10.2997009810485,5.03388527393898
2078-02-03 12:00:00,2078,2,3,NA,-2.71813239303517,14.9330675286408
2078-02-04 12:00:00,2078,2,4,NA,4.12237953470205,15.9075784755461
2078-02-05 12:00:00,2078,2,5,NA,4.8459572418389,15.4498296334809
2078-02-06 12:00:00,2078,2,6,NA,3.1971598658929,11.4635383547781
2078-02-07 12:00:00,2078,2,7,NA,0.339282558798245,12.5819865451541
2078-02-08 12:00:00,2078,2,8,NA,-1.25810600029196,8.4239967073305
2078-02-09 12:00:00,2078,2,9,NA,-3.40219539784906,3.35888830651127
2078-02-10 12:00:00,2078,2,10,NA,1.54976520067008,7.11371051534658
2078-02-11 12:00:00,2078,2,11,NA,5.3385114490178,8.643341604514
2078-02-12 12:00:00,2078,2,12,NA,1.1846094861564,4.47537663198006
2078-02-13 12:00:00,2078,2,13,NA,3.70840738455927,7.42571339135653
2078-02-14 12:00:00,2078,2,14,NA,-1.11324322148334,7.51261211380011
2078-02-15 12:00:00,2078,2,15,NA,0.36201773553376,6.14674142288766
2078-02-16 12:00:00,2078,2,16,NA,4.81574316469916,13.7293363959789
2078-02-17 12:00:00,2078,2,17,NA,7.26777154941853,13.8750516665446
2078-02-18 12:00:00,2078,2,18,NA,8.60630587299404,11.8363390707977
2078-02-19 12:00:00,2078,2,19,NA,9.77921010510897,13.8122807612121
2078-02-20 12:00:00,2078,2,20,NA,7.52281473923108,13.9730576434593
2078-02-21 12:00:00,2078,2,21,NA,7.17076557730164,9.59756379723639
2078-02-22 12:00:00,2078,2,22,NA,8.81050038890996,13.8110552514543
2078-02-23 12:00:00,2078,2,23,NA,8.19497303826372,16.78876082501
2078-02-24 12:00:00,2078,2,24,NA,9.42446670588511,17.9083102718707
2078-02-25 12:00:00,2078,2,25,NA,9.41928749128777,13.85543621794
2078-02-26 12:00:00,2078,2,26,NA,7.88609490913718,10.6053707318341
2078-02-27 12:00:00,2078,2,27,NA,6.24315051829631,11.0083875760759
2078-02-28 12:00:00,2078,2,28,NA,5.78848247794835,9.30063057332819
2078-03-01 12:00:00,2078,3,1,NA,8.30068047407411,13.2118205971779
2078-03-02 12:00:00,2078,3,2,NA,11.5333430749015,14.753717413037
2078-03-03 12:00:00,2078,3,3,NA,7.15379735759354,16.0885409736763
2078-03-04 12:00:00,2078,3,4,NA,3.24143039247018,13.429051660858
2078-03-05 12:00:00,2078,3,5,NA,1.26110945222588,12.7258140810415
2078-03-06 12:00:00,2078,3,6,NA,-3.38477433815102,12.677699382505
2078-03-07 12:00:00,2078,3,7,NA,-4.49582687733514,15.7685988474652
2078-03-08 12:00:00,2078,3,8,NA,3.86279310134732,15.3400230073025
2078-03-09 12:00:00,2078,3,9,NA,4.54114679883053,11.8059016347882
2078-03-10 12:00:00,2078,3,10,NA,0.9147512745119,13.2259399061068
2078-03-11 12:00:00,2078,3,11,NA,1.18428934517053,14.4301023899167
2078-03-12 12:00:00,2078,3,12,NA,2.92015799441461,9.66089460980434
2078-03-13 12:00:00,2078,3,13,NA,3.21434763737726,7.54310764758973
2078-03-14 12:00:00,2078,3,14,NA,3.3348656836327,9.02017722144419
2078-03-15 12:00:00,2078,3,15,NA,0.690640906141195,8.20736784092173
2078-03-16 12:00:00,2078,3,16,NA,4.39785667285765,11.1385932882474
2078-03-17 12:00:00,2078,3,17,NA,4.36575566551137,7.22188926415543
2078-03-18 12:00:00,2078,3,18,NA,-0.15964106557116,7.22633231737136
2078-03-19 12:00:00,2078,3,19,NA,-1.53571531663349,6.28330544493275
2078-03-20 12:00:00,2078,3,20,NA,-5.53986957715398,8.1684678970219
2078-03-21 12:00:00,2078,3,21,NA,-2.3178847695144,5.86470980760804
2078-03-22 12:00:00,2078,3,22,NA,-0.116724593235823,11.0401365572742
2078-03-23 12:00:00,2078,3,23,NA,0.240409702906848,6.49627600660637
2078-03-24 12:00:00,2078,3,24,NA,-0.630985298762399,9.41789130400242
2078-03-25 12:00:00,2078,3,25,NA,2.01533070428919,9.48277152640119
2078-03-26 12:00:00,2078,3,26,NA,8.28350771729957,14.616016469511
2078-03-27 12:00:00,2078,3,27,NA,5.22039275182176,12.6113167726828
2078-03-28 12:00:00,2078,3,28,NA,3.29672466852277,12.5298349355914
2078-03-29 12:00:00,2078,3,29,NA,5.09682840522837,11.0162680426925
2078-03-30 12:00:00,2078,3,30,NA,-2.2207224746266,5.20485117433291
2078-03-31 12:00:00,2078,3,31,NA,-2.62755215402667,5.39649653003949
2078-04-01 12:00:00,2078,4,1,NA,1.00903357892442,8.15973495189979
2078-04-02 12:00:00,2078,4,2,NA,0.0412560621528,6.66074843025537
2078-04-03 12:00:00,2078,4,3,NA,1.01430719913803,7.78893726064512
2078-04-04 12:00:00,2078,4,4,NA,0.199916278571227,9.67757506094095
2078-04-05 12:00:00,2078,4,5,NA,-3.937231499124,14.6513724333383
2078-04-06 12:00:00,2078,4,6,NA,-2.0648845863884,14.9432625486035
2078-04-07 12:00:00,2078,4,7,NA,-1.01426682722296,17.5743371052393
2078-04-08 12:00:00,2078,4,8,NA,0.03706923058661,13.7965809726691
2078-04-09 12:00:00,2078,4,9,NA,1.26068840892213,10.7599314653201
2078-04-10 12:00:00,2078,4,10,NA,0.495187712624054,13.6761842471474
2078-04-11 12:00:00,2078,4,11,NA,5.02188584063494,14.0967202179372
2078-04-12 12:00:00,2078,4,12,NA,-0.352121830422701,11.6603038468153
2078-04-13 12:00:00,2078,4,13,NA,3.53985312925815,14.905903453344
2078-04-14 12:00:00,2078,4,14,NA,6.20630308739199,15.740213088
2078-04-15 12:00:00,2078,4,15,NA,7.18685104950277,18.6213479742859
2078-04-16 12:00:00,2078,4,16,NA,6.16040009828972,16.7395755822119
2078-04-17 12:00:00,2078,4,17,NA,4.51612320680539,16.9725923165689
2078-04-18 12:00:00,2078,4,18,NA,5.26574947900879,23.2463771708933
2078-04-19 12:00:00,2078,4,19,NA,2.2024502214861,22.2522904339912
2078-04-20 12:00:00,2078,4,20,NA,9.72443010609751,17.1160918923261
2078-04-21 12:00:00,2078,4,21,NA,11.4503181739187,20.9514742129692
2078-04-22 12:00:00,2078,4,22,NA,7.64128116133895,22.3848356487829
2078-04-23 12:00:00,2078,4,23,NA,10.3148590242552,27.4793436815149
2078-04-24 12:00:00,2078,4,24,NA,11.2154139636886,24.7592451248935
2078-04-25 12:00:00,2078,4,25,NA,11.5024910022611,14.5300822481344
2078-04-26 12:00:00,2078,4,26,NA,7.25613467788326,16.6894356790614
2078-04-27 12:00:00,2078,4,27,NA,1.41962588409413,16.6060785172028
2078-04-28 12:00:00,2078,4,28,NA,0.507634404983694,17.3648426872846
2078-04-29 12:00:00,2078,4,29,NA,5.47989140740805,18.7939135851838
2078-04-30 12:00:00,2078,4,30,NA,12.7434215613088,22.7778060490446
2078-05-01 12:00:00,2078,5,1,NA,10.0803049417256,19.4070537475379
2078-05-02 12:00:00,2078,5,2,NA,5.75935787713627,21.2734462660294
2078-05-03 12:00:00,2078,5,3,NA,8.11875543745742,25.0014056212863
2078-05-04 12:00:00,2078,5,4,NA,10.2564417242469,27.6936631140293
2078-05-05 12:00:00,2078,5,5,NA,11.0250192631929,23.620468976628
2078-05-06 12:00:00,2078,5,6,NA,9.29188265534632,18.6963080600218
2078-05-07 12:00:00,2078,5,7,NA,7.61950274957192,20.9266297373998
2078-05-08 12:00:00,2078,5,8,NA,7.98454622985262,21.5491700169403
2078-05-09 12:00:00,2078,5,9,NA,8.47122072077874,21.3636064264913
2078-05-10 12:00:00,2078,5,10,NA,5.81503021352234,22.6653668591125
2078-05-11 12:00:00,2078,5,11,NA,9.44350449040889,18.9233144970355
2078-05-12 12:00:00,2078,5,12,NA,8.74592113585333,21.6383068415659
2078-05-13 12:00:00,2078,5,13,NA,6.95395499265375,21.481078724505
2078-05-14 12:00:00,2078,5,14,NA,7.56144541262807,22.3683301016111
2078-05-15 12:00:00,2078,5,15,NA,9.21259965891365,21.9073437260269
2078-05-16 12:00:00,2078,5,16,NA,10.3426266335791,24.1889255887129
2078-05-17 12:00:00,2078,5,17,NA,13.4422805523129,26.6015997292242
2078-05-18 12:00:00,2078,5,18,NA,15.1092937522243,26.3136875668536
2078-05-19 12:00:00,2078,5,19,NA,15.0622988619656,27.5053352929915
2078-05-20 12:00:00,2078,5,20,NA,13.4412265946425,30.0830204549679
2078-05-21 12:00:00,2078,5,21,NA,17.8609860730774,25.6917879142228
2078-05-22 12:00:00,2078,5,22,NA,21.9577897923743,24.8678826952411
2078-05-23 12:00:00,2078,5,23,NA,14.6971993352297,21.5567711229611
2078-05-24 12:00:00,2078,5,24,NA,14.8462573877713,20.7789703635132
2078-05-25 12:00:00,2078,5,25,NA,14.7696720381913,17.5092680130874
2078-05-26 12:00:00,2078,5,26,NA,13.2728722036734,23.9267434022083
2078-05-27 12:00:00,2078,5,27,NA,12.8117867509596,24.4715901030254
2078-05-28 12:00:00,2078,5,28,NA,6.45264382878941,28.7823766433211
2078-05-29 12:00:00,2078,5,29,NA,10.1042150242244,25.9659314638576
2078-05-30 12:00:00,2078,5,30,NA,14.2612683418287,31.03318110651
2078-05-31 12:00:00,2078,5,31,NA,9.98677139004414,28.4714464644108
2078-06-01 12:00:00,2078,6,1,NA,9.52788543393915,27.0458854798239
2078-06-02 12:00:00,2078,6,2,NA,7.82810998546137,18.4974322832726
2078-06-03 12:00:00,2078,6,3,NA,11.4159012298665,18.6364738531247
2078-06-04 12:00:00,2078,6,4,NA,11.1019269709634,16.2224827130966
2078-06-05 12:00:00,2078,6,5,NA,9.21576134965426,16.1779754678603
2078-06-06 12:00:00,2078,6,6,NA,6.99211693275558,22.4152011222835
2078-06-07 12:00:00,2078,6,7,NA,14.8100361744867,21.6014100587146
2078-06-08 12:00:00,2078,6,8,NA,13.1306798889607,22.2994268561377
2078-06-09 12:00:00,2078,6,9,NA,12.9583069222264,19.1571797899469
2078-06-10 12:00:00,2078,6,10,NA,12.8536196254971,17.9741753676303
2078-06-11 12:00:00,2078,6,11,NA,12.0466675778378,18.6053778107483
2078-06-12 12:00:00,2078,6,12,NA,6.320734062537,24.7697628309719
2078-06-13 12:00:00,2078,6,13,NA,12.3938891421541,20.362622722541
2078-06-14 12:00:00,2078,6,14,NA,12.5321911330259,19.7593272217228
2078-06-15 12:00:00,2078,6,15,NA,15.6397757531398,21.4938594595591
2078-06-16 12:00:00,2078,6,16,NA,19.2570313886972,24.7111368375797
2078-06-17 12:00:00,2078,6,17,NA,13.9211958549061,23.1378072980832
2078-06-18 12:00:00,2078,6,18,NA,15.1399045917041,27.4612135382267
2078-06-19 12:00:00,2078,6,19,NA,18.0738010156287,25.2288764995365
2078-06-20 12:00:00,2078,6,20,NA,15.090689397078,28.7503950473753
2078-06-21 12:00:00,2078,6,21,NA,17.5076814400916,34.0395043867348
2078-06-22 12:00:00,2078,6,22,NA,17.2995208897224,32.7979225308396
2078-06-23 12:00:00,2078,6,23,NA,17.3631354401898,33.862241901795
2078-06-24 12:00:00,2078,6,24,NA,18.7463671900277,34.4532161192885
2078-06-25 12:00:00,2078,6,25,NA,18.4415358154801,34.9695768039323
2078-06-26 12:00:00,2078,6,26,NA,17.3240309299743,28.3137434597364
2078-06-27 12:00:00,2078,6,27,NA,16.5251217351901,30.8714792342582
2078-06-28 12:00:00,2078,6,28,NA,11.7442247693055,29.1907653220674
2078-06-29 12:00:00,2078,6,29,NA,13.3006474667109,24.290359996473
2078-06-30 12:00:00,2078,6,30,NA,11.2301436570696,26.2862687654314
2078-07-01 12:00:00,2078,7,1,NA,10.7195223106645,25.1777205666205
2078-07-02 12:00:00,2078,7,2,NA,11.3319938540522,25.3407636267791
2078-07-03 12:00:00,2078,7,3,NA,16.0628271892626,21.0009968037071
2078-07-04 12:00:00,2078,7,4,NA,15.0329397675815,21.6136461609904
2078-07-05 12:00:00,2078,7,5,NA,17.4023730000979,23.9842616832576
2078-07-06 12:00:00,2078,7,6,NA,16.2010227871323,26.6519788585648
2078-07-07 12:00:00,2078,7,7,NA,12.2715555371015,25.1152015312741
2078-07-08 12:00:00,2078,7,8,NA,15.9367210739535,23.4941540521705
2078-07-09 12:00:00,2078,7,9,NA,13.9456173851715,21.1443634407966
2078-07-10 12:00:00,2078,7,10,NA,15.0082987219172,20.2469560973095
2078-07-11 12:00:00,2078,7,11,NA,13.8020447359205,21.6985351621233
2078-07-12 12:00:00,2078,7,12,NA,9.68776053155336,24.7054181616216
2078-07-13 12:00:00,2078,7,13,NA,11.3884987110609,28.3809109355312
2078-07-14 12:00:00,2078,7,14,NA,13.0813043686306,25.8686742017773
2078-07-15 12:00:00,2078,7,15,NA,19.0270897065797,25.292897359314
2078-07-16 12:00:00,2078,7,16,NA,15.5457452421124,21.6263682794976
2078-07-17 12:00:00,2078,7,17,NA,17.9508818158495,26.4640573704434
2078-07-18 12:00:00,2078,7,18,NA,16.7930107623917,23.4548701874187
2078-07-19 12:00:00,2078,7,19,NA,18.840738351134,28.8394837468704
2078-07-20 12:00:00,2078,7,20,NA,22.1729094020844,28.8430685869274
2078-07-21 12:00:00,2078,7,21,NA,17.3529645422532,28.2695999888443
2078-07-22 12:00:00,2078,7,22,NA,15.1167774222698,28.2075940537905
2078-07-23 12:00:00,2078,7,23,NA,14.7346031572845,33.3643748114173
2078-07-24 12:00:00,2078,7,24,NA,14.7671389747312,30.7305202891798
2078-07-25 12:00:00,2078,7,25,NA,19.8338099731165,26.8533299237901
2078-07-26 12:00:00,2078,7,26,NA,20.6370811288151,24.5552670763296
2078-07-27 12:00:00,2078,7,27,NA,16.364937899599,24.4035608825488
2078-07-28 12:00:00,2078,7,28,NA,16.9446843461584,26.3583846696398
2078-07-29 12:00:00,2078,7,29,NA,18.6773068983024,25.2822298845375
2078-07-30 12:00:00,2078,7,30,NA,15.0727737122969,27.4267254097504
2078-07-31 12:00:00,2078,7,31,NA,12.1695766293016,22.4246707490759
2078-08-01 12:00:00,2078,8,1,NA,12.0516129427145,22.5743854570508
2078-08-02 12:00:00,2078,8,2,NA,14.6744347936295,24.0881351171108
2078-08-03 12:00:00,2078,8,3,NA,10.2059980926612,26.0026267433531
2078-08-04 12:00:00,2078,8,4,NA,10.2103336730979,27.9550952090086
2078-08-05 12:00:00,2078,8,5,NA,16.7394696691496,25.7174446229896
2078-08-06 12:00:00,2078,8,6,NA,13.18401191351,29.9278013262166
2078-08-07 12:00:00,2078,8,7,NA,12.9887829858643,22.3016170465309
2078-08-08 12:00:00,2078,8,8,NA,14.3051914822952,21.245951102424
2078-08-09 12:00:00,2078,8,9,NA,12.0471642743541,24.6432775261122
2078-08-10 12:00:00,2078,8,10,NA,12.3306935110567,26.9285487791494
2078-08-11 12:00:00,2078,8,11,NA,14.0378918177639,24.2871396035488
2078-08-12 12:00:00,2078,8,12,NA,13.8101085411779,27.9516572070035
2078-08-13 12:00:00,2078,8,13,NA,16.4901215191388,29.424672170894
2078-08-14 12:00:00,2078,8,14,NA,19.2611997517998,24.6503490430798
2078-08-15 12:00:00,2078,8,15,NA,12.1561193400034,26.297668005829
2078-08-16 12:00:00,2078,8,16,NA,15.5920290500058,27.2667175426928
2078-08-17 12:00:00,2078,8,17,NA,14.3063152433737,27.8815174903434
2078-08-18 12:00:00,2078,8,18,NA,12.6626101264477,29.7282680829265
2078-08-19 12:00:00,2078,8,19,NA,8.32811668865054,28.3928148389066
2078-08-20 12:00:00,2078,8,20,NA,12.6258714286544,22.6948455762176
2078-08-21 12:00:00,2078,8,21,NA,9.48696417027831,25.6291452424714
2078-08-22 12:00:00,2078,8,22,NA,9.2716375716637,24.0034042583597
2078-08-23 12:00:00,2078,8,23,NA,10.5754515725105,20.0964922899168
2078-08-24 12:00:00,2078,8,24,NA,12.3384423490312,21.5954665947038
2078-08-25 12:00:00,2078,8,25,NA,13.0716602584392,23.6564889857465
2078-08-26 12:00:00,2078,8,26,NA,10.2794790929159,21.0390967444636
2078-08-27 12:00:00,2078,8,27,NA,15.861830892262,24.4747202451785
2078-08-28 12:00:00,2078,8,28,NA,17.0584609651213,27.3654849121612
2078-08-29 12:00:00,2078,8,29,NA,19.9067504244461,31.3521480555916
2078-08-30 12:00:00,2078,8,30,NA,18.3210503016958,29.9975193423071
2078-08-31 12:00:00,2078,8,31,NA,15.9655931065669,30.5478810617997
2078-09-01 12:00:00,2078,9,1,NA,17.4621997303777,23.344518417475
2078-09-02 12:00:00,2078,9,2,NA,13.6504186257473,26.258344098526
2078-09-03 12:00:00,2078,9,3,NA,16.3845800462483,23.9901412335109
2078-09-04 12:00:00,2078,9,4,NA,12.3391431515089,17.1887888076628
2078-09-05 12:00:00,2078,9,5,NA,10.3114416426837,19.1506402066837
2078-09-06 12:00:00,2078,9,6,NA,9.39690891448758,15.4891330725509
2078-09-07 12:00:00,2078,9,7,NA,7.82863278327897,15.0634000713474
2078-09-08 12:00:00,2078,9,8,NA,10.2744737729514,14.458111011074
2078-09-09 12:00:00,2078,9,9,NA,6.97910132457468,16.8442140075904
2078-09-10 12:00:00,2078,9,10,NA,5.74051101032984,20.859245570269
2078-09-11 12:00:00,2078,9,11,NA,9.66612044363657,14.3476708881367
2078-09-12 12:00:00,2078,9,12,NA,7.12115337907174,16.5875229685589
2078-09-13 12:00:00,2078,9,13,NA,8.03823877970775,17.6079925205522
2078-09-14 12:00:00,2078,9,14,NA,12.6038445677935,20.2529789884821
2078-09-15 12:00:00,2078,9,15,NA,14.4014537875818,20.5285318740891
2078-09-16 12:00:00,2078,9,16,NA,10.8739574323983,19.1007707375496
2078-09-17 12:00:00,2078,9,17,NA,13.1409533103504,20.7925559120717
2078-09-18 12:00:00,2078,9,18,NA,12.6287840633069,23.1979775446389
2078-09-19 12:00:00,2078,9,19,NA,7.92738451613335,22.964696814041
2078-09-20 12:00:00,2078,9,20,NA,11.4225529199872,25.7991974771964
2078-09-21 12:00:00,2078,9,21,NA,14.0635060117072,25.1143985117519
2078-09-22 12:00:00,2078,9,22,NA,10.1379602061399,24.3130982956265
2078-09-23 12:00:00,2078,9,23,NA,15.0794124126299,25.9074556892069
2078-09-24 12:00:00,2078,9,24,NA,14.9536420024125,24.7167748646015
2078-09-25 12:00:00,2078,9,25,NA,15.1029205969188,19.6794838464107
2078-09-26 12:00:00,2078,9,26,NA,14.2091916637173,17.8373249533632
2078-09-27 12:00:00,2078,9,27,NA,11.714019220387,17.3323960058858
2078-09-28 12:00:00,2078,9,28,NA,13.902437601111,15.385025286409
2078-09-29 12:00:00,2078,9,29,NA,9.90155049490082,19.0402250174248
2078-09-30 12:00:00,2078,9,30,NA,8.01139241355225,12.8188497091117
2078-10-01 12:00:00,2078,10,1,NA,5.96928174686362,15.7088837494403
2078-10-02 12:00:00,2078,10,2,NA,4.99327493414834,19.3494009019131
2078-10-03 12:00:00,2078,10,3,NA,4.77270901188892,13.430361108848
2078-10-04 12:00:00,2078,10,4,NA,1.7752338392134,14.9902686169222
2078-10-05 12:00:00,2078,10,5,NA,5.22544964274497,19.0102120827187
2078-10-06 12:00:00,2078,10,6,NA,5.61830517892459,17.5510380564919
2078-10-07 12:00:00,2078,10,7,NA,5.02643326451444,16.829406274257
2078-10-08 12:00:00,2078,10,8,NA,6.45229833386243,20.2397927475593
2078-10-09 12:00:00,2078,10,9,NA,6.06458194794658,18.2769598289739
2078-10-10 12:00:00,2078,10,10,NA,7.79363820577431,15.9811473625573
2078-10-11 12:00:00,2078,10,11,NA,9.87022921051116,16.0152098641963
2078-10-12 12:00:00,2078,10,12,NA,12.225001777819,15.0778519190561
2078-10-13 12:00:00,2078,10,13,NA,13.3130216589391,17.6232152262039
2078-10-14 12:00:00,2078,10,14,NA,11.6620785505228,19.8495877073058
2078-10-15 12:00:00,2078,10,15,NA,9.65927251538675,20.0923160355573
2078-10-16 12:00:00,2078,10,16,NA,10.6804858574793,21.537205376316
2078-10-17 12:00:00,2078,10,17,NA,9.50726187519442,25.4359311229209
2078-10-18 12:00:00,2078,10,18,NA,12.8800244643985,28.6155011112814
2078-10-19 12:00:00,2078,10,19,NA,17.0621307440039,23.6113801596671
2078-10-20 12:00:00,2078,10,20,NA,16.8384115919213,20.061378835427
2078-10-21 12:00:00,2078,10,21,NA,15.3471472263838,20.0702731806256
2078-10-22 12:00:00,2078,10,22,NA,11.1937426936701,18.7252851550058
2078-10-23 12:00:00,2078,10,23,NA,12.1440821202034,15.1517623389438
2078-10-24 12:00:00,2078,10,24,NA,10.0726446138938,16.1902970594951
2078-10-25 12:00:00,2078,10,25,NA,8.20241294960913,11.4138832996989
2078-10-26 12:00:00,2078,10,26,NA,2.6567969104995,13.4624392255978
2078-10-27 12:00:00,2078,10,27,NA,0.841806062875104,14.2123989979009
2078-10-28 12:00:00,2078,10,28,NA,3.6507742081287,15.2244613130805
2078-10-29 12:00:00,2078,10,29,NA,6.49743379013763,15.5905071553405
2078-10-30 12:00:00,2078,10,30,NA,4.11406159076727,14.6882765883606
2078-10-31 12:00:00,2078,10,31,NA,9.32914735742242,21.4757550619548
2078-11-01 12:00:00,2078,11,1,NA,10.3969660716324,13.8075959653109
2078-11-02 12:00:00,2078,11,2,NA,4.45311443026436,12.8158918655408
2078-11-03 12:00:00,2078,11,3,NA,8.46868867216996,13.4702170030381
2078-11-04 12:00:00,2078,11,4,NA,5.12790954442886,11.6617881988827
2078-11-05 12:00:00,2078,11,5,NA,5.30401357535829,11.168464030105
2078-11-06 12:00:00,2078,11,6,NA,4.75638565142769,12.9012591338486
2078-11-07 12:00:00,2078,11,7,NA,6.87151576676322,11.0072637636033
2078-11-08 12:00:00,2078,11,8,NA,7.9511525636758,11.0953096371822
2078-11-09 12:00:00,2078,11,9,NA,6.05909261950559,8.5573174341147
2078-11-10 12:00:00,2078,11,10,NA,1.03097790386833,6.13764593554063
2078-11-11 12:00:00,2078,11,11,NA,4.80874580327841,6.68985225499135
2078-11-12 12:00:00,2078,11,12,NA,-0.931424898519286,0.911920016241187
2078-11-13 12:00:00,2078,11,13,NA,-0.349821042156938,4.3648842582063
2078-11-14 12:00:00,2078,11,14,NA,-5.00159929540597,-0.347122456565466
2078-11-15 12:00:00,2078,11,15,NA,-6.58301470209418,0.0611977851507715
2078-11-16 12:00:00,2078,11,16,NA,-1.78148672843684,3.0305797240946
2078-11-17 12:00:00,2078,11,17,NA,2.08404577999267,8.51455394918645
2078-11-18 12:00:00,2078,11,18,NA,2.43528518803737,9.53913835490846
2078-11-19 12:00:00,2078,11,19,NA,4.57809295083636,9.24030504491436
2078-11-20 12:00:00,2078,11,20,NA,0.897322011633409,3.72911350621023
2078-11-21 12:00:00,2078,11,21,NA,2.04583634860698,9.74028858666663
2078-11-22 12:00:00,2078,11,22,NA,-2.57742049345783,5.84553764052676
2078-11-23 12:00:00,2078,11,23,NA,1.84882453312354,7.71327498787028
2078-11-24 12:00:00,2078,11,24,NA,1.91247165932395,5.667986308916
2078-11-25 12:00:00,2078,11,25,NA,2.816369371846,8.8303154898258
2078-11-26 12:00:00,2078,11,26,NA,3.78251476749637,7.78943270048867
2078-11-27 12:00:00,2078,11,27,NA,0.373403768693408,6.32717050510855
2078-11-28 12:00:00,2078,11,28,NA,1.11130225534143,4.83361172720898
2078-11-29 12:00:00,2078,11,29,NA,-1.90759484376171,3.27841516826818
2078-11-30 12:00:00,2078,11,30,NA,0.763216881682405,9.14891493739488
2078-12-01 12:00:00,2078,12,1,NA,3.47009551757944,8.26431276898188
2078-12-02 12:00:00,2078,12,2,NA,5.97989436915771,11.7146927145979
2078-12-03 12:00:00,2078,12,3,NA,5.78999446444821,11.8963208911953
2078-12-04 12:00:00,2078,12,4,NA,2.31968211308866,7.19098166968567
2078-12-05 12:00:00,2078,12,5,NA,1.0375057123293,6.77754738378157
2078-12-06 12:00:00,2078,12,6,NA,4.81933918736368,7.92005990282643
2078-12-07 12:00:00,2078,12,7,NA,4.03278740054746,9.45914840104446
2078-12-08 12:00:00,2078,12,8,NA,8.2356699201029,12.2136881647242
2078-12-09 12:00:00,2078,12,9,NA,3.37264894485909,9.47897537160613
2078-12-10 12:00:00,2078,12,10,NA,-1.88520902122873,4.231509784201
2078-12-11 12:00:00,2078,12,11,NA,2.17513887332199,7.21462585535856
2078-12-12 12:00:00,2078,12,12,NA,2.52883443815518,7.5119595322788
2078-12-13 12:00:00,2078,12,13,NA,1.01482768462495,9.57556662462071
2078-12-14 12:00:00,2078,12,14,NA,3.64557416165432,11.2996212249856
2078-12-15 12:00:00,2078,12,15,NA,5.83075608818348,7.8339653262781
2078-12-16 12:00:00,2078,12,16,NA,6.30583425715255,9.40655497261529
2078-12-17 12:00:00,2078,12,17,NA,7.1642223800716,9.17377245191583
2078-12-18 12:00:00,2078,12,18,NA,6.55112291250534,7.24375751810314
2078-12-19 12:00:00,2078,12,19,NA,6.72306337836321,11.5817158393784
2078-12-20 12:00:00,2078,12,20,NA,2.28750314153982,7.38617077562305
2078-12-21 12:00:00,2078,12,21,NA,2.88985793503287,10.5192488177991
2078-12-22 12:00:00,2078,12,22,NA,4.33714883010381,13.5022727730524
2078-12-23 12:00:00,2078,12,23,NA,4.77801309961236,10.7497668408321
2078-12-24 12:00:00,2078,12,24,NA,6.743519859689,12.6152633251383
2078-12-25 12:00:00,2078,12,25,NA,6.6794099359704,9.55892177274402
2078-12-26 12:00:00,2078,12,26,NA,5.14155499405501,7.15608332747786
2078-12-27 12:00:00,2078,12,27,NA,-7.91946934084136,-1.84050668416586
2078-12-28 12:00:00,2078,12,28,NA,-3.84709926556753,1.68179887245462
2078-12-29 12:00:00,2078,12,29,NA,-3.11663586673688,2.75510759871242
2078-12-30 12:00:00,2078,12,30,NA,-1.67486543218698,6.48243709747935
2078-12-31 12:00:00,2078,12,31,NA,-0.95753229661011,5.14879413013693
2079-01-01 12:00:00,2079,1,1,NA,3.0128587341566,5.02738706757945
2079-01-02 12:00:00,2079,1,2,NA,1.69207826991747,3.78651553707508
2079-01-03 12:00:00,2079,1,3,NA,0.355034851555854,2.17740314811787
2079-01-04 12:00:00,2079,1,4,NA,2.8020304305914,6.57352585885701
2079-01-05 12:00:00,2079,1,5,NA,1.82498164895794,4.86022677085713
2079-01-06 12:00:00,2079,1,6,NA,5.36363536516254,8.50239934147056
2079-01-07 12:00:00,2079,1,7,NA,5.03732735099363,9.97972297239947
2079-01-08 12:00:00,2079,1,8,NA,-1.2139200869852,10.5016640683111
2079-01-09 12:00:00,2079,1,9,NA,-0.918363332815634,9.2486435262653
2079-01-10 12:00:00,2079,1,10,NA,6.82073253059342,9.97021791504034
2079-01-11 12:00:00,2079,1,11,NA,7.32773826587489,11.8432640300735
2079-01-12 12:00:00,2079,1,12,NA,5.70239319784232,12.3244976847087
2079-01-13 12:00:00,2079,1,13,NA,6.82100164474559,14.1339143680274
2079-01-14 12:00:00,2079,1,14,NA,5.88130608601774,11.5480039996192
2079-01-15 12:00:00,2079,1,15,NA,8.25901695177217,11.2195582311969
2079-01-16 12:00:00,2079,1,16,NA,8.44944261507599,11.4089579979372
2079-01-17 12:00:00,2079,1,17,NA,10.1838437890533,11.9666974383373
2079-01-18 12:00:00,2079,1,18,NA,7.68009944073546,9.72718607006783
2079-01-19 12:00:00,2079,1,19,NA,4.29888947263691,8.11883821940776
2079-01-20 12:00:00,2079,1,20,NA,4.17145319484581,10.6104072329871
2079-01-21 12:00:00,2079,1,21,NA,5.62455881382315,9.68770798676143
2079-01-22 12:00:00,2079,1,22,NA,6.76563381895925,11.4271249696049
2079-01-23 12:00:00,2079,1,23,NA,4.51203914277873,12.5298696745767
2079-01-24 12:00:00,2079,1,24,NA,4.99484351024651,10.3211736387741
2079-01-25 12:00:00,2079,1,25,NA,1.85699873017809,6.0246311023793
2079-01-26 12:00:00,2079,1,26,NA,1.81453500845467,6.1225012408628
2079-01-27 12:00:00,2079,1,27,NA,-4.12683098839544,3.96619660428475
2079-01-28 12:00:00,2079,1,28,NA,3.17262520298869,6.10856752617223
2079-01-29 12:00:00,2079,1,29,NA,1.34577699487041,5.51340936707161
2079-01-30 12:00:00,2079,1,30,NA,-6.30315472622832,-0.0331955218378268
2079-01-31 12:00:00,2079,1,31,NA,-3.60896168821779,-1.53110139484835
2079-02-01 12:00:00,2079,2,1,NA,-8.99582529433639,-2.4493175412513
2079-02-02 12:00:00,2079,2,2,NA,-8.00999380475514,-2.47020803938457
2079-02-03 12:00:00,2079,2,3,NA,-11.0050123323093,-3.00976234953456
2079-02-04 12:00:00,2079,2,4,NA,-4.86168614204466,3.29019688408747
2079-02-05 12:00:00,2079,2,5,NA,-3.60896281002788,-0.353934988678545
2079-02-06 12:00:00,2079,2,6,NA,-1.52506659195879,-0.331133703245707
2079-02-07 12:00:00,2079,2,7,NA,-1.25047300885916,0.366794740388647
2079-02-08 12:00:00,2079,2,8,NA,1.14876430054799,4.0250447388571
2079-02-09 12:00:00,2079,2,9,NA,0.331724533725432,2.77885399502987
2079-02-10 12:00:00,2079,2,10,NA,-0.661983623727835,5.85899119052589
2079-02-11 12:00:00,2079,2,11,NA,0.860250109999828,5.73317137897225
2079-02-12 12:00:00,2079,2,12,NA,1.61097616559496,6.43988850077107
2079-02-13 12:00:00,2079,2,13,NA,-4.90285495354306,3.69093283320321
2079-02-14 12:00:00,2079,2,14,NA,-3.50758748289346,2.57203129677358
2079-02-15 12:00:00,2079,2,15,NA,-3.54546985795819,5.99951236513869
2079-02-16 12:00:00,2079,2,16,NA,-4.73179014515697,4.79795130419296
2079-02-17 12:00:00,2079,2,17,NA,-1.85956423905814,4.1050075420906
2079-02-18 12:00:00,2079,2,18,NA,-3.90132095032366,5.05578643066719
2079-02-19 12:00:00,2079,2,19,NA,-0.605760927597905,11.6197050345905
2079-02-20 12:00:00,2079,2,20,NA,1.48210377241968,11.0366010090326
2079-02-21 12:00:00,2079,2,21,NA,2.21655858968269,12.3379748363012
2079-02-22 12:00:00,2079,2,22,NA,6.06887274421376,8.49875810887155
2079-02-23 12:00:00,2079,2,23,NA,7.72904423584169,10.3381124731561
2079-02-24 12:00:00,2079,2,24,NA,5.11322906301414,9.14629971911729
2079-02-25 12:00:00,2079,2,25,NA,6.97545586024329,9.50728699277596
2079-02-26 12:00:00,2079,2,26,NA,6.38973922602039,9.33015045032136
2079-02-27 12:00:00,2079,2,27,NA,6.48490488617182,9.74500751033251
2079-02-28 12:00:00,2079,2,28,NA,6.70880894371313,11.1159235068483
2079-03-01 12:00:00,2079,3,1,NA,8.82759191553166,11.8915746158888
2079-03-02 12:00:00,2079,3,2,NA,6.08170854098282,12.5719605869228
2079-03-03 12:00:00,2079,3,3,NA,7.08777318096591,11.4157678506954
2079-03-04 12:00:00,2079,3,4,NA,8.39142280082488,15.5238779824169
2079-03-05 12:00:00,2079,3,5,NA,9.03940833289987,14.9411346975819
2079-03-06 12:00:00,2079,3,6,NA,5.71498206129449,12.6171607535435
2079-03-07 12:00:00,2079,3,7,NA,2.29377896935016,10.4131953324786
2079-03-08 12:00:00,2079,3,8,NA,-1.10080669287534,13.1392778926306
2079-03-09 12:00:00,2079,3,9,NA,1.16248856751294,17.5216285766491
2079-03-10 12:00:00,2079,3,10,NA,4.12059507129007,16.5488386686557
2079-03-11 12:00:00,2079,3,11,NA,9.20960917160254,19.577364240954
2079-03-12 12:00:00,2079,3,12,NA,6.77907311225727,14.0333440545002
2079-03-13 12:00:00,2079,3,13,NA,5.50022742145314,12.4024061137022
2079-03-14 12:00:00,2079,3,14,NA,0.265271228300718,11.6858789853747
2079-03-15 12:00:00,2079,3,15,NA,-2.50531951901175,10.1963387513989
2079-03-16 12:00:00,2079,3,16,NA,-0.345466341797545,10.5073443817408
2079-03-17 12:00:00,2079,3,17,NA,-0.446982762898413,17.3231701254475
2079-03-18 12:00:00,2079,3,18,NA,8.9085565076976,11.7785328799611
2079-03-19 12:00:00,2079,3,19,NA,6.945785411308,12.0628959494955
2079-03-20 12:00:00,2079,3,20,NA,10.6598121247116,16.7442070965063
2079-03-21 12:00:00,2079,3,21,NA,12.1508055639831,18.3372166790502
2079-03-22 12:00:00,2079,3,22,NA,8.97764420741777,15.9849621146517
2079-03-23 12:00:00,2079,3,23,NA,4.51397051568216,21.0021016375835
2079-03-24 12:00:00,2079,3,24,NA,6.57861255122316,22.1314772224529
2079-03-25 12:00:00,2079,3,25,NA,8.94577742746613,16.0964788004415
2079-03-26 12:00:00,2079,3,26,NA,8.83586711132263,17.6715980824138
2079-03-27 12:00:00,2079,3,27,NA,10.1793674667641,15.7338826117098
2079-03-28 12:00:00,2079,3,28,NA,10.2831182658441,16.9026106339467
2079-03-29 12:00:00,2079,3,29,NA,9.31959266305003,16.6749239826458
2079-03-30 12:00:00,2079,3,30,NA,9.17945150965688,16.0816302019059
2079-03-31 12:00:00,2079,3,31,NA,8.64858722320428,19.5503529326035
2079-04-01 12:00:00,2079,4,1,NA,10.480535612235,21.9577655181902
2079-04-02 12:00:00,2079,4,2,NA,8.05863344430755,19.4756995081306
2079-04-03 12:00:00,2079,4,3,NA,4.79982234590368,21.1872860427001
2079-04-04 12:00:00,2079,4,4,NA,3.27211990601259,16.8159510672175
2079-04-05 12:00:00,2079,4,5,NA,8.22644673987275,21.9529157972461
2079-04-06 12:00:00,2079,4,6,NA,7.2127146489908,15.5240337892966
2079-04-07 12:00:00,2079,4,7,NA,5.82456146839197,14.2044262784098
2079-04-08 12:00:00,2079,4,8,NA,2.8190649945885,14.0251334675605
2079-04-09 12:00:00,2079,4,9,NA,1.38987062333741,12.2238518504458
2079-04-10 12:00:00,2079,4,10,NA,5.37412226370324,16.8930271602681
2079-04-11 12:00:00,2079,4,11,NA,2.83259472327815,19.0885697260399
2079-04-12 12:00:00,2079,4,12,NA,-3.02233799710594,13.4476745782529
2079-04-13 12:00:00,2079,4,13,NA,5.42258554637382,11.6433772142656
2079-04-14 12:00:00,2079,4,14,NA,6.11406380441633,12.0085771704155
2079-04-15 12:00:00,2079,4,15,NA,1.73897227346839,12.0893384402439
2079-04-16 12:00:00,2079,4,16,NA,-3.08482088403502,15.1463688314459
2079-04-17 12:00:00,2079,4,17,NA,-0.535484914305374,11.5972249874623
2079-04-18 12:00:00,2079,4,18,NA,0.995327945659588,10.4729867280293
2079-04-19 12:00:00,2079,4,19,NA,-1.59266831283951,13.4363003009375
2079-04-20 12:00:00,2079,4,20,NA,1.63202029320017,11.042751649302
2079-04-21 12:00:00,2079,4,21,NA,0.985323740052001,11.1516537454502
2079-04-22 12:00:00,2079,4,22,NA,2.43120465314138,13.0103801370636
2079-04-23 12:00:00,2079,4,23,NA,4.12971359350078,12.438204348318
2079-04-24 12:00:00,2079,4,24,NA,-1.51991279979283,15.7021080455639
2079-04-25 12:00:00,2079,4,25,NA,1.2644232297011,21.1793809690997
2079-04-26 12:00:00,2079,4,26,NA,2.21936972784924,14.2317954050872
2079-04-27 12:00:00,2079,4,27,NA,1.29445765183017,19.3864464605798
2079-04-28 12:00:00,2079,4,28,NA,1.22992706616744,18.9667208422507
2079-04-29 12:00:00,2079,4,29,NA,5.55608240307244,19.3424041943135
2079-04-30 12:00:00,2079,4,30,NA,6.37852046758327,22.5013592297019
2079-05-01 12:00:00,2079,5,1,NA,11.2960396538805,18.6877014401091
2079-05-02 12:00:00,2079,5,2,NA,14.4798052405432,20.6837659287817
2079-05-03 12:00:00,2079,5,3,NA,10.4760280384542,25.363771724359
2079-05-04 12:00:00,2079,5,4,NA,14.1344201341412,20.0780327896871
2079-05-05 12:00:00,2079,5,5,NA,9.88664772943068,24.6327291750375
2079-05-06 12:00:00,2079,5,6,NA,14.2013456561967,28.7327030252867
2079-05-07 12:00:00,2079,5,7,NA,11.7553789056517,24.4313332621409
2079-05-08 12:00:00,2079,5,8,NA,16.4457584328146,22.5408909708316
2079-05-09 12:00:00,2079,5,9,NA,12.7618134886637,24.388123382973
2079-05-10 12:00:00,2079,5,10,NA,18.8735398612716,20.8284727319691
2079-05-11 12:00:00,2079,5,11,NA,15.312315514616,20.8143189486139
2079-05-12 12:00:00,2079,5,12,NA,13.0861645775552,20.4632337568051
2079-05-13 12:00:00,2079,5,13,NA,8.92825638423282,16.7590582253781
2079-05-14 12:00:00,2079,5,14,NA,10.3035041897789,18.0832887369372
2079-05-15 12:00:00,2079,5,15,NA,9.62724490981344,23.2838697893303
2079-05-16 12:00:00,2079,5,16,NA,8.78993624638537,21.7032003420919
2079-05-17 12:00:00,2079,5,17,NA,8.79578118106786,25.8331791570415
2079-05-18 12:00:00,2079,5,18,NA,12.1949141528373,24.8508210293526
2079-05-19 12:00:00,2079,5,19,NA,12.2751675488368,25.3648340928909
2079-05-20 12:00:00,2079,5,20,NA,12.4208076000239,25.8292703162625
2079-05-21 12:00:00,2079,5,21,NA,11.918984765158,24.6001726366637
2079-05-22 12:00:00,2079,5,22,NA,8.76660485619782,22.4336057743783
2079-05-23 12:00:00,2079,5,23,NA,11.4614418640784,21.0911184984534
2079-05-24 12:00:00,2079,5,24,NA,6.8228004233901,21.3527686103413
2079-05-25 12:00:00,2079,5,25,NA,9.13151766977273,18.0069626874809
2079-05-26 12:00:00,2079,5,26,NA,8.3413889775243,16.6887116991407
2079-05-27 12:00:00,2079,5,27,NA,6.7690639232973,20.1639327127009
2079-05-28 12:00:00,2079,5,28,NA,5.57372387664259,21.4324170535818
2079-05-29 12:00:00,2079,5,29,NA,11.2269204658692,23.3436915094459
2079-05-30 12:00:00,2079,5,30,NA,12.9531557196529,24.8067069489734
2079-05-31 12:00:00,2079,5,31,NA,11.4407968916374,27.2702092380296
2079-06-01 12:00:00,2079,6,1,NA,18.7760031130749,27.5155249149269
2079-06-02 12:00:00,2079,6,2,NA,22.3098942066392,34.2334371642359
2079-06-03 12:00:00,2079,6,3,NA,18.698536415972,33.3348140388609
2079-06-04 12:00:00,2079,6,4,NA,20.1238403629339,35.0729088112008
2079-06-05 12:00:00,2079,6,5,NA,22.2340428277941,28.9206637259561
2079-06-06 12:00:00,2079,6,6,NA,16.1644718426492,26.3137681512727
2079-06-07 12:00:00,2079,6,7,NA,13.4460181144995,30.9649148493428
2079-06-08 12:00:00,2079,6,8,NA,11.771391365308,24.166527759061
2079-06-09 12:00:00,2079,6,9,NA,12.4646872706281,26.4734570433551
2079-06-10 12:00:00,2079,6,10,NA,16.5481388211173,28.0556847502937
2079-06-11 12:00:00,2079,6,11,NA,17.3067842014172,22.7608896502997
2079-06-12 12:00:00,2079,6,12,NA,14.3103670207474,23.2041601945648
2079-06-13 12:00:00,2079,6,13,NA,13.1852757766428,26.5115108229861
2079-06-14 12:00:00,2079,6,14,NA,20.6695462817931,32.03329020245
2079-06-15 12:00:00,2079,6,15,NA,25.2607117256013,34.4295564108341
2079-06-16 12:00:00,2079,6,16,NA,20.4845051751725,34.9754009061703
2079-06-17 12:00:00,2079,6,17,NA,21.4217903233099,31.8543490347865
2079-06-18 12:00:00,2079,6,18,NA,19.3683160799178,28.5849275230949
2079-06-19 12:00:00,2079,6,19,NA,25.4379949627826,29.5677592205519
2079-06-20 12:00:00,2079,6,20,NA,18.4110928706004,27.4475816811681
2079-06-21 12:00:00,2079,6,21,NA,19.2124502717154,26.2104254178262
2079-06-22 12:00:00,2079,6,22,NA,16.0474915294569,33.915619118495
2079-06-23 12:00:00,2079,6,23,NA,18.8005281553425,30.1163915332762
2079-06-24 12:00:00,2079,6,24,NA,12.9283464759585,27.8774149242255
2079-06-25 12:00:00,2079,6,25,NA,11.7243382668163,34.0109409757829
2079-06-26 12:00:00,2079,6,26,NA,21.1330189419449,40.7517815052851
2079-06-27 12:00:00,2079,6,27,NA,19.103693360082,35.6355163067251
2079-06-28 12:00:00,2079,6,28,NA,20.3934786171091,27.997994370628
2079-06-29 12:00:00,2079,6,29,NA,16.3954780439228,29.2811040643944
2079-06-30 12:00:00,2079,6,30,NA,11.891329108714,26.7641324485732
2079-07-01 12:00:00,2079,7,1,NA,9.26629734353246,24.1465530008865
2079-07-02 12:00:00,2079,7,2,NA,14.7014625210498,20.4453726644778
2079-07-03 12:00:00,2079,7,3,NA,13.7264571951216,22.2589355739156
2079-07-04 12:00:00,2079,7,4,NA,14.7553587614046,21.3422237365166
2079-07-05 12:00:00,2079,7,5,NA,12.6526131737563,21.6551326033141
2079-07-06 12:00:00,2079,7,6,NA,13.4921165468351,20.8031677029772
2079-07-07 12:00:00,2079,7,7,NA,16.9676710920831,22.0106725189582
2079-07-08 12:00:00,2079,7,8,NA,13.7219859194537,24.9855431107259
2079-07-09 12:00:00,2079,7,9,NA,12.4036012179614,25.085944560451
2079-07-10 12:00:00,2079,7,10,NA,16.1227113967132,24.8313811578078
2079-07-11 12:00:00,2079,7,11,NA,13.8269973223656,22.3603052620344
2079-07-12 12:00:00,2079,7,12,NA,14.0686942785232,23.9157269361448
2079-07-13 12:00:00,2079,7,13,NA,10.5809257502687,25.4098525135997
2079-07-14 12:00:00,2079,7,14,NA,15.0078194467517,26.3849884561215
2079-07-15 12:00:00,2079,7,15,NA,13.6540730212482,24.671022043294
2079-07-16 12:00:00,2079,7,16,NA,18.2934597391046,23.031550841327
2079-07-17 12:00:00,2079,7,17,NA,15.0674294388982,23.2326690419066
2079-07-18 12:00:00,2079,7,18,NA,13.3329869959014,20.9570879302997
2079-07-19 12:00:00,2079,7,19,NA,14.6959391073026,21.7396958782394
2079-07-20 12:00:00,2079,7,20,NA,13.9258687417885,24.080121242745
2079-07-21 12:00:00,2079,7,21,NA,10.1227666659177,22.1570527327659
2079-07-22 12:00:00,2079,7,22,NA,10.8719542796619,23.7284831049229
2079-07-23 12:00:00,2079,7,23,NA,12.4616236686588,22.6992240940655
2079-07-24 12:00:00,2079,7,24,NA,12.2626550836667,26.2543163440667
2079-07-25 12:00:00,2079,7,25,NA,14.093007408635,30.9570085442263
2079-07-26 12:00:00,2079,7,26,NA,16.1050180460283,32.0683993604769
2079-07-27 12:00:00,2079,7,27,NA,16.4194223469467,34.5705122411062
2079-07-28 12:00:00,2079,7,28,NA,19.7300727903331,33.6515288714922
2079-07-29 12:00:00,2079,7,29,NA,20.0591194777268,27.583975017175
2079-07-30 12:00:00,2079,7,30,NA,17.2649511215282,25.7781266761222
2079-07-31 12:00:00,2079,7,31,NA,14.5787779197074,27.3388093647933
2079-08-01 12:00:00,2079,8,1,NA,17.7827100445136,28.7752392092024
2079-08-02 12:00:00,2079,8,2,NA,16.96736830704,27.4474209941971
2079-08-03 12:00:00,2079,8,3,NA,15.4960871978467,24.818473066346
2079-08-04 12:00:00,2079,8,4,NA,15.2069469456128,24.4639711912854
2079-08-05 12:00:00,2079,8,5,NA,17.0189941737615,23.3113243467473
2079-08-06 12:00:00,2079,8,6,NA,17.0662988456811,22.0611776004432
2079-08-07 12:00:00,2079,8,7,NA,16.4686516855046,22.7545435003288
2079-08-08 12:00:00,2079,8,8,NA,14.5776058464801,24.6961991089312
2079-08-09 12:00:00,2079,8,9,NA,15.5641925953051,21.8535613543429
2079-08-10 12:00:00,2079,8,10,NA,15.2989810770044,21.0329420206249
2079-08-11 12:00:00,2079,8,11,NA,18.5810906334143,26.6639827515989
2079-08-12 12:00:00,2079,8,12,NA,16.1094701326555,28.6589003576797
2079-08-13 12:00:00,2079,8,13,NA,15.7905807571148,29.1632683527596
2079-08-14 12:00:00,2079,8,14,NA,17.6019789681225,30.5764596964173
2079-08-15 12:00:00,2079,8,15,NA,18.4151871480856,26.6578679689375
2079-08-16 12:00:00,2079,8,16,NA,16.2676013034289,22.3506588849272
2079-08-17 12:00:00,2079,8,17,NA,15.0231622840267,23.2658431048786
2079-08-18 12:00:00,2079,8,18,NA,17.6436890892636,25.7991962022036
2079-08-19 12:00:00,2079,8,19,NA,19.0767169340477,21.7996590605426
2079-08-20 12:00:00,2079,8,20,NA,16.9594128780116,21.441865333863
2079-08-21 12:00:00,2079,8,21,NA,14.7361383531206,21.95449284163
2079-08-22 12:00:00,2079,8,22,NA,16.1797957869841,23.6432977530073
2079-08-23 12:00:00,2079,8,23,NA,12.4404342625463,26.6531158820349
2079-08-24 12:00:00,2079,8,24,NA,12.2648801588111,28.029595085795
2079-08-25 12:00:00,2079,8,25,NA,10.5697879203223,25.8873775102254
2079-08-26 12:00:00,2079,8,26,NA,12.2481081627579,23.0252267598276
2079-08-27 12:00:00,2079,8,27,NA,10.3856973630934,23.8546053489092
2079-08-28 12:00:00,2079,8,28,NA,14.1442279211602,23.8415739841457
2079-08-29 12:00:00,2079,8,29,NA,12.5311733914219,20.6051468259688
2079-08-30 12:00:00,2079,8,30,NA,7.7711838051985,22.857756883196
2079-08-31 12:00:00,2079,8,31,NA,8.06809304548656,23.740525676365
2079-09-01 12:00:00,2079,9,1,NA,11.2518044116843,19.906012577075
2079-09-02 12:00:00,2079,9,2,NA,9.69087902576295,14.2506821335513
2079-09-03 12:00:00,2079,9,3,NA,11.5515122609681,15.8751540865453
2079-09-04 12:00:00,2079,9,4,NA,12.3276640745893,17.6307666277333
2079-09-05 12:00:00,2079,9,5,NA,11.840243538625,16.36661498567
2079-09-06 12:00:00,2079,9,6,NA,9.46023972902727,14.4663455708933
2079-09-07 12:00:00,2079,9,7,NA,5.15864106220285,19.0035323624821
2079-09-08 12:00:00,2079,9,8,NA,8.46316340585086,20.890181657915
2079-09-09 12:00:00,2079,9,9,NA,13.2973407223974,17.054519229749
2079-09-10 12:00:00,2079,9,10,NA,16.400773259496,21.2082305550555
2079-09-11 12:00:00,2079,9,11,NA,12.8964570713526,19.1688495219456
2079-09-12 12:00:00,2079,9,12,NA,11.8466604386957,21.590148781295
2079-09-13 12:00:00,2079,9,13,NA,13.7033741315174,23.2731278723619
2079-09-14 12:00:00,2079,9,14,NA,12.1943703260213,24.1992038323647
2079-09-15 12:00:00,2079,9,15,NA,14.7752788031606,20.6351369903545
2079-09-16 12:00:00,2079,9,16,NA,15.1794357796954,20.8408120221481
2079-09-17 12:00:00,2079,9,17,NA,13.4538675969134,22.3175459795337
2079-09-18 12:00:00,2079,9,18,NA,10.8473449767494,22.2623890466055
2079-09-19 12:00:00,2079,9,19,NA,12.333807420173,24.5980332534799
2079-09-20 12:00:00,2079,9,20,NA,11.7810129925028,16.7185376069599
2079-09-21 12:00:00,2079,9,21,NA,13.6280639409623,16.1914269585823
2079-09-22 12:00:00,2079,9,22,NA,12.7926958151621,19.2091986715988
2079-09-23 12:00:00,2079,9,23,NA,11.1875990303913,15.9204699049933
2079-09-24 12:00:00,2079,9,24,NA,8.90527797313377,18.2017656076533
2079-09-25 12:00:00,2079,9,25,NA,4.19704741659265,19.424467533837
2079-09-26 12:00:00,2079,9,26,NA,5.76543515762068,22.9559630214681
2079-09-27 12:00:00,2079,9,27,NA,11.4127141492412,19.7047778932357
2079-09-28 12:00:00,2079,9,28,NA,12.5354703547388,26.7507529434834
2079-09-29 12:00:00,2079,9,29,NA,16.958833362794,26.7546521777375
2079-09-30 12:00:00,2079,9,30,NA,18.6193556431671,26.5099705405548
2079-10-01 12:00:00,2079,10,1,NA,17.8631795788238,21.78441987627
2079-10-02 12:00:00,2079,10,2,NA,14.7202905321858,20.4881267983355
2079-10-03 12:00:00,2079,10,3,NA,16.3687317020348,21.6884000449485
2079-10-04 12:00:00,2079,10,4,NA,15.9435688031971,22.4580676776792
2079-10-05 12:00:00,2079,10,5,NA,15.8569152822361,23.2508939521369
2079-10-06 12:00:00,2079,10,6,NA,12.488960898201,15.6837030595459
2079-10-07 12:00:00,2079,10,7,NA,17.0042824805888,21.0397534791942
2079-10-08 12:00:00,2079,10,8,NA,14.4281782328311,17.6158153575311
2079-10-09 12:00:00,2079,10,9,NA,9.75445878721373,17.266534260846
2079-10-10 12:00:00,2079,10,10,NA,12.0264482812167,18.8869589631843
2079-10-11 12:00:00,2079,10,11,NA,8.41861388929461,18.9532114358514
2079-10-12 12:00:00,2079,10,12,NA,6.01920253468319,22.2817995729686
2079-10-13 12:00:00,2079,10,13,NA,10.5828173515282,24.7632281772629
2079-10-14 12:00:00,2079,10,14,NA,10.5318812577602,22.3896664489694
2079-10-15 12:00:00,2079,10,15,NA,6.81822768465567,20.6029901246294
2079-10-16 12:00:00,2079,10,16,NA,4.77379419090664,17.5900502293257
2079-10-17 12:00:00,2079,10,17,NA,12.7180506545627,23.0258563604398
2079-10-18 12:00:00,2079,10,18,NA,14.4979556999203,25.3546752187569
2079-10-19 12:00:00,2079,10,19,NA,12.1040871561708,15.3266130582516
2079-10-20 12:00:00,2079,10,20,NA,13.2398985277593,15.9703053936386
2079-10-21 12:00:00,2079,10,21,NA,10.3596663939211,15.6407625754252
2079-10-22 12:00:00,2079,10,22,NA,8.50717673144921,19.1197080501757
2079-10-23 12:00:00,2079,10,23,NA,7.10012807900126,17.7126593977278
2079-10-24 12:00:00,2079,10,24,NA,4.74659628911745,18.0033596792079
2079-10-25 12:00:00,2079,10,25,NA,5.83264669885571,15.2320497924707
2079-10-26 12:00:00,2079,10,26,NA,5.82757020771906,13.9557604616237
2079-10-27 12:00:00,2079,10,27,NA,8.6897991488097,14.0697970341297
2079-10-28 12:00:00,2079,10,28,NA,10.9483079913238,16.1790764119783
2079-10-29 12:00:00,2079,10,29,NA,6.68420992928846,14.6381250585301
2079-10-30 12:00:00,2079,10,30,NA,5.61782932143651,12.4584123440049
2079-10-31 12:00:00,2079,10,31,NA,4.47152687359336,11.5283870558416
2079-11-01 12:00:00,2079,11,1,NA,3.63504908353023,12.0188460619801
2079-11-02 12:00:00,2079,11,2,NA,4.79485604535751,8.01596457700365
2079-11-03 12:00:00,2079,11,3,NA,4.34157658051045,10.0530578597926
2079-11-04 12:00:00,2079,11,4,NA,1.70793812438328,7.69063665747957
2079-11-05 12:00:00,2079,11,5,NA,1.83592079433504,9.6321445028227
2079-11-06 12:00:00,2079,11,6,NA,2.57992679340353,10.9831156769685
2079-11-07 12:00:00,2079,11,7,NA,2.93871649646849,4.80454097861243
2079-11-08 12:00:00,2079,11,8,NA,0.887377553294238,4.68312141837834
2079-11-09 12:00:00,2079,11,9,NA,3.84118745873262,8.41745344877931
2079-11-10 12:00:00,2079,11,10,NA,4.02313943356201,9.75793909108365
2079-11-11 12:00:00,2079,11,11,NA,5.57081698778405,9.3263316373761
2079-11-12 12:00:00,2079,11,12,NA,1.23917814532469,5.37492614216477
2079-11-13 12:00:00,2079,11,13,NA,3.94108239329486,8.13865372499293
2079-11-14 12:00:00,2079,11,14,NA,6.29347775298975,9.58588941290038
2079-11-15 12:00:00,2079,11,15,NA,7.98016646220045,11.717841313613
2079-11-16 12:00:00,2079,11,16,NA,6.80128109670351,10.7534192117682
2079-11-17 12:00:00,2079,11,17,NA,7.86131504818309,14.5525753036846
2079-11-18 12:00:00,2079,11,18,NA,7.44397348765807,13.9778521421119
2079-11-19 12:00:00,2079,11,19,NA,9.34681633979117,16.8613385573951
2079-11-20 12:00:00,2079,11,20,NA,10.4279779033556,15.2702894907304
2079-11-21 12:00:00,2079,11,21,NA,6.54154767089454,10.2818863072171
2079-11-22 12:00:00,2079,11,22,NA,4.52766540218896,6.41449689550671
2079-11-23 12:00:00,2079,11,23,NA,5.91346104299422,8.70765482450684
2079-11-24 12:00:00,2079,11,24,NA,1.87791687122331,3.11228269437025
2079-11-25 12:00:00,2079,11,25,NA,1.12333456575671,5.07547268082145
2079-11-26 12:00:00,2079,11,26,NA,2.12350600539845,6.07564412046318
2079-11-27 12:00:00,2079,11,27,NA,-0.653075311437871,3.1365062690892
2079-11-28 12:00:00,2079,11,28,NA,0.90142981070636,6.51272957768707
2079-11-29 12:00:00,2079,11,29,NA,-1.24636465763776,8.80139379028011
2079-11-30 12:00:00,2079,11,30,NA,3.75735405319686,9.69370693964861
2079-12-01 12:00:00,2079,12,1,NA,5.59898453564224,13.7800275956623
2079-12-02 12:00:00,2079,12,2,NA,3.51877586472356,10.5218495780274
2079-12-03 12:00:00,2079,12,3,NA,3.41083147230134,9.34410948991164
2079-12-04 12:00:00,2079,12,4,NA,4.23136706340284,5.45119452602763
2079-12-05 12:00:00,2079,12,5,NA,2.6565985557374,5.70220952176052
2079-12-06 12:00:00,2079,12,6,NA,3.45535103085626,6.50937983055146
2079-12-07 12:00:00,2079,12,7,NA,1.71625673386902,7.79065807441037
2079-12-08 12:00:00,2079,12,8,NA,4.50149357586551,9.59032438097596
2079-12-09 12:00:00,2079,12,9,NA,12.3647679502889,18.1055133117655
2079-12-10 12:00:00,2079,12,10,NA,7.72580141547048,11.7474656763723
2079-12-11 12:00:00,2079,12,11,NA,6.34150728371584,11.3809942657524
2079-12-12 12:00:00,2079,12,12,NA,8.18856630844819,13.0833601633349
2079-12-13 12:00:00,2079,12,13,NA,11.4310767471881,17.064330011347
2079-12-14 12:00:00,2079,12,14,NA,9.10470425593657,17.2129297541256
2079-12-15 12:00:00,2079,12,15,NA,9.00482463043196,14.1033647112486
2079-12-16 12:00:00,2079,12,16,NA,4.17309759192051,6.12454956484144
2079-12-17 12:00:00,2079,12,17,NA,6.16352040064831,8.08058515002397
2079-12-18 12:00:00,2079,12,18,NA,9.95752170323607,11.9745441529537
2079-12-19 12:00:00,2079,12,19,NA,8.67319552028996,12.6980499229556
2079-12-20 12:00:00,2079,12,20,NA,5.14704447414203,12.2359870917526
2079-12-21 12:00:00,2079,12,21,NA,-2.05894478536846,10.7743421641344
2079-12-22 12:00:00,2079,12,22,NA,4.03085883496127,12.1390843331503
2079-12-23 12:00:00,2079,12,23,NA,2.4215725463447,6.47442249608802
2079-12-24 12:00:00,2079,12,24,NA,2.33208812400448,5.08689515912531
2079-12-25 12:00:00,2079,12,25,NA,-0.461255385761623,2.63039314164489
2079-12-26 12:00:00,2079,12,26,NA,-2.96277942285837,3.20204220882205
2079-12-27 12:00:00,2079,12,27,NA,0.151238266699648,3.04382566159887
2079-12-28 12:00:00,2079,12,28,NA,-3.45928156491499,4.64894393327399
2079-12-29 12:00:00,2079,12,29,NA,1.8803640258714,7.98989341028058
2079-12-30 12:00:00,2079,12,30,NA,4.07112307589039,9.16096644665187
2079-12-31 12:00:00,2079,12,31,NA,6.16790904812104,9.22407522088295
2080-01-01 12:00:00,2080,1,1,NA,4.47436354403703,7.42796761475743
2080-01-02 12:00:00,2080,1,2,NA,6.08675307623295,8.519938154858
2080-01-03 12:00:00,2080,1,3,NA,2.18742065828594,5.2742649484023
2080-01-04 12:00:00,2080,1,4,NA,-2.33034099961969,2.61205462178615
2080-01-05 12:00:00,2080,1,5,NA,-3.59919327274998,3.98780515350663
2080-01-06 12:00:00,2080,1,6,NA,3.49186311629269,8.39887016023025
2080-01-07 12:00:00,2080,1,7,NA,3.70729096061626,8.73790081735433
2080-01-08 12:00:00,2080,1,8,NA,2.39957298903295,7.06183927653506
2080-01-09 12:00:00,2080,1,9,NA,5.50712072491364,13.7253836814031
2080-01-10 12:00:00,2080,1,10,NA,6.01310080458964,14.4568509318697
2080-01-11 12:00:00,2080,1,11,NA,4.70064543854353,16.182281654661
2080-01-12 12:00:00,2080,1,12,NA,2.76432825159081,11.087727909006
2080-01-13 12:00:00,2080,1,13,NA,-0.0432187126579509,12.5310586147648
2080-01-14 12:00:00,2080,1,14,NA,2.49657858285584,13.5783396199204
2080-01-15 12:00:00,2080,1,15,NA,6.73057599518171,11.6856900069999
2080-01-16 12:00:00,2080,1,16,NA,9.60937641200336,12.7588617964503
2080-01-17 12:00:00,2080,1,17,NA,8.33519566147703,10.8763580792805
2080-01-18 12:00:00,2080,1,18,NA,-0.875068878550729,5.30052882625356
2080-01-19 12:00:00,2080,1,19,NA,-2.77259326107775,10.746228803475
2080-01-20 12:00:00,2080,1,20,NA,2.19917268204356,11.9489427527476
2080-01-21 12:00:00,2080,1,21,NA,5.03399377833831,11.5627417343548
2080-01-22 12:00:00,2080,1,22,NA,7.47313887046046,14.7464832996561
2080-01-23 12:00:00,2080,1,23,NA,4.41765793796242,10.8651316887071
2080-01-24 12:00:00,2080,1,24,NA,8.48674899712055,12.6794905972867
2080-01-25 12:00:00,2080,1,25,NA,8.60975771344968,10.5401119437317
2080-01-26 12:00:00,2080,1,26,NA,8.42576029876678,13.3327673427043
2080-01-27 12:00:00,2080,1,27,NA,8.59030117151351,10.5702607097938
2080-01-28 12:00:00,2080,1,28,NA,4.56755128622028,9.64199633415202
2080-01-29 12:00:00,2080,1,29,NA,6.08174222662971,9.09801048905226
2080-01-30 12:00:00,2080,1,30,NA,4.37837394758303,8.54634736652397
2080-01-31 12:00:00,2080,1,31,NA,1.86296904159223,9.91865008799148
2080-02-01 12:00:00,2080,2,1,NA,-0.0201081966512016,5.05534635208412
2080-02-02 12:00:00,2080,2,2,NA,-3.36196357150241,3.39192960355747
2080-02-03 12:00:00,2080,2,3,NA,2.96568861509443,7.35169006445363
2080-02-04 12:00:00,2080,2,4,NA,6.05481647226793,11.9082629948701
2080-02-05 12:00:00,2080,2,5,NA,9.93959914314116,12.5839893906882
2080-02-06 12:00:00,2080,2,6,NA,10.9339015150126,13.3634752889123
2080-02-07 12:00:00,2080,2,7,NA,10.6105630775933,13.1043503626615
2080-02-08 12:00:00,2080,2,8,NA,8.71659732828681,12.6689763830418
2080-02-09 12:00:00,2080,2,9,NA,4.28489398056891,8.61648019084221
2080-02-10 12:00:00,2080,2,10,NA,4.07256345888718,8.57987718821826
2080-02-11 12:00:00,2080,2,11,NA,-2.73622837481128,1.40457755657664
2080-02-12 12:00:00,2080,2,12,NA,-9.62380174541962,-3.97402074334332
2080-02-13 12:00:00,2080,2,13,NA,-12.6355606234675,-1.89169389509913
2080-02-14 12:00:00,2080,2,14,NA,-7.67439292439532,1.71010847202779
2080-02-15 12:00:00,2080,2,15,NA,-5.272226469151,8.1779836760133
2080-02-16 12:00:00,2080,2,16,NA,-1.47684028282927,6.57089347825619
2080-02-17 12:00:00,2080,2,17,NA,-0.00346515113657908,10.1179510954819
2080-02-18 12:00:00,2080,2,18,NA,2.68608291509433,9.53228290481633
2080-02-19 12:00:00,2080,2,19,NA,4.83015808315383,10.5823717695558
2080-02-20 12:00:00,2080,2,20,NA,5.30963519623137,12.025019932779
2080-02-21 12:00:00,2080,2,21,NA,0.943773257442865,11.455624192743
2080-02-22 12:00:00,2080,2,22,NA,5.01394688149548,7.48421191339416
2080-02-23 12:00:00,2080,2,23,NA,4.44468896911065,9.27360130428676
2080-02-24 12:00:00,2080,2,24,NA,6.47095467332038,12.2535543909364
2080-02-25 12:00:00,2080,2,25,NA,4.68098275690807,13.4151088822966
2080-02-26 12:00:00,2080,2,26,NA,5.04640095981769,8.29306555164196
2080-02-27 12:00:00,2080,2,27,NA,-0.0965228587727016,5.85515586789555
2080-02-28 12:00:00,2080,2,28,NA,2.65373060304496,10.1696808176456
2080-02-29 12:00:00,2080,2,29,NA,5.45711888453142,14.0509066712777
2080-03-01 12:00:00,2080,3,1,NA,5.13353675391873,13.1287867366935
2080-03-02 12:00:00,2080,3,2,NA,2.51823483932469,12.8456285966271
2080-03-03 12:00:00,2080,3,3,NA,4.5258703732281,13.5806785352249
2080-03-04 12:00:00,2080,3,4,NA,3.77649879603006,12.7526757933759
2080-03-05 12:00:00,2080,3,5,NA,6.43374624558824,13.047318609701
2080-03-06 12:00:00,2080,3,6,NA,2.59972913391183,14.076959039867
2080-03-07 12:00:00,2080,3,7,NA,5.36576371998518,16.0765830139291
2080-03-08 12:00:00,2080,3,8,NA,7.64002392009319,14.8942948623361
2080-03-09 12:00:00,2080,3,9,NA,8.95887528487322,14.6441868226847
2080-03-10 12:00:00,2080,3,10,NA,8.7185979034339,15.8692992764093
2080-03-11 12:00:00,2080,3,11,NA,6.4316506436927,9.45095767355337
2080-03-12 12:00:00,2080,3,12,NA,4.05836861205628,12.7838684774702
2080-03-13 12:00:00,2080,3,13,NA,3.32020778685191,11.685599639244
2080-03-14 12:00:00,2080,3,14,NA,7.97610731125295,11.0674997851404
2080-03-15 12:00:00,2080,3,15,NA,10.354809851929,14.8375956725249
2080-03-16 12:00:00,2080,3,16,NA,7.94271838616775,14.8940771000748
2080-03-17 12:00:00,2080,3,17,NA,6.0105798431141,12.1969909581813
2080-03-18 12:00:00,2080,3,18,NA,3.31644284378225,16.1587278095657
2080-03-19 12:00:00,2080,3,19,NA,2.49617126540699,16.5592809764172
2080-03-20 12:00:00,2080,3,20,NA,3.14872988608356,22.7316393152904
2080-03-21 12:00:00,2080,3,21,NA,0.329461177240024,14.8248037824548
2080-03-22 12:00:00,2080,3,22,NA,-1.41816720092653,13.8850158491775
2080-03-23 12:00:00,2080,3,23,NA,6.67747305747859,13.4862803257619
2080-03-24 12:00:00,2080,3,24,NA,4.07587507743626,13.8376961573081
2080-03-25 12:00:00,2080,3,25,NA,0.234819648174479,12.7266865589726
2080-03-26 12:00:00,2080,3,26,NA,-0.0680321239410979,15.1449208740953
2080-03-27 12:00:00,2080,3,27,NA,3.72054217650331,17.1148272481557
2080-03-28 12:00:00,2080,3,28,NA,1.70587790352303,20.8987065891887
2080-03-29 12:00:00,2080,3,29,NA,4.93531050778618,18.9984202187964
2080-03-30 12:00:00,2080,3,30,NA,5.07801006608825,22.1506952647611
2080-03-31 12:00:00,2080,3,31,NA,5.32905334643817,23.6599009361146
2080-04-01 12:00:00,2080,4,1,NA,5.12965753052931,18.1317107240681
2080-04-02 12:00:00,2080,4,2,NA,5.56148415043139,20.8647855308065
2080-04-03 12:00:00,2080,4,3,NA,7.84483197942921,24.1071045763664
2080-04-04 12:00:00,2080,4,4,NA,9.18539747444415,25.4628278794472
2080-04-05 12:00:00,2080,4,5,NA,8.79167086000282,19.6256520871112
2080-04-06 12:00:00,2080,4,6,NA,2.03026717008404,17.3905360713488
2080-04-07 12:00:00,2080,4,7,NA,7.08369067243,14.3183505452326
2080-04-08 12:00:00,2080,4,8,NA,9.68163870291928,14.7754569328802
2080-04-09 12:00:00,2080,4,9,NA,11.5336305387734,21.8726493546377
2080-04-10 12:00:00,2080,4,10,NA,10.2279200751251,16.3280399237797
2080-04-11 12:00:00,2080,4,11,NA,8.1769805319835,15.5852406656585
2080-04-12 12:00:00,2080,4,12,NA,13.4531826807531,16.4807739266263
2080-04-13 12:00:00,2080,4,13,NA,0.658227275612473,10.1172130108027
2080-04-14 12:00:00,2080,4,14,NA,2.19511934501083,13.3702915959347
2080-04-15 12:00:00,2080,4,15,NA,4.73413165151255,16.7847001829185
2080-04-16 12:00:00,2080,4,16,NA,4.06691152383555,17.5136300874964
2080-04-17 12:00:00,2080,4,17,NA,6.59316169031653,15.0432336659972
2080-04-18 12:00:00,2080,4,18,NA,7.90832803204119,17.4081520098763
2080-04-19 12:00:00,2080,4,19,NA,6.67378044043627,18.981522744958
2080-04-20 12:00:00,2080,4,20,NA,12.7860892369431,23.9921577099151
2080-04-21 12:00:00,2080,4,21,NA,9.46023819854711,20.9291843521526
2080-04-22 12:00:00,2080,4,22,NA,9.28282773817856,23.9590154225011
2080-04-23 12:00:00,2080,4,23,NA,9.56030291076194,17.7255165591448
2080-04-24 12:00:00,2080,4,24,NA,8.62241237098466,23.893238878489
2080-04-25 12:00:00,2080,4,25,NA,11.0227316968038,24.5665628580087
2080-04-26 12:00:00,2080,4,26,NA,11.7302979842286,19.8859011345585
2080-04-27 12:00:00,2080,4,27,NA,12.4616483818724,21.323084611037
2080-04-28 12:00:00,2080,4,28,NA,15.715424837207,21.913565202512
2080-04-29 12:00:00,2080,4,29,NA,11.3630383133875,19.8299800015469
2080-04-30 12:00:00,2080,4,30,NA,7.57198455647767,14.3466146179848
2080-05-01 12:00:00,2080,5,1,NA,6.05727769541049,14.0917427873887
2080-05-02 12:00:00,2080,5,2,NA,7.52332150760653,19.2442003147148
2080-05-03 12:00:00,2080,5,3,NA,7.14909068754199,16.888437660114
2080-05-04 12:00:00,2080,5,4,NA,6.25546709015525,15.9562434599723
2080-05-05 12:00:00,2080,5,5,NA,3.94086385473015,16.6168182112194
2080-05-06 12:00:00,2080,5,6,NA,5.92509688518875,14.800541902897
2080-05-07 12:00:00,2080,5,7,NA,6.19738320961166,11.8246280928636
2080-05-08 12:00:00,2080,5,8,NA,8.17439015253668,12.0672022824217
2080-05-09 12:00:00,2080,5,9,NA,6.56805711047807,12.4928973384986
2080-05-10 12:00:00,2080,5,10,NA,3.26591104772216,14.9291955430498
2080-05-11 12:00:00,2080,5,11,NA,6.43675549788829,16.1231025699568
2080-05-12 12:00:00,2080,5,12,NA,2.40892144499882,19.0596177072603
2080-05-13 12:00:00,2080,5,13,NA,7.03495929215767,19.9346390348843
2080-05-14 12:00:00,2080,5,14,NA,7.56964777492418,18.0795390242846
2080-05-15 12:00:00,2080,5,15,NA,3.46951164459046,20.0325385341806
2080-05-16 12:00:00,2080,5,16,NA,1.61486334878189,19.2528362112896
2080-05-17 12:00:00,2080,5,17,NA,9.53563260610652,23.8934676142582
2080-05-18 12:00:00,2080,5,18,NA,9.64971493504581,19.5278327326567
2080-05-19 12:00:00,2080,5,19,NA,8.63177282793666,14.1613765284752
2080-05-20 12:00:00,2080,5,20,NA,5.13479932526206,18.8655649647414
2080-05-21 12:00:00,2080,5,21,NA,9.09458863556818,22.6578148258968
2080-05-22 12:00:00,2080,5,22,NA,8.55680070015209,25.2064115233113
2080-05-23 12:00:00,2080,5,23,NA,14.4483815553471,28.0714058604826
2080-05-24 12:00:00,2080,5,24,NA,12.1692475600415,28.4100498841042
2080-05-25 12:00:00,2080,5,25,NA,13.3468557072893,27.0776213467687
2080-05-26 12:00:00,2080,5,26,NA,11.6361465450465,26.9681051405857
2080-05-27 12:00:00,2080,5,27,NA,10.3809324231427,28.796629723279
2080-05-28 12:00:00,2080,5,28,NA,8.46317815662058,27.302917661484
2080-05-29 12:00:00,2080,5,29,NA,13.4044148944942,27.9198381333032
2080-05-30 12:00:00,2080,5,30,NA,15.5897780104054,27.4247350456651
2080-05-31 12:00:00,2080,5,31,NA,12.0508959227113,23.7252072234898
2080-06-01 12:00:00,2080,6,1,NA,14.4043656317567,23.515357979238
2080-06-02 12:00:00,2080,6,2,NA,9.75565823622084,21.1154886906609
2080-06-03 12:00:00,2080,6,3,NA,14.9364351652168,21.0225785597976
2080-06-04 12:00:00,2080,6,4,NA,15.6923622696927,22.0558944205606
2080-06-05 12:00:00,2080,6,5,NA,11.7084941500157,29.245902905389
2080-06-06 12:00:00,2080,6,6,NA,10.8324532062139,26.9805498053044
2080-06-07 12:00:00,2080,6,7,NA,7.13692817775222,24.6352288790577
2080-06-08 12:00:00,2080,6,8,NA,6.54681320789406,25.1329327143075
2080-06-09 12:00:00,2080,6,9,NA,6.13666504010356,25.9536207202571
2080-06-10 12:00:00,2080,6,10,NA,8.1626337139038,26.7487532203172
2080-06-11 12:00:00,2080,6,11,NA,13.2990174857526,29.1165417870873
2080-06-12 12:00:00,2080,6,12,NA,19.2478857669824,27.9066802153735
2080-06-13 12:00:00,2080,6,13,NA,16.4882669673292,25.735408831216
2080-06-14 12:00:00,2080,6,14,NA,16.8473078477302,31.7275635050842
2080-06-15 12:00:00,2080,6,15,NA,13.8757006908511,31.3437697777991
2080-06-16 12:00:00,2080,6,16,NA,14.2330136908735,21.0243875751015
2080-06-17 12:00:00,2080,6,17,NA,17.3495506535443,22.4212466030304
2080-06-18 12:00:00,2080,6,18,NA,14.8144481826934,22.0350208059516
2080-06-19 12:00:00,2080,6,19,NA,15.2146973927729,21.5110980804123
2080-06-20 12:00:00,2080,6,20,NA,14.8927194009539,22.1132920242121
2080-06-21 12:00:00,2080,6,21,NA,16.4433986247455,27.6923907191513
2080-06-22 12:00:00,2080,6,22,NA,12.893679993649,23.0507259371855
2080-06-23 12:00:00,2080,6,23,NA,10.1230063541491,24.5257142575938
2080-06-24 12:00:00,2080,6,24,NA,15.0191276798055,25.3261544892746
2080-06-25 12:00:00,2080,6,25,NA,11.7302531394387,27.1837750744618
2080-06-26 12:00:00,2080,6,26,NA,14.6133678184925,26.8540415267087
2080-06-27 12:00:00,2080,6,27,NA,9.19962256053071,26.3496145744022
2080-06-28 12:00:00,2080,6,28,NA,10.7882820324473,21.0684570467569
2080-06-29 12:00:00,2080,6,29,NA,9.94701483515357,22.1876885433698
2080-06-30 12:00:00,2080,6,30,NA,9.3550754659972,24.8534771071145
2080-07-01 12:00:00,2080,7,1,NA,10.9826320574598,25.3853399609045
2080-07-02 12:00:00,2080,7,2,NA,12.6250988765243,25.3074422190139
2080-07-03 12:00:00,2080,7,3,NA,10.0753665944608,25.211476413002
2080-07-04 12:00:00,2080,7,4,NA,8.3913302455161,25.5762573052876
2080-07-05 12:00:00,2080,7,5,NA,14.8939788697319,21.3935513614716
2080-07-06 12:00:00,2080,7,6,NA,15.2020839610883,19.2305712497436
2080-07-07 12:00:00,2080,7,7,NA,10.4760969786959,22.2180567887649
2080-07-08 12:00:00,2080,7,8,NA,8.11309731135662,21.9856937683215
2080-07-09 12:00:00,2080,7,9,NA,10.4121838507116,20.0013342178154
2080-07-10 12:00:00,2080,7,10,NA,12.5470453591521,22.3940780167737
2080-07-11 12:00:00,2080,7,11,NA,12.7906720405315,19.8214467426784
2080-07-12 12:00:00,2080,7,12,NA,12.5598438993413,20.5699099701166
2080-07-13 12:00:00,2080,7,13,NA,13.4813741675722,20.3240912086692
2080-07-14 12:00:00,2080,7,14,NA,8.54093586291662,23.0953536975557
2080-07-15 12:00:00,2080,7,15,NA,13.6187481967362,26.5064643901565
2080-07-16 12:00:00,2080,7,16,NA,12.5209965722601,26.9072396207853
2080-07-17 12:00:00,2080,7,17,NA,12.9665890208766,28.6852384868764
2080-07-18 12:00:00,2080,7,18,NA,16.2545724824447,30.6997269128017
2080-07-19 12:00:00,2080,7,19,NA,16.3161915920681,32.2652758800567
2080-07-20 12:00:00,2080,7,20,NA,18.0782859553911,26.0568301848879
2080-07-21 12:00:00,2080,7,21,NA,16.0378200661148,25.0351531537958
2080-07-22 12:00:00,2080,7,22,NA,12.5358201177061,24.6728685287299
2080-07-23 12:00:00,2080,7,23,NA,13.5803816274186,27.7160188288189
2080-07-24 12:00:00,2080,7,24,NA,17.355279460418,30.211808285679
2080-07-25 12:00:00,2080,7,25,NA,19.5117920555084,29.1187634667061
2080-07-26 12:00:00,2080,7,26,NA,20.9398560003958,32.0630849979419
2080-07-27 12:00:00,2080,7,27,NA,20.0879716197457,31.6958319211322
2080-07-28 12:00:00,2080,7,28,NA,19.0556659482839,29.1995965473759
2080-07-29 12:00:00,2080,7,29,NA,20.2748890111694,31.6308120941636
2080-07-30 12:00:00,2080,7,30,NA,19.7314944254692,21.6904305665585
2080-07-31 12:00:00,2080,7,31,NA,11.7892218854272,24.5853366326529
2080-08-01 12:00:00,2080,8,1,NA,15.8732224958743,30.4276403305133
2080-08-02 12:00:00,2080,8,2,NA,18.4107173639875,30.2650363192484
2080-08-03 12:00:00,2080,8,3,NA,18.2081865888901,30.7582668664789
2080-08-04 12:00:00,2080,8,4,NA,18.38736590485,30.4224561316868
2080-08-05 12:00:00,2080,8,5,NA,17.9594150005403,22.8308979597491
2080-08-06 12:00:00,2080,8,6,NA,16.450378610864,26.3470653175773
2080-08-07 12:00:00,2080,8,7,NA,14.9132593007029,24.5028561456759
2080-08-08 12:00:00,2080,8,8,NA,16.3465549401422,19.0384864485426
2080-08-09 12:00:00,2080,8,9,NA,14.8337596309639,20.3769573289376
2080-08-10 12:00:00,2080,8,10,NA,16.4809069886018,22.0416590077907
2080-08-11 12:00:00,2080,8,11,NA,11.9797811434661,25.5623309333583
2080-08-12 12:00:00,2080,8,12,NA,9.57976051726696,25.647484437449
2080-08-13 12:00:00,2080,8,13,NA,10.1934545459104,26.0439392730938
2080-08-14 12:00:00,2080,8,14,NA,7.76974504175873,22.9514828748851
2080-08-15 12:00:00,2080,8,15,NA,8.901218970044,22.3735251030572
2080-08-16 12:00:00,2080,8,16,NA,14.8289990886217,20.3897511078106
2080-08-17 12:00:00,2080,8,17,NA,10.818312484559,21.1659539186697
2080-08-18 12:00:00,2080,8,18,NA,14.1819682812059,26.2406779872104
2080-08-19 12:00:00,2080,8,19,NA,17.4149167178606,25.5579183766217
2080-08-20 12:00:00,2080,8,20,NA,17.1861484303105,30.9224202734143
2080-08-21 12:00:00,2080,8,21,NA,15.6945428359586,25.1263095702763
2080-08-22 12:00:00,2080,8,22,NA,16.1580090400461,26.4650329870861
2080-08-23 12:00:00,2080,8,23,NA,13.2556085721743,26.7034196326631
2080-08-24 12:00:00,2080,8,24,NA,14.0903514982727,22.2333531570338
2080-08-25 12:00:00,2080,8,25,NA,16.8179326104252,23.5998013618703
2080-08-26 12:00:00,2080,8,26,NA,15.7786246554585,22.967438730621
2080-08-27 12:00:00,2080,8,27,NA,20.1415532454912,21.9384436204164
2080-08-28 12:00:00,2080,8,28,NA,16.8763116940285,23.8930008157267
2080-08-29 12:00:00,2080,8,29,NA,16.296052337523,29.4237506773466
2080-08-30 12:00:00,2080,8,30,NA,15.6636957582669,23.9896626912954
2080-08-31 12:00:00,2080,8,31,NA,12.9796056910042,27.5106515004329
2080-09-01 12:00:00,2080,9,1,NA,16.0065523319746,27.0993139453019
2080-09-02 12:00:00,2080,9,2,NA,14.3032645651481,30.1777790677667
2080-09-03 12:00:00,2080,9,3,NA,13.6058642035228,20.2451926116472
2080-09-04 12:00:00,2080,9,4,NA,16.8858396599319,21.9472803956978
2080-09-05 12:00:00,2080,9,5,NA,16.6622672118959,30.0988283772574
2080-09-06 12:00:00,2080,9,6,NA,11.5111856512343,30.9221495765419
2080-09-07 12:00:00,2080,9,7,NA,17.2514281702851,31.1526610388477
2080-09-08 12:00:00,2080,9,8,NA,17.5778950034037,30.7394239219232
2080-09-09 12:00:00,2080,9,9,NA,14.8948852896949,32.0854131535423
2080-09-10 12:00:00,2080,9,10,NA,16.2607487981081,28.6635123217401
2080-09-11 12:00:00,2080,9,11,NA,16.4767565916395,28.8027767515397
2080-09-12 12:00:00,2080,9,12,NA,20.3346362982723,27.7591642161468
2080-09-13 12:00:00,2080,9,13,NA,20.0368228409116,27.9774028866579
2080-09-14 12:00:00,2080,9,14,NA,17.6933556420831,30.0193758019833
2080-09-15 12:00:00,2080,9,15,NA,18.1326095057256,26.9718080697256
2080-09-16 12:00:00,2080,9,16,NA,15.2182565996304,21.4127265692905
2080-09-17 12:00:00,2080,9,17,NA,17.9059552128735,24.1097415668836
2080-09-18 12:00:00,2080,9,18,NA,19.3223432944681,21.2643406852849
2080-09-19 12:00:00,2080,9,19,NA,17.4939218658401,21.1192961387421
2080-09-20 12:00:00,2080,9,20,NA,14.4452070279595,19.4513128698256
2080-09-21 12:00:00,2080,9,21,NA,10.2003056340387,21.3724255217951
2080-09-22 12:00:00,2080,9,22,NA,10.2007283881664,22.1320236394282
2080-09-23 12:00:00,2080,9,23,NA,13.0761058817458,23.989524410437
2080-09-24 12:00:00,2080,9,24,NA,10.7404846237283,21.7907353700243
2080-09-25 12:00:00,2080,9,25,NA,11.3829913251555,18.976038535124
2080-09-26 12:00:00,2080,9,26,NA,10.4240249046403,16.6657478432751
2080-09-27 12:00:00,2080,9,27,NA,9.45768030636432,19.9255136516183
2080-09-28 12:00:00,2080,9,28,NA,12.656814682948,19.6900238386628
2080-09-29 12:00:00,2080,9,29,NA,10.3546521226975,23.9462734083481
2080-09-30 12:00:00,2080,9,30,NA,11.021016756738,26.8955312593566
2080-10-01 12:00:00,2080,10,1,NA,13.7090224153851,35.1561571452794
2080-10-02 12:00:00,2080,10,2,NA,17.6415459019076,34.0902755142502
2080-10-03 12:00:00,2080,10,3,NA,17.9840782139897,33.5225744973228
2080-10-04 12:00:00,2080,10,4,NA,16.7128250539492,21.8735667805343
2080-10-05 12:00:00,2080,10,5,NA,13.8975988363434,20.3782686738275
2080-10-06 12:00:00,2080,10,6,NA,11.1702138227575,19.8114798223441
2080-10-07 12:00:00,2080,10,7,NA,9.0948756739241,20.6165576687528
2080-10-08 12:00:00,2080,10,8,NA,4.35024398942228,17.3194965913273
2080-10-09 12:00:00,2080,10,9,NA,7.91452602681228,20.3613662450449
2080-10-10 12:00:00,2080,10,10,NA,7.27780563128655,19.2534641339471
2080-10-11 12:00:00,2080,10,11,NA,13.9949594529576,19.4028236550408
2080-10-12 12:00:00,2080,10,12,NA,10.9327292345465,19.56701610593
2080-10-13 12:00:00,2080,10,13,NA,9.02804843196385,20.001880739835
2080-10-14 12:00:00,2080,10,14,NA,12.8081711271944,18.0496061281347
2080-10-15 12:00:00,2080,10,15,NA,8.99337445006146,14.4061145835712
2080-10-16 12:00:00,2080,10,16,NA,4.37244613571852,15.8564230401359
2080-10-17 12:00:00,2080,10,17,NA,11.2955608658178,16.6153653768244
2080-10-18 12:00:00,2080,10,18,NA,15.6530933250168,20.3158492208631
2080-10-19 12:00:00,2080,10,19,NA,11.0820778400186,18.979450425993
2080-10-20 12:00:00,2080,10,20,NA,11.1596297512943,18.455810595778
2080-10-21 12:00:00,2080,10,21,NA,9.89391332750462,14.2673394918334
2080-10-22 12:00:00,2080,10,22,NA,9.38594156254916,17.9631586701909
2080-10-23 12:00:00,2080,10,23,NA,5.50597526491818,23.5753528604149
2080-10-24 12:00:00,2080,10,24,NA,5.34384407402221,15.1028713083586
2080-10-25 12:00:00,2080,10,25,NA,4.4965021813349,11.8014008667412
2080-10-26 12:00:00,2080,10,26,NA,3.98356073124934,12.6375599419053
2080-10-27 12:00:00,2080,10,27,NA,9.91193370915509,17.673067887357
2080-10-28 12:00:00,2080,10,28,NA,2.78211512236548,11.2683424850239
2080-10-29 12:00:00,2080,10,29,NA,4.26980797686173,12.11688553059
2080-10-30 12:00:00,2080,10,30,NA,4.81836499994052,13.181142435217
2080-10-31 12:00:00,2080,10,31,NA,2.85774851188382,15.6288026279524
2080-11-01 12:00:00,2080,11,1,NA,-0.183651705807475,15.643315364177
2080-11-02 12:00:00,2080,11,2,NA,7.21735496813696,13.7512336225908
2080-11-03 12:00:00,2080,11,3,NA,8.70564627168178,15.8169969610917
2080-11-04 12:00:00,2080,11,4,NA,5.41017407421924,15.7719308664285
2080-11-05 12:00:00,2080,11,5,NA,1.70544198823906,11.6657946022482
2080-11-06 12:00:00,2080,11,6,NA,3.06793616246053,10.521561668274
2080-11-07 12:00:00,2080,11,7,NA,-3.16034764263111,5.96407464038869
2080-11-08 12:00:00,2080,11,8,NA,1.83248706389579,10.1953132571901
2080-11-09 12:00:00,2080,11,9,NA,2.57373805423177,9.21795054147672
2080-11-10 12:00:00,2080,11,10,NA,4.25129961788395,5.4856654410309
2080-11-11 12:00:00,2080,11,11,NA,0.792099002404156,3.33068083711043
2080-11-12 12:00:00,2080,11,12,NA,-2.41922686185867,2.53861320482319
2080-11-13 12:00:00,2080,11,13,NA,-1.07751694814654,3.37889196259238
2080-11-14 12:00:00,2080,11,14,NA,-3.49159737479605,2.37285307995069
2080-11-15 12:00:00,2080,11,15,NA,0.991643515781615,3.67660650822165
2080-11-16 12:00:00,2080,11,16,NA,7.85546844596515,10.7244120313956
2080-11-17 12:00:00,2080,11,17,NA,7.56846890327739,10.3659356446533
2080-11-18 12:00:00,2080,11,18,NA,5.27050785538824,10.0168311074133
2080-11-19 12:00:00,2080,11,19,NA,3.11808365055113,10.1932818785762
2080-11-20 12:00:00,2080,11,20,NA,-2.16302954344403,6.19979664985027
2080-11-21 12:00:00,2080,11,21,NA,-1.47399463306415,9.37767318041713
2080-11-22 12:00:00,2080,11,22,NA,1.98662193277766,13.2609598178247
2080-11-23 12:00:00,2080,11,23,NA,3.29953088413652,12.1988134889573
2080-11-24 12:00:00,2080,11,24,NA,3.65011299217268,11.4551129980506
2080-11-25 12:00:00,2080,11,25,NA,5.74615387023298,10.6156932100502
2080-11-26 12:00:00,2080,11,26,NA,3.01866817463485,9.55254682908866
2080-11-27 12:00:00,2080,11,27,NA,5.33840826991118,10.059002875521
2080-11-28 12:00:00,2080,11,28,NA,2.84692939639764,11.2698875303822
2080-11-29 12:00:00,2080,11,29,NA,5.39500864087054,13.6016915279434
2080-11-30 12:00:00,2080,11,30,NA,5.88300385576317,13.6177748722571
2080-12-01 12:00:00,2080,12,1,NA,1.66510967097888,12.649507169666
2080-12-02 12:00:00,2080,12,2,NA,3.05058675444495,11.7647462672152
2080-12-03 12:00:00,2080,12,3,NA,10.2831578093095,17.9796277146186
2080-12-04 12:00:00,2080,12,4,NA,9.68925883461874,17.9012693756213
2080-12-05 12:00:00,2080,12,5,NA,6.96727149031768,10.9194839942865
2080-12-06 12:00:00,2080,12,6,NA,9.1283937797283,13.9705966187815
2080-12-07 12:00:00,2080,12,7,NA,9.76609415716403,14.5194632759324
2080-12-08 12:00:00,2080,12,8,NA,6.99892039599859,13.1156392014283
2080-12-09 12:00:00,2080,12,9,NA,6.12489408605727,11.8800332387167
2080-12-10 12:00:00,2080,12,10,NA,7.27665197151453,14.3932117529122
2080-12-11 12:00:00,2080,12,11,NA,7.3507915056032,13.1510446438628
2080-12-12 12:00:00,2080,12,12,NA,5.24571078606189,9.60980631071295
2080-12-13 12:00:00,2080,12,13,NA,5.02639114818273,10.2249934154368
2080-12-14 12:00:00,2080,12,14,NA,4.99341492445553,8.86054020970017
2080-12-15 12:00:00,2080,12,15,NA,5.70773943050962,8.67423809359998
2080-12-16 12:00:00,2080,12,16,NA,-1.62105984026832,5.44703831024967
2080-12-17 12:00:00,2080,12,17,NA,1.40689412015405,6.50316582891885
2080-12-18 12:00:00,2080,12,18,NA,2.16051577091028,9.90856552748985
2080-12-19 12:00:00,2080,12,19,NA,-0.242761164815174,6.28106395338453
2080-12-20 12:00:00,2080,12,20,NA,-1.98149262038125,3.60883344272603
2080-12-21 12:00:00,2080,12,21,NA,2.64572968891494,5.67184761247296
2080-12-22 12:00:00,2080,12,22,NA,0.871084355595878,2.88187978279254
2080-12-23 12:00:00,2080,12,23,NA,3.81436451041971,9.61461764867934
2080-12-24 12:00:00,2080,12,24,NA,3.34549306301103,10.1169919537261
2080-12-25 12:00:00,2080,12,25,NA,4.79240900677494,12.5008965522729
2080-12-26 12:00:00,2080,12,26,NA,6.23289215577711,12.2189970833937
2080-12-27 12:00:00,2080,12,27,NA,6.1812511021856,10.2061055048512
2080-12-28 12:00:00,2080,12,28,NA,7.72145907856236,12.4676589674966
2080-12-29 12:00:00,2080,12,29,NA,9.13105114486313,15.244805702909
2080-12-30 12:00:00,2080,12,30,NA,6.70202787681358,12.7217701424326
2080-12-31 12:00:00,2080,12,31,NA,9.32757089414689,16.9733848947705
2081-01-01 12:00:00,2081,1,1,NA,7.73727419543138,14.4623360001341
2081-01-02 12:00:00,2081,1,2,NA,9.32673111893171,17.0953105461739
2081-01-03 12:00:00,2081,1,3,NA,8.77323466983176,13.5436353681261
2081-01-04 12:00:00,2081,1,4,NA,7.39947474530381,11.5014660006477
2081-01-05 12:00:00,2081,1,5,NA,5.03752820947826,10.8479272588051
2081-01-06 12:00:00,2081,1,6,NA,5.31101822114291,8.48159017300831
2081-01-07 12:00:00,2081,1,7,NA,6.63025750213582,10.8094083583373
2081-01-08 12:00:00,2081,1,8,NA,0.877835028790216,7.5293786296324
2081-01-09 12:00:00,2081,1,9,NA,3.22051228823251,7.46245203948743
2081-01-10 12:00:00,2081,1,10,NA,3.20255162389133,6.28939591400769
2081-01-11 12:00:00,2081,1,11,NA,2.09317000955119,3.26962371717192
2081-01-12 12:00:00,2081,1,12,NA,-0.543583312980197,3.06771686513916
2081-01-13 12:00:00,2081,1,13,NA,1.3265242376387,9.22563164924851
2081-01-14 12:00:00,2081,1,14,NA,1.79613153676293,3.87298444079518
2081-01-15 12:00:00,2081,1,15,NA,4.82912804713296,7.66396422501527
2081-01-16 12:00:00,2081,1,16,NA,4.66773164641011,6.01124574619846
2081-01-17 12:00:00,2081,1,17,NA,5.82429919898046,6.83023174536735
2081-01-18 12:00:00,2081,1,18,NA,3.81736892000648,4.86315756983709
2081-01-19 12:00:00,2081,1,19,NA,3.13720608699266,4.9587174508081
2081-01-20 12:00:00,2081,1,20,NA,4.47115852958128,8.75219954313773
2081-01-21 12:00:00,2081,1,21,NA,8.5948086868396,12.7897420515786
2081-01-22 12:00:00,2081,1,22,NA,7.54703899096513,14.6200566162416
2081-01-23 12:00:00,2081,1,23,NA,11.7817510385524,15.8837422938964
2081-01-24 12:00:00,2081,1,24,NA,4.56210103368548,9.25125955860447
2081-01-25 12:00:00,2081,1,25,NA,6.7489578466934,13.0850568681032
2081-01-26 12:00:00,2081,1,26,NA,6.24526033924676,13.3182779645233
2081-01-27 12:00:00,2081,1,27,NA,8.95484561910363,12.7197097665399
2081-01-28 12:00:00,2081,1,28,NA,9.68523057448552,14.0392035318928
2081-01-29 12:00:00,2081,1,29,NA,6.86723465478602,10.9303838277243
2081-01-30 12:00:00,2081,1,30,NA,4.70610391787932,9.63034357918351
2081-01-31 12:00:00,2081,1,31,NA,1.16866853040839,7.70530224809714
2081-02-01 12:00:00,2081,2,1,NA,4.2434038269943,9.15041087093186
2081-02-02 12:00:00,2081,2,2,NA,-0.0129881456423426,12.0842868518827
2081-02-03 12:00:00,2081,2,3,NA,5.74102390307283,13.4829653875107
2081-02-04 12:00:00,2081,2,4,NA,4.9996062344163,8.95198528917133
2081-02-05 12:00:00,2081,2,5,NA,2.97529380505929,6.24523154485316
2081-02-06 12:00:00,2081,2,6,NA,5.70814819771594,6.66262583427593
2081-02-07 12:00:00,2081,2,7,NA,1.47654859036998,3.35984157893563
2081-02-08 12:00:00,2081,2,8,NA,3.77150625089171,6.22565301380534
2081-02-09 12:00:00,2081,2,9,NA,4.29909330633372,5.10869840065167
2081-02-10 12:00:00,2081,2,10,NA,3.45426249699317,7.80337647772086
2081-02-11 12:00:00,2081,2,11,NA,6.42748905876938,10.4773805552276
2081-02-12 12:00:00,2081,2,12,NA,6.04466653288577,7.66015278123387
2081-02-13 12:00:00,2081,2,13,NA,6.01781101779993,9.27791364196062
2081-02-14 12:00:00,2081,2,14,NA,2.0802512162921,5.50828714071644
2081-02-15 12:00:00,2081,2,15,NA,3.09328360795149,6.35338623211218
2081-02-16 12:00:00,2081,2,16,NA,8.82761485788794,15.3717820717438
2081-02-17 12:00:00,2081,2,17,NA,10.3945544252325,15.4811262017283
2081-02-18 12:00:00,2081,2,18,NA,13.6814876565924,16.1007378056112
2081-02-19 12:00:00,2081,2,19,NA,12.4833259910586,13.6772588797717
2081-02-20 12:00:00,2081,2,20,NA,10.4304977324056,15.5911753617451
2081-02-21 12:00:00,2081,2,21,NA,7.51833057345937,16.5143835341841
2081-02-22 12:00:00,2081,2,22,NA,7.3231204352039,17.8632173640719
2081-02-23 12:00:00,2081,2,23,NA,5.44654539181885,14.8261843956497
2081-02-24 12:00:00,2081,2,24,NA,4.64387492984115,7.13458903889193
2081-02-25 12:00:00,2081,2,25,NA,3.86093065447633,8.81879524011705
2081-02-26 12:00:00,2081,2,26,NA,9.54983453124397,16.978071199608
2081-02-27 12:00:00,2081,2,27,NA,9.12250923270157,14.9299763713845
2081-02-28 12:00:00,2081,2,28,NA,8.72251821966591,19.7182769196036
2081-03-01 12:00:00,2081,3,1,NA,8.55709495685943,22.6189809921583
2081-03-02 12:00:00,2081,3,2,NA,7.71573391988513,27.4410601270902
2081-03-03 12:00:00,2081,3,3,NA,0.500904887217215,21.1488791724357
2081-03-04 12:00:00,2081,3,4,NA,1.99198676505883,20.6436877410212
2081-03-05 12:00:00,2081,3,5,NA,2.65789195049885,18.7203656711549
2081-03-06 12:00:00,2081,3,6,NA,10.1723063285569,16.1736622274484
2081-03-07 12:00:00,2081,3,7,NA,7.06540816334866,18.7964690209844
2081-03-08 12:00:00,2081,3,8,NA,5.23722741982184,19.2524742844806
2081-03-09 12:00:00,2081,3,9,NA,9.01301390738806,19.9031382536189
2081-03-10 12:00:00,2081,3,10,NA,3.42024287994857,17.9996396525321
2081-03-11 12:00:00,2081,3,11,NA,11.8605582144941,19.1397622030747
2081-03-12 12:00:00,2081,3,12,NA,7.24034878453661,16.5222710887665
2081-03-13 12:00:00,2081,3,13,NA,5.40138616968921,21.6084670328713
2081-03-14 12:00:00,2081,3,14,NA,10.6505091238445,16.8342847410507
2081-03-15 12:00:00,2081,3,15,NA,11.2364437414055,19.1577413962305
2081-03-16 12:00:00,2081,3,16,NA,7.67252308351736,17.2296626064394
2081-03-17 12:00:00,2081,3,17,NA,6.21989174017889,18.5099962542685
2081-03-18 12:00:00,2081,3,18,NA,7.62800569929461,14.77870707227
2081-03-19 12:00:00,2081,3,19,NA,4.76586993762308,18.6202870473277
2081-03-20 12:00:00,2081,3,20,NA,2.64666727936279,21.8394959650285
2081-03-21 12:00:00,2081,3,21,NA,6.8248847240805,22.1587365200574
2081-03-22 12:00:00,2081,3,22,NA,5.23936339908199,20.8068936669327
2081-03-23 12:00:00,2081,3,23,NA,4.6573273179407,18.8422916871726
2081-03-24 12:00:00,2081,3,24,NA,3.50564991500474,19.3888248477604
2081-03-25 12:00:00,2081,3,25,NA,3.84011629481778,23.3979664711247
2081-03-26 12:00:00,2081,3,26,NA,6.21673118493107,19.27586831248
2081-03-27 12:00:00,2081,3,27,NA,4.42782363299098,18.7306230491994
2081-03-28 12:00:00,2081,3,28,NA,6.46668804601322,16.515564648778
2081-03-29 12:00:00,2081,3,29,NA,5.81852104575007,7.80913630633883
2081-03-30 12:00:00,2081,3,30,NA,5.74057835989545,10.0336702293227
2081-03-31 12:00:00,2081,3,31,NA,-1.66773901362545,7.84164858553302
2081-04-01 12:00:00,2081,4,1,NA,4.11252822636291,23.0355972276799
2081-04-02 12:00:00,2081,4,2,NA,2.22688712850215,22.2006613606361
2081-04-03 12:00:00,2081,4,3,NA,0.38597486244721,17.9007410892233
2081-04-04 12:00:00,2081,4,4,NA,4.47116309648769,21.3918842385086
2081-04-05 12:00:00,2081,4,5,NA,9.21802257089167,18.5051220103847
2081-04-06 12:00:00,2081,4,6,NA,4.96972683403389,14.2225414191022
2081-04-07 12:00:00,2081,4,7,NA,6.76982581661927,12.9737865048578
2081-04-08 12:00:00,2081,4,8,NA,8.71349852952101,13.9910283598181
2081-04-09 12:00:00,2081,4,9,NA,4.99889931066974,13.3887031798001
2081-04-10 12:00:00,2081,4,10,NA,6.49183549191481,14.7472429258984
2081-04-11 12:00:00,2081,4,11,NA,7.0830506168878,17.2221709986489
2081-04-12 12:00:00,2081,4,12,NA,6.82729809898121,20.0082946335046
2081-04-13 12:00:00,2081,4,13,NA,4.40800387133985,24.3313720500981
2081-04-14 12:00:00,2081,4,14,NA,8.39902724591192,17.686126685405
2081-04-15 12:00:00,2081,4,15,NA,6.01777356735688,15.5170166237549
2081-04-16 12:00:00,2081,4,16,NA,2.28877985350838,17.5920812338835
2081-04-17 12:00:00,2081,4,17,NA,7.935346082842,28.565748112252
2081-04-18 12:00:00,2081,4,18,NA,11.2431342984008,19.5661982654431
2081-04-19 12:00:00,2081,4,19,NA,7.71492959166771,16.0947944016856
2081-04-20 12:00:00,2081,4,20,NA,4.3365461963706,12.5017598447535
2081-04-21 12:00:00,2081,4,21,NA,8.0357175372351,16.9056733177963
2081-04-22 12:00:00,2081,4,22,NA,7.97418564552641,17.5008165811321
2081-04-23 12:00:00,2081,4,23,NA,9.01424008996625,16.2468052405692
2081-04-24 12:00:00,2081,4,24,NA,6.22751154116472,15.8521580290285
2081-04-25 12:00:00,2081,4,25,NA,10.3800816397976,15.0211598269805
2081-04-26 12:00:00,2081,4,26,NA,6.04700213682637,13.3115423311124
2081-04-27 12:00:00,2081,4,27,NA,9.00134965175489,17.8627858809195
2081-04-28 12:00:00,2081,4,28,NA,9.76985853701391,17.1781186706889
2081-04-29 12:00:00,2081,4,29,NA,11.2077776829614,19.3082640155313
2081-04-30 12:00:00,2081,4,30,NA,12.6826369237354,21.5440731528999
2081-05-01 12:00:00,2081,5,1,NA,10.8608855949871,18.2525473812157
2081-05-02 12:00:00,2081,5,2,NA,11.1888209435298,20.9320693358592
2081-05-03 12:00:00,2081,5,3,NA,8.7918605710345,28.0495631458139
2081-05-04 12:00:00,2081,5,4,NA,8.63298776321673,25.1378047308009
2081-05-05 12:00:00,2081,5,5,NA,13.5633478050338,23.2953997603727
2081-05-06 12:00:00,2081,5,6,NA,10.8771487909146,20.6092007462534
2081-05-07 12:00:00,2081,5,7,NA,6.42572355620189,19.021173269637
2081-05-08 12:00:00,2081,5,8,NA,8.7864827638995,17.5967685378457
2081-05-09 12:00:00,2081,5,9,NA,10.3330794654992,11.3031371235027
2081-05-10 12:00:00,2081,5,10,NA,7.45820279972884,11.5216096257221
2081-05-11 12:00:00,2081,5,11,NA,6.87209993613454,14.6220027433142
2081-05-12 12:00:00,2081,5,12,NA,7.56075138670718,14.4592072468393
2081-05-13 12:00:00,2081,5,13,NA,9.04456510960505,15.6768605369962
2081-05-14 12:00:00,2081,5,14,NA,6.99851029668435,16.119260825883
2081-05-15 12:00:00,2081,5,15,NA,7.52575972450531,15.5462597388359
2081-05-16 12:00:00,2081,5,16,NA,0.206047865141297,22.5661475162261
2081-05-17 12:00:00,2081,5,17,NA,5.38662699510216,21.2495876543932
2081-05-18 12:00:00,2081,5,18,NA,6.90960781758105,24.8326953580179
2081-05-19 12:00:00,2081,5,19,NA,9.54277214170815,28.6584524582401
2081-05-20 12:00:00,2081,5,20,NA,8.13640545392872,19.8095003273193
2081-05-21 12:00:00,2081,5,21,NA,13.5977695108231,22.7015005632846
2081-05-22 12:00:00,2081,5,22,NA,11.7950968755627,21.6787218017802
2081-05-23 12:00:00,2081,5,23,NA,8.57867475289713,28.7063095529831
2081-05-24 12:00:00,2081,5,24,NA,8.92067524231558,27.5205433504507
2081-05-25 12:00:00,2081,5,25,NA,10.7530475745669,25.3127831175862
2081-05-26 12:00:00,2081,5,26,NA,11.3897763173884,21.3987861941003
2081-05-27 12:00:00,2081,5,27,NA,10.8963092860143,19.7814306826615
2081-05-28 12:00:00,2081,5,28,NA,12.3738148531718,18.6510149096578
2081-05-29 12:00:00,2081,5,29,NA,16.9223224174148,26.2430167984988
2081-05-30 12:00:00,2081,5,30,NA,12.5253395275711,22.0785818183341
2081-05-31 12:00:00,2081,5,31,NA,12.4867347308238,21.2622786818588
2081-06-01 12:00:00,2081,6,1,NA,11.4199410694476,18.5808004691521
2081-06-02 12:00:00,2081,6,2,NA,10.6677978075212,18.2723135610401
2081-06-03 12:00:00,2081,6,3,NA,8.11753145062276,18.5496898886512
2081-06-04 12:00:00,2081,6,4,NA,11.9030754345922,17.2582758926663
2081-06-05 12:00:00,2081,6,5,NA,10.0275824397767,20.1768787484002
2081-06-06 12:00:00,2081,6,6,NA,11.2482049120385,21.5674043707605
2081-06-07 12:00:00,2081,6,7,NA,11.8289769699315,25.5528225970575
2081-06-08 12:00:00,2081,6,8,NA,17.3482111305501,29.9494861698476
2081-06-09 12:00:00,2081,6,9,NA,15.8515005291555,30.2785003998239
2081-06-10 12:00:00,2081,6,10,NA,15.9228978745171,30.3256057779618
2081-06-11 12:00:00,2081,6,11,NA,15.4005068488759,31.8741653250215
2081-06-12 12:00:00,2081,6,12,NA,16.8471766432402,29.1443224515503
2081-06-13 12:00:00,2081,6,13,NA,17.1432421849521,28.502851158898
2081-06-14 12:00:00,2081,6,14,NA,18.0810370159522,31.9930847724137
2081-06-15 12:00:00,2081,6,15,NA,11.4012958572291,27.8767767844838
2081-06-16 12:00:00,2081,6,16,NA,12.1030154501239,23.3750545385195
2081-06-17 12:00:00,2081,6,17,NA,11.3617123605616,26.8601140016788
2081-06-18 12:00:00,2081,6,18,NA,14.5263022339912,25.8900461546481
2081-06-19 12:00:00,2081,6,19,NA,16.9404186097648,25.1987840408497
2081-06-20 12:00:00,2081,6,20,NA,10.7517704564995,29.2920018897967
2081-06-21 12:00:00,2081,6,21,NA,11.6380461364796,29.1626820223251
2081-06-22 12:00:00,2081,6,22,NA,6.34243542322344,26.885821401751
2081-06-23 12:00:00,2081,6,23,NA,15.2720781885005,25.704236626529
2081-06-24 12:00:00,2081,6,24,NA,12.5220323617421,23.4528690353053
2081-06-25 12:00:00,2081,6,25,NA,13.5846970141876,17.3661826182613
2081-06-26 12:00:00,2081,6,26,NA,19.4476501763424,21.5106398972391
2081-06-27 12:00:00,2081,6,27,NA,16.7291220567693,23.0381723810576
2081-06-28 12:00:00,2081,6,28,NA,11.6395265968078,21.9197016111175
2081-06-29 12:00:00,2081,6,29,NA,9.36992328463215,23.8004937931052
2081-06-30 12:00:00,2081,6,30,NA,6.70008916368078,23.1454986653419
2081-07-01 12:00:00,2081,7,1,NA,15.7494281707239,24.6432213445412
2081-07-02 12:00:00,2081,7,2,NA,14.7448320644418,25.1957881358742
2081-07-03 12:00:00,2081,7,3,NA,16.719725527325,28.7024511704297
2081-07-04 12:00:00,2081,7,4,NA,16.1275706701717,28.1618567370199
2081-07-05 12:00:00,2081,7,5,NA,18.7933850839439,28.723265553949
2081-07-06 12:00:00,2081,7,6,NA,18.7970391316789,26.4896370139394
2081-07-07 12:00:00,2081,7,7,NA,15.8866683596251,27.6617254474334
2081-07-08 12:00:00,2081,7,8,NA,13.4513290562283,25.9489398051346
2081-07-09 12:00:00,2081,7,9,NA,15.8075721403098,28.9449219452897
2081-07-10 12:00:00,2081,7,10,NA,13.8957803279916,33.9073751212262
2081-07-11 12:00:00,2081,7,11,NA,13.8080421156478,30.7408919037437
2081-07-12 12:00:00,2081,7,12,NA,10.0364249671744,29.0227464413982
2081-07-13 12:00:00,2081,7,13,NA,10.2261251153873,24.6890905858188
2081-07-14 12:00:00,2081,7,14,NA,11.575118474227,24.6976120874181
2081-07-15 12:00:00,2081,7,15,NA,14.4084537053192,27.6674742643352
2081-07-16 12:00:00,2081,7,16,NA,19.0088931134247,26.3295881335717
2081-07-17 12:00:00,2081,7,17,NA,18.6795299345038,26.303630868902
2081-07-18 12:00:00,2081,7,18,NA,21.0326483960764,25.8345196367988
2081-07-19 12:00:00,2081,7,19,NA,17.1810813042399,26.4333095346919
2081-07-20 12:00:00,2081,7,20,NA,17.1144096812186,26.5281100046999
2081-07-21 12:00:00,2081,7,21,NA,12.5428628911822,27.6027934953404
2081-07-22 12:00:00,2081,7,22,NA,12.4627051183737,29.8358785931213
2081-07-23 12:00:00,2081,7,23,NA,11.8666843611614,31.878279154396
2081-07-24 12:00:00,2081,7,24,NA,12.6743419574409,29.5784333402881
2081-07-25 12:00:00,2081,7,25,NA,18.0357094962105,20.9814609628129
2081-07-26 12:00:00,2081,7,26,NA,16.0866242771362,23.5094684355863
2081-07-27 12:00:00,2081,7,27,NA,16.4929418319673,25.5644943073894
2081-07-28 12:00:00,2081,7,28,NA,15.855821226475,32.4264509565023
2081-07-29 12:00:00,2081,7,29,NA,22.4556631055639,36.5762355172623
2081-07-30 12:00:00,2081,7,30,NA,21.619418724173,31.6665602589153
2081-07-31 12:00:00,2081,7,31,NA,20.5534303512132,27.4342842940056
2081-08-01 12:00:00,2081,8,1,NA,16.5807203171182,27.9303290857849
2081-08-02 12:00:00,2081,8,2,NA,17.7878315428359,30.8422356633209
2081-08-03 12:00:00,2081,8,3,NA,22.0459283324099,30.3862310359046
2081-08-04 12:00:00,2081,8,4,NA,22.0268037991672,33.163038314472
2081-08-05 12:00:00,2081,8,5,NA,19.8266194262482,30.9336553370911
2081-08-06 12:00:00,2081,8,6,NA,18.6599765977357,29.301018839562
2081-08-07 12:00:00,2081,8,7,NA,17.8616145013739,30.2756089561171
2081-08-08 12:00:00,2081,8,8,NA,21.3596456899228,27.7226208835391
2081-08-09 12:00:00,2081,8,9,NA,20.7832917151235,27.1860322234762
2081-08-10 12:00:00,2081,8,10,NA,17.7788016836206,23.8817473090343
2081-08-11 12:00:00,2081,8,11,NA,14.5326825670145,23.8550684355139
2081-08-12 12:00:00,2081,8,12,NA,14.6611252002945,25.0087666344053
2081-08-13 12:00:00,2081,8,13,NA,18.1195813399723,26.3818747536559
2081-08-14 12:00:00,2081,8,14,NA,14.6330186482462,33.8719987516194
2081-08-15 12:00:00,2081,8,15,NA,12.873686597648,26.6644521845881
2081-08-16 12:00:00,2081,8,16,NA,10.8211159747521,22.5572877168335
2081-08-17 12:00:00,2081,8,17,NA,10.5332614132339,24.0699990855537
2081-08-18 12:00:00,2081,8,18,NA,11.2888929248803,22.2906520990025
2081-08-19 12:00:00,2081,8,19,NA,10.8759019373158,20.6941722463528
2081-08-20 12:00:00,2081,8,20,NA,6.34611336737358,25.1221880762326
2081-08-21 12:00:00,2081,8,21,NA,15.3168611751871,25.5035746314112
2081-08-22 12:00:00,2081,8,22,NA,16.3980319359359,29.3706701220252
2081-08-23 12:00:00,2081,8,23,NA,12.3619123710379,24.607778476998
2081-08-24 12:00:00,2081,8,24,NA,16.3656555054212,24.4599686747211
2081-08-25 12:00:00,2081,8,25,NA,15.2915400580679,22.1332923117595
2081-08-26 12:00:00,2081,8,26,NA,14.1706996042951,18.6762607778796
2081-08-27 12:00:00,2081,8,27,NA,11.7867735587398,23.2321711898854
2081-08-28 12:00:00,2081,8,28,NA,9.98347195126329,24.651777278921
2081-08-29 12:00:00,2081,8,29,NA,10.759930487205,21.5282563847186
2081-08-30 12:00:00,2081,8,30,NA,8.68535291076823,21.2401240060854
2081-08-31 12:00:00,2081,8,31,NA,11.4188728458873,20.441179989782
2081-09-01 12:00:00,2081,9,1,NA,11.2815964551094,21.1484474028031
2081-09-02 12:00:00,2081,9,2,NA,9.96565956760088,19.9694727119085
2081-09-03 12:00:00,2081,9,3,NA,12.5213787917076,20.8788610599808
2081-09-04 12:00:00,2081,9,4,NA,12.8887536589126,21.8432053312601
2081-09-05 12:00:00,2081,9,5,NA,12.7396160243314,20.9324756442857
2081-09-06 12:00:00,2081,9,6,NA,11.7519107504586,26.8409558819357
2081-09-07 12:00:00,2081,9,7,NA,12.6179491298009,27.0374260352183
2081-09-08 12:00:00,2081,9,8,NA,8.44356572678378,24.3180802294023
2081-09-09 12:00:00,2081,9,9,NA,9.11434217544262,23.4255482777811
2081-09-10 12:00:00,2081,9,10,NA,13.5214093303999,23.7235098547645
2081-09-11 12:00:00,2081,9,11,NA,13.7015888114857,21.6159080054353
2081-09-12 12:00:00,2081,9,12,NA,9.22651572816978,20.7937042898493
2081-09-13 12:00:00,2081,9,13,NA,8.16556581160691,22.3407039010935
2081-09-14 12:00:00,2081,9,14,NA,10.0135324599777,19.8093512749212
2081-09-15 12:00:00,2081,9,15,NA,11.3234536019859,21.9602114234445
2081-09-16 12:00:00,2081,9,16,NA,11.4802923388346,19.6062723423548
2081-09-17 12:00:00,2081,9,17,NA,12.693971860747,21.3097214209566
2081-09-18 12:00:00,2081,9,18,NA,11.8630604770951,20.0649084713618
2081-09-19 12:00:00,2081,9,19,NA,11.7562262882256,21.3699576534215
2081-09-20 12:00:00,2081,9,20,NA,7.29856606277337,21.6097721651118
2081-09-21 12:00:00,2081,9,21,NA,8.31031599828421,22.2980303373103
2081-09-22 12:00:00,2081,9,22,NA,6.97450929834501,22.2213989454864
2081-09-23 12:00:00,2081,9,23,NA,6.06089284820337,21.2405744261229
2081-09-24 12:00:00,2081,9,24,NA,12.2606699861161,21.7270395756032
2081-09-25 12:00:00,2081,9,25,NA,10.2203111324094,23.0977768278661
2081-09-26 12:00:00,2081,9,26,NA,13.2426476917574,20.6671756096318
2081-09-27 12:00:00,2081,9,27,NA,12.5143874162866,24.9080616773498
2081-09-28 12:00:00,2081,9,28,NA,13.590214564701,19.8093276717951
2081-09-29 12:00:00,2081,9,29,NA,14.3841178441195,20.1417400930305
2081-09-30 12:00:00,2081,9,30,NA,14.4708237057173,21.0126605615817
2081-10-01 12:00:00,2081,10,1,NA,9.48776304233733,23.6629011318239
2081-10-02 12:00:00,2081,10,2,NA,10.4912428278485,20.8884931058937
2081-10-03 12:00:00,2081,10,3,NA,13.8297494498071,23.1691618697323
2081-10-04 12:00:00,2081,10,4,NA,17.5625229497861,20.9731528434646
2081-10-05 12:00:00,2081,10,5,NA,16.4840070772141,21.8359247302267
2081-10-06 12:00:00,2081,10,6,NA,15.6837224868305,27.570219337636
2081-10-07 12:00:00,2081,10,7,NA,17.3304813303393,24.5830830803794
2081-10-08 12:00:00,2081,10,8,NA,16.4360104601994,23.7001206810647
2081-10-09 12:00:00,2081,10,9,NA,10.5816754072472,16.9044037829181
2081-10-10 12:00:00,2081,10,10,NA,11.5659181009411,17.6336685815255
2081-10-11 12:00:00,2081,10,11,NA,7.6462734576187,16.2897463916803
2081-10-12 12:00:00,2081,10,12,NA,8.65159461115693,15.2008440268201
2081-10-13 12:00:00,2081,10,13,NA,9.72638031124905,14.0147054769017
2081-10-14 12:00:00,2081,10,14,NA,10.3906605171117,14.7008540843765
2081-10-15 12:00:00,2081,10,15,NA,8.36707758004142,17.4601509452443
2081-10-16 12:00:00,2081,10,16,NA,9.26398121975902,18.9924014311393
2081-10-17 12:00:00,2081,10,17,NA,10.507199988691,20.0421300241742
2081-10-18 12:00:00,2081,10,18,NA,10.9387299577523,19.4917151508665
2081-10-19 12:00:00,2081,10,19,NA,7.62060085661391,20.5840076606044
2081-10-20 12:00:00,2081,10,20,NA,8.54863173555439,23.5338430358634
2081-10-21 12:00:00,2081,10,21,NA,4.21985962756446,22.0660758935354
2081-10-22 12:00:00,2081,10,22,NA,8.67549467960626,20.5122515834472
2081-10-23 12:00:00,2081,10,23,NA,9.52593969651462,25.7244481517518
2081-10-24 12:00:00,2081,10,24,NA,11.2948285138905,25.1693654899846
2081-10-25 12:00:00,2081,10,25,NA,10.1555728398927,17.6267381994054
2081-10-26 12:00:00,2081,10,26,NA,7.15894789426188,14.9570647051897
2081-10-27 12:00:00,2081,10,27,NA,2.28408062521142,12.0080603065391
2081-10-28 12:00:00,2081,10,28,NA,3.11042974481963,10.5630022098662
2081-10-29 12:00:00,2081,10,29,NA,-0.403039543032605,12.8537238470579
2081-10-30 12:00:00,2081,10,30,NA,-1.31960169120344,12.7926123198607
2081-10-31 12:00:00,2081,10,31,NA,1.6182376204477,11.1427432542948
2081-11-01 12:00:00,2081,11,1,NA,0.821821707053763,12.3955088120056
2081-11-02 12:00:00,2081,11,2,NA,1.85303001912937,9.65803002500728
2081-11-03 12:00:00,2081,11,3,NA,2.5797942029624,12.3140152995041
2081-11-04 12:00:00,2081,11,4,NA,4.59451956881933,9.16503388195244
2081-11-05 12:00:00,2081,11,5,NA,3.92590377926914,9.53376635988241
2081-11-06 12:00:00,2081,11,6,NA,7.89926269956695,9.65075216705312
2081-11-07 12:00:00,2081,11,7,NA,5.48715956319626,8.39275801236992
2081-11-08 12:00:00,2081,11,8,NA,8.76475918244037,10.6288605713747
2081-11-09 12:00:00,2081,11,9,NA,8.96429578404741,13.3550971821638
2081-11-10 12:00:00,2081,11,10,NA,4.55148125487954,14.6874088290389
2081-11-11 12:00:00,2081,11,11,NA,7.1980835441809,11.7062618733421
2081-11-12 12:00:00,2081,11,12,NA,6.51899607115645,14.0504644926556
2081-11-13 12:00:00,2081,11,13,NA,4.97465706170691,11.6659173172085
2081-11-14 12:00:00,2081,11,14,NA,3.16364182780444,13.2995694019637
2081-11-15 12:00:00,2081,11,15,NA,4.85164217843029,18.4686671148262
2081-11-16 12:00:00,2081,11,16,NA,6.7401149225812,19.7039504241847
2081-11-17 12:00:00,2081,11,17,NA,10.8443431273109,12.876756357655
2081-11-18 12:00:00,2081,11,18,NA,11.707754026621,17.3855028720159
2081-11-19 12:00:00,2081,11,19,NA,8.15185184333352,14.1056185797487
2081-11-20 12:00:00,2081,11,20,NA,7.45923437876253,19.3555635491826
2081-11-21 12:00:00,2081,11,21,NA,4.58552961842279,17.467936238994
2081-11-22 12:00:00,2081,11,22,NA,7.35668745766288,10.1692601618925
2081-11-23 12:00:00,2081,11,23,NA,4.64128526240529,7.35839253268093
2081-11-24 12:00:00,2081,11,24,NA,5.84323222114337,8.67502371572019
2081-11-25 12:00:00,2081,11,25,NA,4.74023277190676,8.47455258755771
2081-11-26 12:00:00,2081,11,26,NA,2.95525385277106,7.67551707415603
2081-11-27 12:00:00,2081,11,27,NA,3.89293180271129,6.60347397300674
2081-11-28 12:00:00,2081,11,28,NA,5.05437916317808,8.57614075896931
2081-11-29 12:00:00,2081,11,29,NA,6.37851550301118,10.1126663487441
2081-11-30 12:00:00,2081,11,30,NA,6.1744669707219,10.920790222747
2081-12-01 12:00:00,2081,12,1,NA,6.79986641400547,14.3143886316094
2081-12-02 12:00:00,2081,12,2,NA,6.29637155025108,12.8277736079128
2081-12-03 12:00:00,2081,12,3,NA,7.31376473420581,10.3600190291106
2081-12-04 12:00:00,2081,12,4,NA,7.33827491279599,11.3197483702014
2081-12-05 12:00:00,2081,12,5,NA,5.10922670844061,10.0847503344042
2081-12-06 12:00:00,2081,12,6,NA,6.42057395802319,9.52129467348593
2081-12-07 12:00:00,2081,12,7,NA,7.29779324250774,10.3329076454922
2081-12-08 12:00:00,2081,12,8,NA,7.82200615577202,11.0692151571492
2081-12-09 12:00:00,2081,12,9,NA,2.58033030625755,12.5718632972108
2081-12-10 12:00:00,2081,12,10,NA,7.01030318147032,15.2223137224728
2081-12-11 12:00:00,2081,12,11,NA,10.6492584343947,18.2548566742944
2081-12-12 12:00:00,2081,12,12,NA,9.78955552459031,16.7165368046948
2081-12-13 12:00:00,2081,12,13,NA,7.06433591354617,17.2573166541759
2081-12-14 12:00:00,2081,12,14,NA,6.25728016715295,20.4828627286628
2081-12-15 12:00:00,2081,12,15,NA,7.24666855606529,16.8046116784001
2081-12-16 12:00:00,2081,12,16,NA,7.29814785330542,15.8588867933012
2081-12-17 12:00:00,2081,12,17,NA,6.32107983888127,16.4580209308797
2081-12-18 12:00:00,2081,12,18,NA,8.20668879446496,14.9996917417348
2081-12-19 12:00:00,2081,12,19,NA,11.6384069123415,14.5008648438839
2081-12-20 12:00:00,2081,12,20,NA,8.06275957673725,14.2208727671106
2081-12-21 12:00:00,2081,12,21,NA,8.22926929547906,10.5533207197521
2081-12-22 12:00:00,2081,12,22,NA,7.23924114388796,9.27615418710039
2081-12-23 12:00:00,2081,12,23,NA,4.67374438857283,11.7991820142252
2081-12-24 12:00:00,2081,12,24,NA,7.25012210697799,13.3592569850647
2081-12-25 12:00:00,2081,12,25,NA,5.83797107847073,8.78108911103731
2081-12-26 12:00:00,2081,12,26,NA,2.15984141084541,10.3171439405117
2081-12-27 12:00:00,2081,12,27,NA,5.09184456884114,9.31484556507051
2081-12-28 12:00:00,2081,12,28,NA,7.64898527686166,11.7253674334222
2081-12-29 12:00:00,2081,12,29,NA,5.14453685743062,12.3931639644365
2081-12-30 12:00:00,2081,12,30,NA,2.05914620430638,6.62052117482846
2081-12-31 12:00:00,2081,12,31,NA,3.56591184372154,11.7779223847241
2082-01-01 12:00:00,2082,1,1,NA,3.176357462235,10.9712254308739
2082-01-02 12:00:00,2082,1,2,NA,2.92640890100224,6.8019240331727
2082-01-03 12:00:00,2082,1,3,NA,4.39499236434478,10.1429940760715
2082-01-04 12:00:00,2082,1,4,NA,4.7854600811834,11.117539808522
2082-01-05 12:00:00,2082,1,5,NA,6.51438460972564,11.8456973357789
2082-01-06 12:00:00,2082,1,6,NA,6.72602924674181,10.6998639900759
2082-01-07 12:00:00,2082,1,7,NA,7.3454098188987,12.082679599631
2082-01-08 12:00:00,2082,1,8,NA,7.40751026320947,9.4347718969642
2082-01-09 12:00:00,2082,1,9,NA,-3.30623620910033,1.30321522770127
2082-01-10 12:00:00,2082,1,10,NA,-3.96741473101337,4.15952216035255
2082-01-11 12:00:00,2082,1,11,NA,-1.60378005329386,10.0891944818072
2082-01-12 12:00:00,2082,1,12,NA,3.45602462213706,15.0952453294859
2082-01-13 12:00:00,2082,1,13,NA,4.56679623817648,13.0518560559289
2082-01-14 12:00:00,2082,1,14,NA,4.78605641899415,7.92102828126097
2082-01-15 12:00:00,2082,1,15,NA,3.77351768936629,9.89885799279326
2082-01-16 12:00:00,2082,1,16,NA,5.02929329812591,9.83240791649147
2082-01-17 12:00:00,2082,1,17,NA,3.83666497636629,8.34163340966705
2082-01-18 12:00:00,2082,1,18,NA,2.11160053402582,8.48634662290052
2082-01-19 12:00:00,2082,1,19,NA,3.77320408622894,6.50737547438415
2082-01-20 12:00:00,2082,1,20,NA,3.66474981036918,6.37550717460555
2082-01-21 12:00:00,2082,1,21,NA,-0.169491126173614,5.28835636372998
2082-01-22 12:00:00,2082,1,22,NA,-4.98249874359773,1.42088254002474
2082-01-23 12:00:00,2082,1,23,NA,-0.36801938008921,8.00055874895559
2082-01-24 12:00:00,2082,1,24,NA,-1.37483371247872,5.85174086815678
2082-01-25 12:00:00,2082,1,25,NA,-2.07901032611512,8.00441585794298
2082-01-26 12:00:00,2082,1,26,NA,1.86297296703535,7.19428569308862
2082-01-27 12:00:00,2082,1,27,NA,-3.12058300641665,1.36510959740313
2082-01-28 12:00:00,2082,1,28,NA,0.742720895608581,5.24768932890934
2082-01-29 12:00:00,2082,1,29,NA,4.34559540815182,10.6155546125423
2082-01-30 12:00:00,2082,1,30,NA,5.32898462877983,12.4083467172254
2082-01-31 12:00:00,2082,1,31,NA,4.68154635728644,11.0202456995244
2082-02-01 12:00:00,2082,2,1,NA,1.50280518267706,5.16241339723289
2082-02-02 12:00:00,2082,2,2,NA,-0.243832680764952,6.51937154962834
2082-02-03 12:00:00,2082,2,3,NA,3.30992882176251,5.73597623902456
2082-02-04 12:00:00,2082,2,4,NA,2.87591899417348,5.45777944269856
2082-02-05 12:00:00,2082,2,5,NA,-1.20471285887916,2.82710376384323
2082-02-06 12:00:00,2082,2,6,NA,-5.81153943270087,2.21114385754525
2082-02-07 12:00:00,2082,2,7,NA,-6.26392146928325,3.01204387411118
2082-02-08 12:00:00,2082,2,8,NA,-4.75612740004657,0.96833377293874
2082-02-09 12:00:00,2082,2,9,NA,-4.58439157169459,0.373473013946136
2082-02-10 12:00:00,2082,2,10,NA,-3.00708692713402,3.60019318999201
2082-02-11 12:00:00,2082,2,11,NA,-0.633168790880703,7.15665594892967
2082-02-12 12:00:00,2082,2,12,NA,1.55894683407346,10.5631737644884
2082-02-13 12:00:00,2082,2,13,NA,6.83695789464751,11.875206137554
2082-02-14 12:00:00,2082,2,14,NA,4.99285247667112,12.2824122901465
2082-02-15 12:00:00,2082,2,15,NA,6.74587325934683,10.9393345763783
2082-02-16 12:00:00,2082,2,16,NA,4.23673307370099,8.37135654375296
2082-02-17 12:00:00,2082,2,17,NA,4.50814668835235,7.14581754435408
2082-02-18 12:00:00,2082,2,18,NA,4.62050627654479,7.19435074542435
2082-02-19 12:00:00,2082,2,19,NA,5.10202286513994,10.2627004944794
2082-02-20 12:00:00,2082,2,20,NA,2.36487752264082,7.23779879161324
2082-02-21 12:00:00,2082,2,21,NA,-0.812282664205186,4.01895465056255
2082-02-22 12:00:00,2082,2,22,NA,-2.51976499410438,6.98605456133721
2082-02-23 12:00:00,2082,2,23,NA,1.75304057160381,4.81141601844366
2082-02-24 12:00:00,2082,2,24,NA,-1.06255652758547,2.34317515981227
2082-02-25 12:00:00,2082,2,25,NA,-1.91216073309833,6.59857734164973
2082-02-26 12:00:00,2082,2,26,NA,-0.579786599743832,3.86892391339469
2082-02-27 12:00:00,2082,2,27,NA,-2.289691925484,1.74015058219442
2082-02-28 12:00:00,2082,2,28,NA,-0.952703700634448,4.99897502603381
2082-03-01 12:00:00,2082,3,1,NA,-2.72401512996019,4.11228710887259
2082-03-02 12:00:00,2082,3,2,NA,-3.12654782269167,8.35068208326352
2082-03-03 12:00:00,2082,3,3,NA,-0.996177023765438,2.17593102995542
2082-03-04 12:00:00,2082,3,4,NA,-1.34387442895102,5.91039651329192
2082-03-05 12:00:00,2082,3,5,NA,-3.65621762986466,8.25406175753325
2082-03-06 12:00:00,2082,3,6,NA,2.25528823065277,6.522448735191
2082-03-07 12:00:00,2082,3,7,NA,0.581424675352141,10.630301278117
2082-03-08 12:00:00,2082,3,8,NA,0.268831876214271,8.35528358543458
2082-03-09 12:00:00,2082,3,9,NA,-1.48274188231408,9.67411926819591
2082-03-10 12:00:00,2082,3,10,NA,-4.81529897290867,9.73823712356627
2082-03-11 12:00:00,2082,3,11,NA,-0.792824645884939,8.27333353154937
2082-03-12 12:00:00,2082,3,12,NA,-3.18195619376073,14.5881966945851
2082-03-13 12:00:00,2082,3,13,NA,-1.33835035040007,9.4504125192492
2082-03-14 12:00:00,2082,3,14,NA,-3.54178364463277,10.8101236462801
2082-03-15 12:00:00,2082,3,15,NA,-4.9390948999343,12.8310579884116
2082-03-16 12:00:00,2082,3,16,NA,-5.19144095903783,12.6944454470969
2082-03-17 12:00:00,2082,3,17,NA,-4.1287970176969,9.83681995820197
2082-03-18 12:00:00,2082,3,18,NA,5.44039068567054,11.4307257453752
2082-03-19 12:00:00,2082,3,19,NA,5.17742586556698,10.9058338067484
2082-03-20 12:00:00,2082,3,20,NA,4.84716888994571,11.0335800050129
2082-03-21 12:00:00,2082,3,21,NA,0.738604290723048,12.4696651483588
2082-03-22 12:00:00,2082,3,22,NA,-4.77754845268447,11.3901731534146
2082-03-23 12:00:00,2082,3,23,NA,2.4952454001799,16.2035828743558
2082-03-24 12:00:00,2082,3,24,NA,9.09239980727634,15.5187033047819
2082-03-25 12:00:00,2082,3,25,NA,2.76040098949813,9.55606924013758
2082-03-26 12:00:00,2082,3,26,NA,-0.579915150049295,15.0622333457104
2082-03-27 12:00:00,2082,3,27,NA,5.60497238160501,16.109287385187
2082-03-28 12:00:00,2082,3,28,NA,2.43279142563804,16.7145756591186
2082-03-29 12:00:00,2082,3,29,NA,2.48095801666827,13.6583793187044
2082-03-30 12:00:00,2082,3,30,NA,1.86453795676824,12.3688529603502
2082-03-31 12:00:00,2082,3,31,NA,3.04873888387169,17.1518342115096
2082-04-01 12:00:00,2082,4,1,NA,9.09363555383534,21.3260408654417
2082-04-02 12:00:00,2082,4,2,NA,3.86720578231384,22.0570544998389
2082-04-03 12:00:00,2082,4,3,NA,4.79668416206292,21.8048312970549
2082-04-04 12:00:00,2082,4,4,NA,6.18640692218427,13.6192082053105
2082-04-05 12:00:00,2082,4,5,NA,5.88301108419401,18.0576801349791
2082-04-06 12:00:00,2082,4,6,NA,1.176946162308,18.0758056098139
2082-04-07 12:00:00,2082,4,7,NA,1.48993245861985,21.1020343472439
2082-04-08 12:00:00,2082,4,8,NA,2.92252990879139,14.4982385740596
2082-04-09 12:00:00,2082,4,9,NA,-2.27303390278861,16.8993551773231
2082-04-10 12:00:00,2082,4,10,NA,2.70034420281503,17.339484315345
2082-04-11 12:00:00,2082,4,11,NA,2.13059974646569,18.0839144406265
2082-04-12 12:00:00,2082,4,12,NA,5.78643597528418,16.9925044482561
2082-04-13 12:00:00,2082,4,13,NA,6.60867491742737,17.4426561445358
2082-04-14 12:00:00,2082,4,14,NA,4.31564513160004,20.0472587257758
2082-04-15 12:00:00,2082,4,15,NA,7.35862961940129,19.5299888112715
2082-04-16 12:00:00,2082,4,16,NA,10.857865879892,18.2558485129431
2082-04-17 12:00:00,2082,4,17,NA,8.38721161821082,16.7770154873411
2082-04-18 12:00:00,2082,4,18,NA,8.0945880425614,16.4744528525793
2082-04-19 12:00:00,2082,4,19,NA,10.2134996371514,17.793448343727
2082-04-20 12:00:00,2082,4,20,NA,14.6383691188249,21.7600997672767
2082-04-21 12:00:00,2082,4,21,NA,8.74606059158607,15.7191364105501
2082-04-22 12:00:00,2082,4,22,NA,7.46075062553238,20.9641135044283
2082-04-23 12:00:00,2082,4,23,NA,11.031376066489,23.043801743727
2082-04-24 12:00:00,2082,4,24,NA,10.779527380632,18.8954513566932
2082-04-25 12:00:00,2082,4,25,NA,7.71505215679657,25.8514521354776
2082-04-26 12:00:00,2082,4,26,NA,6.26603746175874,24.854641394221
2082-04-27 12:00:00,2082,4,27,NA,0.935504216765494,22.1654273433872
2082-04-28 12:00:00,2082,4,28,NA,-5.50470654715761,22.4454082774498
2082-04-29 12:00:00,2082,4,29,NA,0.330377190267257,19.7276328091102
2082-04-30 12:00:00,2082,4,30,NA,-0.964828747786692,21.0122555897079
2082-05-01 12:00:00,2082,5,1,NA,0.570579851932608,20.5127284000527
2082-05-02 12:00:00,2082,5,2,NA,3.42277724946179,17.0087358413602
2082-05-03 12:00:00,2082,5,3,NA,5.14247696870257,19.6738343377926
2082-05-04 12:00:00,2082,5,4,NA,13.4058302832935,23.7089239645357
2082-05-05 12:00:00,2082,5,5,NA,15.1341546885393,22.2217539769772
2082-05-06 12:00:00,2082,5,6,NA,15.1098126776002,22.9534477188991
2082-05-07 12:00:00,2082,5,7,NA,14.1022345322898,24.0847652543028
2082-05-08 12:00:00,2082,5,8,NA,12.1406458466829,24.7319855431972
2082-05-09 12:00:00,2082,5,9,NA,13.0465555021155,23.4590857461481
2082-05-10 12:00:00,2082,5,10,NA,14.7023323564929,28.3010394482934
2082-05-11 12:00:00,2082,5,11,NA,14.3524431419401,21.3940429230063
2082-05-12 12:00:00,2082,5,12,NA,14.0563979917088,25.6830343268668
2082-05-13 12:00:00,2082,5,13,NA,15.6451286315031,21.5699688595236
2082-05-14 12:00:00,2082,5,14,NA,10.8372634511742,22.4635733454835
2082-05-15 12:00:00,2082,5,15,NA,12.5880746497486,21.4635196674569
2082-05-16 12:00:00,2082,5,16,NA,11.7540339924493,20.6444744669514
2082-05-17 12:00:00,2082,5,17,NA,12.2564153471836,18.0972292601371
2082-05-18 12:00:00,2082,5,18,NA,11.984244725263,19.0296770970656
2082-05-19 12:00:00,2082,5,19,NA,8.96776057254199,14.8511447720711
2082-05-20 12:00:00,2082,5,20,NA,9.02850266127918,14.8479478229877
2082-05-21 12:00:00,2082,5,21,NA,14.513846476083,17.4239393789498
2082-05-22 12:00:00,2082,5,22,NA,11.2015848347424,21.0446057855352
2082-05-23 12:00:00,2082,5,23,NA,12.5011494540498,21.3120520712181
2082-05-24 12:00:00,2082,5,24,NA,13.5907002345157,24.7950940491451
2082-05-25 12:00:00,2082,5,25,NA,13.0945202056913,27.862423832107
2082-05-26 12:00:00,2082,5,26,NA,15.3935897662139,31.1112447910299
2082-05-27 12:00:00,2082,5,27,NA,14.6610167220717,32.1816939923208
2082-05-28 12:00:00,2082,5,28,NA,13.1313372909671,26.2491884781226
2082-05-29 12:00:00,2082,5,29,NA,16.3377062635224,23.8348792084668
2082-05-30 12:00:00,2082,5,30,NA,16.7910858791486,28.4173957734579
2082-05-31 12:00:00,2082,5,31,NA,17.9003925135583,25.7041571984823
2082-06-01 12:00:00,2082,6,1,NA,18.6612897680763,23.5380835363634
2082-06-02 12:00:00,2082,6,2,NA,17.8522343991483,22.9747606750431
2082-06-03 12:00:00,2082,6,3,NA,16.9095582864053,23.3358222243576
2082-06-04 12:00:00,2082,6,4,NA,13.6913039654132,18.6268502754179
2082-06-05 12:00:00,2082,6,5,NA,10.842459337834,17.9725793980854
2082-06-06 12:00:00,2082,6,6,NA,9.12440070059801,22.3261821797626
2082-06-07 12:00:00,2082,6,7,NA,12.1784333675924,20.4048543411536
2082-06-08 12:00:00,2082,6,8,NA,16.558508131681,22.7010598246594
2082-06-09 12:00:00,2082,6,9,NA,11.7158194192487,17.9073584516356
2082-06-10 12:00:00,2082,6,10,NA,11.0011750169924,20.2980806371424
2082-06-11 12:00:00,2082,6,11,NA,14.6655986962215,23.8343456633986
2082-06-12 12:00:00,2082,6,12,NA,15.25604569875,29.7469414297478
2082-06-13 12:00:00,2082,6,13,NA,14.1860828704507,25.5498267911076
2082-06-14 12:00:00,2082,6,14,NA,13.1880858674901,27.196855640217
2082-06-15 12:00:00,2082,6,15,NA,13.4527821634788,21.5963340847569
2082-06-16 12:00:00,2082,6,16,NA,17.0572496826259,23.2559159031292
2082-06-17 12:00:00,2082,6,17,NA,14.5446588689338,20.6872105619123
2082-06-18 12:00:00,2082,6,18,NA,10.2062596258394,24.220614764772
2082-06-19 12:00:00,2082,6,19,NA,9.73100891029531,23.9012920436137
2082-06-20 12:00:00,2082,6,20,NA,9.36661434340522,23.8189944744342
2082-06-21 12:00:00,2082,6,21,NA,6.79211991118111,21.7696484371571
2082-06-22 12:00:00,2082,6,22,NA,5.41881594391745,22.937014608788
2082-06-23 12:00:00,2082,6,23,NA,7.80975590054098,24.317860673052
2082-06-24 12:00:00,2082,6,24,NA,13.3637863742847,24.6022789200044
2082-06-25 12:00:00,2082,6,25,NA,15.3106013082408,30.7898756366206
2082-06-26 12:00:00,2082,6,26,NA,13.8662308765061,30.4266231059309
2082-06-27 12:00:00,2082,6,27,NA,20.4070511724204,27.6366937999785
2082-06-28 12:00:00,2082,6,28,NA,18.472710831588,27.7206002496647
2082-06-29 12:00:00,2082,6,29,NA,15.6305182243098,22.0567821622622
2082-06-30 12:00:00,2082,6,30,NA,12.2447942965475,23.4718569500709
2082-07-01 12:00:00,2082,7,1,NA,16.0686112946225,27.7209895639762
2082-07-02 12:00:00,2082,7,2,NA,16.976714477475,22.9579780545441
2082-07-03 12:00:00,2082,7,3,NA,18.0054059563327,24.0894580617356
2082-07-04 12:00:00,2082,7,4,NA,18.3803662618135,24.3361207398243
2082-07-05 12:00:00,2082,7,5,NA,19.0164561105753,28.8965907206299
2082-07-06 12:00:00,2082,7,6,NA,18.6447233912966,27.1780313309655
2082-07-07 12:00:00,2082,7,7,NA,15.9670773457538,26.4898498600901
2082-07-08 12:00:00,2082,7,8,NA,16.3733246004293,30.1671902483824
2082-07-09 12:00:00,2082,7,9,NA,14.5527733484918,27.0503840973981
2082-07-10 12:00:00,2082,7,10,NA,16.8791142310428,21.5935180121684
2082-07-11 12:00:00,2082,7,11,NA,15.0062264424223,21.0266721190312
2082-07-12 12:00:00,2082,7,12,NA,4.14973921873931,24.4233130771465
2082-07-13 12:00:00,2082,7,13,NA,8.40422950815665,25.3122875445383
2082-07-14 12:00:00,2082,7,14,NA,10.4247284793729,19.8043751686278
2082-07-15 12:00:00,2082,7,15,NA,10.2904444103732,25.3235368592083
2082-07-16 12:00:00,2082,7,16,NA,11.6962159793011,23.3671557048576
2082-07-17 12:00:00,2082,7,17,NA,6.42028285119343,26.0974392444566
2082-07-18 12:00:00,2082,7,18,NA,8.94971091075417,28.9613057039888
2082-07-19 12:00:00,2082,7,19,NA,13.8638739044696,27.8454359938089
2082-07-20 12:00:00,2082,7,20,NA,14.2418951053522,29.3592369773863
2082-07-21 12:00:00,2082,7,21,NA,15.921922030176,27.0326484155805
2082-07-22 12:00:00,2082,7,22,NA,16.8722700567265,28.3667714459922
2082-07-23 12:00:00,2082,7,23,NA,16.7135991553228,34.0674404991887
2082-07-24 12:00:00,2082,7,24,NA,18.8846088081412,29.8591350700994
2082-07-25 12:00:00,2082,7,25,NA,16.8158431904496,32.9686798571256
2082-07-26 12:00:00,2082,7,26,NA,17.3839941574252,25.8971697120191
2082-07-27 12:00:00,2082,7,27,NA,14.702914759724,27.1468222634367
2082-07-28 12:00:00,2082,7,28,NA,16.9213146034147,24.8815268520599
2082-07-29 12:00:00,2082,7,29,NA,12.6281508690135,26.9767268632545
2082-07-30 12:00:00,2082,7,30,NA,15.433012418403,26.7319126212841
2082-07-31 12:00:00,2082,7,31,NA,14.1545349371991,25.6490363264649
2082-08-01 12:00:00,2082,8,1,NA,12.9702831385066,22.6283470138672
2082-08-02 12:00:00,2082,8,2,NA,9.43983860806761,25.5820196802607
2082-08-03 12:00:00,2082,8,3,NA,7.95069495853405,26.726769667393
2082-08-04 12:00:00,2082,8,4,NA,8.05642839733506,28.4404545451031
2082-08-05 12:00:00,2082,8,5,NA,11.8559035454494,29.0215042543251
2082-08-06 12:00:00,2082,8,6,NA,13.7932115271162,27.3441079776851
2082-08-07 12:00:00,2082,8,7,NA,13.1995345471077,24.876003587719
2082-08-08 12:00:00,2082,8,8,NA,18.5468653526968,30.2491233908229
2082-08-09 12:00:00,2082,8,9,NA,19.2118475787884,30.5878655518476
2082-08-10 12:00:00,2082,8,10,NA,15.3130639245357,24.3034801668197
2082-08-11 12:00:00,2082,8,11,NA,11.1777590450165,25.1081793816405
2082-08-12 12:00:00,2082,8,12,NA,12.9698999407273,25.6956264630293
2082-08-13 12:00:00,2082,8,13,NA,14.5007617956307,25.9461594267763
2082-08-14 12:00:00,2082,8,14,NA,14.0754188176855,27.16886692256
2082-08-15 12:00:00,2082,8,15,NA,11.2455043613129,24.7019368433168
2082-08-16 12:00:00,2082,8,16,NA,11.814641408591,23.5135252074255
2082-08-17 12:00:00,2082,8,17,NA,13.6341554005907,27.0819664610795
2082-08-18 12:00:00,2082,8,18,NA,16.4223165893332,24.5703744946982
2082-08-19 12:00:00,2082,8,19,NA,13.1537967894786,23.0587975163705
2082-08-20 12:00:00,2082,8,20,NA,16.5168027550322,22.9256125159304
2082-08-21 12:00:00,2082,8,21,NA,15.0287811772053,22.2005104387745
2082-08-22 12:00:00,2082,8,22,NA,14.4065733056681,23.5134463616775
2082-08-23 12:00:00,2082,8,23,NA,10.7820623153802,23.756543043675
2082-08-24 12:00:00,2082,8,24,NA,10.1948421993001,23.651274681304
2082-08-25 12:00:00,2082,8,25,NA,12.1626320649135,24.7287164119279
2082-08-26 12:00:00,2082,8,26,NA,11.3377760090082,23.0233275536198
2082-08-27 12:00:00,2082,8,27,NA,11.8741309908008,20.9637817019969
2082-08-28 12:00:00,2082,8,28,NA,8.95670253832238,22.6973895285038
2082-08-29 12:00:00,2082,8,29,NA,14.1529250033524,23.46821922925
2082-08-30 12:00:00,2082,8,30,NA,7.94946801146392,23.5154227833807
2082-08-31 12:00:00,2082,8,31,NA,10.1505564094701,28.1383418752186
2082-09-01 12:00:00,2082,9,1,NA,11.2977652201243,23.1620666205089
2082-09-02 12:00:00,2082,9,2,NA,15.9680124270709,24.8130324975523
2082-09-03 12:00:00,2082,9,3,NA,12.2836330371004,19.713184171525
2082-09-04 12:00:00,2082,9,4,NA,11.3800235005204,19.5461795205111
2082-09-05 12:00:00,2082,9,5,NA,12.9475803632249,21.3050626314981
2082-09-06 12:00:00,2082,9,6,NA,11.6474583573649,22.5608768860561
2082-09-07 12:00:00,2082,9,7,NA,13.1577409410697,21.6827332319233
2082-09-08 12:00:00,2082,9,8,NA,10.705939739099,22.2731283007785
2082-09-09 12:00:00,2082,9,9,NA,9.99317371853698,19.7214613880624
2082-09-10 12:00:00,2082,9,10,NA,11.5148349023968,18.434544716328
2082-09-11 12:00:00,2082,9,11,NA,12.4727138914489,21.3119124554489
2082-09-12 12:00:00,2082,9,12,NA,9.3327809900047,26.1388330601109
2082-09-13 12:00:00,2082,9,13,NA,7.96779074106854,24.0323959724572
2082-09-14 12:00:00,2082,9,14,NA,8.95474420935706,25.0193494407458
2082-09-15 12:00:00,2082,9,15,NA,9.87014594292362,18.0913496399222
2082-09-16 12:00:00,2082,9,16,NA,10.0149185554702,16.4314214119068
2082-09-17 12:00:00,2082,9,17,NA,9.37007327347242,18.6624984550522
2082-09-18 12:00:00,2082,9,18,NA,8.21849146473444,21.3862945115295
2082-09-19 12:00:00,2082,9,19,NA,10.2048918741504,16.4240049812445
2082-09-20 12:00:00,2082,9,20,NA,11.1628358980466,17.0524234901949
2082-09-21 12:00:00,2082,9,21,NA,11.6802274505243,14.5622421329642
2082-09-22 12:00:00,2082,9,22,NA,11.4782235263904,18.6213535253949
2082-09-23 12:00:00,2082,9,23,NA,11.5580994047727,18.7504631802179
2082-09-24 12:00:00,2082,9,24,NA,11.3152301061753,15.803509717873
2082-09-25 12:00:00,2082,9,25,NA,10.5394977065623,20.1211235195761
2082-09-26 12:00:00,2082,9,26,NA,13.4045067637253,19.761642017954
2082-09-27 12:00:00,2082,9,27,NA,11.6948077415999,22.7450584878959
2082-09-28 12:00:00,2082,9,28,NA,13.3174186743553,24.5190704784449
2082-09-29 12:00:00,2082,9,29,NA,13.7846871534935,23.3984185186894
2082-09-30 12:00:00,2082,9,30,NA,11.5686381259881,29.1610622247
2082-10-01 12:00:00,2082,10,1,NA,9.31511052441864,22.7516716897801
2082-10-02 12:00:00,2082,10,2,NA,11.0008413765087,18.9271259392501
2082-10-03 12:00:00,2082,10,3,NA,9.53953292802285,20.3935967295128
2082-10-04 12:00:00,2082,10,4,NA,9.42227692047014,20.2789964393068
2082-10-05 12:00:00,2082,10,5,NA,12.3807497592714,15.5922201093613
2082-10-06 12:00:00,2082,10,6,NA,8.36750550965891,21.7478979069653
2082-10-07 12:00:00,2082,10,7,NA,10.8907715879457,22.4124535827744
2082-10-08 12:00:00,2082,10,8,NA,10.1615050306084,24.0466644452506
2082-10-09 12:00:00,2082,10,9,NA,7.43326488698996,25.8878015180581
2082-10-10 12:00:00,2082,10,10,NA,10.8668477767608,19.4978816292503
2082-10-11 12:00:00,2082,10,11,NA,11.571447567343,24.540700169248
2082-10-12 12:00:00,2082,10,12,NA,14.2872304012452,18.8859192934256
2082-10-13 12:00:00,2082,10,13,NA,14.697813193677,19.9230706566036
2082-10-14 12:00:00,2082,10,14,NA,15.7783449338195,18.9612485942279
2082-10-15 12:00:00,2082,10,15,NA,10.9315980104179,18.3841704754645
2082-10-16 12:00:00,2082,10,16,NA,8.87885909921478,20.0076656761941
2082-10-17 12:00:00,2082,10,17,NA,7.8715265456639,19.8042594232312
2082-10-18 12:00:00,2082,10,18,NA,8.71609987425372,19.0239055801308
2082-10-19 12:00:00,2082,10,19,NA,11.7319180443456,18.572501066914
2082-10-20 12:00:00,2082,10,20,NA,10.7825324635308,19.4168193349143
2082-10-21 12:00:00,2082,10,21,NA,11.037723115426,16.6081187971967
2082-10-22 12:00:00,2082,10,22,NA,8.22536365995351,14.6047842802175
2082-10-23 12:00:00,2082,10,23,NA,6.55591909789405,14.8727119135751
2082-10-24 12:00:00,2082,10,24,NA,8.20205432182366,19.6688789090299
2082-10-25 12:00:00,2082,10,25,NA,7.39127175309213,18.8580963402984
2082-10-26 12:00:00,2082,10,26,NA,6.0719838935033,16.8796823618209
2082-10-27 12:00:00,2082,10,27,NA,3.51225498903678,13.8200606949139
2082-10-28 12:00:00,2082,10,28,NA,4.80001578026703,12.1049144656734
2082-10-29 12:00:00,2082,10,29,NA,3.81963935860042,15.6775473043465
2082-10-30 12:00:00,2082,10,30,NA,7.73963975487101,17.5330468395128
2082-10-31 12:00:00,2082,10,31,NA,7.94148777047759,20.1853693837849
2082-11-01 12:00:00,2082,11,1,NA,10.2376982522525,19.4871204459462
2082-11-02 12:00:00,2082,11,2,NA,11.977520519062,16.697783740447
2082-11-03 12:00:00,2082,11,3,NA,10.4644117090943,19.2618683344313
2082-11-04 12:00:00,2082,11,4,NA,10.6028242244534,20.0551978174221
2082-11-05 12:00:00,2082,11,5,NA,7.78416589490031,12.4386427337408
2082-11-06 12:00:00,2082,11,6,NA,7.89667597817673,15.6215879265709
2082-11-07 12:00:00,2082,11,7,NA,9.19974121747332,16.7312096389725
2082-11-08 12:00:00,2082,11,8,NA,8.04911491496532,16.6474675610369
2082-11-09 12:00:00,2082,11,9,NA,4.53675342774406,13.6611757107639
2082-11-10 12:00:00,2082,11,10,NA,4.25012202410475,11.7980654029929
2082-11-11 12:00:00,2082,11,11,NA,4.35390837207921,12.1495015306938
2082-11-12 12:00:00,2082,11,12,NA,9.08378640496105,14.2697964169909
2082-11-13 12:00:00,2082,11,13,NA,9.39822686806064,14.2324211280685
2082-11-14 12:00:00,2082,11,14,NA,6.02982130162953,16.6776309058705
2082-11-15 12:00:00,2082,11,15,NA,7.75190397778929,15.2833723992884
2082-11-16 12:00:00,2082,11,16,NA,9.54827561489181,15.382781119091
2082-11-17 12:00:00,2082,11,17,NA,8.85122212783899,12.6408037083661
2082-11-18 12:00:00,2082,11,18,NA,7.11365727991145,11.0443736653119
2082-11-19 12:00:00,2082,11,19,NA,8.07729118795549,9.94189088265426
2082-11-20 12:00:00,2082,11,20,NA,4.56440327829841,6.0895878896966
2082-11-21 12:00:00,2082,11,21,NA,5.88567168834161,7.76270552608738
2082-11-22 12:00:00,2082,11,22,NA,5.54347275911448,12.3420625279795
2082-11-23 12:00:00,2082,11,23,NA,3.24002548269865,8.19784885308011
2082-11-24 12:00:00,2082,11,24,NA,2.13174160974272,7.74075012138219
2082-11-25 12:00:00,2082,11,25,NA,7.75816659966505,10.2990659849396
2082-11-26 12:00:00,2082,11,26,NA,5.50656662855999,8.31712670966667
2082-11-27 12:00:00,2082,11,27,NA,2.63262409526823,6.38813874486027
2082-11-28 12:00:00,2082,11,28,NA,3.28443532515886,9.2903503445743
2082-11-29 12:00:00,2082,11,29,NA,2.16107830174675,11.3915743508986
2082-11-30 12:00:00,2082,11,30,NA,3.82883841398216,14.5210198229376
2082-12-01 12:00:00,2082,12,1,NA,8.36712438023231,16.2438132405914
2082-12-02 12:00:00,2082,12,2,NA,12.071559278489,18.177885705236
2082-12-03 12:00:00,2082,12,3,NA,10.7767746278964,13.0973749920007
2082-12-04 12:00:00,2082,12,4,NA,7.12978677554658,8.79740394310414
2082-12-05 12:00:00,2082,12,5,NA,5.22500604413682,7.23580147133348
2082-12-06 12:00:00,2082,12,6,NA,4.01755751301344,5.92035647826848
2082-12-07 12:00:00,2082,12,7,NA,7.56671746256387,10.1399441032402
2082-12-08 12:00:00,2082,12,8,NA,6.20561819568064,9.05251170827869
2082-12-09 12:00:00,2082,12,9,NA,2.96132771491498,4.14864337331476
2082-12-10 12:00:00,2082,12,10,NA,6.9058506691119,9.94096507209634
2082-12-11 12:00:00,2082,12,11,NA,6.43680061822191,10.2611621839661
2082-12-12 12:00:00,2082,12,12,NA,11.4729998284129,13.4975952101114
2082-12-13 12:00:00,2082,12,13,NA,8.69913236726377,13.7877099352022
2082-12-14 12:00:00,2082,12,14,NA,3.5660703684578,11.2118843690814
2082-12-15 12:00:00,2082,12,15,NA,4.02021170742671,10.0991743641022
2082-12-16 12:00:00,2082,12,16,NA,1.03141902349471,10.1671649538923
2082-12-17 12:00:00,2082,12,17,NA,3.87337516244465,9.67362830070428
2082-12-18 12:00:00,2082,12,18,NA,0.305809010804327,8.49168874499438
2082-12-19 12:00:00,2082,12,19,NA,3.46294566550063,8.48208841164521
2082-12-20 12:00:00,2082,12,20,NA,0.613050663781146,6.63655124268941
2082-12-21 12:00:00,2082,12,21,NA,1.39864267269987,2.37081200133784
2082-12-22 12:00:00,2082,12,22,NA,1.18449831516521,3.10156306454087
2082-12-23 12:00:00,2082,12,23,NA,-1.5908321619832,4.52416056295875
2082-12-24 12:00:00,2082,12,24,NA,-0.857115195306505,5.08597763281139
2082-12-25 12:00:00,2082,12,25,NA,-2.41305574165196,3.97443496498137
2082-12-26 12:00:00,2082,12,26,NA,-0.96238967773544,4.98070315038245
2082-12-27 12:00:00,2082,12,27,NA,4.34325801610296,7.21577676567654
2082-12-28 12:00:00,2082,12,28,NA,3.37949221381441,10.3414567867875
2082-12-29 12:00:00,2082,12,29,NA,2.4155955433717,9.18169473725347
2082-12-30 12:00:00,2082,12,30,NA,6.23219809263434,10.2648073651184
2082-12-31 12:00:00,2082,12,31,NA,5.79346320758873,13.9016887057777
2083-01-01 12:00:00,2083,1,1,NA,4.33005340244193,17.1633403519447
2083-01-02 12:00:00,2083,1,2,NA,3.86235286813534,11.7143274119891
2083-01-03 12:00:00,2083,1,3,NA,4.6137642194559,11.352665317982
2083-01-04 12:00:00,2083,1,4,NA,4.25966776550551,7.96669577494948
2083-01-05 12:00:00,2083,1,5,NA,4.52772053975482,9.5274818474156
2083-01-06 12:00:00,2083,1,6,NA,2.64308835935323,6.70304884680841
2083-01-07 12:00:00,2083,1,7,NA,2.40109722375236,6.98727616717196
2083-01-08 12:00:00,2083,1,8,NA,1.86715459029852,7.27537104874238
2083-01-09 12:00:00,2083,1,9,NA,0.342289622626001,9.43712575313176
2083-01-10 12:00:00,2083,1,10,NA,-0.234342419058007,6.10435692317995
2083-01-11 12:00:00,2083,1,11,NA,-2.23758410482262,4.04105718517934
2083-01-12 12:00:00,2083,1,12,NA,3.05295438901025,7.53864699283003
2083-01-13 12:00:00,2083,1,13,NA,0.45542283652301,4.06672301464237
2083-01-14 12:00:00,2083,1,14,NA,-0.693666588654405,4.33694326808366
2083-01-15 12:00:00,2083,1,15,NA,-1.25036354575158,3.94497718128161
2083-01-16 12:00:00,2083,1,16,NA,0.706549862190942,2.62572585431224
2083-01-17 12:00:00,2083,1,17,NA,3.90288051947979,4.68933946767553
2083-01-18 12:00:00,2083,1,18,NA,1.1608546947775,4.34022311992705
2083-01-19 12:00:00,2083,1,19,NA,3.58553597005481,6.66990902566369
2083-01-20 12:00:00,2083,1,20,NA,3.97103246653496,9.68344092412558
2083-01-21 12:00:00,2083,1,21,NA,-1.10353750500249,9.41312996026422
2083-01-22 12:00:00,2083,1,22,NA,6.04621666798569,10.400189625393
2083-01-23 12:00:00,2083,1,23,NA,1.90894596285965,6.54525004571413
2083-01-24 12:00:00,2083,1,24,NA,-1.22736867746376,5.85199341098185
2083-01-25 12:00:00,2083,1,25,NA,3.06061026251221,7.82666906174073
2083-01-26 12:00:00,2083,1,26,NA,2.6007670659276,7.4256321378664
2083-01-27 12:00:00,2083,1,27,NA,-2.21481254880034,1.49221546064363
2083-01-28 12:00:00,2083,1,28,NA,-13.1538322597227,-6.04175226752745
2083-01-29 12:00:00,2083,1,29,NA,-5.42379575270768,-1.25582233376674
2083-01-30 12:00:00,2083,1,30,NA,-8.96488703237944,0.593370060352281
2083-01-31 12:00:00,2083,1,31,NA,1.41593797655576,3.44319961031049
2083-02-01 12:00:00,2083,2,1,NA,-0.682951732864729,3.33634246078647
2083-02-02 12:00:00,2083,2,2,NA,0.78989425391231,10.8402063498666
2083-02-03 12:00:00,2083,2,3,NA,0.402485287859063,12.1876842287031
2083-02-04 12:00:00,2083,2,4,NA,-1.85997557981332,11.0529224613683
2083-02-05 12:00:00,2083,2,5,NA,4.89887103803776,15.5027434296797
2083-02-06 12:00:00,2083,2,6,NA,3.53828309170277,12.5283211492312
2083-02-07 12:00:00,2083,2,7,NA,5.95600660655558,15.7926539087071
2083-02-08 12:00:00,2083,2,8,NA,5.7081975000135,16.3117099984904
2083-02-09 12:00:00,2083,2,9,NA,9.28572172573358,12.5323863175578
2083-02-10 12:00:00,2083,2,10,NA,7.86748739468064,9.48464166767321
2083-02-11 12:00:00,2083,2,11,NA,7.32950167223296,10.0772316616807
2083-02-12 12:00:00,2083,2,12,NA,7.47621823468242,10.0598868136076
2083-02-13 12:00:00,2083,2,13,NA,6.7201945391682,13.1704374433964
2083-02-14 12:00:00,2083,2,14,NA,3.8095871050139,9.88920588468093
2083-02-15 12:00:00,2083,2,15,NA,6.49725098660702,9.80208114210322
2083-02-16 12:00:00,2083,2,16,NA,6.73603972736501,13.2523379924504
2083-02-17 12:00:00,2083,2,17,NA,5.20972743564109,10.4531030905292
2083-02-18 12:00:00,2083,2,18,NA,5.64144548868454,11.7210642683516
2083-02-19 12:00:00,2083,2,19,NA,5.44771347340682,10.12569889714
2083-02-20 12:00:00,2083,2,20,NA,3.5949254020368,12.8708907454312
2083-02-21 12:00:00,2083,2,21,NA,1.14083069777661,10.6466502532182
2083-02-22 12:00:00,2083,2,22,NA,5.19716892585972,10.9493826122617
2083-02-23 12:00:00,2083,2,23,NA,3.73337351757031,11.5243512974357
2083-02-24 12:00:00,2083,2,24,NA,2.32678221995055,11.2838896009414
2083-02-25 12:00:00,2083,2,25,NA,5.02837896215751,10.7046684166016
2083-02-26 12:00:00,2083,2,26,NA,2.85528690034999,7.08479559734271
2083-02-27 12:00:00,2083,2,27,NA,-2.66221104498335,4.10099318540994
2083-02-28 12:00:00,2083,2,28,NA,-2.72276087454958,6.27329208617513
2083-03-01 12:00:00,2083,3,1,NA,-3.88890197084725,5.11532495956772
2083-03-02 12:00:00,2083,3,2,NA,0.610761048877198,5.27100322874942
2083-03-03 12:00:00,2083,3,3,NA,-0.911242256951159,5.05486504174143
2083-03-04 12:00:00,2083,3,4,NA,2.05933687587024,6.29165432847984
2083-03-05 12:00:00,2083,3,5,NA,-0.0747538545184158,1.85269711320492
2083-03-06 12:00:00,2083,3,6,NA,0.26765248475419,5.49474293870915
2083-03-07 12:00:00,2083,3,7,NA,4.17860077805856,7.01512838408535
2083-03-08 12:00:00,2083,3,8,NA,1.40609423402458,7.49048920581928
2083-03-09 12:00:00,2083,3,9,NA,1.91206839358593,7.91342429247739
2083-03-10 12:00:00,2083,3,10,NA,1.22953142805245,12.6671353173204
2083-03-11 12:00:00,2083,3,11,NA,2.35089368455729,11.8602812837158
2083-03-12 12:00:00,2083,3,12,NA,4.66891021106483,11.6762281182988
2083-03-13 12:00:00,2083,3,13,NA,7.10636185345787,16.2265934232298
2083-03-14 12:00:00,2083,3,14,NA,6.60106917895103,11.7391851130064
2083-03-15 12:00:00,2083,3,15,NA,9.20778695013523,15.6340904476408
2083-03-16 12:00:00,2083,3,16,NA,5.55277903739076,11.4722186748549
2083-03-17 12:00:00,2083,3,17,NA,10.0149261981585,13.9348981099545
2083-03-18 12:00:00,2083,3,18,NA,8.9126427249784,12.2987724850835
2083-03-19 12:00:00,2083,3,19,NA,5.80968435054548,11.8940793223402
2083-03-20 12:00:00,2083,3,20,NA,5.67532130194426,12.416057917334
2083-03-21 12:00:00,2083,3,21,NA,7.63110848050181,11.7146667577694
2083-03-22 12:00:00,2083,3,22,NA,6.37688197700715,8.38834468246018
2083-03-23 12:00:00,2083,3,23,NA,5.85471353053783,8.09959769467708
2083-03-24 12:00:00,2083,3,24,NA,3.46878437070715,6.29395396476461
2083-03-25 12:00:00,2083,3,25,NA,1.71805214744927,10.5537831185405
2083-03-26 12:00:00,2083,3,26,NA,1.61012727840726,13.1151393962216
2083-03-27 12:00:00,2083,3,27,NA,1.86171161454425,14.0542876514462
2083-03-28 12:00:00,2083,3,28,NA,2.45568163545265,16.1640191096285
2083-03-29 12:00:00,2083,3,29,NA,-0.843358062439586,17.8855197520851
2083-03-30 12:00:00,2083,3,30,NA,-1.6509915397589,12.905326228681
2083-03-31 12:00:00,2083,3,31,NA,-1.80142989765169,2.15560082910733
2083-04-01 12:00:00,2083,4,1,NA,-5.04488162525246,9.19520296025352
2083-04-02 12:00:00,2083,4,2,NA,-0.765363399228242,8.46827798293118
2083-04-03 12:00:00,2083,4,3,NA,-4.98764027482213,11.1351984872965
2083-04-04 12:00:00,2083,4,4,NA,0.0297687948644896,9.25460868340555
2083-04-05 12:00:00,2083,4,5,NA,3.36153831782775,12.2229745469923
2083-04-06 12:00:00,2083,4,6,NA,-1.30482001855102,12.0778660616489
2083-04-07 12:00:00,2083,4,7,NA,-4.68737660899119,12.1698316733098
2083-04-08 12:00:00,2083,4,8,NA,-2.16231529711416,13.9115392058064
2083-04-09 12:00:00,2083,4,9,NA,3.88681045381903,8.94288347300123
2083-04-10 12:00:00,2083,4,10,NA,3.6001843793495,9.2927930431638
2083-04-11 12:00:00,2083,4,11,NA,3.89287801466157,11.3011381483366
2083-04-12 12:00:00,2083,4,12,NA,0.576051750339574,13.8076642220966
2083-04-13 12:00:00,2083,4,13,NA,-0.583246076565391,19.9733975078107
2083-04-14 12:00:00,2083,4,14,NA,1.04577552467673,20.0574949370149
2083-04-15 12:00:00,2083,4,15,NA,7.40370157842646,15.0366415467977
2083-04-16 12:00:00,2083,4,16,NA,2.89833475218215,17.6558675081667
2083-04-17 12:00:00,2083,4,17,NA,4.0938823654956,16.1063080427336
2083-04-18 12:00:00,2083,4,18,NA,5.34539756555277,13.8123392537121
2083-04-19 12:00:00,2083,4,19,NA,9.51346966624616,16.3849401339617
2083-04-20 12:00:00,2083,4,20,NA,6.78542662913367,20.0113281232198
2083-04-21 12:00:00,2083,4,21,NA,6.4106993184705,19.7217443708473
2083-04-22 12:00:00,2083,4,22,NA,-0.237635154765135,16.6561735610089
2083-04-23 12:00:00,2083,4,23,NA,3.82514085889693,15.1911911829828
2083-04-24 12:00:00,2083,4,24,NA,2.26227444690453,17.0198072028891
2083-04-25 12:00:00,2083,4,25,NA,3.71954258680164,11.1112043730302
2083-04-26 12:00:00,2083,4,26,NA,3.20635992108934,10.0778303888049
2083-04-27 12:00:00,2083,4,27,NA,0.452562335522567,13.5724135083239
2083-04-28 12:00:00,2083,4,28,NA,5.63086316126696,15.5307349380298
2083-04-29 12:00:00,2083,4,29,NA,0.982976209044867,21.0260779978131
2083-04-30 12:00:00,2083,4,30,NA,8.27173443223061,17.7709774886286
2083-05-01 12:00:00,2083,5,1,NA,4.7917913024743,15.4347222262613
2083-05-02 12:00:00,2083,5,2,NA,2.59565712597992,14.2614259604986
2083-05-03 12:00:00,2083,5,3,NA,3.3339797481014,16.4518309352569
2083-05-04 12:00:00,2083,5,4,NA,3.72468929989009,16.3357699505459
2083-05-05 12:00:00,2083,5,5,NA,5.04260044461997,12.1301997330579
2083-05-06 12:00:00,2083,5,6,NA,3.19446354148895,15.2355702775997
2083-05-07 12:00:00,2083,5,7,NA,7.71519092457033,16.5260935417386
2083-05-08 12:00:00,2083,5,8,NA,7.49874593857238,16.4879957737294
2083-05-09 12:00:00,2083,5,9,NA,9.4720056750343,16.3704615351664
2083-05-10 12:00:00,2083,5,10,NA,6.05169500537829,13.8005196744715
2083-05-11 12:00:00,2083,5,11,NA,3.0167889317454,13.8948585832986
2083-05-12 12:00:00,2083,5,12,NA,5.24766691812393,13.9826790873742
2083-05-13 12:00:00,2083,5,13,NA,6.13640733853628,14.9119512895713
2083-05-14 12:00:00,2083,5,14,NA,3.92431262082992,17.7063814478727
2083-05-15 12:00:00,2083,5,15,NA,3.24905289166702,14.5158382639988
2083-05-16 12:00:00,2083,5,16,NA,9.42158417456014,17.2648720475141
2083-05-17 12:00:00,2083,5,17,NA,11.2348274129501,19.0630181652483
2083-05-18 12:00:00,2083,5,18,NA,11.4304947579896,21.4940711272186
2083-05-19 12:00:00,2083,5,19,NA,8.22768045642984,17.7809227471928
2083-05-20 12:00:00,2083,5,20,NA,11.7451340356641,15.6875046826333
2083-05-21 12:00:00,2083,5,21,NA,6.41632378951104,20.0833247076915
2083-05-22 12:00:00,2083,5,22,NA,5.70768055551341,18.8255317426689
2083-05-23 12:00:00,2083,5,23,NA,4.31257681650831,20.9621876396675
2083-05-24 12:00:00,2083,5,24,NA,8.02775963371237,25.4691447766122
2083-05-25 12:00:00,2083,5,25,NA,14.4161207835043,24.1667980612108
2083-05-26 12:00:00,2083,5,26,NA,12.7990853016426,25.5836327896723
2083-05-27 12:00:00,2083,5,27,NA,8.34086439395307,23.9561625403999
2083-05-28 12:00:00,2083,5,28,NA,7.24546019956078,22.8939887372569
2083-05-29 12:00:00,2083,5,29,NA,10.7609997407435,17.9778966634504
2083-05-30 12:00:00,2083,5,30,NA,12.2121556131342,24.0097142257525
2083-05-31 12:00:00,2083,5,31,NA,12.0893575548729,23.8423949312275
2083-06-01 12:00:00,2083,6,1,NA,6.7508732535439,20.3368318454424
2083-06-02 12:00:00,2083,6,2,NA,7.81524045660246,22.2444642743096
2083-06-03 12:00:00,2083,6,3,NA,12.7701446750947,20.9965656486559
2083-06-04 12:00:00,2083,6,4,NA,8.90930854098056,20.9710894240363
2083-06-05 12:00:00,2083,6,5,NA,6.34089156685307,20.2168739717191
2083-06-06 12:00:00,2083,6,6,NA,9.28602675851546,19.6057278734248
2083-06-07 12:00:00,2083,6,7,NA,8.05862454268244,21.8075913466265
2083-06-08 12:00:00,2083,6,8,NA,6.79475536368131,26.3518462846756
2083-06-09 12:00:00,2083,6,9,NA,6.08572697342998,27.5957632112485
2083-06-10 12:00:00,2083,6,10,NA,11.8729598648781,27.3221599083281
2083-06-11 12:00:00,2083,6,11,NA,8.98298603076045,24.9870544568111
2083-06-12 12:00:00,2083,6,12,NA,13.4717501632644,26.0730252025619
2083-06-13 12:00:00,2083,6,13,NA,16.7799346104746,24.470044800254
2083-06-14 12:00:00,2083,6,14,NA,13.8544371583086,31.3918459136819
2083-06-15 12:00:00,2083,6,15,NA,18.255214672902,28.7042220119946
2083-06-16 12:00:00,2083,6,16,NA,21.6716532818835,27.8707437681218
2083-06-17 12:00:00,2083,6,17,NA,14.9189376801762,23.8127308539936
2083-06-18 12:00:00,2083,6,18,NA,13.3642113913802,20.3414295945777
2083-06-19 12:00:00,2083,6,19,NA,12.6403512238386,16.7438545621765
2083-06-20 12:00:00,2083,6,20,NA,8.15134175932955,17.4507449137028
2083-06-21 12:00:00,2083,6,21,NA,5.16461912064361,21.6964420672868
2083-06-22 12:00:00,2083,6,22,NA,10.2831376654297,18.9419321138209
2083-06-23 12:00:00,2083,6,23,NA,6.93097764642052,22.4102519748003
2083-06-24 12:00:00,2083,6,24,NA,9.31123436990802,18.5288826223462
2083-06-25 12:00:00,2083,6,25,NA,6.46264629232634,22.4251526487638
2083-06-26 12:00:00,2083,6,26,NA,8.47938039348244,22.8942364143128
2083-06-27 12:00:00,2083,6,27,NA,12.7378281560369,18.9367010237574
2083-06-28 12:00:00,2083,6,28,NA,11.5440732590046,17.9018443353092
2083-06-29 12:00:00,2083,6,29,NA,11.1216071198312,20.6069302831354
2083-06-30 12:00:00,2083,6,30,NA,14.7711177216766,24.0136695718636
2083-07-01 12:00:00,2083,7,1,NA,14.0802702265733,21.6847859800922
2083-07-02 12:00:00,2083,7,2,NA,11.8126510923695,23.9496995033933
2083-07-03 12:00:00,2083,7,3,NA,14.5229779819922,27.8206493955335
2083-07-04 12:00:00,2083,7,4,NA,16.8869253845111,27.0022557245853
2083-07-05 12:00:00,2083,7,5,NA,16.8874630753232,29.683577822549
2083-07-06 12:00:00,2083,7,6,NA,18.2141802583205,33.8869794139291
2083-07-07 12:00:00,2083,7,7,NA,15.1949402953778,21.4099809235467
2083-07-08 12:00:00,2083,7,8,NA,11.8638815769504,22.6365287259667
2083-07-09 12:00:00,2083,7,9,NA,14.2748532105744,22.4625600376386
2083-07-10 12:00:00,2083,7,10,NA,15.4244409920685,23.9577489317374
2083-07-11 12:00:00,2083,7,11,NA,14.5790376039142,24.5973274255645
2083-07-12 12:00:00,2083,7,12,NA,14.3509964981317,21.6620476542738
2083-07-13 12:00:00,2083,7,13,NA,12.0454755571492,26.4330884105116
2083-07-14 12:00:00,2083,7,14,NA,10.9826923174105,31.1549528451813
2083-07-15 12:00:00,2083,7,15,NA,21.3814783959423,31.3802237916787
2083-07-16 12:00:00,2083,7,16,NA,22.5133086162327,37.5303570176797
2083-07-17 12:00:00,2083,7,17,NA,17.4761533965477,34.8493703528181
2083-07-18 12:00:00,2083,7,18,NA,17.4261645597107,34.8713803182226
2083-07-19 12:00:00,2083,7,19,NA,21.483364218037,36.5010193633979
2083-07-20 12:00:00,2083,7,20,NA,18.4314617880523,30.3588483569726
2083-07-21 12:00:00,2083,7,21,NA,16.921544882589,23.5264678688241
2083-07-22 12:00:00,2083,7,22,NA,11.2049515131568,24.3520736935208
2083-07-23 12:00:00,2083,7,23,NA,13.3311538420549,24.0257587030384
2083-07-24 12:00:00,2083,7,24,NA,17.8122962726185,27.4061614900023
2083-07-25 12:00:00,2083,7,25,NA,14.7994342369486,27.2381714289287
2083-07-26 12:00:00,2083,7,26,NA,12.6421820158797,24.3131217414362
2083-07-27 12:00:00,2083,7,27,NA,8.77027271742138,25.8367408089397
2083-07-28 12:00:00,2083,7,28,NA,9.13418421502897,29.260659495748
2083-07-29 12:00:00,2083,7,29,NA,13.739999481465,27.6125959384299
2083-07-30 12:00:00,2083,7,30,NA,13.5046983047625,32.4521838598216
2083-07-31 12:00:00,2083,7,31,NA,15.862577796422,29.6564434443751
2083-08-01 12:00:00,2083,8,1,NA,21.5834077675916,31.1903791787893
2083-08-02 12:00:00,2083,8,2,NA,22.9008699708375,28.5420247196677
2083-08-03 12:00:00,2083,8,3,NA,20.4638180568951,30.7030094404325
2083-08-04 12:00:00,2083,8,4,NA,17.564327475,28.4065521669624
2083-08-05 12:00:00,2083,8,5,NA,18.5626523469129,27.1755416998295
2083-08-06 12:00:00,2083,8,6,NA,18.661623579502,25.2479820781474
2083-08-07 12:00:00,2083,8,7,NA,18.9101571671077,27.9592903385695
2083-08-08 12:00:00,2083,8,8,NA,18.1757046084834,29.0008920812858
2083-08-09 12:00:00,2083,8,9,NA,17.9722253156979,29.2528042889402
2083-08-10 12:00:00,2083,8,10,NA,13.9730738342734,29.6932141869951
2083-08-11 12:00:00,2083,8,11,NA,15.818051122897,29.5543229660008
2083-08-12 12:00:00,2083,8,12,NA,16.3472850110529,22.843843151656
2083-08-13 12:00:00,2083,8,13,NA,11.6386378741873,21.7627691113326
2083-08-14 12:00:00,2083,8,14,NA,14.8664322730966,23.1211901818949
2083-08-15 12:00:00,2083,8,15,NA,16.8005838569675,22.3326104377486
2083-08-16 12:00:00,2083,8,16,NA,15.3319097544796,19.1676490222452
2083-08-17 12:00:00,2083,8,17,NA,14.65224199144,19.1578031650245
2083-08-18 12:00:00,2083,8,18,NA,9.93760507450394,22.9316950214648
2083-08-19 12:00:00,2083,8,19,NA,11.7382362509013,21.6629171479615
2083-08-20 12:00:00,2083,8,20,NA,12.010412174617,26.7154866651
2083-08-21 12:00:00,2083,8,21,NA,15.9063853032581,23.1138926005053
2083-08-22 12:00:00,2083,8,22,NA,11.2511243458626,23.940890639136
2083-08-23 12:00:00,2083,8,23,NA,8.80624085353127,22.3388723534157
2083-08-24 12:00:00,2083,8,24,NA,8.37792312947813,22.2612453875842
2083-08-25 12:00:00,2083,8,25,NA,9.78077418186626,22.0266402878264
2083-08-26 12:00:00,2083,8,26,NA,11.2941640396277,19.4371656983888
2083-08-27 12:00:00,2083,8,27,NA,10.2713220652126,16.7476179335314
2083-08-28 12:00:00,2083,8,28,NA,10.7035396284784,18.1248085385255
2083-08-29 12:00:00,2083,8,29,NA,13.3794456265458,16.7885919687231
2083-08-30 12:00:00,2083,8,30,NA,13.171078418957,16.8308592371285
2083-08-31 12:00:00,2083,8,31,NA,13.004420497289,22.2279227912215
2083-09-01 12:00:00,2083,9,1,NA,10.7955457237904,21.3992945841257
2083-09-02 12:00:00,2083,9,2,NA,14.2762405209321,21.7057916553567
2083-09-03 12:00:00,2083,9,3,NA,14.6467095907591,24.409842452948
2083-09-04 12:00:00,2083,9,4,NA,12.0282204615742,25.9830775990912
2083-09-05 12:00:00,2083,9,5,NA,9.81864704830704,23.9899084657615
2083-09-06 12:00:00,2083,9,6,NA,15.2373898128234,22.0249552778588
2083-09-07 12:00:00,2083,9,7,NA,18.0176928998849,19.5861964133463
2083-09-08 12:00:00,2083,9,8,NA,18.3104373349011,22.3587732082164
2083-09-09 12:00:00,2083,9,9,NA,19.0299814582902,22.621740526687
2083-09-10 12:00:00,2083,9,10,NA,16.0953625022599,19.9973453559038
2083-09-11 12:00:00,2083,9,11,NA,14.1160948901774,24.8371512996176
2083-09-12 12:00:00,2083,9,12,NA,9.76447042788261,25.6838401472934
2083-09-13 12:00:00,2083,9,13,NA,11.5474146122946,29.2457898313073
2083-09-14 12:00:00,2083,9,14,NA,9.96274157362082,21.5966017297042
2083-09-15 12:00:00,2083,9,15,NA,7.17527687227687,18.7222328143387
2083-09-16 12:00:00,2083,9,16,NA,13.2863901216572,16.2073565326154
2083-09-17 12:00:00,2083,9,17,NA,12.2571228703794,16.7454024820771
2083-09-18 12:00:00,2083,9,18,NA,8.58536767399562,21.0579511908654
2083-09-19 12:00:00,2083,9,19,NA,8.47666934902289,20.1105295051063
2083-09-20 12:00:00,2083,9,20,NA,9.78494693278304,13.6470165757713
2083-09-21 12:00:00,2083,9,21,NA,12.4151858780454,16.3189881308024
2083-09-22 12:00:00,2083,9,22,NA,11.4261370689957,15.2386869106392
2083-09-23 12:00:00,2083,9,23,NA,7.61068863790203,16.2874728347709
2083-09-24 12:00:00,2083,9,24,NA,9.51048110613747,16.2124947836543
2083-09-25 12:00:00,2083,9,25,NA,9.9632556025518,20.4340345798429
2083-09-26 12:00:00,2083,9,26,NA,11.3282101376187,24.5428978156052
2083-09-27 12:00:00,2083,9,27,NA,12.0520955851069,26.1635403824602
2083-09-28 12:00:00,2083,9,28,NA,13.5191888314669,27.1612737727018
2083-09-29 12:00:00,2083,9,29,NA,9.28507862250336,26.4756064863508
2083-09-30 12:00:00,2083,9,30,NA,14.8065966275996,22.1963386344451
2083-10-01 12:00:00,2083,10,1,NA,14.354274539166,22.5204305591567
2083-10-02 12:00:00,2083,10,2,NA,16.6614083435359,21.9812128545425
2083-10-03 12:00:00,2083,10,3,NA,14.9991944301732,26.1916347815721
2083-10-04 12:00:00,2083,10,4,NA,15.0380055871702,23.3547984028513
2083-10-05 12:00:00,2083,10,5,NA,13.8899891252686,26.7680986129007
2083-10-06 12:00:00,2083,10,6,NA,12.8843631998616,21.2845268152294
2083-10-07 12:00:00,2083,10,7,NA,12.7187762120217,21.2717614051359
2083-10-08 12:00:00,2083,10,8,NA,15.2599090581966,21.5539990634708
2083-10-09 12:00:00,2083,10,9,NA,14.8045961331091,18.9600105609993
2083-10-10 12:00:00,2083,10,10,NA,10.5468095791307,17.7125436228327
2083-10-11 12:00:00,2083,10,11,NA,10.8396562762856,21.2467390278478
2083-10-12 12:00:00,2083,10,12,NA,9.61763019596177,20.1751345972005
2083-10-13 12:00:00,2083,10,13,NA,7.43510416253734,19.0253519513196
2083-10-14 12:00:00,2083,10,14,NA,6.37949373255577,18.0989049216886
2083-10-15 12:00:00,2083,10,15,NA,6.95769147834976,18.7944483821907
2083-10-16 12:00:00,2083,10,16,NA,5.26405865442936,20.0258224866931
2083-10-17 12:00:00,2083,10,17,NA,5.31678635875147,15.6787335832338
2083-10-18 12:00:00,2083,10,18,NA,6.3476726969303,15.9961645386164
2083-10-19 12:00:00,2083,10,19,NA,7.41969717766057,14.9317726512928
2083-10-20 12:00:00,2083,10,20,NA,7.40419931910298,15.1653334973048
2083-10-21 12:00:00,2083,10,21,NA,3.90179382832843,17.8061382798366
2083-10-22 12:00:00,2083,10,22,NA,5.79276134490873,11.863301651257
2083-10-23 12:00:00,2083,10,23,NA,6.81267463703003,14.4928748380794
2083-10-24 12:00:00,2083,10,24,NA,5.2705315799208,12.7142193219597
2083-10-25 12:00:00,2083,10,25,NA,8.44162355086159,11.6911395349423
2083-10-26 12:00:00,2083,10,26,NA,1.78803953164356,12.6447590504802
2083-10-27 12:00:00,2083,10,27,NA,7.67640013682043,14.929472024509
2083-10-28 12:00:00,2083,10,28,NA,5.5359587011619,16.6834952414047
2083-10-29 12:00:00,2083,10,29,NA,6.23966019338514,19.0250032087886
2083-10-30 12:00:00,2083,10,30,NA,9.31635977768233,19.1097668623242
2083-10-31 12:00:00,2083,10,31,NA,4.13734241158238,17.1211262763783
2083-11-01 12:00:00,2083,11,1,NA,8.79871471845225,16.2424024604911
2083-11-02 12:00:00,2083,11,2,NA,9.08162107788596,11.6329259031051
2083-11-03 12:00:00,2083,11,3,NA,4.71939502034073,11.3046073498733
2083-11-04 12:00:00,2083,11,4,NA,5.38609196339185,16.0339015676329
2083-11-05 12:00:00,2083,11,5,NA,15.0745621395788,22.1479955050873
2083-11-06 12:00:00,2083,11,6,NA,13.8596636881796,21.3901681099551
2083-11-07 12:00:00,2083,11,7,NA,10.1762089787782,18.7909144263427
2083-11-08 12:00:00,2083,11,8,NA,8.3142506858303,11.6648452890845
2083-11-09 12:00:00,2083,11,9,NA,10.3429146221724,13.1515679260193
2083-11-10 12:00:00,2083,11,10,NA,8.97727181134701,15.8608314645718
2083-11-11 12:00:00,2083,11,11,NA,8.42217478075052,13.2415722686376
2083-11-12 12:00:00,2083,11,12,NA,7.71718257353296,11.4465310750233
2083-11-13 12:00:00,2083,11,13,NA,6.57089813392987,7.97394691365059
2083-11-14 12:00:00,2083,11,14,NA,4.28731253061488,7.23252922796739
2083-11-15 12:00:00,2083,11,15,NA,5.36773031857565,8.05269331101568
2083-11-16 12:00:00,2083,11,16,NA,1.54468885697168,7.29055506962124
2083-11-17 12:00:00,2083,11,17,NA,5.09373438199272,9.76777712178003
2083-11-18 12:00:00,2083,11,18,NA,5.18386424407706,10.8520862210597
2083-11-19 12:00:00,2083,11,19,NA,6.70498122985529,10.6356976152557
2083-11-20 12:00:00,2083,11,20,NA,7.50672540587801,13.4604921422931
2083-11-21 12:00:00,2083,11,21,NA,6.77200096730578,14.3638106031004
2083-11-22 12:00:00,2083,11,22,NA,8.33683060561011,18.0562120474542
2083-11-23 12:00:00,2083,11,23,NA,4.17544892459899,9.78474116734424
2083-11-24 12:00:00,2083,11,24,NA,6.90728816490746,12.536243870599
2083-11-25 12:00:00,2083,11,25,NA,5.01059896793616,11.7018592234377
2083-11-26 12:00:00,2083,11,26,NA,2.91134696784521,12.035769250865
2083-11-27 12:00:00,2083,11,27,NA,5.13606761429584,10.3736643080255
2083-11-28 12:00:00,2083,11,28,NA,8.41788210681394,13.7838460789675
2083-11-29 12:00:00,2083,11,29,NA,7.37168154058579,12.0261583794263
2083-11-30 12:00:00,2083,11,30,NA,8.72558111759079,11.8850617086609
2083-12-01 12:00:00,2083,12,1,NA,8.68337861830378,11.4004858885794
2083-12-02 12:00:00,2083,12,2,NA,9.60413299539377,12.5450796149589
2083-12-03 12:00:00,2083,12,3,NA,5.35734548027241,9.3177158605363
2083-12-04 12:00:00,2083,12,4,NA,3.14196829487136,9.30008148524476
2083-12-05 12:00:00,2083,12,5,NA,3.5342860232501,12.7915338297194
2083-12-06 12:00:00,2083,12,6,NA,2.76884874193086,11.7123869093466
2083-12-07 12:00:00,2083,12,7,NA,5.88484879345573,10.1452854486908
2083-12-08 12:00:00,2083,12,8,NA,-4.91150508877607,3.68216644823858
2083-12-09 12:00:00,2083,12,9,NA,2.54229905000671,6.58298202993946
2083-12-10 12:00:00,2083,12,10,NA,2.40313638667347,8.51266577108266
2083-12-11 12:00:00,2083,12,11,NA,6.29327122684589,13.3267236199755
2083-12-12 12:00:00,2083,12,12,NA,8.99783531647402,15.020983161418
2083-12-13 12:00:00,2083,12,13,NA,6.82121931729209,15.7647574847078
2083-12-14 12:00:00,2083,12,14,NA,6.15721218314802,16.523516184772
2083-12-15 12:00:00,2083,12,15,NA,9.39741244826072,13.4758729635219
2083-12-16 12:00:00,2083,12,16,NA,6.00053282893527,9.77799364614162
2083-12-17 12:00:00,2083,12,17,NA,7.53816328679569,9.96446127620672
2083-12-18 12:00:00,2083,12,18,NA,3.42266451377679,8.95156265179893
2083-12-19 12:00:00,2083,12,19,NA,4.44495205417578,9.48443903621235
2083-12-20 12:00:00,2083,12,20,NA,7.88285694191077,13.8982802257966
2083-12-21 12:00:00,2083,12,21,NA,6.71326147433749,17.3184660836722
2083-12-22 12:00:00,2083,12,22,NA,6.37158159884638,17.8643963935825
2083-12-23 12:00:00,2083,12,23,NA,9.86587168298879,17.9740971811778
2083-12-24 12:00:00,2083,12,24,NA,9.9916756971293,13.1021671768449
2083-12-25 12:00:00,2083,12,25,NA,6.69396670523239,14.4353730393255
2083-12-26 12:00:00,2083,12,26,NA,4.35428200792606,15.5605661615881
2083-12-27 12:00:00,2083,12,27,NA,5.65124598512619,14.3654054978964
2083-12-28 12:00:00,2083,12,28,NA,2.90609420650602,7.47147693744725
2083-12-29 12:00:00,2083,12,29,NA,3.02859162560262,5.90810346237624
2083-12-30 12:00:00,2083,12,30,NA,-1.72892577217981,4.18873483201806
2083-12-31 12:00:00,2083,12,31,NA,-0.39703352447325,2.64778531682254
2084-01-01 12:00:00,2084,1,1,NA,-0.439275898559837,3.63675958811923
2084-01-02 12:00:00,2084,1,2,NA,-6.85531508018347,-3.70582969573655
2084-01-03 12:00:00,2084,1,3,NA,-2.08287421677786,2.57861693386777
2084-01-04 12:00:00,2084,1,4,NA,2.85606441782534,10.408233590723
2084-01-05 12:00:00,2084,1,5,NA,4.0383617510149,13.3045904689682
2084-01-06 12:00:00,2084,1,6,NA,2.17721372012816,8.51591306236612
2084-01-07 12:00:00,2084,1,7,NA,2.32167363279986,7.09714503276905
2084-01-08 12:00:00,2084,1,8,NA,-2.16564121075431,4.58941365983702
2084-01-09 12:00:00,2084,1,9,NA,-12.0129116891898,0.549517300209823
2084-01-10 12:00:00,2084,1,10,NA,-16.2601074865918,-5.56035831084616
2084-01-11 12:00:00,2084,1,11,NA,-7.87093545670385,5.3189677203802
2084-01-12 12:00:00,2084,1,12,NA,2.16418434784691,9.24354643629252
2084-01-13 12:00:00,2084,1,13,NA,0.850625157854415,6.56303361544504
2084-01-14 12:00:00,2084,1,14,NA,0.176893318791364,7.59202474348815
2084-01-15 12:00:00,2084,1,15,NA,1.20370060784437,7.3510323054745
2084-01-16 12:00:00,2084,1,16,NA,-0.242866343229019,10.0129571519275
2084-01-17 12:00:00,2084,1,17,NA,3.5423941693625,9.28775903003647
2084-01-18 12:00:00,2084,1,18,NA,0.593453666426839,10.2075551909748
2084-01-19 12:00:00,2084,1,19,NA,5.65651836928563,11.8913167640642
2084-01-20 12:00:00,2084,1,20,NA,6.50120325421071,12.3857302109257
2084-01-21 12:00:00,2084,1,21,NA,6.37141562255422,11.3138112439601
2084-01-22 12:00:00,2084,1,22,NA,6.02462515793458,14.8157349575768
2084-01-23 12:00:00,2084,1,23,NA,3.1785238208548,10.2578859093004
2084-01-24 12:00:00,2084,1,24,NA,5.50528202471298,11.5793762398574
2084-01-25 12:00:00,2084,1,25,NA,5.81681393667429,14.0350768931637
2084-01-26 12:00:00,2084,1,26,NA,8.7140296418584,19.3859871296173
2084-01-27 12:00:00,2084,1,27,NA,9.24391494029263,13.7296075441124
2084-01-28 12:00:00,2084,1,28,NA,6.94743501696426,12.1718839225452
2084-01-29 12:00:00,2084,1,29,NA,3.72735711712053,14.354489370346
2084-01-30 12:00:00,2084,1,30,NA,5.77722777732808,12.7418499275766
2084-01-31 12:00:00,2084,1,31,NA,3.19851619220894,5.28711270384079
2084-02-01 12:00:00,2084,2,1,NA,1.98118825791896,4.01583076996899
2084-02-02 12:00:00,2084,2,2,NA,6.00722659387007,8.94259982184786
2084-02-03 12:00:00,2084,2,3,NA,7.00390955184016,11.2334182488329
2084-02-04 12:00:00,2084,2,4,NA,7.70616269958913,13.8533471980464
2084-02-05 12:00:00,2084,2,5,NA,2.30362076535688,8.14053203625488
2084-02-06 12:00:00,2084,2,6,NA,3.01051401497075,10.6741291742359
2084-02-07 12:00:00,2084,2,7,NA,-0.0306542716803486,10.5045162245947
2084-02-08 12:00:00,2084,2,8,NA,0.43256220940145,13.5154289058452
2084-02-09 12:00:00,2084,2,9,NA,4.61784112930435,15.0020884224639
2084-02-10 12:00:00,2084,2,10,NA,6.36353209842028,15.2771253297
2084-02-11 12:00:00,2084,2,11,NA,10.0268198288087,18.5106633947943
2084-02-12 12:00:00,2084,2,12,NA,7.38182105857533,15.1716457983857
2084-02-13 12:00:00,2084,2,13,NA,8.86199202851203,15.3425854162978
2084-02-14 12:00:00,2084,2,14,NA,12.4281649632958,15.6485393014314
2084-02-15 12:00:00,2084,2,15,NA,11.0621003146507,13.4808347285956
2084-02-16 12:00:00,2084,2,16,NA,6.99627716012097,10.8859930442179
2084-02-17 12:00:00,2084,2,17,NA,4.23600679556891,6.66280501550366
2084-02-18 12:00:00,2084,2,18,NA,-1.56291475473707,2.47015590136608
2084-02-19 12:00:00,2084,2,19,NA,-1.67373145052368,1.62003498047336
2084-02-20 12:00:00,2084,2,20,NA,-1.26898084814274,3.55993148703337
2084-02-21 12:00:00,2084,2,21,NA,-10.2589738997535,4.2414459080676
2084-02-22 12:00:00,2084,2,22,NA,-12.2112054791928,0.24845565733028
2084-02-23 12:00:00,2084,2,23,NA,-3.03718077900435,2.99180701639293
2084-02-24 12:00:00,2084,2,24,NA,-1.47339049466586,7.12039729208042
2084-02-25 12:00:00,2084,2,25,NA,7.81701806943584,13.7686967961041
2084-02-26 12:00:00,2084,2,26,NA,4.099304746038,8.92821708121411
2084-02-27 12:00:00,2084,2,27,NA,5.57636045308174,11.2499380199047
2084-02-28 12:00:00,2084,2,28,NA,6.76427759738448,9.18903785400458
2084-02-29 12:00:00,2084,2,29,NA,2.7980105908532,4.04302895929244
2084-03-01 12:00:00,2084,3,1,NA,1.82164337020795,5.77402242496298
2084-03-02 12:00:00,2084,3,2,NA,2.81235409067527,10.0666250329182
2084-03-03 12:00:00,2084,3,3,NA,4.60607970740814,13.770397197978
2084-03-04 12:00:00,2084,3,4,NA,4.76311923614363,16.2403491420988
2084-03-05 12:00:00,2084,3,5,NA,8.37792379791079,12.671015667338
2084-03-06 12:00:00,2084,3,6,NA,7.57685488769996,13.5429621863926
2084-03-07 12:00:00,2084,3,7,NA,2.46461676790523,9.01698351837697
2084-03-08 12:00:00,2084,3,8,NA,0.517332478710784,6.43677211617496
2084-03-09 12:00:00,2084,3,9,NA,-1.09396466995433,10.3366617577998
2084-03-10 12:00:00,2084,3,10,NA,-0.336083412327593,7.52591107558097
2084-03-11 12:00:00,2084,3,11,NA,4.78005399707063,7.84064123968185
2084-03-12 12:00:00,2084,3,12,NA,5.1349543175461,11.5612578150517
2084-03-13 12:00:00,2084,3,13,NA,6.03581252863368,10.3970353556159
2084-03-14 12:00:00,2084,3,14,NA,2.86395765240225,13.5684432322393
2084-03-15 12:00:00,2084,3,15,NA,2.41569449494348,14.9807531927091
2084-03-16 12:00:00,2084,3,16,NA,6.98075909502984,13.6061308593285
2084-03-17 12:00:00,2084,3,17,NA,5.41085145108815,11.5972625661553
2084-03-18 12:00:00,2084,3,18,NA,8.0489039408048,18.2365252091926
2084-03-19 12:00:00,2084,3,19,NA,7.10229115135464,15.8277910167686
2084-03-20 12:00:00,2084,3,20,NA,4.88088644450871,18.4012090000127
2084-03-21 12:00:00,2084,3,21,NA,8.19817112532122,17.5048308994625
2084-03-22 12:00:00,2084,3,22,NA,10.0567586788252,20.3717965962965
2084-03-23 12:00:00,2084,3,23,NA,9.20032346638842,21.7653821641541
2084-03-24 12:00:00,2084,3,24,NA,8.42835500606635,16.7390625936681
2084-03-25 12:00:00,2084,3,25,NA,5.4427200816551,10.6464575365976
2084-03-26 12:00:00,2084,3,26,NA,2.68058208353072,18.6654916668421
2084-03-27 12:00:00,2084,3,27,NA,3.50026992919307,16.5080113202864
2084-03-28 12:00:00,2084,3,28,NA,12.583101182597,15.4640788463623
2084-03-29 12:00:00,2084,3,29,NA,9.06866841268122,14.1834097644438
2084-03-30 12:00:00,2084,3,30,NA,9.90450160441202,16.7592934494111
2084-03-31 12:00:00,2084,3,31,NA,9.53261766416028,12.2765302862725
2084-04-01 12:00:00,2084,4,1,NA,9.84806038978917,14.6796048302342
2084-04-02 12:00:00,2084,4,2,NA,11.7661111236803,20.9728818165531
2084-04-03 12:00:00,2084,4,3,NA,5.94943521202771,21.2527365924028
2084-04-04 12:00:00,2084,4,4,NA,9.98205939346366,21.9944850707017
2084-04-05 12:00:00,2084,4,5,NA,4.09354607234446,19.6076344612376
2084-04-06 12:00:00,2084,4,6,NA,1.42697859464932,22.4229745123409
2084-04-07 12:00:00,2084,4,7,NA,4.07135191836631,23.9107808993275
2084-04-08 12:00:00,2084,4,8,NA,11.364936278891,28.300146620651
2084-04-09 12:00:00,2084,4,9,NA,9.86646211076734,19.121734502704
2084-04-10 12:00:00,2084,4,10,NA,8.685688043192,21.8666845777154
2084-04-11 12:00:00,2084,4,11,NA,12.5849149550957,21.022171124812
2084-04-12 12:00:00,2084,4,12,NA,13.6240399362375,20.5864860057836
2084-04-13 12:00:00,2084,4,13,NA,13.0334029891869,18.2929028855263
2084-04-14 12:00:00,2084,4,14,NA,6.63682461557501,17.842893088547
2084-04-15 12:00:00,2084,4,15,NA,-0.153903325987108,15.7994113681737
2084-04-16 12:00:00,2084,4,16,NA,3.67581692842218,14.5097981555306
2084-04-17 12:00:00,2084,4,17,NA,4.01828388400499,19.2891103915093
2084-04-18 12:00:00,2084,4,18,NA,8.03032513742826,16.5355074946598
2084-04-19 12:00:00,2084,4,19,NA,5.84634602756695,11.9621241065849
2084-04-20 12:00:00,2084,4,20,NA,8.3447274009301,16.808821994407
2084-04-21 12:00:00,2084,4,21,NA,10.6599818537563,16.8501114507541
2084-04-22 12:00:00,2084,4,22,NA,10.241397301321,17.3631279497729
2084-04-23 12:00:00,2084,4,23,NA,8.51653398000337,19.1012548288177
2084-04-24 12:00:00,2084,4,24,NA,6.08068030032765,18.4669101515054
2084-04-25 12:00:00,2084,4,25,NA,8.68537567000142,19.5193568971098
2084-04-26 12:00:00,2084,4,26,NA,7.38641361003498,22.0331312690795
2084-04-27 12:00:00,2084,4,27,NA,15.4936948793076,20.7851034374072
2084-04-28 12:00:00,2084,4,28,NA,11.2926941359446,19.759635824104
2084-04-29 12:00:00,2084,4,29,NA,11.4755979634104,18.5973286118623
2084-04-30 12:00:00,2084,4,30,NA,14.7491505811013,21.8129640736288
2084-05-01 12:00:00,2084,5,1,NA,14.3737143909592,18.547974350006
2084-05-02 12:00:00,2084,5,2,NA,11.2551009364472,22.5353977369707
2084-05-03 12:00:00,2084,5,3,NA,11.1461863329377,22.780213975467
2084-05-04 12:00:00,2084,5,4,NA,14.6554636999931,23.4620466651878
2084-05-05 12:00:00,2084,5,5,NA,10.0987407010317,23.8730369645001
2084-05-06 12:00:00,2084,5,6,NA,10.1171995093112,21.3974963098347
2084-05-07 12:00:00,2084,5,7,NA,7.07788251295585,15.9323643337896
2084-05-08 12:00:00,2084,5,8,NA,10.0054134587719,17.0930127472098
2084-05-09 12:00:00,2084,5,9,NA,14.9332302971097,18.8196453558459
2084-05-10 12:00:00,2084,5,10,NA,14.6305188972602,22.4153764081799
2084-05-11 12:00:00,2084,5,11,NA,13.8698172373094,19.7203598072181
2084-05-12 12:00:00,2084,5,12,NA,11.122001570615,20.6308988567151
2084-05-13 12:00:00,2084,5,13,NA,8.46697696544914,15.8440461446991
2084-05-14 12:00:00,2084,5,14,NA,12.2705622763934,15.1795627888026
2084-05-15 12:00:00,2084,5,15,NA,9.24764304994972,18.2765814937391
2084-05-16 12:00:00,2084,5,16,NA,11.0783173209579,22.8393405834005
2084-05-17 12:00:00,2084,5,17,NA,10.0212346067415,18.8445517379463
2084-05-18 12:00:00,2084,5,18,NA,8.19702586494027,21.9287484957877
2084-05-19 12:00:00,2084,5,19,NA,11.9324025652115,30.5322706733466
2084-05-20 12:00:00,2084,5,20,NA,10.806635698259,27.6569723438491
2084-05-21 12:00:00,2084,5,21,NA,9.71132454141869,24.271060084438
2084-05-22 12:00:00,2084,5,22,NA,2.33435705751793,20.4691536100817
2084-05-23 12:00:00,2084,5,23,NA,1.98588527221956,20.7678738516191
2084-05-24 12:00:00,2084,5,24,NA,9.77866821285543,22.8965194000109
2084-05-25 12:00:00,2084,5,25,NA,13.0825664753082,17.9559586624436
2084-05-26 12:00:00,2084,5,26,NA,7.16688986817536,18.8009175107047
2084-05-27 12:00:00,2084,5,27,NA,4.11806936762002,17.7022297957165
2084-05-28 12:00:00,2084,5,28,NA,4.47313109533518,17.367128460845
2084-05-29 12:00:00,2084,5,29,NA,5.11839642585729,19.5520060675368
2084-05-30 12:00:00,2084,5,30,NA,6.12193705268628,15.9165497451824
2084-05-31 12:00:00,2084,5,31,NA,6.27580865930284,18.6622517132962
2084-06-01 12:00:00,2084,6,1,NA,16.0465482371113,23.8773500782567
2084-06-02 12:00:00,2084,6,2,NA,17.8598873803145,23.313992829197
2084-06-03 12:00:00,2084,6,3,NA,15.3556854388714,21.5539762733303
2084-06-04 12:00:00,2084,6,4,NA,14.2744312606678,18.4057900333306
2084-06-05 12:00:00,2084,6,5,NA,11.0607639675717,18.2736468055147
2084-06-06 12:00:00,2084,6,6,NA,10.38839582239,18.4934449422461
2084-06-07 12:00:00,2084,6,7,NA,11.0924895643797,17.4502606406843
2084-06-08 12:00:00,2084,6,8,NA,9.7385349958479,18.6323281696653
2084-06-09 12:00:00,2084,6,9,NA,11.094394234668,14.1518866106615
2084-06-10 12:00:00,2084,6,10,NA,9.73498947245497,15.8773530931683
2084-06-11 12:00:00,2084,6,11,NA,9.6499541414411,15.0051545995152
2084-06-12 12:00:00,2084,6,12,NA,8.45514920550733,17.9404723688116
2084-06-13 12:00:00,2084,6,13,NA,8.17713199853888,17.4172018749793
2084-06-14 12:00:00,2084,6,14,NA,7.81534566805793,17.9740160730095
2084-06-15 12:00:00,2084,6,15,NA,4.78208727470263,23.3758872609044
2084-06-16 12:00:00,2084,6,16,NA,4.28129990557007,23.8595523407145
2084-06-17 12:00:00,2084,6,17,NA,6.91887191707378,27.3733619581726
2084-06-18 12:00:00,2084,6,18,NA,14.3310276378084,31.8667307199907
2084-06-19 12:00:00,2084,6,19,NA,16.8487099885998,29.0856378695234
2084-06-20 12:00:00,2084,6,20,NA,15.1415471948631,31.1040535513005
2084-06-21 12:00:00,2084,6,21,NA,16.1544429122237,30.3559475629918
2084-06-22 12:00:00,2084,6,22,NA,11.4392280310059,26.892749966029
2084-06-23 12:00:00,2084,6,23,NA,16.0027067562307,24.2664232997906
2084-06-24 12:00:00,2084,6,24,NA,12.7194682245548,29.247509213007
2084-06-25 12:00:00,2084,6,25,NA,11.5481225164686,30.0350480453917
2084-06-26 12:00:00,2084,6,26,NA,10.1321823271456,28.7047600331585
2084-06-27 12:00:00,2084,6,27,NA,9.36376294183639,24.9695395806015
2084-06-28 12:00:00,2084,6,28,NA,9.485916233812,24.8328070496416
2084-06-29 12:00:00,2084,6,29,NA,11.9666445586071,22.2964013272188
2084-06-30 12:00:00,2084,6,30,NA,15.4074785158206,21.6063513835411
2084-07-01 12:00:00,2084,7,1,NA,10.5594678221701,21.9177846345125
2084-07-02 12:00:00,2084,7,2,NA,9.86888832749642,22.3664990764028
2084-07-03 12:00:00,2084,7,3,NA,17.6201832973295,24.7461278065517
2084-07-04 12:00:00,2084,7,4,NA,13.0126309999361,26.885227456901
2084-07-05 12:00:00,2084,7,5,NA,11.3332562194835,25.2058526764484
2084-07-06 12:00:00,2084,7,6,NA,13.0805367468149,24.0730659115037
2084-07-07 12:00:00,2084,7,7,NA,13.4468426021356,25.3950646944233
2084-07-08 12:00:00,2084,7,8,NA,17.3317148646366,22.3506337282722
2084-07-09 12:00:00,2084,7,9,NA,15.6043913218514,21.5660499053213
2084-07-10 12:00:00,2084,7,10,NA,12.5541820864853,24.4585660700133
2084-07-11 12:00:00,2084,7,11,NA,12.0780008935686,22.9187006784321
2084-07-12 12:00:00,2084,7,12,NA,11.4198877698845,19.0659628864514
2084-07-13 12:00:00,2084,7,13,NA,10.4078535278988,20.886885578019
2084-07-14 12:00:00,2084,7,14,NA,12.5536812024922,21.314446236445
2084-07-15 12:00:00,2084,7,15,NA,16.5260805869837,21.8698952791645
2084-07-16 12:00:00,2084,7,16,NA,10.6872213713253,25.6662417116236
2084-07-17 12:00:00,2084,7,17,NA,10.6247605687706,27.4403966874576
2084-07-18 12:00:00,2084,7,18,NA,17.7622393883709,27.8243534472486
2084-07-19 12:00:00,2084,7,19,NA,17.2645922456456,25.7875634520983
2084-07-20 12:00:00,2084,7,20,NA,16.571344843885,31.6354825413314
2084-07-21 12:00:00,2084,7,21,NA,21.3876545633458,32.9042497968
2084-07-22 12:00:00,2084,7,22,NA,19.4107641972246,38.6428212966709
2084-07-23 12:00:00,2084,7,23,NA,25.3901931464726,34.8038934699539
2084-07-24 12:00:00,2084,7,24,NA,23.1560573473319,29.1765030239408
2084-07-25 12:00:00,2084,7,25,NA,19.8646731112957,25.2084878034766
2084-07-26 12:00:00,2084,7,26,NA,16.0031106845916,23.519438854308
2084-07-27 12:00:00,2084,7,27,NA,13.9063086002785,23.5571495659952
2084-07-28 12:00:00,2084,7,28,NA,12.4750316695178,25.4950579204653
2084-07-29 12:00:00,2084,7,29,NA,15.1302615062978,20.0769575459211
2084-07-30 12:00:00,2084,7,30,NA,12.5808217141153,23.1035942284516
2084-07-31 12:00:00,2084,7,31,NA,8.1296391242758,21.1606622541538
2084-08-01 12:00:00,2084,8,1,NA,11.1055338441782,22.0800601061363
2084-08-02 12:00:00,2084,8,2,NA,14.5006139093829,23.5192169651467
2084-08-03 12:00:00,2084,8,3,NA,13.8664679241029,25.796655503941
2084-08-04 12:00:00,2084,8,4,NA,12.5174416877865,22.7666894735714
2084-08-05 12:00:00,2084,8,5,NA,10.8952218592865,28.5273146021035
2084-08-06 12:00:00,2084,8,6,NA,13.9605139717845,28.5561032934636
2084-08-07 12:00:00,2084,8,7,NA,10.8329527017775,28.1117543887524
2084-08-08 12:00:00,2084,8,8,NA,17.8998878322393,31.5696439137421
2084-08-09 12:00:00,2084,8,9,NA,16.9680613470177,33.1046306200413
2084-08-10 12:00:00,2084,8,10,NA,16.145859838322,33.6037345861249
2084-08-11 12:00:00,2084,8,11,NA,17.6389596203059,24.262781247621
2084-08-12 12:00:00,2084,8,12,NA,19.8161826577728,25.2037154556581
2084-08-13 12:00:00,2084,8,13,NA,15.5725056513185,23.949597224248
2084-08-14 12:00:00,2084,8,14,NA,13.8768068798056,28.2552010858653
2084-08-15 12:00:00,2084,8,15,NA,16.78760599454,24.6606004762846
2084-08-16 12:00:00,2084,8,16,NA,15.0081645861066,26.6828530787936
2084-08-17 12:00:00,2084,8,17,NA,13.9419568233396,26.1561917621459
2084-08-18 12:00:00,2084,8,18,NA,13.4124675268431,28.8856552793508
2084-08-19 12:00:00,2084,8,19,NA,14.3852587773453,26.6311248833054
2084-08-20 12:00:00,2084,8,20,NA,19.0242670250633,27.2790249338616
2084-08-21 12:00:00,2084,8,21,NA,18.6936664161056,24.9838988698634
2084-08-22 12:00:00,2084,8,22,NA,14.9508566885833,25.1190642246648
2084-08-23 12:00:00,2084,8,23,NA,17.4313947870388,22.9634213678199
2084-08-24 12:00:00,2084,8,24,NA,12.9821635987806,20.9786695673678
2084-08-25 12:00:00,2084,8,25,NA,13.5573125909104,18.533074233884
2084-08-26 12:00:00,2084,8,26,NA,16.0563283244038,23.2280575859729
2084-08-27 12:00:00,2084,8,27,NA,13.4226479721933,21.4944463424169
2084-08-28 12:00:00,2084,8,28,NA,11.4481736278313,22.5267956279594
2084-08-29 12:00:00,2084,8,29,NA,12.3518964770323,15.1106555806027
2084-08-30 12:00:00,2084,8,30,NA,9.61725293663266,15.9074853903905
2084-08-31 12:00:00,2084,8,31,NA,14.2611216360558,16.1057811831807
2084-09-01 12:00:00,2084,9,1,NA,10.0891895692408,18.2018179642431
2084-09-02 12:00:00,2084,9,2,NA,8.75612625228628,20.0988053217832
2084-09-03 12:00:00,2084,9,3,NA,11.3954945794718,21.2604641301314
2084-09-04 12:00:00,2084,9,4,NA,12.7726126806418,22.0731761699522
2084-09-05 12:00:00,2084,9,5,NA,14.369506219757,21.7940341376315
2084-09-06 12:00:00,2084,9,6,NA,13.8051101638394,19.5627324127505
2084-09-07 12:00:00,2084,9,7,NA,11.6368630412493,17.3944852901603
2084-09-08 12:00:00,2084,9,8,NA,11.1032664496082,14.4103092115743
2084-09-09 12:00:00,2084,9,9,NA,13.3696097003146,16.0728698111375
2084-09-10 12:00:00,2084,9,10,NA,13.0599937077179,18.4574314582863
2084-09-11 12:00:00,2084,9,11,NA,18.4580673872189,20.702852307506
2084-09-12 12:00:00,2084,9,12,NA,16.915794782194,23.7353669810012
2084-09-13 12:00:00,2084,9,13,NA,13.1475008214805,25.7712953875363
2084-09-14 12:00:00,2084,9,14,NA,14.2269823789809,23.6933519684681
2084-09-15 12:00:00,2084,9,15,NA,14.6269660559862,24.7569881372156
2084-09-16 12:00:00,2084,9,16,NA,13.2317748025133,24.4973070744191
2084-09-17 12:00:00,2084,9,17,NA,17.8877225171396,25.6170169950403
2084-09-18 12:00:00,2084,9,18,NA,14.4275818146675,25.0774938197126
2084-09-19 12:00:00,2084,9,19,NA,13.7191474781942,19.251269107563
2084-09-20 12:00:00,2084,9,20,NA,13.7779302960321,23.0784937853426
2084-09-21 12:00:00,2084,9,21,NA,11.9580699736829,25.7836073462067
2084-09-22 12:00:00,2084,9,22,NA,16.3199445500514,25.1591431140514
2084-09-23 12:00:00,2084,9,23,NA,15.0956830607889,23.4882128946855
2084-09-24 12:00:00,2084,9,24,NA,14.9156273252031,21.5779364306407
2084-09-25 12:00:00,2084,9,25,NA,16.3423798989308,24.7732163047046
2084-09-26 12:00:00,2084,9,26,NA,16.3047899558368,25.1439885198368
2084-09-27 12:00:00,2084,9,27,NA,15.4365378763041,28.2850037218183
2084-09-28 12:00:00,2084,9,28,NA,16.2364253363157,21.9940475852267
2084-09-29 12:00:00,2084,9,29,NA,17.7747222454146,25.7752223848191
2084-09-30 12:00:00,2084,9,30,NA,18.5657645725677,23.0318358152254
2084-10-01 12:00:00,2084,10,1,NA,17.3955514569107,19.7774261409786
2084-10-02 12:00:00,2084,10,2,NA,17.2763216391208,19.1231365572015
2084-10-03 12:00:00,2084,10,3,NA,9.86848739078988,15.2084307488033
2084-10-04 12:00:00,2084,10,4,NA,8.29389635870679,13.7066364922165
2084-10-05 12:00:00,2084,10,5,NA,8.82154064645947,14.1412089893731
2084-10-06 12:00:00,2084,10,6,NA,9.02382030453035,16.3801724915343
2084-10-07 12:00:00,2084,10,7,NA,9.88160616799109,15.2715935703002
2084-10-08 12:00:00,2084,10,8,NA,5.96480371409381,12.4529244122793
2084-10-09 12:00:00,2084,10,9,NA,6.00115965140971,11.3597361264381
2084-10-10 12:00:00,2084,10,10,NA,2.18657469195739,11.9625465877299
2084-10-11 12:00:00,2084,10,11,NA,5.80616871760577,13.4863689186552
2084-10-12 12:00:00,2084,10,12,NA,3.20437445322297,15.1147196118527
2084-10-13 12:00:00,2084,10,13,NA,8.78418174008986,15.3334311557531
2084-10-14 12:00:00,2084,10,14,NA,10.3308540466848,16.7229804409165
2084-10-15 12:00:00,2084,10,15,NA,10.2850369587907,19.5231487679227
2084-10-16 12:00:00,2084,10,16,NA,13.0988649079363,22.4873588128031
2084-10-17 12:00:00,2084,10,17,NA,11.5720156735175,24.4955561196741
2084-10-18 12:00:00,2084,10,18,NA,12.6219598714191,21.8713820651128
2084-10-19 12:00:00,2084,10,19,NA,10.1831586710213,17.4880573564276
2084-10-20 12:00:00,2084,10,20,NA,12.7245783152656,19.8903123589676
2084-10-21 12:00:00,2084,10,21,NA,7.48994498563143,11.8633711499602
2084-10-22 12:00:00,2084,10,22,NA,5.12697768110454,11.6806348044786
2084-10-23 12:00:00,2084,10,23,NA,1.07051577678852,12.9072726806294
2084-10-24 12:00:00,2084,10,24,NA,6.63666400893782,14.204264825033
2084-10-25 12:00:00,2084,10,25,NA,8.04873316377546,12.6398380822532
2084-10-26 12:00:00,2084,10,26,NA,7.48006642223585,11.9657669535197
2084-10-27 12:00:00,2084,10,27,NA,3.48691572039206,10.9394881854386
2084-10-28 12:00:00,2084,10,28,NA,2.67542032980572,14.3056748204921
2084-10-29 12:00:00,2084,10,29,NA,-0.320934233966348,12.8656294291635
2084-10-30 12:00:00,2084,10,30,NA,7.63241508398669,17.1233473187554
2084-10-31 12:00:00,2084,10,31,NA,6.28021033779476,16.0028329578243
2084-11-01 12:00:00,2084,11,1,NA,6.08672165421726,14.7363545499212
2084-11-02 12:00:00,2084,11,2,NA,6.20795947386237,13.2110331871662
2084-11-03 12:00:00,2084,11,3,NA,5.44535627015801,12.2315120366713
2084-11-04 12:00:00,2084,11,4,NA,6.27823737357383,14.698506584328
2084-11-05 12:00:00,2084,11,5,NA,0.662129621915699,12.6896553985248
2084-11-06 12:00:00,2084,11,6,NA,3.44332866274674,16.5378588206411
2084-11-07 12:00:00,2084,11,7,NA,2.84527152110607,15.7276781416773
2084-11-08 12:00:00,2084,11,8,NA,0.395362860635385,11.5566342677365
2084-11-09 12:00:00,2084,11,9,NA,0.264828799586129,7.79533322136158
2084-11-10 12:00:00,2084,11,10,NA,2.97874002416441,12.3615269798123
2084-11-11 12:00:00,2084,11,11,NA,4.86206627640303,6.33995377017144
2084-11-12 12:00:00,2084,11,12,NA,4.83292579228284,7.80401462996662
2084-11-13 12:00:00,2084,11,13,NA,2.12110499331461,5.85045349480493
2084-11-14 12:00:00,2084,11,14,NA,1.046524161238,4.93786801286701
2084-11-15 12:00:00,2084,11,15,NA,3.62964759765926,10.4573031788488
2084-11-16 12:00:00,2084,11,16,NA,1.0594844604351,11.2974785074268
2084-11-17 12:00:00,2084,11,17,NA,3.77917622089775,8.48760884782602
2084-11-18 12:00:00,2084,11,18,NA,0.506659832641116,8.2178860198419
2084-11-19 12:00:00,2084,11,19,NA,5.47744745874478,8.29561448326241
2084-11-20 12:00:00,2084,11,20,NA,5.40794301221721,8.35315970956972
2084-11-21 12:00:00,2084,11,21,NA,3.00335023303053,4.95652246456829
2084-11-22 12:00:00,2084,11,22,NA,2.20330123768708,8.15706797410222
2084-11-23 12:00:00,2084,11,23,NA,2.51013208155718,8.1214318485379
2084-11-24 12:00:00,2084,11,24,NA,-2.70335467602807,4.81116754157583
2084-11-25 12:00:00,2084,11,25,NA,0.0394968572873817,4.74792948421565
2084-11-26 12:00:00,2084,11,26,NA,-2.65506529985121,4.32069417830859
2084-11-27 12:00:00,2084,11,27,NA,4.31243092238546,7.68217877727306
2084-11-28 12:00:00,2084,11,28,NA,3.93363987017186,9.37484977828428
2084-11-29 12:00:00,2084,11,29,NA,5.46825554700028,11.0732824682297
2084-11-30 12:00:00,2084,11,30,NA,4.76082656063318,9.50714981265823
2084-12-01 12:00:00,2084,12,1,NA,7.30467498131048,12.6459254178002
2084-12-02 12:00:00,2084,12,2,NA,7.00441517844121,9.5776418191175
2084-12-03 12:00:00,2084,12,3,NA,3.95747485483701,6.38377284424804
2084-12-04 12:00:00,2084,12,4,NA,2.24455365646536,8.26429592208434
2084-12-05 12:00:00,2084,12,5,NA,0.808980780170002,5.24381567652816
2084-12-06 12:00:00,2084,12,6,NA,0.871257470188983,6.87801954897213
2084-12-07 12:00:00,2084,12,7,NA,7.89548669051814,13.9189872694264
2084-12-08 12:00:00,2084,12,8,NA,3.34645973426441,8.05798939680624
2084-12-09 12:00:00,2084,12,9,NA,5.6253172951025,8.52765941068477
2084-12-10 12:00:00,2084,12,10,NA,4.85772833029822,8.60518188288977
2084-12-11 12:00:00,2084,12,11,NA,-1.6147030171841,3.27001484882067
2084-12-12 12:00:00,2084,12,12,NA,1.44365188215915,6.87001288265616
2084-12-13 12:00:00,2084,12,13,NA,-0.433280863246266,3.93081466140479
2084-12-14 12:00:00,2084,12,14,NA,0.470239780731652,7.78752189244761
2084-12-15 12:00:00,2084,12,15,NA,-2.91086640196781,6.01050989027342
2084-12-16 12:00:00,2084,12,16,NA,1.55233737601457,7.42408084146387
2084-12-17 12:00:00,2084,12,17,NA,0.633961656445652,3.67878049774144
2084-12-18 12:00:00,2084,12,18,NA,-1.37534885637413,3.77889656826698
2084-12-19 12:00:00,2084,12,19,NA,-2.80034460476037,-0.775749223061831
2084-12-20 12:00:00,2084,12,20,NA,-6.29093850376777,-5.30042405757409
2084-12-21 12:00:00,2084,12,21,NA,-5.77676127118876,-1.06523160864693
2084-12-22 12:00:00,2084,12,22,NA,-4.40382765145371,1.71355740775449
2084-12-23 12:00:00,2084,12,23,NA,-8.13209293415648,2.75472241646179
2084-12-24 12:00:00,2084,12,24,NA,-8.20940800993381,0.405970155002458
2084-12-25 12:00:00,2084,12,25,NA,-16.3823782587114,-10.2640263253206
2084-12-26 12:00:00,2084,12,26,NA,-16.2547601676892,-8.78563440293697
2084-12-27 12:00:00,2084,12,27,NA,-5.46136424469145,-2.89903875432506
2084-12-28 12:00:00,2084,12,28,NA,-2.26255332540674,0.639788790175523
2084-12-29 12:00:00,2084,12,29,NA,-2.34801240058763,0.752708314875114
2084-12-30 12:00:00,2084,12,30,NA,-1.08852148687764,0.72174864925503
2084-12-31 12:00:00,2084,12,31,NA,-5.90138332869784,0.256729861675558
2085-01-01 12:00:00,2085,1,1,NA,1.49761693747267,10.052810286805
2085-01-02 12:00:00,2085,1,2,NA,3.6668468613788,5.72092438605357
2085-01-03 12:00:00,2085,1,3,NA,0.185529256360281,4.93830490743469
2085-01-04 12:00:00,2085,1,4,NA,-0.469524235438015,6.6098378530076
2085-01-05 12:00:00,2085,1,5,NA,3.34417071045349,11.271398730082
2085-01-06 12:00:00,2085,1,6,NA,1.70274549894419,9.55472004279797
2085-01-07 12:00:00,2085,1,7,NA,-1.71385907918983,8.42345390265867
2085-01-08 12:00:00,2085,1,8,NA,0.0393587128804356,5.21936880680861
2085-01-09 12:00:00,2085,1,9,NA,0.950387357343852,4.09987274179078
2085-01-10 12:00:00,2085,1,10,NA,0.72021386742641,5.62722091136397
2085-01-11 12:00:00,2085,1,11,NA,4.08560290601787,10.3671603867477
2085-01-12 12:00:00,2085,1,12,NA,4.69282506443752,12.773371467068
2085-01-13 12:00:00,2085,1,13,NA,9.47911107043087,14.956499228457
2085-01-14 12:00:00,2085,1,14,NA,6.67506505085804,14.0901964755548
2085-01-15 12:00:00,2085,1,15,NA,3.6045992330648,10.7802642318545
2085-01-16 12:00:00,2085,1,16,NA,2.50076943364547,8.26033303841631
2085-01-17 12:00:00,2085,1,17,NA,4.14048062965614,8.15977482330734
2085-01-18 12:00:00,2085,1,18,NA,4.25568158518576,7.64993325216272
2085-01-19 12:00:00,2085,1,19,NA,4.45062532160136,8.95559375490212
2085-01-20 12:00:00,2085,1,20,NA,1.70863922778602,4.80768929047315
2085-01-21 12:00:00,2085,1,21,NA,-0.999527243398869,0.00640530298801512
2085-01-22 12:00:00,2085,1,22,NA,-1.73719667846286,0.257578303883854
2085-01-23 12:00:00,2085,1,23,NA,2.7689385507266,5.90391041299342
2085-01-24 12:00:00,2085,1,24,NA,-2.77255329609625,1.81362564732335
2085-01-25 12:00:00,2085,1,25,NA,-0.36783329865962,6.96878492538603
2085-01-26 12:00:00,2085,1,26,NA,-1.10055381612732,3.84184180527852
2085-01-27 12:00:00,2085,1,27,NA,3.60668019492583,7.66982936786411
2085-01-28 12:00:00,2085,1,28,NA,-1.50594929766459,7.57950993391612
2085-01-29 12:00:00,2085,1,29,NA,4.10309616020592,14.186522344264
2085-01-30 12:00:00,2085,1,30,NA,9.68465015298683,19.1024822481848
2085-01-31 12:00:00,2085,1,31,NA,11.4653505974978,19.3999086396621
2085-02-01 12:00:00,2085,2,1,NA,10.2969305478015,18.7718265243406
2085-02-02 12:00:00,2085,2,2,NA,6.71124239387219,14.2955562521994
2085-02-03 12:00:00,2085,2,3,NA,2.44238218689351,6.59460165347893
2085-02-04 12:00:00,2085,2,4,NA,-0.127111547321683,6.82004570255964
2085-02-05 12:00:00,2085,2,5,NA,-0.481092900780469,1.9504729422131
2085-02-06 12:00:00,2085,2,6,NA,3.44992898290099,6.02377345178055
2085-02-07 12:00:00,2085,2,7,NA,1.28965948780351,11.7028557630132
2085-02-08 12:00:00,2085,2,8,NA,5.93308569671056,13.7229104365209
2085-02-09 12:00:00,2085,2,9,NA,3.12948921447893,11.1247391972537
2085-02-10 12:00:00,2085,2,10,NA,1.28725394869934,14.9136719416928
2085-02-11 12:00:00,2085,2,11,NA,4.67489134353692,15.4533689002634
2085-02-12 12:00:00,2085,2,12,NA,7.8487794822072,12.7866335824325
2085-02-13 12:00:00,2085,2,13,NA,10.9764381140436,14.3260706257063
2085-02-14 12:00:00,2085,2,14,NA,9.81847188012565,13.0920668410219
2085-02-15 12:00:00,2085,2,15,NA,10.2837974601353,11.3187115120084
2085-02-16 12:00:00,2085,2,16,NA,5.77893998908021,9.03904261324089
2085-02-17 12:00:00,2085,2,17,NA,2.10239633163836,4.53296919803566
2085-02-18 12:00:00,2085,2,18,NA,4.01926155151237,7.97164060626741
2085-02-19 12:00:00,2085,2,19,NA,2.40529450921733,8.92626932347105
2085-02-20 12:00:00,2085,2,20,NA,5.92299610453224,9.27262861619492
2085-02-21 12:00:00,2085,2,21,NA,6.60133010121424,9.02058025023299
2085-02-22 12:00:00,2085,2,22,NA,7.8401111090003,9.88503950437427
2085-02-23 12:00:00,2085,2,23,NA,5.21770635930069,7.46101747705928
2085-02-24 12:00:00,2085,2,24,NA,1.12538055039032,7.72971782595408
2085-02-25 12:00:00,2085,2,25,NA,6.08823856118766,8.71921015692164
2085-02-26 12:00:00,2085,2,26,NA,-0.296769276372096,2.13002894356265
2085-02-27 12:00:00,2085,2,27,NA,-2.71034138949981,1.81748396705779
2085-02-28 12:00:00,2085,2,28,NA,-0.561087670272985,1.05439857807511
2085-03-01 12:00:00,2085,3,1,NA,-5.32168493008035,-0.0182764014122445
2085-03-02 12:00:00,2085,3,2,NA,-1.99587439974487,6.44667346421052
2085-03-03 12:00:00,2085,3,3,NA,1.21374656091175,8.56907788050752
2085-03-04 12:00:00,2085,3,4,NA,-1.91009682292884,8.9858844968789
2085-03-05 12:00:00,2085,3,5,NA,4.13959408567906,12.1525120284438
2085-03-06 12:00:00,2085,3,6,NA,8.55057263066546,14.4700122681296
2085-03-07 12:00:00,2085,3,7,NA,5.05190206856721,13.5845331038547
2085-03-08 12:00:00,2085,3,8,NA,2.81165888479418,13.2385548875676
2085-03-09 12:00:00,2085,3,9,NA,2.98409988675265,22.3220095223917
2085-03-10 12:00:00,2085,3,10,NA,4.61004560808834,23.8779481875828
2085-03-11 12:00:00,2085,3,11,NA,7.75459628655363,13.8389912583483
2085-03-12 12:00:00,2085,3,12,NA,3.21797555344988,9.95871216883961
2085-03-13 12:00:00,2085,3,13,NA,7.06485109804973,17.8712187265887
2085-03-14 12:00:00,2085,3,14,NA,2.0666420272413,15.5003449075841
2085-03-15 12:00:00,2085,3,15,NA,2.99426330560991,13.3216570629123
2085-03-16 12:00:00,2085,3,16,NA,5.75443678949228,19.0202178845683
2085-03-17 12:00:00,2085,3,17,NA,5.70241083889741,13.5214316004636
2085-03-18 12:00:00,2085,3,18,NA,5.49394876698916,11.3302161095036
2085-03-19 12:00:00,2085,3,19,NA,3.81660476658848,6.34637969976978
2085-03-20 12:00:00,2085,3,20,NA,1.94009469798319,10.0595110611116
2085-03-21 12:00:00,2085,3,21,NA,-1.07678385476819,12.8897101292505
2085-03-22 12:00:00,2085,3,22,NA,1.03785638237541,11.4647523851488
2085-03-23 12:00:00,2085,3,23,NA,3.12330663959331,13.3340575192061
2085-03-24 12:00:00,2085,3,24,NA,1.42032452301922,15.4834342340294
2085-03-25 12:00:00,2085,3,25,NA,5.44026060125599,12.8183421649265
2085-03-26 12:00:00,2085,3,26,NA,8.0444501653655,14.2172658946283
2085-03-27 12:00:00,2085,3,27,NA,4.90193714035456,12.1662150791293
2085-03-28 12:00:00,2085,3,28,NA,5.37136360510859,8.75749336521369
2085-03-29 12:00:00,2085,3,29,NA,4.32901294941032,7.3858684211214
2085-03-30 12:00:00,2085,3,30,NA,3.12232305461595,6.48207808493461
2085-03-31 12:00:00,2085,3,31,NA,0.199044513340342,8.2119624561051
2085-04-01 12:00:00,2085,4,1,NA,0.754645854918539,8.02906510078707
2085-04-02 12:00:00,2085,4,2,NA,-6.74421566986191,11.4456330476632
2085-04-03 12:00:00,2085,4,3,NA,-4.95974518805885,16.0362507296328
2085-04-04 12:00:00,2085,4,4,NA,-4.99064029750768,12.7117102268993
2085-04-05 12:00:00,2085,4,5,NA,1.35354595005889,18.2107542323598
2085-04-06 12:00:00,2085,4,6,NA,2.02210708569332,17.7408087195401
2085-04-07 12:00:00,2085,4,7,NA,8.28640161588116,16.6178232301412
2085-04-08 12:00:00,2085,4,8,NA,7.59064508003749,15.8991358348547
2085-04-09 12:00:00,2085,4,9,NA,5.21148942252526,12.4760296168113
2085-04-10 12:00:00,2085,4,10,NA,3.25468342679227,18.4264507020611
2085-04-11 12:00:00,2085,4,11,NA,8.28014884322582,16.4360534625947
2085-04-12 12:00:00,2085,4,12,NA,5.38343457336879,14.9310260868677
2085-04-13 12:00:00,2085,4,13,NA,5.60210726787805,17.174028477385
2085-04-14 12:00:00,2085,4,14,NA,2.46825627714136,20.4488839690258
2085-04-15 12:00:00,2085,4,15,NA,5.96124408190788,15.248343521401
2085-04-16 12:00:00,2085,4,16,NA,9.93981449761152,21.4783095435629
2085-04-17 12:00:00,2085,4,17,NA,6.14965879444127,10.2164258870254
2085-04-18 12:00:00,2085,4,18,NA,7.13441348932453,12.4038266203566
2085-04-19 12:00:00,2085,4,19,NA,5.71299692982688,19.4508258895771
2085-04-20 12:00:00,2085,4,20,NA,7.92400050402363,15.9464875966301
2085-04-21 12:00:00,2085,4,21,NA,8.26108713921378,15.4936522898167
2085-04-22 12:00:00,2085,4,22,NA,4.99800716082425,16.8000620544709
2085-04-23 12:00:00,2085,4,23,NA,1.32620813993513,19.3068358318196
2085-04-24 12:00:00,2085,4,24,NA,7.45211522576348,11.0985444469319
2085-04-25 12:00:00,2085,4,25,NA,6.83652649225986,11.1727516332127
2085-04-26 12:00:00,2085,4,26,NA,7.21882565708941,10.3814075705403
2085-04-27 12:00:00,2085,4,27,NA,2.29065737066491,12.9161119466068
2085-04-28 12:00:00,2085,4,28,NA,1.62718875066694,16.3033764349895
2085-04-29 12:00:00,2085,4,29,NA,2.23026608226293,15.9567351396363
2085-04-30 12:00:00,2085,4,30,NA,1.25563709715009,17.9667119684252
2085-05-01 12:00:00,2085,5,1,NA,6.6238202679111,15.8305909607839
2085-05-02 12:00:00,2085,5,2,NA,3.64087865073916,14.8400052037922
2085-05-03 12:00:00,2085,5,3,NA,3.3373239087218,15.1781235725579
2085-05-04 12:00:00,2085,5,4,NA,6.79602993542872,13.4283253628199
2085-05-05 12:00:00,2085,5,5,NA,5.6171126322916,10.490504819427
2085-05-06 12:00:00,2085,5,6,NA,6.83415812816463,10.7745292595136
2085-05-07 12:00:00,2085,5,7,NA,4.32597210613549,14.1394696010529
2085-05-08 12:00:00,2085,5,8,NA,3.7095575669156,18.5164422558986
2085-05-09 12:00:00,2085,5,9,NA,1.59198058469849,18.3986550068794
2085-05-10 12:00:00,2085,5,10,NA,6.67523900922432,19.7930901963798
2085-05-11 12:00:00,2085,5,11,NA,10.1279976845974,17.9317623695214
2085-05-12 12:00:00,2085,5,12,NA,4.64886277846066,20.7789273543044
2085-05-13 12:00:00,2085,5,13,NA,9.13965618193087,16.7179729490419
2085-05-14 12:00:00,2085,5,14,NA,10.177595243083,16.1069096804531
2085-05-15 12:00:00,2085,5,15,NA,10.9112327018132,16.8496457982255
2085-05-16 12:00:00,2085,5,16,NA,17.1042819110825,20.0541977643589
2085-05-17 12:00:00,2085,5,17,NA,13.5904386321946,21.4212404733399
2085-05-18 12:00:00,2085,5,18,NA,11.2482433565285,17.4987529742463
2085-05-19 12:00:00,2085,5,19,NA,8.13512731845402,22.942012007437
2085-05-20 12:00:00,2085,5,20,NA,10.7158849922589,18.636216453926
2085-05-21 12:00:00,2085,5,21,NA,11.8350692936808,19.4313941882721
2085-05-22 12:00:00,2085,5,22,NA,9.84020474612264,18.0565845224094
2085-05-23 12:00:00,2085,5,23,NA,5.52122687778499,23.0723084799935
2085-05-24 12:00:00,2085,5,24,NA,13.0362110234466,22.7967274150812
2085-05-25 12:00:00,2085,5,25,NA,12.5747077980573,17.4546959083826
2085-05-26 12:00:00,2085,5,26,NA,5.27016796627245,18.8457861281359
2085-05-27 12:00:00,2085,5,27,NA,2.85778489322925,22.1007389445645
2085-05-28 12:00:00,2085,5,28,NA,9.67973463893773,23.3701699264741
2085-05-29 12:00:00,2085,5,29,NA,17.388637258602,24.7436351276882
2085-05-30 12:00:00,2085,5,30,NA,19.1148945567172,23.0552656880661
2085-05-31 12:00:00,2085,5,31,NA,13.5579485785789,30.3298613432602
2085-06-01 12:00:00,2085,6,1,NA,13.7076191781289,31.3605548763147
2085-06-02 12:00:00,2085,6,2,NA,12.6572404747307,31.749135240196
2085-06-03 12:00:00,2085,6,3,NA,14.574978319565,29.8238433617516
2085-06-04 12:00:00,2085,6,4,NA,10.8675577839878,26.3596808822842
2085-06-05 12:00:00,2085,6,5,NA,15.1511720323814,24.6364951956857
2085-06-06 12:00:00,2085,6,6,NA,9.34369968037477,24.032065876871
2085-06-07 12:00:00,2085,6,7,NA,12.3325043528673,28.8643272995104
2085-06-08 12:00:00,2085,6,8,NA,17.0982330795579,28.2988037925296
2085-06-09 12:00:00,2085,6,9,NA,14.1505438464048,28.5653998672352
2085-06-10 12:00:00,2085,6,10,NA,13.5189066167141,26.9033727756018
2085-06-11 12:00:00,2085,6,11,NA,13.4267965946689,24.7864055686148
2085-06-12 12:00:00,2085,6,12,NA,11.8490297615088,24.0337868453312
2085-06-13 12:00:00,2085,6,13,NA,5.54281690544593,25.1270680376941
2085-06-14 12:00:00,2085,6,14,NA,7.0468199437613,24.5451206450668
2085-06-15 12:00:00,2085,6,15,NA,5.6677767777174,23.3574198904904
2085-06-16 12:00:00,2085,6,16,NA,10.7619810221745,23.4158322651677
2085-06-17 12:00:00,2085,6,17,NA,14.3594101501463,25.6664987661258
2085-06-18 12:00:00,2085,6,18,NA,10.0015923159403,19.2283557669551
2085-06-19 12:00:00,2085,6,19,NA,7.75889495387921,22.1616028573239
2085-06-20 12:00:00,2085,6,20,NA,6.05967715512712,23.5729183375735
2085-06-21 12:00:00,2085,6,21,NA,7.98130200079314,22.3930562507257
2085-06-22 12:00:00,2085,6,22,NA,13.4020177634293,21.6284387369905
2085-06-23 12:00:00,2085,6,23,NA,9.65071220485142,26.4137012959239
2085-06-24 12:00:00,2085,6,24,NA,9.08505087548952,23.5319753431845
2085-06-25 12:00:00,2085,6,25,NA,14.9936386819751,23.2170486650565
2085-06-26 12:00:00,2085,6,26,NA,11.3696140962709,17.6660147839103
2085-06-27 12:00:00,2085,6,27,NA,14.435800277246,19.5916141497938
2085-06-28 12:00:00,2085,6,28,NA,15.2036769902385,23.4679629235087
2085-06-29 12:00:00,2085,6,29,NA,12.7917485287679,25.5833823695946
2085-06-30 12:00:00,2085,6,30,NA,16.057386381045,25.1814236155781
2085-07-01 12:00:00,2085,7,1,NA,12.8438849586488,28.8063913150862
2085-07-02 12:00:00,2085,7,2,NA,14.0134166827011,24.6187055996905
2085-07-03 12:00:00,2085,7,3,NA,17.9117751530063,21.5478984015864
2085-07-04 12:00:00,2085,7,4,NA,15.2426989141475,19.1290616207581
2085-07-05 12:00:00,2085,7,5,NA,12.8084881459643,25.4908314884538
2085-07-06 12:00:00,2085,7,6,NA,15.7804699288327,21.5152119733492
2085-07-07 12:00:00,2085,7,7,NA,18.2403824166176,22.97847351884
2085-07-08 12:00:00,2085,7,8,NA,19.5534630925082,23.3718457809139
2085-07-09 12:00:00,2085,7,9,NA,16.4815354450414,22.2573433909402
2085-07-10 12:00:00,2085,7,10,NA,11.2857657866565,26.3188582354916
2085-07-11 12:00:00,2085,7,11,NA,15.7182727120403,23.2431282514886
2085-07-12 12:00:00,2085,7,12,NA,14.7659396669265,25.4762131419501
2085-07-13 12:00:00,2085,7,13,NA,15.8780590646704,23.2808484435843
2085-07-14 12:00:00,2085,7,14,NA,14.8538324057876,22.3989687911226
2085-07-15 12:00:00,2085,7,15,NA,11.4883023525375,25.3712679468054
2085-07-16 12:00:00,2085,7,16,NA,9.59800732488789,27.6938042618262
2085-07-17 12:00:00,2085,7,17,NA,15.4678832281388,31.4169675161273
2085-07-18 12:00:00,2085,7,18,NA,16.2987710722007,33.9290714252795
2085-07-19 12:00:00,2085,7,19,NA,22.1692585586638,31.2408110340858
2085-07-20 12:00:00,2085,7,20,NA,19.0758752351765,30.3866230796564
2085-07-21 12:00:00,2085,7,21,NA,18.3891125049679,31.7806620581967
2085-07-22 12:00:00,2085,7,22,NA,17.8737608390649,27.6611069721787
2085-07-23 12:00:00,2085,7,23,NA,15.4082414963874,32.4337468518403
2085-07-24 12:00:00,2085,7,24,NA,17.5980853048875,26.5954183925686
2085-07-25 12:00:00,2085,7,25,NA,13.8503251511187,26.391943033296
2085-07-26 12:00:00,2085,7,26,NA,16.1489091190003,28.6225293541392
2085-07-27 12:00:00,2085,7,27,NA,11.2104442151748,28.0077922897994
2085-07-28 12:00:00,2085,7,28,NA,15.9753042414683,22.8161229113191
2085-07-29 12:00:00,2085,7,29,NA,16.4065028091,24.7956599297118
2085-07-30 12:00:00,2085,7,30,NA,12.2722507001526,23.2647798648414
2085-07-31 12:00:00,2085,7,31,NA,16.8381586602441,26.4068383847114
2085-08-01 12:00:00,2085,8,1,NA,16.4932007743379,26.2133590810447
2085-08-02 12:00:00,2085,8,2,NA,15.5859239522595,24.1988133051761
2085-08-03 12:00:00,2085,8,3,NA,15.9502767980769,23.1390908732395
2085-08-04 12:00:00,2085,8,4,NA,18.8930282573705,29.0797417135945
2085-08-05 12:00:00,2085,8,5,NA,20.7943508339717,28.1491371610169
2085-08-06 12:00:00,2085,8,6,NA,18.2201362835273,28.123014745495
2085-08-07 12:00:00,2085,8,7,NA,19.4427922690728,31.4961065123251
2085-08-08 12:00:00,2085,8,8,NA,19.4273881449937,31.4416044371655
2085-08-09 12:00:00,2085,8,9,NA,18.4322215628775,26.7725242663721
2085-08-10 12:00:00,2085,8,10,NA,13.9064214342638,25.1870004075061
2085-08-11 12:00:00,2085,8,11,NA,18.0070853177184,27.5432665634943
2085-08-12 12:00:00,2085,8,12,NA,17.2297684372345,28.6751660683801
2085-08-13 12:00:00,2085,8,13,NA,17.7808927067386,31.3176303790585
2085-08-14 12:00:00,2085,8,14,NA,17.489754939434,30.9586629252499
2085-08-15 12:00:00,2085,8,15,NA,16.2933718593415,29.1546515016904
2085-08-16 12:00:00,2085,8,16,NA,16.4148436940213,30.3452640306453
2085-08-17 12:00:00,2085,8,17,NA,21.7579482797836,30.135039852713
2085-08-18 12:00:00,2085,8,18,NA,23.7148776083314,37.8681703429173
2085-08-19 12:00:00,2085,8,19,NA,20.3606276734471,36.5136071720092
2085-08-20 12:00:00,2085,8,20,NA,21.0811010738277,35.3605573037704
2085-08-21 12:00:00,2085,8,21,NA,15.9137687510658,30.4124770086558
2085-08-22 12:00:00,2085,8,22,NA,13.1757582376828,29.3592497637193
2085-08-23 12:00:00,2085,8,23,NA,11.4396639261444,31.5520379319742
2085-08-24 12:00:00,2085,8,24,NA,13.5173553333044,31.8243412779007
2085-08-25 12:00:00,2085,8,25,NA,13.9847273026174,29.7199713840438
2085-08-26 12:00:00,2085,8,26,NA,13.7829269016974,29.0639625128035
2085-08-27 12:00:00,2085,8,27,NA,16.3753348517128,31.4356993554591
2085-08-28 12:00:00,2085,8,28,NA,19.6968128854325,35.7307497604915
2085-08-29 12:00:00,2085,8,29,NA,17.8613833929722,38.8008431492607
2085-08-30 12:00:00,2085,8,30,NA,16.9845337738124,34.9343524965529
2085-08-31 12:00:00,2085,8,31,NA,17.0626781927529,35.6728857828065
2085-09-01 12:00:00,2085,9,1,NA,17.136929833735,32.8721739151614
2085-09-02 12:00:00,2085,9,2,NA,19.6217866628368,32.9048195958671
2085-09-03 12:00:00,2085,9,3,NA,20.5825541986144,33.1304692695262
2085-09-04 12:00:00,2085,9,4,NA,16.7708097624485,31.2698247396899
2085-09-05 12:00:00,2085,9,5,NA,17.4286307145115,32.5801754659263
2085-09-06 12:00:00,2085,9,6,NA,20.4211090840224,23.3420754949807
2085-09-07 12:00:00,2085,9,7,NA,17.6399343938145,21.9635762193917
2085-09-08 12:00:00,2085,9,8,NA,12.535350905669,20.6169758505023
2085-09-09 12:00:00,2085,9,9,NA,12.2038998561803,20.0998166450442
2085-09-10 12:00:00,2085,9,10,NA,12.9467505817376,19.1337409104201
2085-09-11 12:00:00,2085,9,11,NA,11.9206741499324,20.734590582165
2085-09-12 12:00:00,2085,9,12,NA,10.5445658477011,22.1117544093806
2085-09-13 12:00:00,2085,9,13,NA,12.0312159845054,21.800560090574
2085-09-14 12:00:00,2085,9,14,NA,14.301021610238,20.058643859149
2085-09-15 12:00:00,2085,9,15,NA,12.9210836093349,18.246650712992
2085-09-16 12:00:00,2085,9,16,NA,9.15443459482407,20.3610044965389
2085-09-17 12:00:00,2085,9,17,NA,13.9493821369978,19.1271907091539
2085-09-18 12:00:00,2085,9,18,NA,10.5750720688736,23.6017271483637
2085-09-19 12:00:00,2085,9,19,NA,6.9987321867883,21.4279380325368
2085-09-20 12:00:00,2085,9,20,NA,11.7976894917447,14.5009496025676
2085-09-21 12:00:00,2085,9,21,NA,13.8860415221083,18.0613517371249
2085-09-22 12:00:00,2085,9,22,NA,12.1701354723481,24.1749689786915
2085-09-23 12:00:00,2085,9,23,NA,9.58418829247606,19.3491789674238
2085-09-24 12:00:00,2085,9,24,NA,9.87454686924205,23.9015422752086
2085-09-25 12:00:00,2085,9,25,NA,7.99191749027096,24.8710982205553
2085-09-26 12:00:00,2085,9,26,NA,15.880259112488,23.7945783064377
2085-09-27 12:00:00,2085,9,27,NA,12.8585160938957,19.6129237138554
2085-09-28 12:00:00,2085,9,28,NA,13.7859057845842,18.3624690340761
2085-09-29 12:00:00,2085,9,29,NA,11.7132964217922,19.3648990235135
2085-09-30 12:00:00,2085,9,30,NA,8.06135199211442,15.7170813993607
2085-10-01 12:00:00,2085,10,1,NA,6.37571053388355,16.8221668233772
2085-10-02 12:00:00,2085,10,2,NA,3.04486795994341,17.3053888322551
2085-10-03 12:00:00,2085,10,3,NA,5.93794356897841,18.9071961708835
2085-10-04 12:00:00,2085,10,4,NA,5.47299959380505,19.6916054984665
2085-10-05 12:00:00,2085,10,5,NA,7.29858251641197,21.3161687137918
2085-10-06 12:00:00,2085,10,6,NA,9.66794852089544,20.0661522240226
2085-10-07 12:00:00,2085,10,7,NA,13.5501407974815,18.7726179112643
2085-10-08 12:00:00,2085,10,8,NA,13.8189776754821,18.1584473528947
2085-10-09 12:00:00,2085,10,9,NA,15.5137704386543,19.8532401160669
2085-10-10 12:00:00,2085,10,10,NA,15.7083527510581,20.5455858441273
2085-10-11 12:00:00,2085,10,11,NA,12.4066063248704,18.6161305670597
2085-10-12 12:00:00,2085,10,12,NA,12.5548563740969,18.3359480422752
2085-10-13 12:00:00,2085,10,13,NA,12.388780089155,16.6870453936325
2085-10-14 12:00:00,2085,10,14,NA,12.3295535730299,19.8613248077023
2085-10-15 12:00:00,2085,10,15,NA,10.9687783566151,17.0365288371995
2085-10-16 12:00:00,2085,10,16,NA,9.70529522369548,18.0220880393766
2085-10-17 12:00:00,2085,10,17,NA,5.71625946880375,21.6698761755248
2085-10-18 12:00:00,2085,10,18,NA,13.5344095592731,23.2628297706534
2085-10-19 12:00:00,2085,10,19,NA,8.07586707533944,19.1806736335183
2085-10-20 12:00:00,2085,10,20,NA,12.6688206375917,25.8349719535873
2085-10-21 12:00:00,2085,10,21,NA,17.3420269671763,25.7421905825441
2085-10-22 12:00:00,2085,10,22,NA,16.9954984275834,21.7186243818252
2085-10-23 12:00:00,2085,10,23,NA,9.01892621943178,12.2268734208845
2085-10-24 12:00:00,2085,10,24,NA,12.8172515952941,14.9313274617978
2085-10-25 12:00:00,2085,10,25,NA,12.0366095342034,15.413137023485
2085-10-26 12:00:00,2085,10,26,NA,11.1028722274041,16.4571438425739
2085-10-27 12:00:00,2085,10,27,NA,6.76129937615347,10.3341333642991
2085-10-28 12:00:00,2085,10,28,NA,3.52403087141159,13.1727487906874
2085-10-29 12:00:00,2085,10,29,NA,0.942210450193166,9.57324430268259
2085-10-30 12:00:00,2085,10,30,NA,2.82095896556182,13.8983487420358
2085-10-31 12:00:00,2085,10,31,NA,7.41106369078447,15.911431509924
2085-11-01 12:00:00,2085,11,1,NA,7.82831891505967,12.1265842195372
2085-11-02 12:00:00,2085,11,2,NA,6.33024877012291,9.85795664866439
2085-11-03 12:00:00,2085,11,3,NA,7.06089378853461,11.0678117215269
2085-11-04 12:00:00,2085,11,4,NA,8.85938555691673,14.4430345720732
2085-11-05 12:00:00,2085,11,5,NA,8.10382303032184,12.0559611453866
2085-11-06 12:00:00,2085,11,6,NA,7.17880602391774,12.7895513421879
2085-11-07 12:00:00,2085,11,7,NA,8.72094379441997,13.971103862919
2085-11-08 12:00:00,2085,11,8,NA,10.3025761098705,13.1043339483222
2085-11-09 12:00:00,2085,11,9,NA,4.39328056190996,7.43310349054864
2085-11-10 12:00:00,2085,11,10,NA,0.227320210171146,9.09882330614055
2085-11-11 12:00:00,2085,11,11,NA,5.17371112362132,12.7042155453968
2085-11-12 12:00:00,2085,11,12,NA,3.75078740314531,11.7242410886906
2085-11-13 12:00:00,2085,11,13,NA,3.56426646364829,12.6808982849325
2085-11-14 12:00:00,2085,11,14,NA,4.82373573592362,9.59699779285818
2085-11-15 12:00:00,2085,11,15,NA,5.40504239539311,11.3588091318082
2085-11-16 12:00:00,2085,11,16,NA,3.17329081879262,8.91915703144219
2085-11-17 12:00:00,2085,11,17,NA,4.85697793720621,12.4785993609344
2085-11-18 12:00:00,2085,11,18,NA,7.33451321300026,11.0756048517128
2085-11-19 12:00:00,2085,11,19,NA,10.0924996402521,12.2251811358578
2085-11-20 12:00:00,2085,11,20,NA,6.40289835993724,13.9269093040882
2085-11-21 12:00:00,2085,11,21,NA,8.73522814677987,16.3490623509549
2085-11-22 12:00:00,2085,11,22,NA,6.5999847676847,12.720414134596
2085-11-23 12:00:00,2085,11,23,NA,5.6738798192231,13.2053482407222
2085-11-24 12:00:00,2085,11,24,NA,6.20908359723363,12.3295129641449
2085-11-25 12:00:00,2085,11,25,NA,3.10449652007067,11.5479469198918
2085-11-26 12:00:00,2085,11,26,NA,6.62836840252499,11.37469165455
2085-11-27 12:00:00,2085,11,27,NA,4.7449455081076,9.88831242512381
2085-11-28 12:00:00,2085,11,28,NA,3.35090817231661,8.96020041506186
2085-11-29 12:00:00,2085,11,29,NA,4.23672938448665,9.25513173182301
2085-11-30 12:00:00,2085,11,30,NA,2.89523228091061,9.0156616478219
2085-12-01 12:00:00,2085,12,1,NA,6.69063390181629,14.9784295436796
2085-12-02 12:00:00,2085,12,2,NA,6.82311232397071,14.4287105638704
2085-12-03 12:00:00,2085,12,3,NA,8.34030975741146,14.8454031632824
2085-12-04 12:00:00,2085,12,4,NA,4.46964903976349,9.44252002368416
2085-12-05 12:00:00,2085,12,5,NA,6.2898338857876,11.7161948862846
2085-12-06 12:00:00,2085,12,6,NA,5.90453283956414,12.1270006734084
2085-12-07 12:00:00,2085,12,7,NA,5.72960922948155,11.8359356562286
2085-12-08 12:00:00,2085,12,8,NA,3.91961462441048,12.6866254161731
2085-12-09 12:00:00,2085,12,9,NA,8.14259440500305,13.9183194974347
2085-12-10 12:00:00,2085,12,10,NA,5.13984074531656,9.206753600386
2085-12-11 12:00:00,2085,12,11,NA,-3.5388927283676,0.262813566290513
2085-12-12 12:00:00,2085,12,12,NA,-2.49568574917246,2.60298188491077
2085-12-13 12:00:00,2085,12,13,NA,-8.158829841134,1.37007762774231
2085-12-14 12:00:00,2085,12,14,NA,-3.20097390423495,1.55239521453341
2085-12-15 12:00:00,2085,12,15,NA,-2.26733514704009,3.95290721727525
2085-12-16 12:00:00,2085,12,16,NA,-3.31497902836826,3.79723426190209
2085-12-17 12:00:00,2085,12,17,NA,-1.76020915557117,5.35635062582648
2085-12-18 12:00:00,2085,12,18,NA,0.353832303612107,8.03651028621958
2085-12-19 12:00:00,2085,12,19,NA,-1.55170381060592,9.91069561323323
2085-12-20 12:00:00,2085,12,20,NA,1.04927975728145,10.1372349408902
2085-12-21 12:00:00,2085,12,21,NA,1.76084468468709,9.94672441887715
2085-12-22 12:00:00,2085,12,22,NA,-1.54980023785172,7.97635488211443
2085-12-23 12:00:00,2085,12,23,NA,-0.290348854453145,11.9475782076325
2085-12-24 12:00:00,2085,12,24,NA,0.729871849937273,10.922852590567
2085-12-25 12:00:00,2085,12,25,NA,0.243693607277523,6.16647179199302
2085-12-26 12:00:00,2085,12,26,NA,-0.319715176024228,10.6118682894087
2085-12-27 12:00:00,2085,12,27,NA,5.44924787840223,14.0040672320932
2085-12-28 12:00:00,2085,12,28,NA,8.39461023020171,11.4953309456645
2085-12-29 12:00:00,2085,12,29,NA,7.0898809354504,10.1346997767462
2085-12-30 12:00:00,2085,12,30,NA,7.51858007572835,12.5217683711373
2085-12-31 12:00:00,2085,12,31,NA,7.48968363967651,9.48508133660956
2086-01-01 12:00:00,2086,1,1,NA,4.44761874426363,9.15914840680546
2086-01-02 12:00:00,2086,1,2,NA,3.0429450403659,5.26879154455043
2086-01-03 12:00:00,2086,1,3,NA,3.03848418865629,8.44875628247183
2086-01-04 12:00:00,2086,1,4,NA,2.36902307418998,5.03404989560222
2086-01-05 12:00:00,2086,1,5,NA,1.66319570470951,6.69380556144758
2086-01-06 12:00:00,2086,1,6,NA,-0.629097174356441,4.70963945305336
2086-01-07 12:00:00,2086,1,7,NA,-4.41208172635353,1.81756524166339
2086-01-08 12:00:00,2086,1,8,NA,-4.30793335096896,1.76616086417544
2086-01-09 12:00:00,2086,1,9,NA,-7.47447583005127,2.27568021955717
2086-01-10 12:00:00,2086,1,10,NA,1.72126012684134,5.74960985922152
2086-01-11 12:00:00,2086,1,11,NA,-0.443816899095313,4.12677523970612
2086-01-12 12:00:00,2086,1,12,NA,-1.24322968015682,6.88370721120911
2086-01-13 12:00:00,2086,1,13,NA,4.52544703719529,8.2969424654609
2086-01-14 12:00:00,2086,1,14,NA,0.520993839300868,6.13638931224487
2086-01-15 12:00:00,2086,1,15,NA,1.12601428038236,7.46593941621647
2086-01-16 12:00:00,2086,1,16,NA,-0.0249882863302848,5.78541076299653
2086-01-17 12:00:00,2086,1,17,NA,6.11971210376774,11.7864100173692
2086-01-18 12:00:00,2086,1,18,NA,8.11957240288449,10.8183389338865
2086-01-19 12:00:00,2086,1,19,NA,3.42300265574986,13.6811981623299
2086-01-20 12:00:00,2086,1,20,NA,6.93348401013147,12.2722206375413
2086-01-21 12:00:00,2086,1,21,NA,4.68952427655336,9.24082939590333
2086-01-22 12:00:00,2086,1,22,NA,8.62609068540334,13.9574034114566
2086-01-23 12:00:00,2086,1,23,NA,6.267856729587,10.8812264637639
2086-01-24 12:00:00,2086,1,24,NA,5.47120134043841,9.89183206376466
2086-01-25 12:00:00,2086,1,25,NA,1.8456890193056,6.04062238404459
2086-01-26 12:00:00,2086,1,26,NA,-2.12213891709929,2.14412917374827
2086-01-27 12:00:00,2086,1,27,NA,1.69410673063799,5.52115791939984
2086-01-28 12:00:00,2086,1,28,NA,2.53808047252457,5.27225186067978
2086-01-29 12:00:00,2086,1,29,NA,0.684872768363776,8.84634612356853
2086-01-30 12:00:00,2086,1,30,NA,1.09449239571905,10.6330251264473
2086-01-31 12:00:00,2086,1,31,NA,2.59227887882763,11.9463541878377
2086-02-01 12:00:00,2086,2,1,NA,5.15704928183219,12.8970627777026
2086-02-02 12:00:00,2086,2,2,NA,6.25800468575479,9.01128811383875
2086-02-03 12:00:00,2086,2,3,NA,6.44644643017863,12.7943891338275
2086-02-04 12:00:00,2086,2,4,NA,8.81056360768507,13.6700583407957
2086-02-05 12:00:00,2086,2,5,NA,6.53414052377726,12.3188642111312
2086-02-06 12:00:00,2086,2,6,NA,5.5821058202159,16.3259725485843
2086-02-07 12:00:00,2086,2,7,NA,4.96825039004439,13.4357806116681
2086-02-08 12:00:00,2086,2,8,NA,1.01517654992254,15.0770625852214
2086-02-09 12:00:00,2086,2,9,NA,4.00659686222446,15.6118486508735
2086-02-10 12:00:00,2086,2,10,NA,7.02823447751944,17.8067120342459
2086-02-11 12:00:00,2086,2,11,NA,3.45893512431189,11.7599576497838
2086-02-12 12:00:00,2086,2,12,NA,8.02599557307623,10.6350638103907
2086-02-13 12:00:00,2086,2,13,NA,4.01178548351883,7.42607004194099
2086-02-14 12:00:00,2086,2,14,NA,4.31332465697022,8.44928545153788
2086-02-15 12:00:00,2086,2,15,NA,5.83384523656655,11.0772208914546
2086-02-16 12:00:00,2086,2,16,NA,5.72859569844432,11.7713858447568
2086-02-17 12:00:00,2086,2,17,NA,5.85340982351237,10.7862941731104
2086-02-18 12:00:00,2086,2,18,NA,5.96926073286918,12.4253882453649
2086-02-19 12:00:00,2086,2,19,NA,1.92787045837708,5.98655654376001
2086-02-20 12:00:00,2086,2,20,NA,-0.851044464900047,7.27052050764566
2086-02-21 12:00:00,2086,2,21,NA,-1.96263951331269,4.88636389896645
2086-02-22 12:00:00,2086,2,22,NA,3.27411098600066,5.86090785854405
2086-02-23 12:00:00,2086,2,23,NA,0.279973147167177,1.52499151560642
2086-02-24 12:00:00,2086,2,24,NA,-1.59026214525262,0.836536074682136
2086-02-25 12:00:00,2086,2,25,NA,-1.01961746835435,0.600390808515617
2086-02-26 12:00:00,2086,2,26,NA,-1.30554604302781,1.11318837091706
2086-02-27 12:00:00,2086,2,27,NA,-2.72655641839184,1.70853911468458
2086-02-28 12:00:00,2086,2,28,NA,-1.84153418860541,2.37850359223481
2086-03-01 12:00:00,2086,3,1,NA,-2.31015677217153,3.69884411232244
2086-03-02 12:00:00,2086,3,2,NA,-2.1600713208166,1.49331278962043
2086-03-03 12:00:00,2086,3,3,NA,-4.01728021790011,1.59316844184223
2086-03-04 12:00:00,2086,3,4,NA,-2.21378152752114,9.26344837843406
2086-03-05 12:00:00,2086,3,5,NA,-1.67554819645807,8.63948972101326
2086-03-06 12:00:00,2086,3,6,NA,0.917715635060172,7.84980752110708
2086-03-07 12:00:00,2086,3,7,NA,-1.90715131593926,4.32235670277201
2086-03-08 12:00:00,2086,3,8,NA,-3.40131935436435,6.10806824479413
2086-03-09 12:00:00,2086,3,9,NA,0.599971365560085,3.18847431162105
2086-03-10 12:00:00,2086,3,10,NA,0.946926377958767,4.04093864008514
2086-03-11 12:00:00,2086,3,11,NA,-0.0598573794387498,10.3670386233347
2086-03-12 12:00:00,2086,3,12,NA,-4.61050879456414,11.9556824800785
2086-03-13 12:00:00,2086,3,13,NA,-2.03875587829046,10.2153858899463
2086-03-14 12:00:00,2086,3,14,NA,0.555689359801346,12.0329192657565
2086-03-15 12:00:00,2086,3,15,NA,-4.41065476363245,13.1078161521413
2086-03-16 12:00:00,2086,3,16,NA,0.962473325995559,13.424855358204
2086-03-17 12:00:00,2086,3,17,NA,2.50905127640047,15.1993614179019
2086-03-18 12:00:00,2086,3,18,NA,3.69813488088337,12.3140051887608
2086-03-19 12:00:00,2086,3,19,NA,1.51216406925743,9.52508201202219
2086-03-20 12:00:00,2086,3,20,NA,-3.08224721590124,11.481430683827
2086-03-21 12:00:00,2086,3,21,NA,3.40584224136444,10.4131601485984
2086-03-22 12:00:00,2086,3,22,NA,-2.2708241322241,7.73675427497576
2086-03-23 12:00:00,2086,3,23,NA,-2.60136999079462,5.96160535727776
2086-03-24 12:00:00,2086,3,24,NA,2.5714129019096,10.1234355783484
2086-03-25 12:00:00,2086,3,25,NA,-0.49072651313648,9.90834721013731
2086-03-26 12:00:00,2086,3,26,NA,-0.714137787795581,5.8994345763172
2086-03-27 12:00:00,2086,3,27,NA,0.0686191702025569,7.58534610498309
2086-03-28 12:00:00,2086,3,28,NA,2.8377411361675,6.99998442723627
2086-03-29 12:00:00,2086,3,29,NA,11.1145041809268,16.1879121786107
2086-03-30 12:00:00,2086,3,30,NA,8.77507015636369,12.6604711955644
2086-03-31 12:00:00,2086,3,31,NA,6.35236649241354,11.1839109328585
2086-04-01 12:00:00,2086,4,1,NA,2.30823633937364,10.2295339941986
2086-04-02 12:00:00,2086,4,2,NA,1.72854948489989,15.0977196986572
2086-04-03 12:00:00,2086,4,3,NA,-4.04092840721827,17.6911612380627
2086-04-04 12:00:00,2086,4,4,NA,-0.659281368894623,16.1979269134063
2086-04-05 12:00:00,2086,4,5,NA,4.40059515566772,13.859580890858
2086-04-06 12:00:00,2086,4,6,NA,-0.675846521177982,14.573410467957
2086-04-07 12:00:00,2086,4,7,NA,2.12263777513976,12.6192874380859
2086-04-08 12:00:00,2086,4,8,NA,7.97147004554624,16.1366836939291
2086-04-09 12:00:00,2086,4,9,NA,6.34616798117673,8.63018841957311
2086-04-10 12:00:00,2086,4,10,NA,4.19779152407729,9.71213148389229
2086-04-11 12:00:00,2086,4,11,NA,6.87188789340937,15.3388295815687
2086-04-12 12:00:00,2086,4,12,NA,7.4621746950452,22.2807821366153
2086-04-13 12:00:00,2086,4,13,NA,5.36584416185683,24.0820599397733
2086-04-14 12:00:00,2086,4,14,NA,10.5714612489149,19.7030184551145
2086-04-15 12:00:00,2086,4,15,NA,14.2128178352158,18.1346930284472
2086-04-16 12:00:00,2086,4,16,NA,10.8873348542723,17.2174608564579
2086-04-17 12:00:00,2086,4,17,NA,6.45031542702783,17.6023124516505
2086-04-18 12:00:00,2086,4,18,NA,2.94697192807181,15.6532092761941
2086-04-19 12:00:00,2086,4,19,NA,5.35653409345308,18.0032420488658
2086-04-20 12:00:00,2086,4,20,NA,8.45677196419274,17.3267277447539
2086-04-21 12:00:00,2086,4,21,NA,1.15556872416119,14.8820377815346
2086-04-22 12:00:00,2086,4,22,NA,7.9066335755226,13.1974915369606
2086-04-23 12:00:00,2086,4,23,NA,6.89251747316938,13.9563309656969
2086-04-24 12:00:00,2086,4,24,NA,7.44508709336643,12.703997617573
2086-04-25 12:00:00,2086,4,25,NA,2.4260658675646,15.9698970287695
2086-04-26 12:00:00,2086,4,26,NA,7.71687230638272,16.5945724357077
2086-04-27 12:00:00,2086,4,27,NA,8.91465410250996,18.3424461483744
2086-04-28 12:00:00,2086,4,28,NA,7.32336935918134,12.5927824902134
2086-04-29 12:00:00,2086,4,29,NA,9.81365072219548,15.3772109352594
2086-04-30 12:00:00,2086,4,30,NA,5.66537660737968,15.7613868316254
2086-05-01 12:00:00,2086,5,1,NA,12.5174075691317,16.7291427108516
2086-05-02 12:00:00,2086,5,2,NA,10.6365297579638,17.7241290464018
2086-05-03 12:00:00,2086,5,3,NA,10.8253508315127,15.6769520876532
2086-05-04 12:00:00,2086,5,4,NA,13.0843923353743,19.0092325633948
2086-05-05 12:00:00,2086,5,5,NA,15.0207847413265,22.8245494262506
2086-05-06 12:00:00,2086,5,6,NA,15.7186092127624,23.5223738976864
2086-05-07 12:00:00,2086,5,7,NA,12.8978088087495,22.2185031898335
2086-05-08 12:00:00,2086,5,8,NA,14.8718390310764,19.7194328583987
2086-05-09 12:00:00,2086,5,9,NA,14.6746266196268,24.3450135539666
2086-05-10 12:00:00,2086,5,10,NA,11.2783698352429,24.9453707534234
2086-05-11 12:00:00,2086,5,11,NA,9.1521496754529,20.3565434900822
2086-05-12 12:00:00,2086,5,12,NA,5.94815526195013,23.7077070648612
2086-05-13 12:00:00,2086,5,13,NA,7.36178417019947,22.223000035346
2086-05-14 12:00:00,2086,5,14,NA,4.15911255999575,22.5656563095975
2086-05-15 12:00:00,2086,5,15,NA,10.69468694806,26.2499381773246
2086-05-16 12:00:00,2086,5,16,NA,14.3902297548703,30.0640610672937
2086-05-17 12:00:00,2086,5,17,NA,9.38906751179865,27.2623044150981
2086-05-18 12:00:00,2086,5,18,NA,6.88455590493697,26.3485994108459
2086-05-19 12:00:00,2086,5,19,NA,6.08804732055458,23.7521620511564
2086-05-20 12:00:00,2086,5,20,NA,10.2194579208428,20.0329554157601
2086-05-21 12:00:00,2086,5,21,NA,8.27676020951941,24.8397870991096
2086-05-22 12:00:00,2086,5,22,NA,9.4274933567357,22.0475845183692
2086-05-23 12:00:00,2086,5,23,NA,12.3390489440047,27.9558369338562
2086-05-24 12:00:00,2086,5,24,NA,13.7203597233512,27.4946559868196
2086-05-25 12:00:00,2086,5,25,NA,11.385309097813,28.9059863680621
2086-05-26 12:00:00,2086,5,26,NA,9.54167911973975,31.7579652376243
2086-05-27 12:00:00,2086,5,27,NA,14.982019559479,31.9658193763495
2086-05-28 12:00:00,2086,5,28,NA,12.143798616605,30.6041434635245
2086-05-29 12:00:00,2086,5,29,NA,8.90138281333403,28.0102038803506
2086-05-30 12:00:00,2086,5,30,NA,8.71831605923796,22.4926123227063
2086-05-31 12:00:00,2086,5,31,NA,15.6968713721726,26.3878010732087
2086-06-01 12:00:00,2086,6,1,NA,18.4225617808893,24.2989312673975
2086-06-02 12:00:00,2086,6,2,NA,14.242759388993,17.5649442763079
2086-06-03 12:00:00,2086,6,3,NA,10.8399315014652,19.0901788008625
2086-06-04 12:00:00,2086,6,4,NA,10.3755313078507,19.7765769943249
2086-06-05 12:00:00,2086,6,5,NA,13.1519926447088,21.4022399441061
2086-06-06 12:00:00,2086,6,6,NA,12.3927442512601,27.7025162766368
2086-06-07 12:00:00,2086,6,7,NA,12.2775104967627,28.9691176812264
2086-06-08 12:00:00,2086,6,8,NA,13.5020404393818,28.3748437792409
2086-06-09 12:00:00,2086,6,9,NA,12.9794913499309,20.2414920530406
2086-06-10 12:00:00,2086,6,10,NA,14.8960966869351,19.0046921913083
2086-06-11 12:00:00,2086,6,11,NA,13.0317531264347,18.1139051044345
2086-06-12 12:00:00,2086,6,12,NA,10.6106504403118,19.5044436141292
2086-06-13 12:00:00,2086,6,13,NA,10.1316716845299,21.4666553757728
2086-06-14 12:00:00,2086,6,14,NA,11.2833290598422,20.4999405030194
2086-06-15 12:00:00,2086,6,15,NA,11.3735548009517,20.5423017681288
2086-06-16 12:00:00,2086,6,16,NA,15.7039592664168,21.775772185262
2086-06-17 12:00:00,2086,6,17,NA,11.3675457534259,28.64655415609
2086-06-18 12:00:00,2086,6,18,NA,13.3309075610016,30.7774481137634
2086-06-19 12:00:00,2086,6,19,NA,15.71577660218,29.4396222293061
2086-06-20 12:00:00,2086,6,20,NA,6.03841314356334,26.4681514773008
2086-06-21 12:00:00,2086,6,21,NA,9.39745250065398,26.9220883864994
2086-06-22 12:00:00,2086,6,22,NA,14.8468239344232,21.3874223431546
2086-06-23 12:00:00,2086,6,23,NA,16.6876386158572,23.2055492767404
2086-06-24 12:00:00,2086,6,24,NA,12.1608841093443,22.5678450240025
2086-06-25 12:00:00,2086,6,25,NA,15.163842415452,23.4281283487222
2086-06-26 12:00:00,2086,6,26,NA,14.7328272346998,21.3445109711451
2086-06-27 12:00:00,2086,6,27,NA,14.319869901996,20.4773217879487
2086-06-28 12:00:00,2086,6,28,NA,15.0640892304266,19.1953730799571
2086-06-29 12:00:00,2086,6,29,NA,16.1810170001532,25.349861685386
2086-06-30 12:00:00,2086,6,30,NA,13.0608280635388,19.4203472729331
2086-07-01 12:00:00,2086,7,1,NA,8.30162325020046,23.7921374292865
2086-07-02 12:00:00,2086,7,2,NA,11.0567763281487,22.6079156990651
2086-07-03 12:00:00,2086,7,3,NA,13.2121044327242,19.2927274701093
2086-07-04 12:00:00,2086,7,4,NA,10.2524096221968,22.6963171259095
2086-07-05 12:00:00,2086,7,5,NA,7.27532311821213,24.2140055273485
2086-07-06 12:00:00,2086,7,6,NA,12.4825370024958,26.6679942678319
2086-07-07 12:00:00,2086,7,7,NA,15.3600838913496,20.0744876724752
2086-07-08 12:00:00,2086,7,8,NA,15.7381134122641,22.7576333629377
2086-07-09 12:00:00,2086,7,9,NA,17.1266127975263,22.1696142244013
2086-07-10 12:00:00,2086,7,10,NA,13.5536814432028,23.2738397499096
2086-07-11 12:00:00,2086,7,11,NA,15.9827630500848,23.051392899857
2086-07-12 12:00:00,2086,7,12,NA,14.5181403008362,27.314255048062
2086-07-13 12:00:00,2086,7,13,NA,15.0586119229047,27.1956603339286
2086-07-14 12:00:00,2086,7,14,NA,13.0759216157167,28.1932634877508
2086-07-15 12:00:00,2086,7,15,NA,14.1709981650705,26.3080465760943
2086-07-16 12:00:00,2086,7,16,NA,13.2693578694976,29.0923366384364
2086-07-17 12:00:00,2086,7,17,NA,11.1809319446854,28.0889899810671
2086-07-18 12:00:00,2086,7,18,NA,14.2547481819252,32.7853649883304
2086-07-19 12:00:00,2086,7,19,NA,15.296156156527,29.5750313242905
2086-07-20 12:00:00,2086,7,20,NA,14.1017800870008,34.2282553677199
2086-07-21 12:00:00,2086,7,21,NA,14.1638030353278,27.6655364587978
2086-07-22 12:00:00,2086,7,22,NA,19.1646183206529,22.6892718950841
2086-07-23 12:00:00,2086,7,23,NA,16.2175633172773,26.0095053794808
2086-07-24 12:00:00,2086,7,24,NA,16.5559612917356,26.5230995373119
2086-07-25 12:00:00,2086,7,25,NA,17.7365579294051,26.9986868308577
2086-07-26 12:00:00,2086,7,26,NA,20.1108859330971,27.8474605377867
2086-07-27 12:00:00,2086,7,27,NA,20.5987101309445,28.2228110653428
2086-07-28 12:00:00,2086,7,28,NA,19.3634389554074,28.0900439238359
2086-07-29 12:00:00,2086,7,29,NA,20.4137941540734,29.4111272417545
2086-07-30 12:00:00,2086,7,30,NA,19.3808961907159,32.2374250159769
2086-07-31 12:00:00,2086,7,31,NA,16.6119464525943,34.7630363467538
2086-08-01 12:00:00,2086,8,1,NA,16.6112432824349,34.4413946746747
2086-08-02 12:00:00,2086,8,2,NA,16.9246732179344,27.9862373532291
2086-08-03 12:00:00,2086,8,3,NA,18.3582619720645,28.5449754282886
2086-08-04 12:00:00,2086,8,4,NA,13.8902123812926,28.3889206388826
2086-08-05 12:00:00,2086,8,5,NA,14.380470375977,23.3990734317408
2086-08-06 12:00:00,2086,8,6,NA,13.6158648687796,21.992956441709
2086-08-07 12:00:00,2086,8,7,NA,12.597577573424,24.8549955508331
2086-08-08 12:00:00,2086,8,8,NA,9.30261035172257,27.0872936107041
2086-08-09 12:00:00,2086,8,9,NA,12.188448181192,27.9085885339138
2086-08-10 12:00:00,2086,8,10,NA,12.2129314155334,29.6708061633363
2086-08-11 12:00:00,2086,8,11,NA,16.6230272536755,29.8272473429757
2086-08-12 12:00:00,2086,8,12,NA,16.6103374603476,33.1510125292789
2086-08-13 12:00:00,2086,8,13,NA,18.7113122598073,33.4649883986335
2086-08-14 12:00:00,2086,8,14,NA,19.5026065949025,32.974008235646
2086-08-15 12:00:00,2086,8,15,NA,16.12843994379,29.4224300679069
2086-08-16 12:00:00,2086,8,16,NA,11.5007007545406,27.1731333854191
2086-08-17 12:00:00,2086,8,17,NA,12.9407307789115,24.6167955837282
2086-08-18 12:00:00,2086,8,18,NA,13.6536758412952,23.5398476181126
2086-08-19 12:00:00,2086,8,19,NA,13.3185119475749,27.109277534515
2086-08-20 12:00:00,2086,8,20,NA,12.9716152470381,25.7838418692968
2086-08-21 12:00:00,2086,8,21,NA,13.9095262364349,22.8932651797317
2086-08-22 12:00:00,2086,8,22,NA,11.273951997302,28.3992910734461
2086-08-23 12:00:00,2086,8,23,NA,16.7861179935303,23.6278702472218
2086-08-24 12:00:00,2086,8,24,NA,19.3082693665476,25.5915348613794
2086-08-25 12:00:00,2086,8,25,NA,19.2639966610842,25.4671627533783
2086-08-26 12:00:00,2086,8,26,NA,15.2654494868946,22.483803975404
2086-08-27 12:00:00,2086,8,27,NA,20.5860563694893,25.716574047952
2086-08-28 12:00:00,2086,8,28,NA,15.4955251936858,25.6822386499099
2086-08-29 12:00:00,2086,8,29,NA,16.4666082226447,19.875754564822
2086-08-30 12:00:00,2086,8,30,NA,16.887442153517,22.2094111987577
2086-08-31 12:00:00,2086,8,31,NA,16.4614660474396,25.6704876315492
2086-09-01 12:00:00,2086,9,1,NA,12.1108103028534,24.0296390193111
2086-09-02 12:00:00,2086,9,2,NA,9.23509185128776,23.079983151567
2086-09-03 12:00:00,2086,9,3,NA,11.5148472973696,25.6262920947229
2086-09-04 12:00:00,2086,9,4,NA,12.7342327262125,24.301421287892
2086-09-05 12:00:00,2086,9,5,NA,11.2114040742832,25.5157515514538
2086-09-06 12:00:00,2086,9,6,NA,15.0499615299921,25.0657185913805
2086-09-07 12:00:00,2086,9,7,NA,13.7195513522893,23.4543781323737
2086-09-08 12:00:00,2086,9,8,NA,14.6824361852444,21.0989390416811
2086-09-09 12:00:00,2086,9,9,NA,12.70710004836,20.3587026500813
2086-09-10 12:00:00,2086,9,10,NA,13.76532363318,21.2655801672012
2086-09-11 12:00:00,2086,9,11,NA,12.2775168196576,24.2804825876053
2086-09-12 12:00:00,2086,9,12,NA,12.7780341038796,19.565599568915
2086-09-13 12:00:00,2086,9,13,NA,14.500272639674,22.5007727790785
2086-09-14 12:00:00,2086,9,14,NA,9.00004988880854,20.6502756079025
2086-09-15 12:00:00,2086,9,15,NA,11.439347030255,21.4551040916435
2086-09-16 12:00:00,2086,9,16,NA,14.0070769975608,17.7642555049124
2086-09-17 12:00:00,2086,9,17,NA,12.1709455453023,19.900240023203
2086-09-18 12:00:00,2086,9,18,NA,11.1263141563913,19.0533603946963
2086-09-19 12:00:00,2086,9,19,NA,7.04692846206829,21.7935180200272
2086-09-20 12:00:00,2086,9,20,NA,8.10140381084762,23.4010334182087
2086-09-21 12:00:00,2086,9,21,NA,11.4507622505819,19.5035471628388
2086-09-22 12:00:00,2086,9,22,NA,12.8804293373056,22.1728545188853
2086-09-23 12:00:00,2086,9,23,NA,12.4385145624307,22.9634394848027
2086-09-24 12:00:00,2086,9,24,NA,10.7353845249372,24.9105226144238
2086-09-25 12:00:00,2086,9,25,NA,8.23181591044255,22.6913101026375
2086-09-26 12:00:00,2086,9,26,NA,13.097371878859,22.9567734451333
2086-09-27 12:00:00,2086,9,27,NA,14.9657514968783,25.7964269992678
2086-09-28 12:00:00,2086,9,28,NA,7.99144869264459,24.9700338593654
2086-09-29 12:00:00,2086,9,29,NA,9.4946152234528,21.2438874964425
2086-09-30 12:00:00,2086,9,30,NA,7.56032254095055,22.7400041188701
2086-10-01 12:00:00,2086,10,1,NA,5.9725368312302,23.1630646950777
2086-10-02 12:00:00,2086,10,2,NA,9.80590747962865,24.7600345740886
2086-10-03 12:00:00,2086,10,3,NA,15.6191678208936,28.388299495496
2086-10-04 12:00:00,2086,10,4,NA,15.9043325972594,22.4155737935812
2086-10-05 12:00:00,2086,10,5,NA,12.6294489438227,19.9807650911421
2086-10-06 12:00:00,2086,10,6,NA,8.25544255391858,16.6556061692863
2086-10-07 12:00:00,2086,10,7,NA,6.79655810515736,15.4458116101442
2086-10-08 12:00:00,2086,10,8,NA,11.5907751015934,17.0895529073998
2086-10-09 12:00:00,2086,10,9,NA,12.7682893681626,18.1797278361923
2086-10-10 12:00:00,2086,10,10,NA,10.7849880948321,20.0344102885258
2086-10-11 12:00:00,2086,10,11,NA,13.5943949180891,21.7819040748721
2086-10-12 12:00:00,2086,10,12,NA,13.5032965996134,22.9942288343821
2086-10-13 12:00:00,2086,10,13,NA,15.362054930784,19.9719977189338
2086-10-14 12:00:00,2086,10,14,NA,13.7465292200688,15.8708328313608
2086-10-15 12:00:00,2086,10,15,NA,10.6501052541639,18.1518272599822
2086-10-16 12:00:00,2086,10,16,NA,9.21067134703162,16.607437783212
2086-10-17 12:00:00,2086,10,17,NA,9.74005940914961,12.9551854771162
2086-10-18 12:00:00,2086,10,18,NA,6.475537279484,16.5307853103984
2086-10-19 12:00:00,2086,10,19,NA,7.0125771417009,13.9036385064115
2086-10-20 12:00:00,2086,10,20,NA,10.6570503422032,14.551002649916
2086-10-21 12:00:00,2086,10,21,NA,8.02818843689199,15.5957892529871
2086-10-22 12:00:00,2086,10,22,NA,10.3736887651959,16.7199041011421
2086-10-23 12:00:00,2086,10,23,NA,8.4319705569058,19.0445018756323
2086-10-24 12:00:00,2086,10,24,NA,5.15672326528537,19.1900616712004
2086-10-25 12:00:00,2086,10,25,NA,8.74093074571678,14.1144164369648
2086-10-26 12:00:00,2086,10,26,NA,5.20198971075723,12.0425727333256
2086-10-27 12:00:00,2086,10,27,NA,10.3098785428253,17.3667387250736
2086-10-28 12:00:00,2086,10,28,NA,10.7322287669515,21.5399272352691
2086-10-29 12:00:00,2086,10,29,NA,8.47601613062159,16.0686899193885
2086-10-30 12:00:00,2086,10,30,NA,9.62573507358791,13.6885461454483
2086-10-31 12:00:00,2086,10,31,NA,9.76758370026908,15.1075270582825
2086-11-01 12:00:00,2086,11,1,NA,8.39905879038602,15.9918190566128
2086-11-02 12:00:00,2086,11,2,NA,9.9707733452303,12.6557363376703
2086-11-03 12:00:00,2086,11,3,NA,6.64309059044512,9.47488208502194
2086-11-04 12:00:00,2086,11,4,NA,4.6157232263775,11.7247320964165
2086-11-05 12:00:00,2086,11,5,NA,2.49089535020939,12.6700160664599
2086-11-06 12:00:00,2086,11,6,NA,4.69374226990223,9.56139102607256
2086-11-07 12:00:00,2086,11,7,NA,8.77904327015019,16.8885605709229
2086-11-08 12:00:00,2086,11,8,NA,7.94221724680366,17.458742428131
2086-11-09 12:00:00,2086,11,9,NA,6.64491527696517,12.3907814896147
2086-11-10 12:00:00,2086,11,10,NA,8.28677604514686,12.9854169739205
2086-11-11 12:00:00,2086,11,11,NA,11.0853814699211,15.2211294667612
2086-11-12 12:00:00,2086,11,12,NA,10.768518642317,14.4978498746524
2086-11-13 12:00:00,2086,11,13,NA,7.85996045421142,13.653804242293
2086-11-14 12:00:00,2086,11,14,NA,6.29706471572833,12.8461853653187
2086-11-15 12:00:00,2086,11,15,NA,6.33121393696414,12.2941752118005
2086-11-16 12:00:00,2086,11,16,NA,5.88833965733692,14.3244832895619
2086-11-17 12:00:00,2086,11,17,NA,3.70460633340427,10.8018509193963
2086-11-18 12:00:00,2086,11,18,NA,8.56925859047941,10.6489242865748
2086-11-19 12:00:00,2086,11,19,NA,4.57930669050479,5.96269596114382
2086-11-20 12:00:00,2086,11,20,NA,1.87828874693886,5.88520667993116
2086-11-21 12:00:00,2086,11,21,NA,-3.33237578489646,6.71538266302142
2086-11-22 12:00:00,2086,11,22,NA,-5.95763362501987,4.35575062500905
2086-11-23 12:00:00,2086,11,23,NA,-4.68066347301097,3.04047652624237
2086-11-24 12:00:00,2086,11,24,NA,-3.68717249992132,6.72434781998163
2086-11-25 12:00:00,2086,11,25,NA,2.75581599902195,6.49349085043447
2086-11-26 12:00:00,2086,11,26,NA,4.43718042097353,7.40826925865732
2086-11-27 12:00:00,2086,11,27,NA,3.25362838720623,5.56968595879855
2086-11-28 12:00:00,2086,11,28,NA,2.78017999860893,5.64155410563535
2086-11-29 12:00:00,2086,11,29,NA,1.81901973594562,6.49427986321501
2086-11-30 12:00:00,2086,11,30,NA,7.90833643509248,13.8621031715076
2086-12-01 12:00:00,2086,12,1,NA,5.7656019288663,15.499823025408
2086-12-02 12:00:00,2086,12,2,NA,7.17909170009416,15.9946028273917
2086-12-03 12:00:00,2086,12,3,NA,6.25490012909483,15.4251308304353
2086-12-04 12:00:00,2086,12,4,NA,6.72186025020096,17.9398160788603
2086-12-05 12:00:00,2086,12,5,NA,8.57034146369414,15.3418403544092
2086-12-06 12:00:00,2086,12,6,NA,4.72762929902559,8.68799967928948
2086-12-07 12:00:00,2086,12,7,NA,5.10777863883694,9.18053413156909
2086-12-08 12:00:00,2086,12,8,NA,8.61618339389216,13.7704288185333
2086-12-09 12:00:00,2086,12,9,NA,8.52276514160659,15.2942640323216
2086-12-10 12:00:00,2086,12,10,NA,7.03992111854241,14.1609475110186
2086-12-11 12:00:00,2086,12,11,NA,3.35488292521036,15.592809987296
2086-12-12 12:00:00,2086,12,12,NA,3.74535257601199,14.2168433530142
2086-12-13 12:00:00,2086,12,13,NA,7.83285066531445,15.5742569994076
2086-12-14 12:00:00,2086,12,14,NA,8.4821084970675,15.4864230060871
2086-12-15 12:00:00,2086,12,15,NA,7.26128489067392,16.815066854657
2086-12-16 12:00:00,2086,12,16,NA,4.47429463252289,14.000449752489
2086-12-17 12:00:00,2086,12,17,NA,7.1995679145641,9.85880577778783
2086-12-18 12:00:00,2086,12,18,NA,4.62525046044212,7.68224545552732
2086-12-19 12:00:00,2086,12,19,NA,1.43985028119699,9.18125661529011
2086-12-20 12:00:00,2086,12,20,NA,1.74351148213713,4.63609887703636
2086-12-21 12:00:00,2086,12,21,NA,-1.07065874346638,4.50412750678143
2086-12-22 12:00:00,2086,12,22,NA,4.25224462623892,9.00561374500727
2086-12-23 12:00:00,2086,12,23,NA,3.13922128359635,8.03401513848304
2086-12-24 12:00:00,2086,12,24,NA,2.43795021855214,7.53422192731694
2086-12-25 12:00:00,2086,12,25,NA,4.32266131086545,8.59462432981948
2086-12-26 12:00:00,2086,12,26,NA,4.19266425293973,7.53758428309689
2086-12-27 12:00:00,2086,12,27,NA,4.77648031243026,9.82442374685874
2086-12-28 12:00:00,2086,12,28,NA,6.64208586837023,19.238745599187
2086-12-29 12:00:00,2086,12,29,NA,5.01926082782196,13.1274863260109
2086-12-30 12:00:00,2086,12,30,NA,4.74865001003105,7.84937072549379
2086-12-31 12:00:00,2086,12,31,NA,6.87932761022956,7.96074599057359
2087-01-01 12:00:00,2087,1,1,NA,3.69361793250207,6.73987222740687
2087-01-02 12:00:00,2087,1,2,NA,1.76576291393169,9.82515387571244
2087-01-03 12:00:00,2087,1,3,NA,-1.77645822054517,9.22469217511521
2087-01-04 12:00:00,2087,1,4,NA,3.27371930372627,6.14687311288216
2087-01-05 12:00:00,2087,1,5,NA,2.85895301551621,5.99392487778302
2087-01-06 12:00:00,2087,1,6,NA,0.77178569731593,2.7056451918872
2087-01-07 12:00:00,2087,1,7,NA,0.014514952174576,2.09237524554402
2087-01-08 12:00:00,2087,1,8,NA,2.6928672980529,3.73865594788351
2087-01-09 12:00:00,2087,1,9,NA,2.15989437528678,4.18715600904152
2087-01-10 12:00:00,2087,1,10,NA,0.961352303078779,4.09802784335604
2087-01-11 12:00:00,2087,1,11,NA,-3.88568086686572,2.39296042313623
2087-01-12 12:00:00,2087,1,12,NA,-4.47985420632176,1.67494327512809
2087-01-13 12:00:00,2087,1,13,NA,0.678603168030939,4.48742804691856
2087-01-14 12:00:00,2087,1,14,NA,2.01688830812857,8.62626544206317
2087-01-15 12:00:00,2087,1,15,NA,-5.43882261738895,4.82349924033326
2087-01-16 12:00:00,2087,1,16,NA,-3.9065421771949,5.51128991800308
2087-01-17 12:00:00,2087,1,17,NA,-2.65783559063908,5.46449648947366
2087-01-18 12:00:00,2087,1,18,NA,-9.52033781949084,-6.52731542506411
2087-01-19 12:00:00,2087,1,19,NA,-8.18432339062091,-4.41282796235531
2087-01-20 12:00:00,2087,1,20,NA,-3.71460536724225,-1.63965224053494
2087-01-21 12:00:00,2087,1,21,NA,-4.35118865678885,-3.56472970859311
2087-01-22 12:00:00,2087,1,22,NA,-4.59951553054281,-4.12698832327004
2087-01-23 12:00:00,2087,1,23,NA,-7.75241743416079,-3.23605109143925
2087-01-24 12:00:00,2087,1,24,NA,-3.37346057588004,4.77151380034809
2087-01-25 12:00:00,2087,1,25,NA,-2.01378407696586,5.56624671970846
2087-01-26 12:00:00,2087,1,26,NA,3.79336759484239,6.33453001264585
2087-01-27 12:00:00,2087,1,27,NA,-0.482005507656995,5.03725368011331
2087-01-28 12:00:00,2087,1,28,NA,-1.36479737383188,4.74040754484601
2087-01-29 12:00:00,2087,1,29,NA,1.22691480109512,8.6420462257919
2087-01-30 12:00:00,2087,1,30,NA,0.26832862404031,8.59172828145548
2087-01-31 12:00:00,2087,1,31,NA,2.51189891982203,11.0894190788422
2087-02-01 12:00:00,2087,2,1,NA,3.31348519300231,8.59438733441303
2087-02-02 12:00:00,2087,2,2,NA,5.82368935891337,8.25357472357116
2087-02-03 12:00:00,2087,2,3,NA,5.59204727392786,8.31132309662477
2087-02-04 12:00:00,2087,2,4,NA,5.63157318088301,9.74033602255717
2087-02-05 12:00:00,2087,2,5,NA,5.80143532383707,8.22016973778194
2087-02-06 12:00:00,2087,2,6,NA,7.17753953214754,8.8887965954191
2087-02-07 12:00:00,2087,2,7,NA,6.13588999268398,9.39091781403332
2087-02-08 12:00:00,2087,2,8,NA,1.69014980786043,6.99355833652853
2087-02-09 12:00:00,2087,2,9,NA,3.00311539801569,5.42787565463579
2087-02-10 12:00:00,2087,2,10,NA,-0.73271851726298,1.68601589668189
2087-02-11 12:00:00,2087,2,11,NA,3.47418334838744,7.36389923248433
2087-02-12 12:00:00,2087,2,12,NA,1.46857008811856,9.05288394644579
2087-02-13 12:00:00,2087,2,13,NA,2.83987130045646,8.54211511699264
2087-02-14 12:00:00,2087,2,14,NA,-0.80484316477602,4.78136497297361
2087-02-15 12:00:00,2087,2,15,NA,-4.96255841948422,9.3672099267927
2087-02-16 12:00:00,2087,2,16,NA,-4.55210143800084,9.50978459729802
2087-02-17 12:00:00,2087,2,17,NA,-1.70094847337143,5.88336538495581
2087-02-18 12:00:00,2087,2,18,NA,4.81990162362572,9.57369552317994
2087-02-19 12:00:00,2087,2,19,NA,4.09151470077074,10.2900649521959
2087-02-20 12:00:00,2087,2,20,NA,2.37320326347574,9.88915347807642
2087-02-21 12:00:00,2087,2,21,NA,3.53971029290899,9.63897554994581
2087-02-22 12:00:00,2087,2,22,NA,4.54547331076437,7.47821695933866
2087-02-23 12:00:00,2087,2,23,NA,-0.999097912442442,4.65068308963385
2087-02-24 12:00:00,2087,2,24,NA,-1.49909643320588,3.35008658920572
2087-02-25 12:00:00,2087,2,25,NA,4.63767378518972,7.16608573058783
2087-02-26 12:00:00,2087,2,26,NA,0.179752993743366,9.68851434261234
2087-02-27 12:00:00,2087,2,27,NA,6.51510929304629,15.4432319744981
2087-02-28 12:00:00,2087,2,28,NA,8.61040787278133,11.9783752312848
2087-03-01 12:00:00,2087,3,1,NA,2.70456848495561,6.8069904815436
2087-03-02 12:00:00,2087,3,2,NA,4.25420308479543,10.7107990967807
2087-03-03 12:00:00,2087,3,3,NA,4.4644335138581,10.5488284856528
2087-03-04 12:00:00,2087,3,4,NA,0.714961025626682,9.33513507076396
2087-03-05 12:00:00,2087,3,5,NA,-0.578104380302824,8.24601696943789
2087-03-06 12:00:00,2087,3,6,NA,0.994305017632384,9.57228118478617
2087-03-07 12:00:00,2087,3,7,NA,1.12723090396028,5.05565670585625
2087-03-08 12:00:00,2087,3,8,NA,2.02659094418602,6.25890839679562
2087-03-09 12:00:00,2087,3,9,NA,3.65781945189537,7.92497995643359
2087-03-10 12:00:00,2087,3,10,NA,0.21320753166877,4.6959933522646
2087-03-11 12:00:00,2087,3,11,NA,1.26305372395223,7.16478008863426
2087-03-12 12:00:00,2087,3,12,NA,1.35723227927809,4.20115696197523
2087-03-13 12:00:00,2087,3,13,NA,1.35966609305774,3.3168763895524
2087-03-14 12:00:00,2087,3,14,NA,1.06035761639663,6.22124046028724
2087-03-15 12:00:00,2087,3,15,NA,1.38763182088674,8.52621589044797
2087-03-16 12:00:00,2087,3,16,NA,3.68821817613402,7.68823846918482
2087-03-17 12:00:00,2087,3,17,NA,5.76221488181117,7.75283014239993
2087-03-18 12:00:00,2087,3,18,NA,2.58923599419793,4.60069869965096
2087-03-19 12:00:00,2087,3,19,NA,3.66595279567328,8.25006639689672
2087-03-20 12:00:00,2087,3,20,NA,-0.298411129416781,5.70294476947469
2087-03-21 12:00:00,2087,3,21,NA,-5.18920032937568,8.66521678032896
2087-03-22 12:00:00,2087,3,22,NA,-6.0156713987824,12.7132064157422
2087-03-23 12:00:00,2087,3,23,NA,-4.63700676091067,14.4802132055583
2087-03-24 12:00:00,2087,3,24,NA,0.702788130263643,13.9328203507161
2087-03-25 12:00:00,2087,3,25,NA,-0.454510001077108,12.0373569097211
2087-03-26 12:00:00,2087,3,26,NA,1.12142925590785,16.6921565538062
2087-03-27 12:00:00,2087,3,27,NA,0.913539199614927,13.1532035933688
2087-03-28 12:00:00,2087,3,28,NA,1.02631193436003,17.2333927975422
2087-03-29 12:00:00,2087,3,29,NA,2.83653649725883,20.1713408042659
2087-03-30 12:00:00,2087,3,30,NA,5.65305817007813,19.8931427555841
2087-03-31 12:00:00,2087,3,31,NA,5.23819975798284,19.8501958220762
2087-04-01 12:00:00,2087,4,1,NA,5.39612511495274,18.2179466982071
2087-04-02 12:00:00,2087,4,2,NA,3.04950772365061,17.3022291269012
2087-04-03 12:00:00,2087,4,3,NA,0.636219996286295,14.1071134400387
2087-04-04 12:00:00,2087,4,4,NA,-2.70742665849482,15.6365432333817
2087-04-05 12:00:00,2087,4,5,NA,8.02495577106286,13.3000818378701
2087-04-06 12:00:00,2087,4,6,NA,4.81842816924867,15.3976036531709
2087-04-07 12:00:00,2087,4,7,NA,1.29734682472965,9.7474188004103
2087-04-08 12:00:00,2087,4,8,NA,-7.86667125829107,13.8654183869899
2087-04-09 12:00:00,2087,4,9,NA,-2.20653582839539,16.5325143144651
2087-04-10 12:00:00,2087,4,10,NA,1.94425197002797,19.4724999977483
2087-04-11 12:00:00,2087,4,11,NA,2.54936973632999,20.8933396282065
2087-04-12 12:00:00,2087,4,12,NA,1.61957616142118,17.4814211972113
2087-04-13 12:00:00,2087,4,13,NA,5.83252350345189,24.7260961205692
2087-04-14 12:00:00,2087,4,14,NA,11.1234899104235,18.5293019720919
2087-04-15 12:00:00,2087,4,15,NA,11.339089630357,23.0793051182611
2087-04-16 12:00:00,2087,4,16,NA,14.8982071795079,21.2180102381316
2087-04-17 12:00:00,2087,4,17,NA,18.2506269547695,24.5127415484768
2087-04-18 12:00:00,2087,4,18,NA,12.766559326986,28.7198740211468
2087-04-19 12:00:00,2087,4,19,NA,14.79589632792,22.1875581141486
2087-04-20 12:00:00,2087,4,20,NA,14.6560595405629,22.8212731889458
2087-04-21 12:00:00,2087,4,21,NA,10.5249968014307,16.217605465245
2087-04-22 12:00:00,2087,4,22,NA,10.1418146780182,20.3502714773411
2087-04-23 12:00:00,2087,4,23,NA,8.31818702515773,18.0433170036309
2087-04-24 12:00:00,2087,4,24,NA,9.73412824428925,18.5955644734538
2087-04-25 12:00:00,2087,4,25,NA,9.47260902777061,22.345586489825
2087-04-26 12:00:00,2087,4,26,NA,6.09846237982353,19.8847841710645
2087-04-27 12:00:00,2087,4,27,NA,10.5430440657529,15.8351589960352
2087-04-28 12:00:00,2087,4,28,NA,7.04058226586358,24.4742703524189
2087-04-29 12:00:00,2087,4,29,NA,10.8656058007871,23.5123137561997
2087-04-30 12:00:00,2087,4,30,NA,11.3832768289675,21.9608416968169
2087-05-01 12:00:00,2087,5,1,NA,9.66178952644698,25.0220584277118
2087-05-02 12:00:00,2087,5,2,NA,9.06014318215021,25.5844204396438
2087-05-03 12:00:00,2087,5,3,NA,11.0661950049669,27.715805828126
2087-05-04 12:00:00,2087,5,4,NA,12.4218708724374,26.9532282415275
2087-05-05 12:00:00,2087,5,5,NA,14.2458612317252,27.3637124188807
2087-05-06 12:00:00,2087,5,6,NA,16.8976607980306,24.652580209027
2087-05-07 12:00:00,2087,5,7,NA,16.1935152215848,25.2795117318584
2087-05-08 12:00:00,2087,5,8,NA,13.4524037455824,19.3910387913339
2087-05-09 12:00:00,2087,5,9,NA,17.0874309782649,24.6051771321793
2087-05-10 12:00:00,2087,5,10,NA,16.5506986689975,23.400471677758
2087-05-11 12:00:00,2087,5,11,NA,17.8538385776563,25.3715847315707
2087-05-12 12:00:00,2087,5,12,NA,17.6670223997274,26.0143451213438
2087-05-13 12:00:00,2087,5,13,NA,16.821335047001,24.333007182801
2087-05-14 12:00:00,2087,5,14,NA,13.2099968533673,22.2959933636409
2087-05-15 12:00:00,2087,5,15,NA,10.5143582066063,19.4047986811085
2087-05-16 12:00:00,2087,5,16,NA,6.08433844529271,19.8586347087611
2087-05-17 12:00:00,2087,5,17,NA,11.1073014964799,21.8993477494327
2087-05-18 12:00:00,2087,5,18,NA,4.19232030400745,22.6080176041437
2087-05-19 12:00:00,2087,5,19,NA,8.40777070811697,22.1820669715853
2087-05-20 12:00:00,2087,5,20,NA,8.73160800137278,19.6472599489017
2087-05-21 12:00:00,2087,5,21,NA,9.39545526873108,17.1839478629725
2087-05-22 12:00:00,2087,5,22,NA,12.7614354728512,18.6407576824909
2087-05-23 12:00:00,2087,5,23,NA,9.23316169712358,22.6416244133621
2087-05-24 12:00:00,2087,5,24,NA,6.02076465215569,22.6703754753149
2087-05-25 12:00:00,2087,5,25,NA,8.20596723979412,20.8618741163094
2087-05-26 12:00:00,2087,5,26,NA,3.85737132695114,22.2730686270874
2087-05-27 12:00:00,2087,5,27,NA,10.1981238244741,26.5411618045964
2087-05-28 12:00:00,2087,5,28,NA,9.64083408675741,28.3551054475852
2087-05-29 12:00:00,2087,5,29,NA,16.3431708901843,30.7767805318638
2087-05-30 12:00:00,2087,5,30,NA,19.1059881033173,25.9184985137618
2087-05-31 12:00:00,2087,5,31,NA,17.8907214057156,20.827665029427
2087-06-01 12:00:00,2087,6,1,NA,17.5389548147076,21.5211601250109
2087-06-02 12:00:00,2087,6,2,NA,13.0628621858662,20.2744419408692
2087-06-03 12:00:00,2087,6,3,NA,11.6841135130055,26.0989695338358
2087-06-04 12:00:00,2087,6,4,NA,12.9476064651652,22.2455737489192
2087-06-05 12:00:00,2087,6,5,NA,6.68157860404147,23.1543483811549
2087-06-06 12:00:00,2087,6,6,NA,13.7667324835834,23.4668604529477
2087-06-07 12:00:00,2087,6,7,NA,17.6442694177305,26.8850211048446
2087-06-08 12:00:00,2087,6,8,NA,19.1727011329348,36.6973370187802
2087-06-09 12:00:00,2087,6,9,NA,19.7054209998428,34.2470662106403
2087-06-10 12:00:00,2087,6,10,NA,17.754444285548,28.075565630368
2087-06-11 12:00:00,2087,6,11,NA,13.2528034676945,27.2671586066271
2087-06-12 12:00:00,2087,6,12,NA,11.1875426886689,21.4807920167656
2087-06-13 12:00:00,2087,6,13,NA,9.98277070176177,24.9318391500287
2087-06-14 12:00:00,2087,6,14,NA,11.9627297361114,23.1720689968463
2087-06-15 12:00:00,2087,6,15,NA,7.37040234454312,22.6356769751113
2087-06-16 12:00:00,2087,6,16,NA,11.0005316853839,21.1492948293855
2087-06-17 12:00:00,2087,6,17,NA,5.98640022151502,25.8033559016685
2087-06-18 12:00:00,2087,6,18,NA,10.4073148896457,23.8389742235689
2087-06-19 12:00:00,2087,6,19,NA,11.3553748004664,27.3558050786166
2087-06-20 12:00:00,2087,6,20,NA,9.72148914493099,29.3057402771791
2087-06-21 12:00:00,2087,6,21,NA,14.9201151197267,21.229165444015
2087-06-22 12:00:00,2087,6,22,NA,14.1893049083833,17.2887084342089
2087-06-23 12:00:00,2087,6,23,NA,10.5686840649545,16.022789513837
2087-06-24 12:00:00,2087,6,24,NA,9.75979114118179,16.9925234271875
2087-06-25 12:00:00,2087,6,25,NA,14.9676970888633,21.125148974816
2087-06-26 12:00:00,2087,6,26,NA,12.5736940273588,19.1636977765752
2087-06-27 12:00:00,2087,6,27,NA,11.9570117985716,17.4111172474541
2087-06-28 12:00:00,2087,6,28,NA,10.4443626203772,20.7700190769675
2087-06-29 12:00:00,2087,6,29,NA,4.11457252485806,23.7333350881982
2087-06-30 12:00:00,2087,6,30,NA,8.34479900033099,24.7511693819146
2087-07-01 12:00:00,2087,7,1,NA,10.7218565599964,26.5605908532072
2087-07-02 12:00:00,2087,7,2,NA,15.4386977424631,20.7825124346439
2087-07-03 12:00:00,2087,7,3,NA,15.6272175361175,28.7743397164816
2087-07-04 12:00:00,2087,7,4,NA,19.5951786106719,33.9353254513158
2087-07-05 12:00:00,2087,7,5,NA,18.5470869796582,30.684135390682
2087-07-06 12:00:00,2087,7,6,NA,17.4455263279727,28.4380554926615
2087-07-07 12:00:00,2087,7,7,NA,19.9193593965426,31.0425883940886
2087-07-08 12:00:00,2087,7,8,NA,21.6260075525519,34.0699150562646
2087-07-09 12:00:00,2087,7,9,NA,20.1953813814781,28.1555936301233
2087-07-10 12:00:00,2087,7,10,NA,17.419239685666,30.8586787923724
2087-07-11 12:00:00,2087,7,11,NA,18.9367205192004,33.9698129680354
2087-07-12 12:00:00,2087,7,12,NA,20.8169677866449,26.1607824788257
2087-07-13 12:00:00,2087,7,13,NA,23.2421647385423,33.8622745854812
2087-07-14 12:00:00,2087,7,14,NA,21.3155550024014,28.8567670926545
2087-07-15 12:00:00,2087,7,15,NA,21.6899711991625,26.4918424398849
2087-07-16 12:00:00,2087,7,16,NA,22.4996819302189,27.5186007938545
2087-07-17 12:00:00,2087,7,17,NA,21.4221670650297,29.0462679994279
2087-07-18 12:00:00,2087,7,18,NA,18.6243239204058,24.5415116507818
2087-07-19 12:00:00,2087,7,19,NA,14.0189220434121,27.1414156566033
2087-07-20 12:00:00,2087,7,20,NA,12.9378965906083,20.3406859695222
2087-07-21 12:00:00,2087,7,21,NA,14.0426826067289,21.241428662354
2087-07-22 12:00:00,2087,7,22,NA,15.692948003255,25.1066483267363
2087-07-23 12:00:00,2087,7,23,NA,11.5619196630426,23.5962057298907
2087-07-24 12:00:00,2087,7,24,NA,14.0601457401886,26.4228437552468
2087-07-25 12:00:00,2087,7,25,NA,14.6391942040372,28.4330598519903
2087-07-26 12:00:00,2087,7,26,NA,13.8152690431079,24.9384980406539
2087-07-27 12:00:00,2087,7,27,NA,15.3246063562266,21.4438554877664
2087-07-28 12:00:00,2087,7,28,NA,15.2706861598421,23.3451448895403
2087-07-29 12:00:00,2087,7,29,NA,3.67874106485081,25.9717923841807
2087-07-30 12:00:00,2087,7,30,NA,9.39601787687655,26.3347002860129
2087-07-31 12:00:00,2087,7,31,NA,14.9291955487459,24.0901687804707
2087-08-01 12:00:00,2087,8,1,NA,15.051688382632,26.7226281081884
2087-08-02 12:00:00,2087,8,2,NA,14.3020779480972,29.5487046414323
2087-08-03 12:00:00,2087,8,3,NA,17.182602079117,28.559203503845
2087-08-04 12:00:00,2087,8,4,NA,15.0428397896577,24.1932793880566
2087-08-05 12:00:00,2087,8,5,NA,15.6827594834529,24.6737850338252
2087-08-06 12:00:00,2087,8,6,NA,21.4061960115793,26.949393709553
2087-08-07 12:00:00,2087,8,7,NA,22.1857244422428,29.3820765413256
2087-08-08 12:00:00,2087,8,8,NA,20.9928942664909,33.9274449182461
2087-08-09 12:00:00,2087,8,9,NA,16.9718371050311,33.7718580863125
2087-08-10 12:00:00,2087,8,10,NA,16.407853249973,23.0921294200028
2087-08-11 12:00:00,2087,8,11,NA,13.329656165737,22.3206817161093
2087-08-12 12:00:00,2087,8,12,NA,13.0890697297869,23.2757831860109
2087-08-13 12:00:00,2087,8,13,NA,9.93695626109897,24.5230567971856
2087-08-14 12:00:00,2087,8,14,NA,11.4500356813313,28.5587445764027
2087-08-15 12:00:00,2087,8,15,NA,14.6810854730929,29.284411081614
2087-08-16 12:00:00,2087,8,16,NA,15.7908526901519,21.2235249269511
2087-08-17 12:00:00,2087,8,17,NA,14.9869884979061,21.6108101252212
2087-08-18 12:00:00,2087,8,18,NA,9.19082854782103,21.0551299482056
2087-08-19 12:00:00,2087,8,19,NA,5.91375091390513,21.3608391216662
2087-08-20 12:00:00,2087,8,20,NA,7.16925829930652,20.9055301424103
2087-08-21 12:00:00,2087,8,21,NA,13.1998007263041,20.6088968370756
2087-08-22 12:00:00,2087,8,22,NA,15.5089260981085,19.1810033814102
2087-08-23 12:00:00,2087,8,23,NA,15.4570020632436,22.6287313248127
2087-08-24 12:00:00,2087,8,24,NA,13.1083148528762,24.7860302146677
2087-08-25 12:00:00,2087,8,25,NA,11.71293975832,23.4151977964462
2087-08-26 12:00:00,2087,8,26,NA,10.0349291945399,23.0577711341777
2087-08-27 12:00:00,2087,8,27,NA,5.78717572152317,24.7693680840397
2087-08-28 12:00:00,2087,8,28,NA,9.77199366503477,26.0175320335491
2087-08-29 12:00:00,2087,8,29,NA,14.9234622240674,27.5029855483807
2087-08-30 12:00:00,2087,8,30,NA,14.7450910925233,25.6157861894539
2087-08-31 12:00:00,2087,8,31,NA,12.1372309296412,21.2199487929141
2087-09-01 12:00:00,2087,9,1,NA,12.6679715364823,22.9877355096551
2087-09-02 12:00:00,2087,9,2,NA,15.0128087006177,27.0914081349829
2087-09-03 12:00:00,2087,9,3,NA,17.1132940719951,21.015276925639
2087-09-04 12:00:00,2087,9,4,NA,16.4108178122374,21.2182751077969
2087-09-05 12:00:00,2087,9,5,NA,19.584392928657,22.7555663505739
2087-09-06 12:00:00,2087,9,6,NA,17.6510607426272,22.1496541486431
2087-09-07 12:00:00,2087,9,7,NA,15.5677634335493,24.1664417828882
2087-09-08 12:00:00,2087,9,8,NA,18.6337418466081,28.4190249531354
2087-09-09 12:00:00,2087,9,9,NA,15.7080815177895,25.2778352586339
2087-09-10 12:00:00,2087,9,10,NA,15.038482049882,26.088732796178
2087-09-11 12:00:00,2087,9,11,NA,12.6693524045292,26.5142437048085
2087-09-12 12:00:00,2087,9,12,NA,12.2048945656192,21.9680274278081
2087-09-13 12:00:00,2087,9,13,NA,15.9119203036594,21.4451103501804
2087-09-14 12:00:00,2087,9,14,NA,15.1390132320885,23.0660594703935
2087-09-15 12:00:00,2087,9,15,NA,16.5006033853898,21.18215382989
2087-09-16 12:00:00,2087,9,16,NA,14.6393275727647,20.8431139267748
2087-09-17 12:00:00,2087,9,17,NA,11.7108053644638,16.034447190041
2087-09-18 12:00:00,2087,9,18,NA,6.37388852909519,18.9028978383118
2087-09-19 12:00:00,2087,9,19,NA,9.08464283438193,16.7781901361226
2087-09-20 12:00:00,2087,9,20,NA,11.0560403164814,14.6111509307432
2087-09-21 12:00:00,2087,9,21,NA,11.286319019868,17.2329357730241
2087-09-22 12:00:00,2087,9,22,NA,11.170090981439,16.2109426669773
2087-09-23 12:00:00,2087,9,23,NA,8.37176021101372,18.1065869910981
2087-09-24 12:00:00,2087,9,24,NA,8.46139185055476,20.9339753674245
2087-09-25 12:00:00,2087,9,25,NA,11.1558429887031,18.4372529165349
2087-09-26 12:00:00,2087,9,26,NA,10.5599731018141,18.6076105564024
2087-09-27 12:00:00,2087,9,27,NA,11.6173518872689,21.1871056281133
2087-09-28 12:00:00,2087,9,28,NA,9.41696066026516,21.8197241838971
2087-09-29 12:00:00,2087,9,29,NA,12.1308117724903,18.6980727470993
2087-09-30 12:00:00,2087,9,30,NA,6.59204063659812,21.0212464823467
2087-10-01 12:00:00,2087,10,1,NA,2.17971286244916,20.9319088611531
2087-10-02 12:00:00,2087,10,2,NA,9.45327236023175,19.2122995945681
2087-10-03 12:00:00,2087,10,3,NA,9.95703087242739,14.1968024749058
2087-10-04 12:00:00,2087,10,4,NA,7.72014574048882,16.8722726648857
2087-10-05 12:00:00,2087,10,5,NA,9.15231330585788,18.4672013240134
2087-10-06 12:00:00,2087,10,6,NA,10.6935769948892,15.0468584136788
2087-10-07 12:00:00,2087,10,7,NA,12.5739145558285,19.4144975783969
2087-10-08 12:00:00,2087,10,8,NA,6.57848738201405,19.0786047004631
2087-10-09 12:00:00,2087,10,9,NA,5.59702071476454,22.8606920534937
2087-10-10 12:00:00,2087,10,10,NA,10.8104484394311,21.1182541453083
2087-10-11 12:00:00,2087,10,11,NA,10.9556098623676,21.7910435566469
2087-10-12 12:00:00,2087,10,12,NA,8.39251973732629,14.0997044366401
2087-10-13 12:00:00,2087,10,13,NA,7.41320632144294,14.8971646922828
2087-10-14 12:00:00,2087,10,14,NA,8.48149514571523,17.5745685109181
2087-10-15 12:00:00,2087,10,15,NA,12.8774366835247,20.182335368931
2087-10-16 12:00:00,2087,10,16,NA,14.7308048725688,17.9708290963239
2087-10-17 12:00:00,2087,10,17,NA,12.4315454520616,17.3156601547283
2087-10-18 12:00:00,2087,10,18,NA,10.8366734359524,19.6344136241036
2087-10-19 12:00:00,2087,10,19,NA,9.20633070970669,12.8396880015571
2087-10-20 12:00:00,2087,10,20,NA,6.72465136108362,17.5596451785677
2087-10-21 12:00:00,2087,10,21,NA,4.52820071905818,20.7267091742954
2087-10-22 12:00:00,2087,10,22,NA,3.58337840671604,21.6640420553016
2087-10-23 12:00:00,2087,10,23,NA,13.9577129364705,26.3785651723975
2087-10-24 12:00:00,2087,10,24,NA,10.7195857895161,16.093071480764
2087-10-25 12:00:00,2087,10,25,NA,8.09148019989192,15.3963788852982
2087-10-26 12:00:00,2087,10,26,NA,11.3661314021553,17.6888597778263
2087-10-27 12:00:00,2087,10,27,NA,2.56153001043939,16.5791162078192
2087-10-28 12:00:00,2087,10,28,NA,-0.786966211977861,13.230619985402
2087-10-29 12:00:00,2087,10,29,NA,-2.03541666467374,12.0134378338129
2087-10-30 12:00:00,2087,10,30,NA,7.768860911413,10.956498036113
2087-10-31 12:00:00,2087,10,31,NA,6.02927234785446,9.26444968368752
2087-11-01 12:00:00,2087,11,1,NA,3.32407989507882,10.3064533604451
2087-11-02 12:00:00,2087,11,2,NA,4.86047738604456,9.81831745272642
2087-11-03 12:00:00,2087,11,3,NA,2.90449169839492,10.4963013341895
2087-11-04 12:00:00,2087,11,4,NA,5.51402341366313,12.4879006147654
2087-11-05 12:00:00,2087,11,5,NA,7.03709590859362,9.72205890103366
2087-11-06 12:00:00,2087,11,6,NA,8.72920573530965,12.4940018199791
2087-11-07 12:00:00,2087,11,7,NA,5.74911884088098,9.94812513522347
2087-11-08 12:00:00,2087,11,8,NA,4.23349165230651,11.9858736223013
2087-11-09 12:00:00,2087,11,9,NA,8.36275974271958,15.9137248179776
2087-11-10 12:00:00,2087,11,10,NA,4.56504014191419,12.008620026547
2087-11-11 12:00:00,2087,11,11,NA,4.72365002550281,11.6372177940359
2087-11-12 12:00:00,2087,11,12,NA,5.76838034037117,11.5142465530207
2087-11-13 12:00:00,2087,11,13,NA,7.80970311526585,14.7854625934256
2087-11-14 12:00:00,2087,11,14,NA,4.14101012591402,9.88687633856359
2087-11-15 12:00:00,2087,11,15,NA,5.61199554666544,9.8115960981091
2087-11-16 12:00:00,2087,11,16,NA,6.46785709842294,9.27651040226988
2087-11-17 12:00:00,2087,11,17,NA,3.43440818272163,8.08888502156213
2087-11-18 12:00:00,2087,11,18,NA,2.20950987620574,9.4644818425785
2087-11-19 12:00:00,2087,11,19,NA,7.92706394723281,14.4941419199268
2087-11-20 12:00:00,2087,11,20,NA,9.28963519152107,13.0273100429336
2087-11-21 12:00:00,2087,11,21,NA,4.85458795359105,11.3755186834066
2087-11-22 12:00:00,2087,11,22,NA,9.50944888022667,15.2911239972431
2087-11-23 12:00:00,2087,11,23,NA,8.65575615578932,18.893750202781
2087-11-24 12:00:00,2087,11,24,NA,8.82952721897806,20.2426149867027
2087-11-25 12:00:00,2087,11,25,NA,10.0576852575168,17.3236492709963
2087-11-26 12:00:00,2087,11,26,NA,8.92741885331045,14.7918693080572
2087-11-27 12:00:00,2087,11,27,NA,7.77701326800181,12.4972764893868
2087-11-28 12:00:00,2087,11,28,NA,0.153646705172486,2.98705308949365
2087-11-29 12:00:00,2087,11,29,NA,0.359468841369458,6.02769081835206
2087-11-30 12:00:00,2087,11,30,NA,3.66160217616431,8.33564491595162
2087-12-01 12:00:00,2087,12,1,NA,4.00941319566889,10.5303439254844
2087-12-02 12:00:00,2087,12,2,NA,-1.52293807179217,5.56600454581842
2087-12-03 12:00:00,2087,12,3,NA,1.73940157812528,7.16576257862228
2087-12-04 12:00:00,2087,12,4,NA,4.70721592772485,9.66804304823617
2087-12-05 12:00:00,2087,12,5,NA,4.54628199526003,8.48104796597373
2087-12-06 12:00:00,2087,12,6,NA,-0.359323854744971,5.65796403589504
2087-12-07 12:00:00,2087,12,7,NA,1.6787083346114,5.50306990035564
2087-12-08 12:00:00,2087,12,8,NA,6.78406315192777,9.82888199322356
2087-12-09 12:00:00,2087,12,9,NA,5.97072630123438,9.01698059613919
2087-12-10 12:00:00,2087,12,10,NA,4.21450888224859,9.23040462409822
2087-12-11 12:00:00,2087,12,11,NA,3.44482569809702,6.50099187085893
2087-12-12 12:00:00,2087,12,12,NA,7.67259785063741,10.7188521455422
2087-12-13 12:00:00,2087,12,13,NA,6.94505154035478,14.6535390858527
2087-12-14 12:00:00,2087,12,14,NA,5.1325345057353,9.20528999846745
2087-12-15 12:00:00,2087,12,15,NA,2.28384398340343,8.26010884192162
2087-12-16 12:00:00,2087,12,16,NA,4.85611128149417,10.9624377082412
2087-12-17 12:00:00,2087,12,17,NA,-0.302969443581692,5.80335698316535
2087-12-18 12:00:00,2087,12,18,NA,1.89198747532814,8.05010066570154
2087-12-19 12:00:00,2087,12,19,NA,-1.87603530458454,8.42873083642388
2087-12-20 12:00:00,2087,12,20,NA,0.839607347251294,5.70511379837359
2087-12-21 12:00:00,2087,12,21,NA,0.725501967027911,3.82622268249065
2087-12-22 12:00:00,2087,12,22,NA,-0.853876044102527,5.17495866163659
2087-12-23 12:00:00,2087,12,23,NA,4.45607016088409,12.5820097552714
2087-12-24 12:00:00,2087,12,24,NA,2.78239644758068,9.78422860393007
2087-12-25 12:00:00,2087,12,25,NA,0.836028569079433,8.46331289978527
2087-12-26 12:00:00,2087,12,26,NA,5.47365532525852,9.33348545213129
2087-12-27 12:00:00,2087,12,27,NA,7.12552827858649,9.97953876390957
2087-12-28 12:00:00,2087,12,28,NA,3.94907015449226,9.15579012577056
2087-12-29 12:00:00,2087,12,29,NA,3.91258843341171,5.95178402017443
2087-12-30 12:00:00,2087,12,30,NA,-0.382875367981511,1.62907868350497
2087-12-31 12:00:00,2087,12,31,NA,-5.80554877162735,-3.86396095691905
2088-01-01 12:00:00,2088,1,1,NA,-5.56993906831483,-1.4169171105836
2088-01-02 12:00:00,2088,1,2,NA,3.47546480275959,5.10247232304985
2088-01-03 12:00:00,2088,1,3,NA,2.81375429218526,4.59660794146918
2088-01-04 12:00:00,2088,1,4,NA,1.15183080900495,3.90720767130061
2088-01-05 12:00:00,2088,1,5,NA,2.70240489753345,5.78924918764981
2088-01-06 12:00:00,2088,1,6,NA,3.86415717350774,8.5325511808662
2088-01-07 12:00:00,2088,1,7,NA,-0.0604657714685173,4.13446759327047
2088-01-08 12:00:00,2088,1,8,NA,-1.27386649859717,5.48002667646271
2088-01-09 12:00:00,2088,1,9,NA,-1.30099701256008,4.93380138221848
2088-01-10 12:00:00,2088,1,10,NA,-1.56169680343083,3.20436199579769
2088-01-11 12:00:00,2088,1,11,NA,6.00895882972208,8.03622046347681
2088-01-12 12:00:00,2088,1,12,NA,2.83042969069186,8.65355837585391
2088-01-13 12:00:00,2088,1,13,NA,-2.01436406629981,7.48006812265619
2088-01-14 12:00:00,2088,1,14,NA,-1.62221672710852,9.21215130772136
2088-01-15 12:00:00,2088,1,15,NA,-1.01481864559327,8.5992828789547
2088-01-16 12:00:00,2088,1,16,NA,-1.31991942895323,8.94848407075452
2088-01-17 12:00:00,2088,1,17,NA,4.512893079451,12.8362927368662
2088-01-18 12:00:00,2088,1,18,NA,4.79125906168654,11.3232771671569
2088-01-19 12:00:00,2088,1,19,NA,6.60828746303009,12.4120229851672
2088-01-20 12:00:00,2088,1,20,NA,5.07429926538818,9.66047820880778
2088-01-21 12:00:00,2088,1,21,NA,0.160695332162239,4.99338179387223
2088-01-22 12:00:00,2088,1,22,NA,2.04715861494819,7.38589524235799
2088-01-23 12:00:00,2088,1,23,NA,5.6171643498451,11.3295728074357
2088-01-24 12:00:00,2088,1,24,NA,3.77149649052634,10.0617697410906
2088-01-25 12:00:00,2088,1,25,NA,1.90195276103241,6.8791161978234
2088-01-26 12:00:00,2088,1,26,NA,-0.434141319064498,5.37625773026232
2088-01-27 12:00:00,2088,1,27,NA,-2.33431556351772,1.37271244592625
2088-01-28 12:00:00,2088,1,28,NA,-6.90078254036484,-2.70624164482377
2088-01-29 12:00:00,2088,1,29,NA,-2.44883797159876,1.16828508795747
2088-01-30 12:00:00,2088,1,30,NA,0.268837896290599,2.31592452562297
2088-01-31 12:00:00,2088,1,31,NA,0.635198428631482,4.9469057338221
2088-02-01 12:00:00,2088,2,1,NA,-1.99334988196532,4.41003140165715
2088-02-02 12:00:00,2088,2,2,NA,-0.237935738300231,4.78743528457258
2088-02-03 12:00:00,2088,2,3,NA,-1.17376107455462,9.3614094217204
2088-02-04 12:00:00,2088,2,4,NA,7.18355835932809,14.2280718328232
2088-02-05 12:00:00,2088,2,5,NA,6.2236640102652,11.1815285959059
2088-02-06 12:00:00,2088,2,6,NA,5.3227670141056,9.27514606886063
2088-02-07 12:00:00,2088,2,7,NA,5.87378359323915,11.6341834991944
2088-02-08 12:00:00,2088,2,8,NA,4.22169106391822,14.7617879927862
2088-02-09 12:00:00,2088,2,9,NA,7.06923498536192,16.6780968947703
2088-02-10 12:00:00,2088,2,10,NA,8.34792274626267,14.0337859147118
2088-02-11 12:00:00,2088,2,11,NA,7.52167137113222,15.3114961109426
2088-02-12 12:00:00,2088,2,12,NA,7.15543203192072,18.1412540324505
2088-02-13 12:00:00,2088,2,13,NA,5.93329503938131,10.3694437660336
2088-02-14 12:00:00,2088,2,14,NA,9.39823883006037,11.9654213914518
2088-02-15 12:00:00,2088,2,15,NA,6.04755693476051,10.9854110349858
2088-02-16 12:00:00,2088,2,16,NA,6.07357006135485,10.902482396531
2088-02-17 12:00:00,2088,2,17,NA,6.956623936929,10.1870614743276
2088-02-18 12:00:00,2088,2,18,NA,6.25776274572594,10.2892196035346
2088-02-19 12:00:00,2088,2,19,NA,0.942752029225803,7.30948565034169
2088-02-20 12:00:00,2088,2,20,NA,-0.256953754661792,4.70091083097894
2088-02-21 12:00:00,2088,2,21,NA,-1.84229764908296,5.18381434127414
2088-02-22 12:00:00,2088,2,22,NA,-0.489954924686988,5.37340644396176
2088-02-23 12:00:00,2088,2,23,NA,2.077637761926,8.04220954307474
2088-02-24 12:00:00,2088,2,24,NA,-3.85074100898501,6.68442948729002
2088-02-25 12:00:00,2088,2,25,NA,3.12672834896228,8.06763118836322
2088-02-26 12:00:00,2088,2,26,NA,-0.419471177702996,5.1444741369735
2088-02-27 12:00:00,2088,2,27,NA,3.56190860494003,9.34663229229393
2088-02-28 12:00:00,2088,2,28,NA,5.81344132032741,8.75385254462838
2088-02-29 12:00:00,2088,2,29,NA,3.54176922033869,13.0475887757803
2088-03-01 12:00:00,2088,3,1,NA,-2.82637452423032,6.74789923247947
2088-03-02 12:00:00,2088,3,2,NA,-0.985901882477271,7.57707346559512
2088-03-03 12:00:00,2088,3,3,NA,1.02652997298618,5.29369047752441
2088-03-04 12:00:00,2088,3,4,NA,1.95347057525401,4.15467985759148
2088-03-05 12:00:00,2088,3,5,NA,-2.01883795561088,3.98251794328059
2088-03-06 12:00:00,2088,3,6,NA,-2.66449100366353,8.79715515165908
2088-03-07 12:00:00,2088,3,7,NA,3.13272297033276,11.968453941424
2088-03-08 12:00:00,2088,3,8,NA,7.65051558161074,11.1194211418078
2088-03-09 12:00:00,2088,3,9,NA,4.93987619167744,7.85828990585094
2088-03-10 12:00:00,2088,3,10,NA,3.08205967571114,8.19680102747376
2088-03-11 12:00:00,2088,3,11,NA,3.06127703402351,11.8327781172038
2088-03-12 12:00:00,2088,3,12,NA,3.88624257733153,10.8935604845655
2088-03-13 12:00:00,2088,3,13,NA,1.58594993244855,8.8651539210291
2088-03-14 12:00:00,2088,3,14,NA,-1.56100112063903,7.49380704135778
2088-03-15 12:00:00,2088,3,15,NA,4.89099597996522,9.01985740046718
2088-03-16 12:00:00,2088,3,16,NA,2.14336971810766,10.229821427328
2088-03-17 12:00:00,2088,3,17,NA,0.00323667680642536,10.2382048738473
2088-03-18 12:00:00,2088,3,18,NA,3.20716646492298,13.5222043823943
2088-03-19 12:00:00,2088,3,19,NA,4.84786010860385,20.3113639583517
2088-03-20 12:00:00,2088,3,20,NA,11.284905496261,18.6048712721872
2088-03-21 12:00:00,2088,3,21,NA,11.4887672279307,17.3760218500806
2088-03-22 12:00:00,2088,3,22,NA,8.2027025524142,20.4496253089312
2088-03-23 12:00:00,2088,3,23,NA,7.17808080420459,23.0286280961556
2088-03-24 12:00:00,2088,3,24,NA,9.60806490700899,17.8851451954565
2088-03-25 12:00:00,2088,3,25,NA,10.2076167236809,17.5629480432766
2088-03-26 12:00:00,2088,3,26,NA,10.4186190853354,17.0299099908629
2088-03-27 12:00:00,2088,3,27,NA,9.956204836821,23.1500914496991
2088-03-28 12:00:00,2088,3,28,NA,10.0789701422499,22.5096545132358
2088-03-29 12:00:00,2088,3,29,NA,11.243892394898,18.7675070644887
2088-03-30 12:00:00,2088,3,30,NA,11.0134859215063,14.6433314872446
2088-03-31 12:00:00,2088,3,31,NA,11.5447500925194,17.7742581112307
2088-04-01 12:00:00,2088,4,1,NA,16.0297293029135,21.4928689654597
2088-04-02 12:00:00,2088,4,2,NA,15.0686443011359,26.229169684629
2088-04-03 12:00:00,2088,4,3,NA,12.4773204229705,28.5529692412051
2088-04-04 12:00:00,2088,4,4,NA,14.6995621398587,27.0857919910364
2088-04-05 12:00:00,2088,4,5,NA,16.820602464585,25.2165819248293
2088-04-06 12:00:00,2088,4,6,NA,14.6753960388294,19.4005030073017
2088-04-07 12:00:00,2088,4,7,NA,15.9668044529622,23.4414955616709
2088-04-08 12:00:00,2088,4,8,NA,10.4242241151096,21.0033995990318
2088-04-09 12:00:00,2088,4,9,NA,11.0883516009082,19.1633244269179
2088-04-10 12:00:00,2088,4,10,NA,6.02654565968734,15.5042044420571
2088-04-11 12:00:00,2088,4,11,NA,4.74591953321581,20.0492209135909
2088-04-12 12:00:00,2088,4,12,NA,8.64037413219733,19.8008995156905
2088-04-13 12:00:00,2088,4,13,NA,5.27137181440682,14.5266442063435
2088-04-14 12:00:00,2088,4,14,NA,5.68640879308397,15.1453945282742
2088-04-15 12:00:00,2088,4,15,NA,7.13772930341521,16.6617065467728
2088-04-16 12:00:00,2088,4,16,NA,6.16355702475814,23.7479970824423
2088-04-17 12:00:00,2088,4,17,NA,8.24127471899487,28.0503313990789
2088-04-18 12:00:00,2088,4,18,NA,9.84164187996905,25.7115287438087
2088-04-19 12:00:00,2088,4,19,NA,6.08721590386264,19.6310470650676
2088-04-20 12:00:00,2088,4,20,NA,10.6301270475409,16.932392306823
2088-04-21 12:00:00,2088,4,21,NA,8.04757305739615,12.2664200230492
2088-04-22 12:00:00,2088,4,22,NA,1.90662810369162,12.4084865631265
2088-04-23 12:00:00,2088,4,23,NA,7.42751369262993,12.4142735186839
2088-04-24 12:00:00,2088,4,24,NA,11.4594678603265,15.8860720505318
2088-04-25 12:00:00,2088,4,25,NA,9.03938789822264,15.8140179597297
2088-04-26 12:00:00,2088,4,26,NA,8.45155046813774,12.9097165204888
2088-04-27 12:00:00,2088,4,27,NA,3.22063241439727,23.2445932850225
2088-04-28 12:00:00,2088,4,28,NA,2.07145222850608,18.3488826335091
2088-04-29 12:00:00,2088,4,29,NA,2.17267228111954,16.5611753944578
2088-04-30 12:00:00,2088,4,30,NA,-0.495799458673384,19.5473023300949
2088-05-01 12:00:00,2088,5,1,NA,2.14666470430069,20.8086044430779
2088-05-02 12:00:00,2088,5,2,NA,1.84615838061047,21.6013685372323
2088-05-03 12:00:00,2088,5,3,NA,8.33455806224652,23.3555821916367
2088-05-04 12:00:00,2088,5,4,NA,13.4667214833742,22.2463270314921
2088-05-05 12:00:00,2088,5,5,NA,15.437267207528,24.3358088621344
2088-05-06 12:00:00,2088,5,6,NA,15.6864383721964,19.6268095035453
2088-05-07 12:00:00,2088,5,7,NA,11.9230563890714,23.7766076183919
2088-05-08 12:00:00,2088,5,8,NA,12.8098792792795,21.0262590555663
2088-05-09 12:00:00,2088,5,9,NA,8.34995125513104,19.0552851369047
2088-05-10 12:00:00,2088,5,10,NA,12.7472736561908,19.5489277727717
2088-05-11 12:00:00,2088,5,11,NA,11.2575215377021,22.9103603113085
2088-05-12 12:00:00,2088,5,12,NA,10.2920624108455,22.1456136401659
2088-05-13 12:00:00,2088,5,13,NA,13.0979124585811,21.8371985924656
2088-05-14 12:00:00,2088,5,14,NA,8.93067973304972,22.6614453725291
2088-05-15 12:00:00,2088,5,15,NA,7.14928741333519,25.7663016290978
2088-05-16 12:00:00,2088,5,16,NA,6.60001654495061,23.3298018648889
2088-05-17 12:00:00,2088,5,17,NA,9.04137502780356,23.5727323968936
2088-05-18 12:00:00,2088,5,18,NA,10.7163216589932,28.3369199488461
2088-05-19 12:00:00,2088,5,19,NA,11.0016845081293,19.3490072297457
2088-05-20 12:00:00,2088,5,20,NA,6.00746084929633,20.365295857448
2088-05-21 12:00:00,2088,5,21,NA,5.63263217141605,20.4945139834135
2088-05-22 12:00:00,2088,5,22,NA,4.87093561532961,21.45441131452
2088-05-23 12:00:00,2088,5,23,NA,6.5734536410821,22.1111748782609
2088-05-24 12:00:00,2088,5,24,NA,13.6606443249276,30.1942750397448
2088-05-25 12:00:00,2088,5,25,NA,16.9437801149095,24.7475447998336
2088-05-26 12:00:00,2088,5,26,NA,13.9768982895359,21.7617558004555
2088-05-27 12:00:00,2088,5,27,NA,15.4723146611892,21.3223308603446
2088-05-28 12:00:00,2088,5,28,NA,14.6957248074061,25.4010586891798
2088-05-29 12:00:00,2088,5,29,NA,16.4921275191445,27.6912540721976
2088-05-30 12:00:00,2088,5,30,NA,16.4128245304834,20.6333341987777
2088-05-31 12:00:00,2088,5,31,NA,7.99275080020536,20.22298318717
2088-06-01 12:00:00,2088,6,1,NA,4.66697672002523,21.5173133656153
2088-06-02 12:00:00,2088,6,2,NA,8.21681057905867,25.7487430548392
2088-06-03 12:00:00,2088,6,3,NA,12.9838382482983,25.7781285340952
2088-06-04 12:00:00,2088,6,4,NA,16.6551053254728,25.8801423209913
2088-06-05 12:00:00,2088,6,5,NA,18.6798427887635,23.8356566613113
2088-06-06 12:00:00,2088,6,6,NA,15.4493805956809,21.4510234704159
2088-06-07 12:00:00,2088,6,7,NA,16.3913687930851,23.602948548088
2088-06-08 12:00:00,2088,6,8,NA,15.1721381051687,23.6235876655374
2088-06-09 12:00:00,2088,6,9,NA,15.3522745990648,33.9383941054783
2088-06-10 12:00:00,2088,6,10,NA,13.8065778724995,31.7727525211319
2088-06-11 12:00:00,2088,6,11,NA,14.5099356494066,30.002058747703
2088-06-12 12:00:00,2088,6,12,NA,16.7140394859994,26.1993626493037
2088-06-13 12:00:00,2088,6,13,NA,15.0292493407872,23.292965884347
2088-06-14 12:00:00,2088,6,14,NA,9.72893658166998,21.0926805023268
2088-06-15 12:00:00,2088,6,15,NA,9.87516537204103,27.3734660733465
2088-06-16 12:00:00,2088,6,16,NA,12.1953331056882,22.6278918171648
2088-06-17 12:00:00,2088,6,17,NA,11.0089836211396,24.0173362418312
2088-06-18 12:00:00,2088,6,18,NA,13.4491273890523,27.7954848881205
2088-06-19 12:00:00,2088,6,19,NA,14.3147060291986,25.822251958375
2088-06-20 12:00:00,2088,6,20,NA,12.2173160285083,23.5769250024542
2088-06-21 12:00:00,2088,6,21,NA,14.7218837216291,26.0802005339714
2088-06-22 12:00:00,2088,6,22,NA,11.8212349690663,27.3154830343003
2088-06-23 12:00:00,2088,6,23,NA,13.7966290496057,25.1275571031746
2088-06-24 12:00:00,2088,6,24,NA,17.2444406250829,24.4702909447029
2088-06-25 12:00:00,2088,6,25,NA,15.8669896212708,23.6333928742709
2088-06-26 12:00:00,2088,6,26,NA,14.086018728174,23.3751051583092
2088-06-27 12:00:00,2088,6,27,NA,18.079650108709,24.5059140466613
2088-06-28 12:00:00,2088,6,28,NA,5.72387313345306,22.8738651473245
2088-06-29 12:00:00,2088,6,29,NA,6.11393352675437,22.0764398831918
2088-06-30 12:00:00,2088,6,30,NA,6.13625533227694,23.2977424062887
2088-07-01 12:00:00,2088,7,1,NA,12.7850662884279,21.962205418205
2088-07-02 12:00:00,2088,7,2,NA,11.7673866333858,27.7307679478344
2088-07-03 12:00:00,2088,7,3,NA,12.6902933809853,26.1042610227479
2088-07-04 12:00:00,2088,7,4,NA,10.2905334006438,28.1290671285627
2088-07-05 12:00:00,2088,7,5,NA,11.0761169683857,28.2722062588036
2088-07-06 12:00:00,2088,7,6,NA,14.3158025448056,25.2876441043547
2088-07-07 12:00:00,2088,7,7,NA,12.9797741174471,28.8027528863859
2088-07-08 12:00:00,2088,7,8,NA,18.6664835200259,27.3910180779361
2088-07-09 12:00:00,2088,7,9,NA,15.5990795856882,27.145930947375
2088-07-10 12:00:00,2088,7,10,NA,14.9369655792283,28.209020518998
2088-07-11 12:00:00,2088,7,11,NA,14.4937756321588,29.0433171095795
2088-07-12 12:00:00,2088,7,12,NA,15.4555467021265,31.1283458577351
2088-07-13 12:00:00,2088,7,13,NA,13.1244564661674,30.8242815716638
2088-07-14 12:00:00,2088,7,14,NA,12.7935267049694,29.391391982228
2088-07-15 12:00:00,2088,7,15,NA,17.8813104335454,30.3549306686842
2088-07-16 12:00:00,2088,7,16,NA,19.9670825021799,32.8236113274409
2088-07-17 12:00:00,2088,7,17,NA,21.6490061374754,38.7154742289937
2088-07-18 12:00:00,2088,7,18,NA,20.7682021746117,36.1318239501793
2088-07-19 12:00:00,2088,7,19,NA,17.4306860120086,36.6991743903156
2088-07-20 12:00:00,2088,7,20,NA,16.9305967213624,33.3583502124929
2088-07-21 12:00:00,2088,7,21,NA,21.8869419919622,36.0293514547029
2088-07-22 12:00:00,2088,7,22,NA,19.8929022336333,32.689016980859
2088-07-23 12:00:00,2088,7,23,NA,20.2349929039928,34.9733033726924
2088-07-24 12:00:00,2088,7,24,NA,18.3124355082411,36.1425869004809
2088-07-25 12:00:00,2088,7,25,NA,18.6101424315407,33.6680181279552
2088-07-26 12:00:00,2088,7,26,NA,18.6990542569358,29.67358893941
2088-07-27 12:00:00,2088,7,27,NA,16.224531505008,32.6415657339962
2088-07-28 12:00:00,2088,7,28,NA,19.8172055982218,33.9952903683148
2088-07-29 12:00:00,2088,7,29,NA,23.0127734983144,33.7084021399448
2088-07-30 12:00:00,2088,7,30,NA,21.257054205785,29.4707905893982
2088-07-31 12:00:00,2088,7,31,NA,19.5670026093818,27.1082146996349
2088-08-01 12:00:00,2088,8,1,NA,19.0759361159658,30.1991651135119
2088-08-02 12:00:00,2088,8,2,NA,19.0348622383031,25.500293084015
2088-08-03 12:00:00,2088,8,3,NA,19.3106709873601,24.7204424561815
2088-08-04 12:00:00,2088,8,4,NA,15.8328186652176,24.8510731030154
2088-08-05 12:00:00,2088,8,5,NA,12.6829986519381,30.4277601878488
2088-08-06 12:00:00,2088,8,6,NA,14.6083500070236,28.3820555024607
2088-08-07 12:00:00,2088,8,7,NA,13.3918497685502,25.0907335673847
2088-08-08 12:00:00,2088,8,8,NA,13.1524198998819,24.1192616162597
2088-08-09 12:00:00,2088,8,9,NA,12.0345308315453,26.1926593316313
2088-08-10 12:00:00,2088,8,10,NA,12.3049628462982,30.9573966846765
2088-08-11 12:00:00,2088,8,11,NA,20.3746573734108,39.3422312284571
2088-08-12 12:00:00,2088,8,12,NA,21.9639348850875,40.6312539788565
2088-08-13 12:00:00,2088,8,13,NA,23.6529413641493,38.7635340756817
2088-08-14 12:00:00,2088,8,14,NA,17.3400891192347,25.452717514237
2088-08-15 12:00:00,2088,8,15,NA,20.7701695721073,26.1577023699926
2088-08-16 12:00:00,2088,8,16,NA,20.1180636576033,28.5574452300595
2088-08-17 12:00:00,2088,8,17,NA,19.5778509131469,25.8677818587046
2088-08-18 12:00:00,2088,8,18,NA,17.5507017850024,23.0827283657835
2088-08-19 12:00:00,2088,8,19,NA,19.3125008470204,23.8010127130642
2088-08-20 12:00:00,2088,8,20,NA,20.3439849187782,26.636315091764
2088-08-21 12:00:00,2088,8,21,NA,16.8377111146836,27.0579554256035
2088-08-22 12:00:00,2088,8,22,NA,15.02689800025,24.1567822950142
2088-08-23 12:00:00,2088,8,23,NA,12.0001602266236,26.0263737695935
2088-08-24 12:00:00,2088,8,24,NA,11.8496487021311,26.3483569597212
2088-08-25 12:00:00,2088,8,25,NA,11.4269095061645,27.037765483941
2088-08-26 12:00:00,2088,8,26,NA,17.8935387169776,31.5136250532454
2088-08-27 12:00:00,2088,8,27,NA,16.8159430432604,30.6067086302005
2088-08-28 12:00:00,2088,8,28,NA,15.4170099662051,28.9780520008106
2088-08-29 12:00:00,2088,8,29,NA,17.1998460698298,28.0388692325716
2088-08-30 12:00:00,2088,8,30,NA,17.2203752439579,33.5801385731912
2088-08-31 12:00:00,2088,8,31,NA,15.1277662611894,33.7495996303869
2088-09-01 12:00:00,2088,9,1,NA,14.4409312676346,32.4066366845922
2088-09-02 12:00:00,2088,9,2,NA,13.8650702111087,26.9879524240636
2088-09-03 12:00:00,2088,9,3,NA,11.9594036707598,18.1538736404199
2088-09-04 12:00:00,2088,9,4,NA,11.176424789042,17.4175760706453
2088-09-05 12:00:00,2088,9,5,NA,10.8542865214938,20.3010042197528
2088-09-06 12:00:00,2088,9,6,NA,8.38048499122513,23.7448215385497
2088-09-07 12:00:00,2088,9,7,NA,12.2630671115407,25.8735241695653
2088-09-08 12:00:00,2088,9,8,NA,13.3812904257936,22.951044166638
2088-09-09 12:00:00,2088,9,9,NA,13.2627529516517,19.916193748917
2088-09-10 12:00:00,2088,9,10,NA,12.5512347185,21.0332442099167
2088-09-11 12:00:00,2088,9,11,NA,13.004966776579,20.1642125856969
2088-09-12 12:00:00,2088,9,12,NA,9.99473815951474,23.839629459794
2088-09-13 12:00:00,2088,9,13,NA,10.2121463373684,27.6020621923735
2088-09-14 12:00:00,2088,9,14,NA,11.6999366979915,24.1725202148613
2088-09-15 12:00:00,2088,9,15,NA,14.2102000279249,22.2578374825132
2088-09-16 12:00:00,2088,9,16,NA,12.1401031937751,19.7917057954964
2088-09-17 12:00:00,2088,9,17,NA,18.8581773048136,20.4184758264231
2088-09-18 12:00:00,2088,9,18,NA,15.2824876698855,20.9309623181486
2088-09-19 12:00:00,2088,9,19,NA,15.108600462016,19.9160577575755
2088-09-20 12:00:00,2088,9,20,NA,9.69309777303213,20.9727446076333
2088-09-21 12:00:00,2088,9,21,NA,11.0642861687819,20.3567113503617
2088-09-22 12:00:00,2088,9,22,NA,13.0194533861973,22.6838326904063
2088-09-23 12:00:00,2088,9,23,NA,9.61056435782869,21.3260337261694
2088-09-24 12:00:00,2088,9,24,NA,8.37409068496757,15.8971313856239
2088-09-25 12:00:00,2088,9,25,NA,11.9784079452528,19.4871183505091
2088-09-26 12:00:00,2088,9,26,NA,10.7155425198007,18.5020204548977
2088-09-27 12:00:00,2088,9,27,NA,7.63313056591801,17.396263428107
2088-09-28 12:00:00,2088,9,28,NA,9.97950177396509,17.1226317729696
2088-09-29 12:00:00,2088,9,29,NA,7.24871915142519,16.6161507947694
2088-09-30 12:00:00,2088,9,30,NA,2.98858343391594,18.3918902470531
2088-10-01 12:00:00,2088,10,1,NA,7.21395017324965,17.5839257464798
2088-10-02 12:00:00,2088,10,2,NA,5.69040123182265,19.9090071364841
2088-10-03 12:00:00,2088,10,3,NA,4.85890280876253,21.8858102344141
2088-10-04 12:00:00,2088,10,4,NA,9.95788226019053,16.7427455618213
2088-10-05 12:00:00,2088,10,5,NA,6.71464659500862,16.6995257813287
2088-10-06 12:00:00,2088,10,6,NA,3.8476895881243,16.7650810384138
2088-10-07 12:00:00,2088,10,7,NA,8.01812801547416,13.3580713734875
2088-10-08 12:00:00,2088,10,8,NA,3.95675028951275,14.3549539926399
2088-10-09 12:00:00,2088,10,9,NA,7.9938612966865,15.2987599820928
2088-10-10 12:00:00,2088,10,10,NA,10.6049849031021,15.4422179961714
2088-10-11 12:00:00,2088,10,11,NA,12.4970577524395,15.3499078936765
2088-10-12 12:00:00,2088,10,12,NA,12.3106844856097,16.6639659043993
2088-10-13 12:00:00,2088,10,13,NA,10.1454473102454,16.6477843865296
2088-10-14 12:00:00,2088,10,14,NA,7.95065433425622,20.9140611382467
2088-10-15 12:00:00,2088,10,15,NA,9.85001289991521,20.6577113682328
2088-10-16 12:00:00,2088,10,16,NA,12.3015238014278,19.6616099079241
2088-10-17 12:00:00,2088,10,17,NA,10.1463148156891,22.0790476932564
2088-10-18 12:00:00,2088,10,18,NA,10.4295928305747,15.7838644457445
2088-10-19 12:00:00,2088,10,19,NA,9.17570612596846,15.4170572298429
2088-10-20 12:00:00,2088,10,20,NA,8.40471646870591,11.6447406924611
2088-10-21 12:00:00,2088,10,21,NA,3.76883063235531,14.5765291006729
2088-10-22 12:00:00,2088,10,22,NA,2.89011778515449,14.7991051676394
2088-10-23 12:00:00,2088,10,23,NA,7.65862205928036,14.0210713936115
2088-10-24 12:00:00,2088,10,24,NA,6.29959162756052,16.8525031432617
2088-10-25 12:00:00,2088,10,25,NA,13.929702954267,21.3733906963059
2088-10-26 12:00:00,2088,10,26,NA,11.7259836311952,21.2169158659639
2088-10-27 12:00:00,2088,10,27,NA,10.2853568845495,21.1394206860395
2088-10-28 12:00:00,2088,10,28,NA,11.4043565270343,23.2293125375764
2088-10-29 12:00:00,2088,10,29,NA,12.9836424217513,22.245036214018
2088-10-30 12:00:00,2088,10,30,NA,8.68039936047299,20.2577504082257
2088-10-31 12:00:00,2088,10,31,NA,7.27647494141155,17.2142882777618
2088-11-01 12:00:00,2088,11,1,NA,6.83868066983985,15.086681823038
2088-11-02 12:00:00,2088,11,2,NA,6.47235670867672,10.4030730940772
2088-11-03 12:00:00,2088,11,3,NA,7.4550764512045,11.1844249526948
2088-11-04 12:00:00,2088,11,4,NA,4.00382206441732,7.36982191611091
2088-11-05 12:00:00,2088,11,5,NA,5.14878780761396,12.9134830430075
2088-11-06 12:00:00,2088,11,6,NA,8.49584789780172,13.1774751960962
2088-11-07 12:00:00,2088,11,7,NA,9.00340910587738,14.8754931785047
2088-11-08 12:00:00,2088,11,8,NA,7.24326809907316,12.441280119116
2088-11-09 12:00:00,2088,11,9,NA,6.31696656856377,11.2665533454281
2088-11-10 12:00:00,2088,11,10,NA,9.42013900846848,18.7761034855466
2088-11-11 12:00:00,2088,11,11,NA,9.7900995702151,17.9711426302351
2088-11-12 12:00:00,2088,11,12,NA,6.6339199717884,11.3545145773982
2088-11-13 12:00:00,2088,11,13,NA,0.302964068525674,6.31691018650547
2088-11-14 12:00:00,2088,11,14,NA,-3.48631565394917,4.04455327000895
2088-11-15 12:00:00,2088,11,15,NA,-2.7816220695355,3.81768557446486
2088-11-16 12:00:00,2088,11,16,NA,-2.09254567649935,5.65450755264534
2088-11-17 12:00:00,2088,11,17,NA,-0.0404281347313304,9.4857664458819
2088-11-18 12:00:00,2088,11,18,NA,1.25412527639277,7.22943789537558
2088-11-19 12:00:00,2088,11,19,NA,2.00241363506838,3.92043627101215
2088-11-20 12:00:00,2088,11,20,NA,4.4970002829951,7.55864428984219
2088-11-21 12:00:00,2088,11,21,NA,3.74152723125914,11.2723961552173
2088-11-22 12:00:00,2088,11,22,NA,-0.56104746170313,9.92206880038673
2088-11-23 12:00:00,2088,11,23,NA,7.75780932806357,18.544003507114
2088-11-24 12:00:00,2088,11,24,NA,11.438754315278,14.3839710126305
2088-11-25 12:00:00,2088,11,25,NA,8.70608218696368,17.068908380258
2088-11-26 12:00:00,2088,11,26,NA,9.34031392358834,19.4762414977476
2088-11-27 12:00:00,2088,11,27,NA,8.30555368808286,19.1572215015641
2088-11-28 12:00:00,2088,11,28,NA,9.4478619612864,16.9083295002278
2088-11-29 12:00:00,2088,11,29,NA,8.8416491798047,19.0985695023508
2088-11-30 12:00:00,2088,11,30,NA,9.27570342695076,16.2787771402546
2088-12-01 12:00:00,2088,12,1,NA,9.8549354488411,17.5798473972353
2088-12-02 12:00:00,2088,12,2,NA,8.96081734696833,18.5692583036591
2088-12-03 12:00:00,2088,12,3,NA,4.47101528028949,8.24847609749584
2088-12-04 12:00:00,2088,12,4,NA,6.67172260579335,12.7884414112231
2088-12-05 12:00:00,2088,12,5,NA,4.06944181526215,11.8108481493553
2088-12-06 12:00:00,2088,12,6,NA,-0.915660003339839,8.61049511662631
2088-12-07 12:00:00,2088,12,7,NA,5.72138060490214,9.79413609763429
2088-12-08 12:00:00,2088,12,8,NA,5.34633845840932,9.21346374365397
2088-12-09 12:00:00,2088,12,9,NA,6.70882257687973,10.60089963622
2088-12-10 12:00:00,2088,12,10,NA,6.02930299755636,11.1178805654947
2088-12-11 12:00:00,2088,12,11,NA,6.04584754102778,13.6514457809275
2088-12-12 12:00:00,2088,12,12,NA,7.57306160604457,10.1462516569683
2088-12-13 12:00:00,2088,12,13,NA,5.1724904388394,9.03961572408404
2088-12-14 12:00:00,2088,12,14,NA,2.52156448737443,5.52935473075183
2088-12-15 12:00:00,2088,12,15,NA,5.33381226205177,7.27540007676007
2088-12-16 12:00:00,2088,12,16,NA,5.87451638265858,8.43684187302497
2088-12-17 12:00:00,2088,12,17,NA,6.20368390377449,8.24092694109248
2088-12-18 12:00:00,2088,12,18,NA,0.995258662079282,4.97673211948474
2088-12-19 12:00:00,2088,12,19,NA,2.31420026821973,3.33308283208008
2088-12-20 12:00:00,2088,12,20,NA,-2.96228786983574,3.26521492739367
2088-12-21 12:00:00,2088,12,21,NA,-4.9709271896267,5.33383895138173
2088-12-22 12:00:00,2088,12,22,NA,0.46079872935267,10.7655648703611
2088-12-23 12:00:00,2088,12,23,NA,1.10089598687353,5.12575038953916
2088-12-24 12:00:00,2088,12,24,NA,6.55263276296624,13.6639942576828
2088-12-25 12:00:00,2088,12,25,NA,12.0955664752172,14.4990437819087
2088-12-26 12:00:00,2088,12,26,NA,8.75074737742951,10.7876296552629
2088-12-27 12:00:00,2088,12,27,NA,6.64526784816779,12.2817865967853
2088-12-28 12:00:00,2088,12,28,NA,5.81716885377172,12.1240659226114
2088-12-29 12:00:00,2088,12,29,NA,8.01064021821523,11.8317569096095
2088-12-30 12:00:00,2088,12,30,NA,2.57967320960989,10.7369757392762
2088-12-31 12:00:00,2088,12,31,NA,-1.22345910567831,4.35821537887115
2089-01-01 12:00:00,2089,1,1,NA,3.59622571092683,8.89822839377939
2089-01-02 12:00:00,2089,1,2,NA,3.34906835473692,10.6224127839326
2089-01-03 12:00:00,2089,1,3,NA,3.72201431300873,9.04834444153634
2089-01-04 12:00:00,2089,1,4,NA,3.43386376401817,6.14462112825455
2089-01-05 12:00:00,2089,1,5,NA,-2.21623937775884,3.9616275885527
2089-01-06 12:00:00,2089,1,6,NA,-1.41280372585665,0.64559119449189
2089-01-07 12:00:00,2089,1,7,NA,-13.2905829961917,-8.52452419696315
2089-01-08 12:00:00,2089,1,8,NA,-10.4514309106757,-4.70342919894899
2089-01-09 12:00:00,2089,1,9,NA,-14.6441192132604,-8.43294783670638
2089-01-10 12:00:00,2089,1,10,NA,-9.98287142450142,-5.39669248108182
2089-01-11 12:00:00,2089,1,11,NA,-6.29211576846637,-2.94233301113616
2089-01-12 12:00:00,2089,1,12,NA,-5.74254158744781,-2.9077054095655
2089-01-13 12:00:00,2089,1,13,NA,-13.3708322478211,-8.28920663054066
2089-01-14 12:00:00,2089,1,14,NA,-2.18107360965477,-1.15433396827086
2089-01-15 12:00:00,2089,1,15,NA,1.33762081201388,5.04357684375546
2089-01-16 12:00:00,2089,1,16,NA,3.24251839459796,5.04917877300152
2089-01-17 12:00:00,2089,1,17,NA,-2.14366026183215,5.7835677577964
2089-01-18 12:00:00,2089,1,18,NA,2.43060725149335,9.59703120380455
2089-01-19 12:00:00,2089,1,19,NA,-0.227464116200173,7.7070939259641
2089-01-20 12:00:00,2089,1,20,NA,-8.55333409733518,9.51646493259332
2089-01-21 12:00:00,2089,1,21,NA,4.06820892163394,11.8874134122523
2089-01-22 12:00:00,2089,1,22,NA,8.07156151460984,11.2180444951629
2089-01-23 12:00:00,2089,1,23,NA,6.28861219721138,14.3691585998418
2089-01-24 12:00:00,2089,1,24,NA,5.6489935392049,13.8672564956943
2089-01-25 12:00:00,2089,1,25,NA,7.46661600908107,13.1790244666717
2089-01-26 12:00:00,2089,1,26,NA,5.63750546174152,12.166253417758
2089-01-27 12:00:00,2089,1,27,NA,4.65336943671121,11.2276851357471
2089-01-28 12:00:00,2089,1,28,NA,2.61700863355789,10.8352715900473
2089-01-29 12:00:00,2089,1,29,NA,1.75295595559203,9.6049304994458
2089-01-30 12:00:00,2089,1,30,NA,3.80851576840752,6.93414807584648
2089-01-31 12:00:00,2089,1,31,NA,0.080097569672084,8.52356751183286
2089-02-01 12:00:00,2089,2,1,NA,-2.05387573601022,6.1643872204792
2089-02-02 12:00:00,2089,2,2,NA,-2.4843140794043,10.4433303989925
2089-02-03 12:00:00,2089,2,3,NA,-1.14609925039486,7.12027923849034
2089-02-04 12:00:00,2089,2,4,NA,0.275730684622154,8.79668076246677
2089-02-05 12:00:00,2089,2,5,NA,2.83006859500848,7.68449415796668
2089-02-06 12:00:00,2089,2,6,NA,5.95521096990965,9.32317832841313
2089-02-07 12:00:00,2089,2,7,NA,1.47898679168592,7.45097629816857
2089-02-08 12:00:00,2089,2,8,NA,-0.977267794102836,8.57722944251012
2089-02-09 12:00:00,2089,2,9,NA,3.59865358209503,6.02545180202978
2089-02-10 12:00:00,2089,2,10,NA,3.50715786739992,9.19302103584905
2089-02-11 12:00:00,2089,2,11,NA,-2.02162233812624,3.39995577486105
2089-02-12 12:00:00,2089,2,12,NA,2.36371813847906,10.1535428782894
2089-02-13 12:00:00,2089,2,13,NA,2.56349194340111,15.4763899845827
2089-02-14 12:00:00,2089,2,14,NA,4.93295488743901,10.1763305423271
2089-02-15 12:00:00,2089,2,15,NA,-3.20538213686568,6.17425686696517
2089-02-16 12:00:00,2089,2,16,NA,3.6618964802677,7.88193426110792
2089-02-17 12:00:00,2089,2,17,NA,6.53885584694326,8.33865974470596
2089-02-18 12:00:00,2089,2,18,NA,5.94690661284721,12.8940638627285
2089-02-19 12:00:00,2089,2,19,NA,5.09076879177961,10.8754924791335
2089-02-20 12:00:00,2089,2,20,NA,4.45871253622033,11.7620687675502
2089-02-21 12:00:00,2089,2,21,NA,4.34921597677797,10.326139473203
2089-02-22 12:00:00,2089,2,22,NA,7.23156664270043,13.8388467598265
2089-02-23 12:00:00,2089,2,23,NA,3.52343423018044,6.95147015460477
2089-02-24 12:00:00,2089,2,24,NA,-2.05192853459153,2.10029093199388
2089-02-25 12:00:00,2089,2,25,NA,-4.83463100046441,3.46639152500747
2089-02-26 12:00:00,2089,2,26,NA,-0.406431156000276,6.35677307439302
2089-02-27 12:00:00,2089,2,27,NA,3.57539985644526,10.8255672864345
2089-02-28 12:00:00,2089,2,28,NA,-0.655781397904906,7.93800638884137
2089-03-01 12:00:00,2089,3,1,NA,4.24366626737517,10.3126230362528
2089-03-02 12:00:00,2089,3,2,NA,0.951995500799494,12.8622748881974
2089-03-03 12:00:00,2089,3,3,NA,-2.27178106641108,12.3553212033842
2089-03-04 12:00:00,2089,3,4,NA,-4.88058619381073,12.8036822267278
2089-03-05 12:00:00,2089,3,5,NA,-2.00117547198199,4.51529907716156
2089-03-06 12:00:00,2089,3,6,NA,1.43992932571265,10.506087503147
2089-03-07 12:00:00,2089,3,7,NA,2.75464745004994,14.1922513393179
2089-03-08 12:00:00,2089,3,8,NA,5.66553622007927,16.3518786093642
2089-03-09 12:00:00,2089,3,9,NA,6.16304340717114,20.3955636557305
2089-03-10 12:00:00,2089,3,10,NA,10.0594214833054,16.670712388833
2089-03-11 12:00:00,2089,3,11,NA,7.78967306056549,16.942512435075
2089-03-12 12:00:00,2089,3,12,NA,9.36771004604449,18.8293828823798
2089-03-13 12:00:00,2089,3,13,NA,8.37827676586497,12.5540496763582
2089-03-14 12:00:00,2089,3,14,NA,9.73143108489808,15.6508707223623
2089-03-15 12:00:00,2089,3,15,NA,9.61897684219948,13.6098346142605
2089-03-16 12:00:00,2089,3,16,NA,6.17114110914263,11.987061094776
2089-03-17 12:00:00,2089,3,17,NA,5.74145643334454,15.9764246303854
2089-03-18 12:00:00,2089,3,18,NA,3.33210138087103,8.79524104341729
2089-03-19 12:00:00,2089,3,19,NA,2.02831082657066,8.20112655583343
2089-03-20 12:00:00,2089,3,20,NA,4.26215969231314,12.5069107096585
2089-03-21 12:00:00,2089,3,21,NA,1.88523101441097,8.78740970666003
2089-03-22 12:00:00,2089,3,22,NA,4.72132010149155,9.85943603554691
2089-03-23 12:00:00,2089,3,23,NA,4.32060741894135,18.0289448931172
2089-03-24 12:00:00,2089,3,24,NA,1.69244860223351,9.81186496536195
2089-03-25 12:00:00,2089,3,25,NA,6.21696421638322,17.2603820809498
2089-03-26 12:00:00,2089,3,26,NA,10.2310575572691,21.0198204269184
2089-03-27 12:00:00,2089,3,27,NA,6.69915562526165,17.6009213346609
2089-03-28 12:00:00,2089,3,28,NA,2.04493580404926,11.2780460711179
2089-03-29 12:00:00,2089,3,29,NA,6.40107428174379,9.4488211340701
2089-03-30 12:00:00,2089,3,30,NA,2.16181864631913,10.9859399960598
2089-03-31 12:00:00,2089,3,31,NA,4.25347313145174,12.339924840672
2089-04-01 12:00:00,2089,4,1,NA,-0.829462787594768,16.689008128179
2089-04-02 12:00:00,2089,4,2,NA,0.573411291796836,14.3112402515471
2089-04-03 12:00:00,2089,4,3,NA,-0.559201833910144,18.8380537849328
2089-04-04 12:00:00,2089,4,4,NA,-0.523665499555879,14.8366034017089
2089-04-05 12:00:00,2089,4,5,NA,8.23299933297405,18.9707876819838
2089-04-06 12:00:00,2089,4,6,NA,5.87183059609461,19.6313423381771
2089-04-07 12:00:00,2089,4,7,NA,2.99574362553016,17.7794255926681
2089-04-08 12:00:00,2089,4,8,NA,-1.51042499626564,18.5137738590521
2089-04-09 12:00:00,2089,4,9,NA,9.25869564743078,17.567186402248
2089-04-10 12:00:00,2089,4,10,NA,6.25969519445302,16.7281340227749
2089-04-11 12:00:00,2089,4,11,NA,7.57283118482688,20.0293002945904
2089-04-12 12:00:00,2089,4,12,NA,3.86856073806635,14.3379576210146
2089-04-13 12:00:00,2089,4,13,NA,3.85050549091175,16.4972134463244
2089-04-14 12:00:00,2089,4,14,NA,2.69393710256327,19.7020842375552
2089-04-15 12:00:00,2089,4,15,NA,9.83432278815005,25.3489934460547
2089-04-16 12:00:00,2089,4,16,NA,9.5596028884251,20.9940998132082
2089-04-17 12:00:00,2089,4,17,NA,3.82146187190868,18.470321898541
2089-04-18 12:00:00,2089,4,18,NA,6.06740466613104,19.1773575926219
2089-04-19 12:00:00,2089,4,19,NA,5.0676226719491,22.075769806941
2089-04-20 12:00:00,2089,4,20,NA,5.52118921504974,15.8715553818253
2089-04-21 12:00:00,2089,4,21,NA,8.49233896164669,19.5601765175236
2089-04-22 12:00:00,2089,4,22,NA,4.14839628653016,20.3156947737075
2089-04-23 12:00:00,2089,4,23,NA,-0.0379990287091143,17.5464410289751
2089-04-24 12:00:00,2089,4,24,NA,6.19822459025303,17.82719963474
2089-04-25 12:00:00,2089,4,25,NA,3.69171263682955,21.8923766491731
2089-04-26 12:00:00,2089,4,26,NA,11.8870287790123,20.0522424273952
2089-04-27 12:00:00,2089,4,27,NA,10.5902525180274,15.8811104794654
2089-04-28 12:00:00,2089,4,28,NA,9.28269600401456,15.5034876719063
2089-04-29 12:00:00,2089,4,29,NA,2.62366321596896,15.908051519964
2089-04-30 12:00:00,2089,4,30,NA,5.77996588736378,13.9451795357467
2089-05-01 12:00:00,2089,5,1,NA,5.62817602138366,13.3197764855789
2089-05-02 12:00:00,2089,5,2,NA,9.43757546845412,16.4791752495202
2089-05-03 12:00:00,2089,5,3,NA,6.64779334823799,13.2800887756291
2089-05-04 12:00:00,2089,5,4,NA,3.42269923234646,20.973780834555
2089-05-05 12:00:00,2089,5,5,NA,1.75349876639966,20.9200170234027
2089-05-06 12:00:00,2089,5,6,NA,9.52234827014176,18.2447479339012
2089-05-07 12:00:00,2089,5,7,NA,5.80538006833414,19.1014871001334
2089-05-08 12:00:00,2089,5,8,NA,6.10665715253304,16.8413071367401
2089-05-09 12:00:00,2089,5,9,NA,13.0277058059963,20.8314704909203
2089-05-10 12:00:00,2089,5,10,NA,10.4644681667556,26.0223851613519
2089-05-11 12:00:00,2089,5,11,NA,10.9212919301595,28.5592647926672
2089-05-12 12:00:00,2089,5,12,NA,13.2764164679111,27.091403888439
2089-05-13 12:00:00,2089,5,13,NA,8.47230262576816,21.1642389916274
2089-05-14 12:00:00,2089,5,14,NA,10.4491670358046,25.9530909455462
2089-05-15 12:00:00,2089,5,15,NA,12.774903104124,27.1327381122757
2089-05-16 12:00:00,2089,5,16,NA,13.0684127675092,27.9344136816867
2089-05-17 12:00:00,2089,5,17,NA,9.9898865998234,27.5409682020319
2089-05-18 12:00:00,2089,5,18,NA,12.0956920500308,23.9492432793513
2089-05-19 12:00:00,2089,5,19,NA,9.90526595028174,20.6193010018437
2089-05-20 12:00:00,2089,5,20,NA,10.8542252796118,23.7010406520841
2089-05-21 12:00:00,2089,5,21,NA,10.4363754295295,20.1502757196372
2089-05-22 12:00:00,2089,5,22,NA,17.5486307570529,23.4194422164153
2089-05-23 12:00:00,2089,5,23,NA,15.0447034633155,25.7500373450892
2089-05-24 12:00:00,2089,5,24,NA,14.5495188408949,18.6129256668882
2089-05-25 12:00:00,2089,5,25,NA,13.9197683551497,21.6975114365621
2089-05-26 12:00:00,2089,5,26,NA,11.0364130197489,23.7123673762382
2089-05-27 12:00:00,2089,5,27,NA,13.4344562483595,23.3180811745771
2089-05-28 12:00:00,2089,5,28,NA,10.4670052706828,23.4791736306101
2089-05-29 12:00:00,2089,5,29,NA,10.0143671685674,27.7718511706288
2089-05-30 12:00:00,2089,5,30,NA,12.6721356307313,32.1646835427966
2089-05-31 12:00:00,2089,5,31,NA,19.8963052559779,27.6483747942081
2089-06-01 12:00:00,2089,6,1,NA,17.6589068458883,30.1019432769142
2089-06-02 12:00:00,2089,6,2,NA,11.9808326269594,25.9286239067392
2089-06-03 12:00:00,2089,6,3,NA,9.38644953463288,25.2206444266794
2089-06-04 12:00:00,2089,6,4,NA,9.79655761023388,26.4198564416334
2089-06-05 12:00:00,2089,6,5,NA,11.1028276881023,25.5670506016998
2089-06-06 12:00:00,2089,6,6,NA,10.2416860333001,19.5367258918289
2089-06-07 12:00:00,2089,6,7,NA,11.4559568421926,18.6675365971955
2089-06-08 12:00:00,2089,6,8,NA,8.843867657515,15.4555513939603
2089-06-09 12:00:00,2089,6,9,NA,8.12182445631537,14.1234673310504
2089-06-10 12:00:00,2089,6,10,NA,7.23875432274906,16.4406971820101
2089-06-11 12:00:00,2089,6,11,NA,6.00003621763291,18.1847933014553
2089-06-12 12:00:00,2089,6,12,NA,10.2231261795169,18.3888156826322
2089-06-13 12:00:00,2089,6,13,NA,11.1931221578813,20.3618691250584
2089-06-14 12:00:00,2089,6,14,NA,10.2548596936063,19.4236066607833
2089-06-15 12:00:00,2089,6,15,NA,13.8113742093282,21.7801077897151
2089-06-16 12:00:00,2089,6,16,NA,14.1981412853443,22.4460722495296
2089-06-17 12:00:00,2089,6,17,NA,13.2028132434286,28.6520132868787
2089-06-18 12:00:00,2089,6,18,NA,10.8556272296223,25.2019847286905
2089-06-19 12:00:00,2089,6,19,NA,13.8534837205612,30.3815247090134
2089-06-20 12:00:00,2089,6,20,NA,11.2654281592941,19.4812537244227
2089-06-21 12:00:00,2089,6,21,NA,10.4466985618594,19.3291137525919
2089-06-22 12:00:00,2089,6,22,NA,9.0250756242211,19.3447767391305
2089-06-23 12:00:00,2089,6,23,NA,12.6648411613375,18.5087032674701
2089-06-24 12:00:00,2089,6,24,NA,13.7122621114854,20.9220125519731
2089-06-25 12:00:00,2089,6,25,NA,7.78834218554486,25.3392031047188
2089-06-26 12:00:00,2089,6,26,NA,10.4636899953452,21.7798102427222
2089-06-27 12:00:00,2089,6,27,NA,10.0874043223073,21.4424656328002
2089-06-28 12:00:00,2089,6,28,NA,6.37058209546706,24.9517656253889
2089-06-29 12:00:00,2089,6,29,NA,7.61313872984308,26.3636467381119
2089-06-30 12:00:00,2089,6,30,NA,8.62794998513891,27.0340290394257
2089-07-01 12:00:00,2089,7,1,NA,13.6317901082008,20.8485741822933
2089-07-02 12:00:00,2089,7,2,NA,15.8847756497141,22.0040247812538
2089-07-03 12:00:00,2089,7,3,NA,12.6845331889807,22.4046914956875
2089-07-04 12:00:00,2089,7,4,NA,12.8685611172599,20.0673071728851
2089-07-05 12:00:00,2089,7,5,NA,14.4509076812047,19.4698265448403
2089-07-06 12:00:00,2089,7,6,NA,16.0884510963665,20.8265421985889
2089-07-07 12:00:00,2089,7,7,NA,16.4214569837661,21.4403758474017
2089-07-08 12:00:00,2089,7,8,NA,19.6514727436663,25.0832361337181
2089-07-09 12:00:00,2089,7,9,NA,15.1987173811105,26.3689117326438
2089-07-10 12:00:00,2089,7,10,NA,15.5344405505462,27.1724808721286
2089-07-11 12:00:00,2089,7,11,NA,14.4262712999536,22.8263941247058
2089-07-12 12:00:00,2089,7,12,NA,15.9040033033608,26.4243051891478
2089-07-13 12:00:00,2089,7,13,NA,17.7905015988128,26.7878346864939
2089-07-14 12:00:00,2089,7,14,NA,17.2464422980943,24.8705432324926
2089-07-15 12:00:00,2089,7,15,NA,17.9137379434503,26.7441612813926
2089-07-16 12:00:00,2089,7,16,NA,20.2044949594844,30.2516364942267
2089-07-17 12:00:00,2089,7,17,NA,17.6418947602984,28.6404184974755
2089-07-18 12:00:00,2089,7,18,NA,17.7583582090639,25.8616885472679
2089-07-19 12:00:00,2089,7,19,NA,18.0993272685783,25.5751114137841
2089-07-20 12:00:00,2089,7,20,NA,15.0338278565728,29.126730481219
2089-07-21 12:00:00,2089,7,21,NA,15.7814044870071,21.6382558493811
2089-07-22 12:00:00,2089,7,22,NA,18.7130879601997,24.6747465436697
2089-07-23 12:00:00,2089,7,23,NA,14.0644604479896,23.754670914556
2089-07-24 12:00:00,2089,7,24,NA,14.5755396871585,25.5500659491167
2089-07-25 12:00:00,2089,7,25,NA,16.9253501771992,25.3208729872093
2089-07-26 12:00:00,2089,7,26,NA,18.8042272523327,23.6138968631925
2089-07-27 12:00:00,2089,7,27,NA,16.6403544131703,25.1535299677642
2089-07-28 12:00:00,2089,7,28,NA,15.8648515458329,28.8848777967804
2089-07-29 12:00:00,2089,7,29,NA,14.4479272615783,31.8017686054442
2089-07-30 12:00:00,2089,7,30,NA,14.0407212909251,29.0577696923722
2089-07-31 12:00:00,2089,7,31,NA,11.0454628334561,25.3856096741
2089-08-01 12:00:00,2089,8,1,NA,13.0727811260979,22.2337543578226
2089-08-02 12:00:00,2089,8,2,NA,15.20631118627,22.4324084188103
2089-08-03 12:00:00,2089,8,3,NA,13.9028370587742,23.8078377856661
2089-08-04 12:00:00,2089,8,4,NA,11.7521780866602,25.2848095865446
2089-08-05 12:00:00,2089,8,5,NA,11.1673512344883,23.3815861732945
2089-08-06 12:00:00,2089,8,6,NA,12.3007225147579,20.3697313225287
2089-08-07 12:00:00,2089,8,7,NA,7.08598293500451,23.859220641855
2089-08-08 12:00:00,2089,8,8,NA,9.33775346084278,24.129341944893
2089-08-09 12:00:00,2089,8,9,NA,15.0105635341632,21.9211664121039
2089-08-10 12:00:00,2089,8,10,NA,15.9578068039898,23.3954712291667
2089-08-11 12:00:00,2089,8,11,NA,9.2819515566192,19.4501590927007
2089-08-12 12:00:00,2089,8,12,NA,11.3217680014854,19.19476248323
2089-08-13 12:00:00,2089,8,13,NA,9.00498055648674,19.465911315778
2089-08-14 12:00:00,2089,8,14,NA,10.0450101427159,21.1377717560432
2089-08-15 12:00:00,2089,8,15,NA,12.3779741495083,22.4924709973212
2089-08-16 12:00:00,2089,8,16,NA,10.5371405621301,22.2733123042114
2089-08-17 12:00:00,2089,8,17,NA,14.9722342649971,23.2031384363446
2089-08-18 12:00:00,2089,8,18,NA,8.32860342126524,18.676244855376
2089-08-19 12:00:00,2089,8,19,NA,8.75924466326932,16.6449516780385
2089-08-20 12:00:00,2089,8,20,NA,7.98163543762756,17.0307686090894
2089-08-21 12:00:00,2089,8,21,NA,10.0476054054235,18.4869869778796
2089-08-22 12:00:00,2089,8,22,NA,12.7385253439167,18.2729844236729
2089-08-23 12:00:00,2089,8,23,NA,9.89940917828766,19.255936330256
2089-08-24 12:00:00,2089,8,24,NA,10.455775341445,15.0463324022393
2089-08-25 12:00:00,2089,8,25,NA,7.87104728515111,17.7453145089376
2089-08-26 12:00:00,2089,8,26,NA,10.6872653859746,18.3458782019795
2089-08-27 12:00:00,2089,8,27,NA,7.24014592552691,20.7812474481019
2089-08-28 12:00:00,2089,8,28,NA,12.6784229704998,17.6165227989338
2089-08-29 12:00:00,2089,8,29,NA,14.1013153486501,17.7733926319519
2089-08-30 12:00:00,2089,8,30,NA,12.1451986412182,17.2757163196809
2089-08-31 12:00:00,2089,8,31,NA,7.87090874624977,21.4035402461342
2089-09-01 12:00:00,2089,9,1,NA,9.26454619594966,23.2659039377598
2089-09-02 12:00:00,2089,9,2,NA,12.6802684127101,21.5384541504765
2089-09-03 12:00:00,2089,9,3,NA,12.3469207755073,16.4070435820496
2089-09-04 12:00:00,2089,9,4,NA,10.4456959776801,19.1224801745489
2089-09-05 12:00:00,2089,9,5,NA,12.7913024614556,18.5489247103666
2089-09-06 12:00:00,2089,9,6,NA,11.9046930381932,27.1321131554376
2089-09-07 12:00:00,2089,9,7,NA,12.1893722939145,25.5184210581143
2089-09-08 12:00:00,2089,9,8,NA,15.1472181186931,21.5778069574307
2089-09-09 12:00:00,2089,9,9,NA,13.9319676154429,21.4417805706861
2089-09-10 12:00:00,2089,9,10,NA,16.251634340776,21.0550415607471
2089-09-11 12:00:00,2089,9,11,NA,14.2068498680335,25.0375253704231
2089-09-12 12:00:00,2089,9,12,NA,17.3694077320199,26.2385478153753
2089-09-13 12:00:00,2089,9,13,NA,16.133584785448,26.7703426069067
2089-09-14 12:00:00,2089,9,14,NA,13.0083957520071,23.1082318281539
2089-09-15 12:00:00,2089,9,15,NA,12.4460148304764,20.9280243218931
2089-09-16 12:00:00,2089,9,16,NA,13.5394572528454,19.8618153332174
2089-09-17 12:00:00,2089,9,17,NA,11.4920509752687,19.2213454531694
2089-09-18 12:00:00,2089,9,18,NA,13.2250821335414,17.9066325780415
2089-09-19 12:00:00,2089,9,19,NA,10.6854503892484,20.4485832514374
2089-09-20 12:00:00,2089,9,20,NA,8.6432589596933,17.3200431565622
2089-09-21 12:00:00,2089,9,21,NA,10.9048348613459,21.0647094452141
2089-09-22 12:00:00,2089,9,22,NA,12.7881134139155,22.3578671547599
2089-09-23 12:00:00,2089,9,23,NA,13.4386505312395,20.673417819308
2089-09-24 12:00:00,2089,9,24,NA,9.55809960523944,22.8829996046708
2089-09-25 12:00:00,2089,9,25,NA,9.47872679174506,23.5901715890985
2089-09-26 12:00:00,2089,9,26,NA,13.6962894136047,21.8732903754598
2089-09-27 12:00:00,2089,9,27,NA,10.5865585507113,23.0723420690548
2089-09-28 12:00:00,2089,9,28,NA,13.7254645262053,21.3310257134678
2089-09-29 12:00:00,2089,9,29,NA,11.3298722641246,19.4960282841153
2089-09-30 12:00:00,2089,9,30,NA,12.7082160715861,21.66294978026
2089-10-01 12:00:00,2089,10,1,NA,13.7652426627135,18.5834173781136
2089-10-02 12:00:00,2089,10,2,NA,14.519402976808,18.1527602686584
2089-10-03 12:00:00,2089,10,3,NA,10.4914453350649,15.8313074538816
2089-10-04 12:00:00,2089,10,4,NA,7.20369332512566,18.6705179123319
2089-10-05 12:00:00,2089,10,5,NA,9.51594581317383,13.8692272319635
2089-10-06 12:00:00,2089,10,6,NA,8.3279542173929,13.7346964108654
2089-10-07 12:00:00,2089,10,7,NA,6.87775515595512,16.9330031868695
2089-10-08 12:00:00,2089,10,8,NA,8.32311227481689,23.2024465815608
2089-10-09 12:00:00,2089,10,9,NA,9.18700670050446,24.2681691983929
2089-10-10 12:00:00,2089,10,10,NA,7.49442976827098,26.1473933110802
2089-10-11 12:00:00,2089,10,11,NA,6.5773440492515,22.5309607559726
2089-10-12 12:00:00,2089,10,12,NA,11.3781933917343,21.8112369119048
2089-10-13 12:00:00,2089,10,13,NA,11.0850949593457,17.9256779819141
2089-10-14 12:00:00,2089,10,14,NA,12.4392581072517,20.7164107504977
2089-10-15 12:00:00,2089,10,15,NA,11.2769195369494,24.5336829270399
2089-10-16 12:00:00,2089,10,16,NA,12.1554013722426,27.9026063950969
2089-10-17 12:00:00,2089,10,17,NA,9.09751904949647,24.9965849753551
2089-10-18 12:00:00,2089,10,18,NA,9.72002180828745,24.8011843061759
2089-10-19 12:00:00,2089,10,19,NA,7.60175741596968,17.342398073222
2089-10-20 12:00:00,2089,10,20,NA,8.60285915739608,14.0034136448638
2089-10-21 12:00:00,2089,10,21,NA,13.0181570847003,19.3734715649192
2089-10-22 12:00:00,2089,10,22,NA,12.6585370390384,21.4232329433183
2089-10-23 12:00:00,2089,10,23,NA,11.6125426776504,17.9919632979144
2089-10-24 12:00:00,2089,10,24,NA,10.4344016890389,20.1360483276125
2089-10-25 12:00:00,2089,10,25,NA,8.72004759590261,17.253070027203
2089-10-26 12:00:00,2089,10,26,NA,10.9032865731019,20.2874994934089
2089-10-27 12:00:00,2089,10,27,NA,9.70885625600639,18.1090198713741
2089-10-28 12:00:00,2089,10,28,NA,8.78952228276449,17.9416492071614
2089-10-29 12:00:00,2089,10,29,NA,10.9461631824621,14.1691304259677
2089-10-30 12:00:00,2089,10,30,NA,7.46132566384021,13.9322975457397
2089-10-31 12:00:00,2089,10,31,NA,8.72014527734511,15.042873653016
2089-11-01 12:00:00,2089,11,1,NA,6.79404898470696,17.2270925048775
2089-11-02 12:00:00,2089,11,2,NA,5.9370486526355,11.520943072749
2089-11-03 12:00:00,2089,11,3,NA,7.55667944168436,12.6823339662253
2089-11-04 12:00:00,2089,11,4,NA,8.07500341824817,11.8043346505835
2089-11-05 12:00:00,2089,11,5,NA,7.34379035879911,12.2692760958975
2089-11-06 12:00:00,2089,11,6,NA,4.61515886710404,13.0166148814935
2089-11-07 12:00:00,2089,11,7,NA,2.85863231600735,8.46937763427755
2089-11-08 12:00:00,2089,11,8,NA,-4.21279354988179,5.73432660794918
2089-11-09 12:00:00,2089,11,9,NA,-1.70574294551768,8.24137721231328
2089-11-10 12:00:00,2089,11,10,NA,2.50529420657087,12.0314887871841
2089-11-11 12:00:00,2089,11,11,NA,4.76362159102425,12.5125264845539
2089-11-12 12:00:00,2089,11,12,NA,3.40637106437469,9.73191704520165
2089-11-13 12:00:00,2089,11,13,NA,2.84933275311724,10.5742447015114
2089-11-14 12:00:00,2089,11,14,NA,3.04938181820587,12.3732165096586
2089-11-15 12:00:00,2089,11,15,NA,7.65217859697016,13.2358276121266
2089-11-16 12:00:00,2089,11,16,NA,8.00637168445695,12.9769221348057
2089-11-17 12:00:00,2089,11,17,NA,6.47380405984787,10.2293187094399
2089-11-18 12:00:00,2089,11,18,NA,2.4712173173999,8.07915169206965
2089-11-19 12:00:00,2089,11,19,NA,4.27218706107128,9.19666848722211
2089-11-20 12:00:00,2089,11,20,NA,5.05298254946346,12.5844509709626
2089-11-21 12:00:00,2089,11,21,NA,6.55165380076318,14.0756647449141
2089-11-22 12:00:00,2089,11,22,NA,9.62265749655717,15.0322645998068
2089-11-23 12:00:00,2089,11,23,NA,9.90394056062003,12.3502543281014
2089-11-24 12:00:00,2089,11,24,NA,9.82636134262451,16.3602399970783
2089-11-25 12:00:00,2089,11,25,NA,6.3574850865438,14.7429288218593
2089-11-26 12:00:00,2089,11,26,NA,2.88776658559045,9.5319790728354
2089-11-27 12:00:00,2089,11,27,NA,-0.0613128278619159,10.1178078883886
2089-11-28 12:00:00,2089,11,28,NA,2.84981900709249,10.6604453793166
2089-11-29 12:00:00,2089,11,29,NA,4.25458217741917,8.20672029248391
2089-11-30 12:00:00,2089,11,30,NA,7.10445833093731,9.54227721575873
2089-12-01 12:00:00,2089,12,1,NA,7.91727532024273,13.525137900856
2089-12-02 12:00:00,2089,12,2,NA,8.04579859332348,11.0657810728544
2089-12-03 12:00:00,2089,12,3,NA,6.24494115456304,9.30245750896577
2089-12-04 12:00:00,2089,12,4,NA,7.44831326403435,10.3107711955767
2089-12-05 12:00:00,2089,12,5,NA,6.78792971668945,12.8844766884433
2089-12-06 12:00:00,2089,12,6,NA,5.25659873950417,10.8382732240536
2089-12-07 12:00:00,2089,12,7,NA,3.27022344599347,7.23059382625736
2089-12-08 12:00:00,2089,12,8,NA,4.065729510752,8.33769252970603
2089-12-09 12:00:00,2089,12,9,NA,3.01751847103861,10.0843408949268
2089-12-10 12:00:00,2089,12,10,NA,3.20694430549459,8.63330530599159
2089-12-11 12:00:00,2089,12,11,NA,2.2341740889814,9.879988089605
2089-12-12 12:00:00,2089,12,12,NA,1.68220630850852,5.83522826623975
2089-12-13 12:00:00,2089,12,13,NA,3.96417322443842,9.05275079237681
2089-12-14 12:00:00,2089,12,14,NA,0.805080612880172,7.4779298737356
2089-12-15 12:00:00,2089,12,15,NA,5.05826057877837,8.62407105228434
2089-12-16 12:00:00,2089,12,16,NA,7.2162340183915,10.2557440792661
2089-12-17 12:00:00,2089,12,17,NA,6.20213586654076,10.0619659934135
2089-12-18 12:00:00,2089,12,18,NA,7.17156970358446,11.9467114768699
2089-12-19 12:00:00,2089,12,19,NA,4.75044992664684,7.69112838195162
2089-12-20 12:00:00,2089,12,20,NA,6.12159021626032,9.99369472640752
2089-12-21 12:00:00,2089,12,21,NA,8.48684630762639,12.3112078733706
2089-12-22 12:00:00,2089,12,22,NA,4.51046788772124,8.52944492746265
2089-12-23 12:00:00,2089,12,23,NA,5.56018547159934,7.5555831685324
2089-12-24 12:00:00,2089,12,24,NA,3.80855850235266,4.77003272961314
2089-12-25 12:00:00,2089,12,25,NA,2.23385443582711,3.42117009422689
2089-12-26 12:00:00,2089,12,26,NA,1.0040493235053,1.99520476144932
2089-12-27 12:00:00,2089,12,27,NA,-3.62074611053536,-1.6099506833387
2089-12-28 12:00:00,2089,12,28,NA,-3.24592570018382,0.803219195930658
2089-12-29 12:00:00,2089,12,29,NA,-2.41231971548471,5.25356795459752
2089-12-30 12:00:00,2089,12,30,NA,-1.47939341612033,10.0134213786158
2089-12-31 12:00:00,2089,12,31,NA,3.63978078954885,13.1977239118836
2090-01-01 12:00:00,2090,1,1,NA,-1.62890335533559,11.2043835941672
2090-01-02 12:00:00,2090,1,2,NA,0.283453162426112,11.0889497959885
2090-01-03 12:00:00,2090,1,3,NA,6.61983390482123,14.6111025473646
2090-01-04 12:00:00,2090,1,4,NA,7.76149375694383,12.5966480187437
2090-01-05 12:00:00,2090,1,5,NA,9.03841420646063,10.9243375703013
2090-01-06 12:00:00,2090,1,6,NA,1.01113457890678,6.34987120631657
2090-01-07 12:00:00,2090,1,7,NA,-1.03270830247947,10.4945693607309
2090-01-08 12:00:00,2090,1,8,NA,0.0849627464722174,7.3583071756679
2090-01-09 12:00:00,2090,1,9,NA,-4.84615010658225,7.95440084432685
2090-01-10 12:00:00,2090,1,10,NA,0.787229387354665,7.05718859174515
2090-01-11 12:00:00,2090,1,11,NA,4.22040783441295,9.29485288234469
2090-01-12 12:00:00,2090,1,12,NA,2.59855180841947,6.70054306376339
2090-01-13 12:00:00,2090,1,13,NA,0.515014418884106,7.80138942656723
2090-01-14 12:00:00,2090,1,14,NA,-0.351801839263039,5.85660836172779
2090-01-15 12:00:00,2090,1,15,NA,-0.973685120871678,7.15325177049425
2090-01-16 12:00:00,2090,1,16,NA,-0.627485008598278,4.13857379063024
2090-01-17 12:00:00,2090,1,17,NA,-1.0980848453478,3.85981574053572
2090-01-18 12:00:00,2090,1,18,NA,3.81031418793462,8.42368392211157
2090-01-19 12:00:00,2090,1,19,NA,-3.79902826682112,3.2803338216245
2090-01-20 12:00:00,2090,1,20,NA,-4.15624166515701,0.312216899700337
2090-01-21 12:00:00,2090,1,21,NA,-5.53340950786995,1.74624766925528
2090-01-22 12:00:00,2090,1,22,NA,0.0280305615570673,6.46698459969834
2090-01-23 12:00:00,2090,1,23,NA,-5.43548915813328,1.01605555882919
2090-01-24 12:00:00,2090,1,24,NA,-4.68394358673913,8.11660736416998
2090-01-25 12:00:00,2090,1,25,NA,-2.76454849364563,10.0088036202872
2090-01-26 12:00:00,2090,1,26,NA,-3.98999234137082,2.64213349961487
2090-01-27 12:00:00,2090,1,27,NA,-2.06189595775039,5.70668346949176
2090-01-28 12:00:00,2090,1,28,NA,2.41869452420624,6.61158838630954
2090-01-29 12:00:00,2090,1,29,NA,0.814573831028603,9.10100019842425
2090-01-30 12:00:00,2090,1,30,NA,4.09555077085747,10.3904987587134
2090-01-31 12:00:00,2090,1,31,NA,2.74651613739803,9.14989742102051
2090-02-01 12:00:00,2090,2,1,NA,4.81111927591973,8.63020832173298
2090-02-02 12:00:00,2090,2,2,NA,3.84442060667847,6.16356129568695
2090-02-03 12:00:00,2090,2,3,NA,-0.448675454607879,4.45805603586431
2090-02-04 12:00:00,2090,2,4,NA,-4.79373137134272,3.68005142191976
2090-02-05 12:00:00,2090,2,5,NA,-6.28883154842052,11.3623683732554
2090-02-06 12:00:00,2090,2,6,NA,4.19806485539686,14.7558554768637
2090-02-07 12:00:00,2090,2,7,NA,3.30095366274612,12.6327821802254
2090-02-08 12:00:00,2090,2,8,NA,6.22387479839165,15.1809821793825
2090-02-09 12:00:00,2090,2,9,NA,7.28350730934643,15.0254487937843
2090-02-10 12:00:00,2090,2,10,NA,5.82830306671704,9.96910899810496
2090-02-11 12:00:00,2090,2,11,NA,-1.6412687964246,2.75841586516153
2090-02-12 12:00:00,2090,2,12,NA,-3.51400960239032,3.43463913237185
2090-02-13 12:00:00,2090,2,13,NA,2.43985869147912,9.11253996087339
2090-02-14 12:00:00,2090,2,14,NA,3.23978052467228,10.755730739273
2090-02-15 12:00:00,2090,2,15,NA,5.24520490987806,14.5211702532725
2090-02-16 12:00:00,2090,2,16,NA,8.47933148079033,11.5433141811475
2090-02-17 12:00:00,2090,2,17,NA,3.98811754863542,8.11833148533078
2090-02-18 12:00:00,2090,2,18,NA,7.49124537381328,12.3507401069239
2090-02-19 12:00:00,2090,2,19,NA,7.3284048810787,15.922192667825
2090-02-20 12:00:00,2090,2,20,NA,6.95591859085661,12.9649194753506
2090-02-21 12:00:00,2090,2,21,NA,6.38111166613186,11.2540329351043
2090-02-22 12:00:00,2090,2,22,NA,4.3032236086207,10.7593511211164
2090-02-23 12:00:00,2090,2,23,NA,-0.375371024844316,2.84500331329126
2090-02-24 12:00:00,2090,2,24,NA,3.00869562191427,7.59512571713951
2090-02-25 12:00:00,2090,2,25,NA,6.18803052679973,9.43469511862399
2090-02-26 12:00:00,2090,2,26,NA,7.45137286672139,9.89360344548287
2090-02-27 12:00:00,2090,2,27,NA,6.91263160487473,12.2969591206809
2090-02-28 12:00:00,2090,2,28,NA,4.87963251097767,9.77099341098785
2090-03-01 12:00:00,2090,3,1,NA,5.55116501401402,9.07275011114513
2090-03-02 12:00:00,2090,3,2,NA,-2.24871332620229,9.1888905630657
2090-03-03 12:00:00,2090,3,3,NA,-2.21760310296567,4.63185629132349
2090-03-04 12:00:00,2090,3,4,NA,1.43736535565245,6.33082931917987
2090-03-05 12:00:00,2090,3,5,NA,-1.86367999007251,9.98278524011479
2090-03-06 12:00:00,2090,3,6,NA,-3.26401982479731,13.847377892803
2090-03-07 12:00:00,2090,3,7,NA,-1.07762541159532,11.4274757759197
2090-03-08 12:00:00,2090,3,8,NA,-0.62652199540389,7.14507687203887
2090-03-09 12:00:00,2090,3,9,NA,0.400532457941516,8.92450670216368
2090-03-10 12:00:00,2090,3,10,NA,0.154980869243409,5.70949601418918
2090-03-11 12:00:00,2090,3,11,NA,-1.389286965919,7.89263533831089
2090-03-12 12:00:00,2090,3,12,NA,-0.971014875688018,6.55628109599952
2090-03-13 12:00:00,2090,3,13,NA,-4.31076834737056,6.82451272258756
2090-03-14 12:00:00,2090,3,14,NA,-2.81593135982256,5.7080428843996
2090-03-15 12:00:00,2090,3,15,NA,2.05961923889676,8.24603035396394
2090-03-16 12:00:00,2090,3,16,NA,4.61973455026976,8.91638934508421
2090-03-17 12:00:00,2090,3,17,NA,5.89974957006238,11.060632413953
2090-03-18 12:00:00,2090,3,18,NA,6.19512780018158,12.5046806953991
2090-03-19 12:00:00,2090,3,19,NA,2.9581353181825,11.0445870274028
2090-03-20 12:00:00,2090,3,20,NA,0.009980289797765,12.2995137710476
2090-03-21 12:00:00,2090,3,21,NA,0.190703876213791,11.667933782169
2090-03-22 12:00:00,2090,3,22,NA,5.03292503233336,12.179280084131
2090-03-23 12:00:00,2090,3,23,NA,3.47395000301672,15.7778619327527
2090-03-24 12:00:00,2090,3,24,NA,6.31053762615699,18.5646793943937
2090-03-25 12:00:00,2090,3,25,NA,8.75045890298722,23.8721821766695
2090-03-26 12:00:00,2090,3,26,NA,7.34842925948377,17.5360505278716
2090-03-27 12:00:00,2090,3,27,NA,9.30884397643571,19.2168625506257
2090-03-28 12:00:00,2090,3,28,NA,8.12249984047981,11.1126534476486
2090-03-29 12:00:00,2090,3,29,NA,2.71655755360614,11.9655817199478
2090-03-30 12:00:00,2090,3,30,NA,2.83377947300622,10.6528002345725
2090-03-31 12:00:00,2090,3,31,NA,8.58089052797375,15.8351614702167
2090-04-01 12:00:00,2090,4,1,NA,7.37183597353659,15.6825435611383
2090-04-02 12:00:00,2090,4,2,NA,4.9865949531252,16.6080413220888
2090-04-03 12:00:00,2090,4,3,NA,4.77026498324702,15.9454372341709
2090-04-04 12:00:00,2090,4,4,NA,0.615271405019385,16.6187687696329
2090-04-05 12:00:00,2090,4,5,NA,2.9119681110064,11.4171504682379
2090-04-06 12:00:00,2090,4,6,NA,9.31483602689671,23.0823357014455
2090-04-07 12:00:00,2090,4,7,NA,5.87330298830552,22.8552683856326
2090-04-08 12:00:00,2090,4,8,NA,8.33480049820631,21.5157970327297
2090-04-09 12:00:00,2090,4,9,NA,8.55874619223633,24.6326006951569
2090-04-10 12:00:00,2090,4,10,NA,10.1306041140201,15.4123180281051
2090-04-11 12:00:00,2090,4,11,NA,7.6990518844836,11.9107870262035
2090-04-12 12:00:00,2090,4,12,NA,4.30250418855938,12.7535489548067
2090-04-13 12:00:00,2090,4,13,NA,4.01582580136906,12.4056296704994
2090-04-14 12:00:00,2090,4,14,NA,4.72620207363499,14.815646321738
2090-04-15 12:00:00,2090,4,15,NA,3.30765928461147,13.8868347685337
2090-04-16 12:00:00,2090,4,16,NA,1.44357261401254,10.7306720535056
2090-04-17 12:00:00,2090,4,17,NA,-6.38129046254316,13.385169745759
2090-04-18 12:00:00,2090,4,18,NA,1.1396370632888,9.58970903896946
2090-04-19 12:00:00,2090,4,19,NA,3.85259789809272,13.1396973375858
2090-04-20 12:00:00,2090,4,20,NA,5.86384196906236,18.5700793171847
2090-04-21 12:00:00,2090,4,21,NA,7.95813296818248,23.1673663431818
2090-04-22 12:00:00,2090,4,22,NA,9.47296152356956,16.9335067661516
2090-04-23 12:00:00,2090,4,23,NA,6.82988462764809,24.2005135170989
2090-04-24 12:00:00,2090,4,24,NA,9.12826296098829,25.9854712432892
2090-04-25 12:00:00,2090,4,25,NA,8.56047177770029,26.7503204952254
2090-04-26 12:00:00,2090,4,26,NA,11.1781203095945,22.8070953540814
2090-04-27 12:00:00,2090,4,27,NA,12.5067604973933,22.9370722431133
2090-04-28 12:00:00,2090,4,28,NA,14.8983612966754,22.0968465197697
2090-04-29 12:00:00,2090,4,29,NA,10.3139480540349,15.5956619681199
2090-04-30 12:00:00,2090,4,30,NA,10.6289601314172,21.995010455503
2090-05-01 12:00:00,2090,5,1,NA,4.83790499781471,23.7766185048963
2090-05-02 12:00:00,2090,5,2,NA,7.22149507008219,21.775765343273
2090-05-03 12:00:00,2090,5,3,NA,7.30599823607365,21.8891166006369
2090-05-04 12:00:00,2090,5,4,NA,5.99375989401516,19.0834264380693
2090-05-05 12:00:00,2090,5,5,NA,8.30109283477035,21.9783734685592
2090-05-06 12:00:00,2090,5,6,NA,10.3987681193654,19.2955775046923
2090-05-07 12:00:00,2090,5,7,NA,8.97238878545262,27.3740142818824
2090-05-08 12:00:00,2090,5,8,NA,14.0141910106363,23.8934313821466
2090-05-09 12:00:00,2090,5,9,NA,13.9172204738715,20.1364241949215
2090-05-10 12:00:00,2090,5,10,NA,10.7527619903503,18.6958036319314
2090-05-11 12:00:00,2090,5,11,NA,13.1485062442844,16.0703036507899
2090-05-12 12:00:00,2090,5,12,NA,12.0490108543957,20.7807633803604
2090-05-13 12:00:00,2090,5,13,NA,12.6115248131152,15.3588456343299
2090-05-14 12:00:00,2090,5,14,NA,15.0530357908261,23.9723293610943
2090-05-15 12:00:00,2090,5,15,NA,14.0052618348529,22.4394469327962
2090-05-16 12:00:00,2090,5,16,NA,13.883506533294,21.559490963942
2090-05-17 12:00:00,2090,5,17,NA,14.5657262862538,22.9130490078702
2090-05-18 12:00:00,2090,5,18,NA,13.035737991912,16.9781086388813
2090-05-19 12:00:00,2090,5,19,NA,11.540176600188,15.4825472471572
2090-05-20 12:00:00,2090,5,20,NA,6.04163796542644,14.0672623877708
2090-05-21 12:00:00,2090,5,21,NA,0.350169444348079,15.9784498752197
2090-05-22 12:00:00,2090,5,22,NA,2.26370024029472,16.7950576093847
2090-05-23 12:00:00,2090,5,23,NA,2.73855942884886,17.3810239541732
2090-05-24 12:00:00,2090,5,24,NA,8.72320258685071,16.5080600977704
2090-05-25 12:00:00,2090,5,25,NA,10.8928319730713,17.9804312615093
2090-05-26 12:00:00,2090,5,26,NA,21.5391283284811,24.4834791906064
2090-05-27 12:00:00,2090,5,27,NA,14.0575743765868,20.9560302367189
2090-05-28 12:00:00,2090,5,28,NA,15.6185208528447,21.9245956798639
2090-05-29 12:00:00,2090,5,29,NA,13.1441617083684,21.9097029660303
2090-05-30 12:00:00,2090,5,30,NA,9.65427423462578,24.2137011904405
2090-05-31 12:00:00,2090,5,31,NA,9.47163345055692,20.67076000361
2090-06-01 12:00:00,2090,6,1,NA,9.39669170526169,18.1315060901248
2090-06-02 12:00:00,2090,6,2,NA,9.15135954183763,14.3171480031351
2090-06-03 12:00:00,2090,6,3,NA,12.7068412169224,19.0032419045618
2090-06-04 12:00:00,2090,6,4,NA,14.8163677353897,22.4208834889086
2090-06-05 12:00:00,2090,6,5,NA,16.3378100797832,26.6179850940928
2090-06-06 12:00:00,2090,6,6,NA,16.1665494340232,25.393312885038
2090-06-07 12:00:00,2090,6,7,NA,17.4442818843054,31.9024801402614
2090-06-08 12:00:00,2090,6,8,NA,15.4885641751026,29.8912720785473
2090-06-09 12:00:00,2090,6,9,NA,15.993942804553,29.4203053900594
2090-06-10 12:00:00,2090,6,10,NA,9.2958940830798,24.6056661084565
2090-06-11 12:00:00,2090,6,11,NA,15.9490031437223,24.2132890769925
2090-06-12 12:00:00,2090,6,12,NA,10.4020422660692,17.4867154580915
2090-06-13 12:00:00,2090,6,13,NA,11.0898787982938,20.2905206218836
2090-06-14 12:00:00,2090,6,14,NA,11.3357404923814,19.5998687499982
2090-06-15 12:00:00,2090,6,15,NA,13.7300204738044,20.6395163453578
2090-06-16 12:00:00,2090,6,16,NA,14.1869689964396,25.5284265021273
2090-06-17 12:00:00,2090,6,17,NA,10.8491839850288,24.8635391239614
2090-06-18 12:00:00,2090,6,18,NA,12.5792568413864,21.8358137049996
2090-06-19 12:00:00,2090,6,19,NA,16.3490830191747,24.6105771347086
2090-06-20 12:00:00,2090,6,20,NA,18.4874794582508,23.5696314362505
2090-06-21 12:00:00,2090,6,21,NA,15.6335141254937,22.6204639928253
2090-06-22 12:00:00,2090,6,22,NA,13.1196827846584,26.7184177119163
2090-06-23 12:00:00,2090,6,23,NA,11.0409474492196,28.559844184063
2090-06-24 12:00:00,2090,6,24,NA,18.3323324721609,27.5011771573936
2090-06-25 12:00:00,2090,6,25,NA,17.8357005480023,26.7294937218197
2090-06-26 12:00:00,2090,6,26,NA,21.9918340607805,27.1573007401766
2090-06-27 12:00:00,2090,6,27,NA,16.0823485254871,21.2190175091809
2090-06-28 12:00:00,2090,6,28,NA,17.095757785397,24.7002735389159
2090-06-29 12:00:00,2090,6,29,NA,14.017634085696,24.4245950003542
2090-06-30 12:00:00,2090,6,30,NA,14.2539121599194,25.525951248315
2090-07-01 12:00:00,2090,7,1,NA,15.286775836547,26.64183714704
2090-07-02 12:00:00,2090,7,2,NA,19.6991673692437,24.5010386099661
2090-07-03 12:00:00,2090,7,3,NA,19.6472430257291,26.4301213612491
2090-07-04 12:00:00,2090,7,4,NA,19.2165246372936,26.0592416783905
2090-07-05 12:00:00,2090,7,5,NA,17.2849124841573,24.8677925092964
2090-07-06 12:00:00,2090,7,6,NA,15.7305311963699,25.5309203438768
2090-07-07 12:00:00,2090,7,7,NA,16.0689296381601,25.0214546416878
2090-07-08 12:00:00,2090,7,8,NA,16.1915984450255,30.5317452856694
2090-07-09 12:00:00,2090,7,9,NA,12.4298892602646,28.2025737148215
2090-07-10 12:00:00,2090,7,10,NA,11.7913714911171,28.2084057201052
2090-07-11 12:00:00,2090,7,11,NA,19.0942865375907,28.3564154390433
2090-07-12 12:00:00,2090,7,12,NA,17.6067829088675,30.7539050892316
2090-07-13 12:00:00,2090,7,13,NA,16.9998194781603,27.2011899439765
2090-07-14 12:00:00,2090,7,14,NA,7.92270606158378,26.453322867989
2090-07-15 12:00:00,2090,7,15,NA,8.54901478582051,25.7930606600306
2090-07-16 12:00:00,2090,7,16,NA,11.8039807066104,24.5015800313449
2090-07-17 12:00:00,2090,7,17,NA,14.2944400397726,23.1798567585738
2090-07-18 12:00:00,2090,7,18,NA,12.3893639377347,21.8030642612161
2090-07-19 12:00:00,2090,7,19,NA,6.46575611541194,22.8807459668965
2090-07-20 12:00:00,2090,7,20,NA,10.9392189772999,24.3307685305287
2090-07-21 12:00:00,2090,7,21,NA,10.2429355696012,22.9997618273726
2090-07-22 12:00:00,2090,7,22,NA,9.57716642074024,25.6550573439204
2090-07-23 12:00:00,2090,7,23,NA,19.4369339743906,29.4840755091329
2090-07-24 12:00:00,2090,7,24,NA,15.7753579973606,26.2543900474808
2090-07-25 12:00:00,2090,7,25,NA,16.6424980540505,32.3611475200503
2090-07-26 12:00:00,2090,7,26,NA,14.6770774386272,35.3190662728917
2090-07-27 12:00:00,2090,7,27,NA,16.615024354187,31.6324688688143
2090-07-28 12:00:00,2090,7,28,NA,21.344462298695,30.5054355304198
2090-07-29 12:00:00,2090,7,29,NA,17.6438024465883,25.7471327847923
2090-07-30 12:00:00,2090,7,30,NA,14.0583041514342,22.6133771261037
2090-07-31 12:00:00,2090,7,31,NA,14.9668326159583,19.0239665644599
2090-08-01 12:00:00,2090,8,1,NA,14.1609598539092,23.4230887553619
2090-08-02 12:00:00,2090,8,2,NA,18.6548571032732,23.1604182768577
2090-08-03 12:00:00,2090,8,3,NA,14.650320363589,20.2110723827779
2090-08-04 12:00:00,2090,8,4,NA,15.6549166129808,19.7016570953756
2090-08-05 12:00:00,2090,8,5,NA,12.6875039439589,24.4822263064329
2090-08-06 12:00:00,2090,8,6,NA,14.9428924465535,24.8937624162266
2090-08-07 12:00:00,2090,8,7,NA,14.1060486032672,23.9711984435418
2090-08-08 12:00:00,2090,8,8,NA,15.1537224686777,22.8123352846826
2090-08-09 12:00:00,2090,8,9,NA,10.0022518146873,25.6746844455658
2090-08-10 12:00:00,2090,8,10,NA,8.35313903434286,26.1427566984311
2090-08-11 12:00:00,2090,8,11,NA,15.7171886673932,25.5354589764302
2090-08-12 12:00:00,2090,8,12,NA,16.8657677298621,23.2800217670348
2090-08-13 12:00:00,2090,8,13,NA,14.5305220254509,24.4634225404465
2090-08-14 12:00:00,2090,8,14,NA,13.6220581695885,22.6711913410504
2090-08-15 12:00:00,2090,8,15,NA,13.446114250949,22.722006773135
2090-08-16 12:00:00,2090,8,16,NA,13.8593775971083,23.1057687168824
2090-08-17 12:00:00,2090,8,17,NA,14.0648334420397,22.7081821288115
2090-08-18 12:00:00,2090,8,18,NA,12.770798443535,25.0166645494952
2090-08-19 12:00:00,2090,8,19,NA,13.447680284262,23.754704231302
2090-08-20 12:00:00,2090,8,20,NA,16.1045349074378,29.6530790234249
2090-08-21 12:00:00,2090,8,21,NA,18.8517877083955,33.007191247942
2090-08-22 12:00:00,2090,8,22,NA,21.4416958673628,34.3029755097117
2090-08-23 12:00:00,2090,8,23,NA,20.0951663806364,33.0297170323917
2090-08-24 12:00:00,2090,8,24,NA,21.733756389753,29.0020076776501
2090-08-25 12:00:00,2090,8,25,NA,19.1565832365702,29.0235502561985
2090-08-26 12:00:00,2090,8,26,NA,20.3165966039064,28.2023036186756
2090-08-27 12:00:00,2090,8,27,NA,17.3816460990988,27.1999164081358
2090-08-28 12:00:00,2090,8,28,NA,17.7137908473172,30.9180109366174
2090-08-29 12:00:00,2090,8,29,NA,15.3164682769439,20.8081144645714
2090-08-30 12:00:00,2090,8,30,NA,11.5258778616489,21.4308785885408
2090-08-31 12:00:00,2090,8,31,NA,11.4001998589874,22.6807788322297
2090-09-01 12:00:00,2090,9,1,NA,9.88236686352952,24.5087418047535
2090-09-02 12:00:00,2090,9,2,NA,9.70781423977472,18.3845984366436
2090-09-03 12:00:00,2090,9,3,NA,8.3969841620112,23.8002909751484
2090-09-04 12:00:00,2090,9,4,NA,9.72342629094504,22.8104226528356
2090-09-05 12:00:00,2090,9,5,NA,11.4942276714281,22.6958794755177
2090-09-06 12:00:00,2090,9,6,NA,12.3483578124599,17.4379669182437
2090-09-07 12:00:00,2090,9,7,NA,11.869742314145,19.2992934485697
2090-09-08 12:00:00,2090,9,8,NA,14.4811932250961,18.3920574294798
2090-09-09 12:00:00,2090,9,9,NA,14.0751849340693,19.9350431212633
2090-09-10 12:00:00,2090,9,10,NA,13.209025219184,19.4034951888441
2090-09-11 12:00:00,2090,9,11,NA,6.9881514704572,20.8330427707365
2090-09-12 12:00:00,2090,9,12,NA,7.15690629084005,16.338984567102
2090-09-13 12:00:00,2090,9,13,NA,4.69453366998436,19.3853352853523
2090-09-14 12:00:00,2090,9,14,NA,12.1954776516101,18.2877018096735
2090-09-15 12:00:00,2090,9,15,NA,15.4429983247811,22.5861283237856
2090-09-16 12:00:00,2090,9,16,NA,12.0893111196909,20.0898112590953
2090-09-17 12:00:00,2090,9,17,NA,11.8008904264297,19.2254183443041
2090-09-18 12:00:00,2090,9,18,NA,12.566070864357,19.2083874679977
2090-09-19 12:00:00,2090,9,19,NA,12.1436199935647,21.4448271407041
2090-09-20 12:00:00,2090,9,20,NA,12.9555804721531,22.2561439614635
2090-09-21 12:00:00,2090,9,21,NA,11.014088477629,15.7469593522311
2090-09-22 12:00:00,2090,9,22,NA,7.22382223272592,19.2286557390693
2090-09-23 12:00:00,2090,9,23,NA,7.95573995492376,18.3257155281539
2090-09-24 12:00:00,2090,9,24,NA,13.0456573936363,18.9352449857846
2090-09-25 12:00:00,2090,9,25,NA,11.0456062500352,19.7223904469041
2090-09-26 12:00:00,2090,9,26,NA,8.05233465624311,21.2201377030382
2090-09-27 12:00:00,2090,9,27,NA,10.0891534174201,19.5049868055889
2090-09-28 12:00:00,2090,9,28,NA,10.4911426270875,23.1842248438127
2090-09-29 12:00:00,2090,9,29,NA,9.67144764797668,20.1179039374703
2090-09-30 12:00:00,2090,9,30,NA,11.9048369130236,14.8258033239819
2090-10-01 12:00:00,2090,10,1,NA,7.9726238244451,12.5065886860718
2090-10-02 12:00:00,2090,10,2,NA,8.60278676555264,14.8441378694271
2090-10-03 12:00:00,2090,10,3,NA,12.1952296989892,15.4047010755747
2090-10-04 12:00:00,2090,10,4,NA,9.21040403897897,15.4517551428534
2090-10-05 12:00:00,2090,10,5,NA,9.54435780451055,15.7241119341726
2090-10-06 12:00:00,2090,10,6,NA,9.44151486303416,18.1306001835325
2090-10-07 12:00:00,2090,10,7,NA,10.6938609625189,22.551768908265
2090-10-08 12:00:00,2090,10,8,NA,10.4073808728068,24.4101751685289
2090-10-09 12:00:00,2090,10,9,NA,10.5603393191612,21.3685414609326
2090-10-10 12:00:00,2090,10,10,NA,9.73751996277931,17.4986541409812
2090-10-11 12:00:00,2090,10,11,NA,10.5920200244367,15.6658645379005
2090-10-12 12:00:00,2090,10,12,NA,9.22786883146681,17.5446616471479
2090-10-13 12:00:00,2090,10,13,NA,8.32336787135691,16.75224030584
2090-10-14 12:00:00,2090,10,14,NA,4.98915562676898,13.6201894792584
2090-10-15 12:00:00,2090,10,15,NA,2.22903782844091,18.9727956902836
2090-10-16 12:00:00,2090,10,16,NA,8.68323349231897,21.645279556264
2090-10-17 12:00:00,2090,10,17,NA,11.4903471416019,14.7058524352187
2090-10-18 12:00:00,2090,10,18,NA,9.52229437475449,14.8419627176681
2090-10-19 12:00:00,2090,10,19,NA,6.28273274012373,15.3758061053266
2090-10-20 12:00:00,2090,10,20,NA,9.4685838216153,14.8813239551251
2090-10-21 12:00:00,2090,10,21,NA,7.47637216978079,15.8765357851485
2090-10-22 12:00:00,2090,10,22,NA,5.50854589653614,18.4094282405468
2090-10-23 12:00:00,2090,10,23,NA,7.50840177678701,24.2258713016589
2090-10-24 12:00:00,2090,10,24,NA,8.37068595092672,20.1230535133381
2090-10-25 12:00:00,2090,10,25,NA,7.55444758685059,16.18548143934
2090-10-26 12:00:00,2090,10,26,NA,6.69460900314579,15.0436629522874
2090-10-27 12:00:00,2090,10,27,NA,2.48784142841271,15.4570940303178
2090-10-28 12:00:00,2090,10,28,NA,4.56505818631052,15.177589505037
2090-10-29 12:00:00,2090,10,29,NA,7.54483089591536,15.0569063695476
2090-10-30 12:00:00,2090,10,30,NA,8.06020974888288,19.0132511254056
2090-10-31 12:00:00,2090,10,31,NA,7.8588328893474,16.4875144883628
2090-11-01 12:00:00,2090,11,1,NA,4.9305710214522,13.2473638371333
2090-11-02 12:00:00,2090,11,2,NA,6.05573152878027,11.0572598596484
2090-11-03 12:00:00,2090,11,3,NA,6.26645780068502,9.21167449803754
2090-11-04 12:00:00,2090,11,4,NA,6.76881619024972,8.63094627570977
2090-11-05 12:00:00,2090,11,5,NA,5.71559917201954,8.5274717083791
2090-11-06 12:00:00,2090,11,6,NA,6.73133161262184,9.41243209377792
2090-11-07 12:00:00,2090,11,7,NA,5.68431321334024,7.40396969608122
2090-11-08 12:00:00,2090,11,8,NA,-1.33010677620789,9.15300948588197
2090-11-09 12:00:00,2090,11,9,NA,-0.968186190399226,6.61438491663233
2090-11-10 12:00:00,2090,11,10,NA,0.764702917656685,7.24493897435411
2090-11-11 12:00:00,2090,11,11,NA,4.19739891944923,11.080958572674
2090-11-12 12:00:00,2090,11,12,NA,8.4144118462224,10.4710084020519
2090-11-13 12:00:00,2090,11,13,NA,4.35492603834794,10.0897243837881
2090-11-14 12:00:00,2090,11,14,NA,5.5018321098488,13.0333005313479
2090-11-15 12:00:00,2090,11,15,NA,8.81578451719356,18.5417566523974
2090-11-16 12:00:00,2090,11,16,NA,2.50150997117711,10.2362809876711
2090-11-17 12:00:00,2090,11,17,NA,2.3034332461757,8.09727703425733
2090-11-18 12:00:00,2090,11,18,NA,-0.962308360064053,3.49410055067487
2090-11-19 12:00:00,2090,11,19,NA,-5.59795453473887,4.71542971529004
2090-11-20 12:00:00,2090,11,20,NA,-0.078785664460667,3.85767294397453
2090-11-21 12:00:00,2090,11,21,NA,2.68106244990449,11.0637177406623
2090-11-22 12:00:00,2090,11,22,NA,-0.929745396832382,4.67528152439707
2090-11-23 12:00:00,2090,11,23,NA,1.57954471017232,5.32063634888483
2090-11-24 12:00:00,2090,11,24,NA,-3.32806387560812,3.25714845392444
2090-11-25 12:00:00,2090,11,25,NA,-1.56458144824417,6.20011378714938
2090-11-26 12:00:00,2090,11,26,NA,1.82039796013237,8.89559618815739
2090-11-27 12:00:00,2090,11,27,NA,0.683683642071459,7.65944312023126
2090-11-28 12:00:00,2090,11,28,NA,0.944584359415603,6.07527610798574
2090-11-29 12:00:00,2090,11,29,NA,-1.15738287542,3.59338519717016
2090-11-30 12:00:00,2090,11,30,NA,-0.898521577402721,9.33980347223851
2090-12-01 12:00:00,2090,12,1,NA,3.29875262233444,8.91005238931516
2090-12-02 12:00:00,2090,12,2,NA,3.52435731327017,8.62062902203497
2090-12-03 12:00:00,2090,12,3,NA,4.91600932533736,11.0125562970912
2090-12-04 12:00:00,2090,12,4,NA,5.67818826348263,12.7992146559589
2090-12-05 12:00:00,2090,12,5,NA,7.94171861891208,15.6381885242213
2090-12-06 12:00:00,2090,12,6,NA,8.53460254765827,12.4264786773873
2090-12-07 12:00:00,2090,12,7,NA,5.54140972059437,9.40123984746714
2090-12-08 12:00:00,2090,12,8,NA,3.67757316929823,7.537403296171
2090-12-09 12:00:00,2090,12,9,NA,1.23246135547218,6.32139227565419
2090-12-10 12:00:00,2090,12,10,NA,1.61993854293128,7.64343912183955
2090-12-11 12:00:00,2090,12,11,NA,0.387391971009643,5.47723534177112
2090-12-12 12:00:00,2090,12,12,NA,-0.756364291193144,5.46387807312219
2090-12-13 12:00:00,2090,12,13,NA,0.511256512807563,8.11685475270725
2090-12-14 12:00:00,2090,12,14,NA,2.40850669213176,9.20402595011707
2090-12-15 12:00:00,2090,12,15,NA,-1.86532149750144,4.15817908140683
2090-12-16 12:00:00,2090,12,16,NA,2.02073891345103,5.1470345348234
2090-12-17 12:00:00,2090,12,17,NA,6.45847745914682,8.48385467111998
2090-12-18 12:00:00,2090,12,18,NA,2.07609462782019,10.6312879771525
2090-12-19 12:00:00,2090,12,19,NA,4.92032822674121,16.119217815014
2090-12-20 12:00:00,2090,12,20,NA,6.18350074126753,12.2454894648686
2090-12-21 12:00:00,2090,12,21,NA,4.61448408360823,9.43908561503457
2090-12-22 12:00:00,2090,12,22,NA,5.63425973579725,7.6512821855149
2090-12-23 12:00:00,2090,12,23,NA,7.13415272427308,12.2229835293835
2090-12-24 12:00:00,2090,12,24,NA,12.0677959117339,15.8921574774781
2090-12-25 12:00:00,2090,12,25,NA,9.00484485142176,13.1789548553383
2090-12-26 12:00:00,2090,12,26,NA,6.16956905694438,7.87366203164163
2090-12-27 12:00:00,2090,12,27,NA,4.53764782650376,7.58390212140856
2090-12-28 12:00:00,2090,12,28,NA,8.67227545568393,9.64444478432189
2090-12-29 12:00:00,2090,12,29,NA,6.10599325759232,9.1508120988881
2090-12-30 12:00:00,2090,12,30,NA,2.79503615630144,5.89575687176418
2090-12-31 12:00:00,2090,12,31,NA,2.27358035709815,6.34669006169628
2091-01-01 12:00:00,2091,1,1,NA,0.42730223566328,5.96436301711919
2091-01-02 12:00:00,2091,1,2,NA,-3.67170509490187,6.24596987619267
2091-01-03 12:00:00,2091,1,3,NA,-0.678779629023371,9.02006042003518
2091-01-04 12:00:00,2091,1,4,NA,-0.244590657666926,4.55852396069863
2091-01-05 12:00:00,2091,1,5,NA,3.12271714609766,8.92645266823475
2091-01-06 12:00:00,2091,1,6,NA,2.53430000627328,8.81464515118655
2091-01-07 12:00:00,2091,1,7,NA,3.63598435388757,7.73797560923148
2091-01-08 12:00:00,2091,1,8,NA,3.60238348317646,8.21575321735341
2091-01-09 12:00:00,2091,1,9,NA,2.55890748562254,6.80084723687745
2091-01-10 12:00:00,2091,1,10,NA,3.0119517489868,7.07510092192507
2091-01-11 12:00:00,2091,1,11,NA,1.21490913450695,4.92086516624852
2091-01-12 12:00:00,2091,1,12,NA,-2.31980319810111,2.18516523519964
2091-01-13 12:00:00,2091,1,13,NA,-1.07800940568432,3.60462134968826
2091-01-14 12:00:00,2091,1,14,NA,-0.650936405009316,5.63933684555496
2091-01-15 12:00:00,2091,1,15,NA,-3.83281529002577,1.4984974360275
2091-01-16 12:00:00,2091,1,16,NA,-13.8897071975484,-7.61106590754648
2091-01-17 12:00:00,2091,1,17,NA,-7.8236080250577,-0.74564358404269
2091-01-18 12:00:00,2091,1,18,NA,-2.75751186339054,4.55540085989123
2091-01-19 12:00:00,2091,1,19,NA,-4.70118632435589,10.796649972993
2091-01-20 12:00:00,2091,1,20,NA,3.27641449728047,7.63038745468779
2091-01-21 12:00:00,2091,1,21,NA,4.411201761733,7.56068714617992
2091-01-22 12:00:00,2091,1,22,NA,0.688995956849645,2.74739087719819
2091-01-23 12:00:00,2091,1,23,NA,-1.48828432996753,5.0860313690684
2091-01-24 12:00:00,2091,1,24,NA,6.56276276139932,11.5051583828052
2091-01-25 12:00:00,2091,1,25,NA,4.04578528997808,10.858892267412
2091-01-26 12:00:00,2091,1,26,NA,3.56249836739879,5.58976000115353
2091-01-27 12:00:00,2091,1,27,NA,7.06122201858508,9.93437582774097
2091-01-28 12:00:00,2091,1,28,NA,4.2036118524827,8.12091328565104
2091-01-29 12:00:00,2091,1,29,NA,3.84954407381283,9.25776053225669
2091-01-30 12:00:00,2091,1,30,NA,3.47164961674028,10.2255427918002
2091-01-31 12:00:00,2091,1,31,NA,2.98624919401011,9.36099528288481
2091-02-01 12:00:00,2091,2,1,NA,1.15739684083331,11.2924404540788
2091-02-02 12:00:00,2091,2,2,NA,5.27634617390954,10.2142002741348
2091-02-03 12:00:00,2091,2,3,NA,2.78460611361463,10.4884229511844
2091-02-04 12:00:00,2091,2,4,NA,5.47565020725252,8.0575106557776
2091-02-05 12:00:00,2091,2,5,NA,3.35734664101747,4.17287020019592
2091-02-06 12:00:00,2091,2,6,NA,3.79662673383606,5.59643063159876
2091-02-07 12:00:00,2091,2,7,NA,2.62924743669546,4.59895452594771
2091-02-08 12:00:00,2091,2,8,NA,-0.121587926967936,3.15200703392834
2091-02-09 12:00:00,2091,2,9,NA,3.61221608307126,6.18606055195082
2091-02-10 12:00:00,2091,2,10,NA,2.2035181922514,7.03475550701914
2091-02-11 12:00:00,2091,2,11,NA,-1.67947429593259,1.56719029589168
2091-02-12 12:00:00,2091,2,12,NA,-12.3159132005022,-0.0739432045254134
2091-02-13 12:00:00,2091,2,13,NA,-3.16577895403741,3.35051931104796
2091-02-14 12:00:00,2091,2,14,NA,0.20952696252908,7.72547717712976
2091-02-15 12:00:00,2091,2,15,NA,-6.60183703070742,0.800539149438668
2091-02-16 12:00:00,2091,2,16,NA,-3.33255129332006,1.97085723534805
2091-02-17 12:00:00,2091,2,17,NA,-0.648049169229021,3.58498689119439
2091-02-18 12:00:00,2091,2,18,NA,3.54558082323302,11.6125674908946
2091-02-19 12:00:00,2091,2,19,NA,-4.58835320384052,-3.78080519264722
2091-02-20 12:00:00,2091,2,20,NA,-6.69031348733767,-1.38690495866956
2091-02-21 12:00:00,2091,2,21,NA,-6.61902416278439,-0.429780874637193
2091-02-22 12:00:00,2091,2,22,NA,-2.63410278479512,3.37489809969885
2091-02-23 12:00:00,2091,2,23,NA,-2.1229083885159,4.9032036018412
2091-02-24 12:00:00,2091,2,24,NA,4.16845829463695,9.95318198199084
2091-02-25 12:00:00,2091,2,25,NA,2.61411811882265,5.03887837544275
2091-02-26 12:00:00,2091,2,26,NA,-4.75897674079877,-0.088204564398819
2091-02-27 12:00:00,2091,2,27,NA,1.64561715065442,6.47685446542215
2091-02-28 12:00:00,2091,2,28,NA,4.1772056288991,10.3648499226765
2091-03-01 12:00:00,2091,3,1,NA,1.40941331872329,10.9990629868569
2091-03-02 12:00:00,2091,3,2,NA,5.96683206873373,22.6378332487052
2091-03-03 12:00:00,2091,3,3,NA,11.764106083967,15.3211604379587
2091-03-04 12:00:00,2091,3,4,NA,9.53924073295451,13.8064012374927
2091-03-05 12:00:00,2091,3,5,NA,5.40467154334456,8.77257320581427
2091-03-06 12:00:00,2091,3,6,NA,1.67483676274659,9.22111979406407
2091-03-07 12:00:00,2091,3,7,NA,-0.925183814136398,8.83663726573546
2091-03-08 12:00:00,2091,3,8,NA,4.3100856002225,8.08454215326333
2091-03-09 12:00:00,2091,3,9,NA,4.44104608391956,8.1521490103851
2091-03-10 12:00:00,2091,3,10,NA,3.68743237556293,6.07684314880857
2091-03-11 12:00:00,2091,3,11,NA,1.67570077731524,5.90801822992484
2091-03-12 12:00:00,2091,3,12,NA,1.11629851135404,8.57884145485727
2091-03-13 12:00:00,2091,3,13,NA,1.9165069402115,9.19571092879205
2091-03-14 12:00:00,2091,3,14,NA,0.95733892434344,4.08346383725117
2091-03-15 12:00:00,2091,3,15,NA,3.3265644544596,8.44130580622222
2091-03-16 12:00:00,2091,3,16,NA,3.51286042068707,10.4150391129361
2091-03-17 12:00:00,2091,3,17,NA,-0.269217303297595,4.28093461171654
2091-03-18 12:00:00,2091,3,18,NA,-0.969265404674617,6.84975535689162
2091-03-19 12:00:00,2091,3,19,NA,1.40953125828125,5.08362038433576
2091-03-20 12:00:00,2091,3,20,NA,1.86352708309235,9.06897488867403
2091-03-21 12:00:00,2091,3,21,NA,-0.459383744576779,8.07082440518602
2091-03-22 12:00:00,2091,3,22,NA,-1.59171845537046,7.02415185250694
2091-03-23 12:00:00,2091,3,23,NA,1.87329394080167,10.63361101541
2091-03-24 12:00:00,2091,3,24,NA,-0.0492479281321385,9.87547343553227
2091-03-25 12:00:00,2091,3,25,NA,5.10146517046624,10.2869635667956
2091-03-26 12:00:00,2091,3,26,NA,3.92224461181737,9.22142751530899
2091-03-27 12:00:00,2091,3,27,NA,3.96286069197831,11.1135620649537
2091-03-28 12:00:00,2091,3,28,NA,3.90579688614712,9.10953434108963
2091-03-29 12:00:00,2091,3,29,NA,2.98853943811864,6.75003125424718
2091-03-30 12:00:00,2091,3,30,NA,0.0748260160924925,9.36003114822483
2091-03-31 12:00:00,2091,3,31,NA,-4.80508492594073,9.71436354443676
2091-04-01 12:00:00,2091,4,1,NA,-1.2796065547875,7.03110103281421
2091-04-02 12:00:00,2091,4,2,NA,-3.49405911916811,10.7586622840825
2091-04-03 12:00:00,2091,4,3,NA,2.63925781428398,17.9208483057139
2091-04-04 12:00:00,2091,4,4,NA,6.2297619173083,11.3235801472693
2091-04-05 12:00:00,2091,4,5,NA,2.70236991753062,18.7058672821442
2091-04-06 12:00:00,2091,4,6,NA,-1.14323804539929,17.3866853771199
2091-04-07 12:00:00,2091,4,7,NA,-0.940274462938117,17.1517143458115
2091-04-08 12:00:00,2091,4,8,NA,4.19172436154757,13.4563853388281
2091-04-09 12:00:00,2091,4,9,NA,8.40755475817744,13.3205565501327
2091-04-10 12:00:00,2091,4,10,NA,1.07434736505877,15.663302379375
2091-04-11 12:00:00,2091,4,11,NA,5.60131482147994,25.4103715015639
2091-04-12 12:00:00,2091,4,12,NA,6.11335389478358,18.8195912429059
2091-04-13 12:00:00,2091,4,13,NA,8.42143923343273,17.7581195009945
2091-04-14 12:00:00,2091,4,14,NA,5.01432683255925,14.4733125677495
2091-04-15 12:00:00,2091,4,15,NA,6.50779451257906,12.0593744383204
2091-04-16 12:00:00,2091,4,16,NA,9.74509879355655,15.0359567549945
2091-04-17 12:00:00,2091,4,17,NA,8.86041379003319,17.0256274384161
2091-04-18 12:00:00,2091,4,18,NA,7.77853936330222,16.2454810514616
2091-04-19 12:00:00,2091,4,19,NA,5.0829098934932,16.5174068182763
2091-04-20 12:00:00,2091,4,20,NA,0.518869700760519,17.4540800425205
2091-04-21 12:00:00,2091,4,21,NA,1.04333390769507,15.2960553109457
2091-04-22 12:00:00,2091,4,22,NA,9.31800229798674,17.641066265029
2091-04-23 12:00:00,2091,4,23,NA,10.9490614411642,15.6741684096366
2091-04-24 12:00:00,2091,4,24,NA,7.98607405397611,19.3420024211353
2091-04-25 12:00:00,2091,4,25,NA,11.5361503901269,16.4491521820821
2091-04-26 12:00:00,2091,4,26,NA,9.44869146308316,16.7909972108826
2091-04-27 12:00:00,2091,4,27,NA,10.6242378656395,16.6901707682667
2091-04-28 12:00:00,2091,4,28,NA,9.55683447527266,19.0560775316707
2091-04-29 12:00:00,2091,4,29,NA,4.73621621058593,21.3941048564441
2091-04-30 12:00:00,2091,4,30,NA,5.01372391904547,22.3843528084962
2091-05-01 12:00:00,2091,5,1,NA,10.7508460631249,21.4830938069326
2091-05-02 12:00:00,2091,5,2,NA,10.1165793886026,19.2025758988762
2091-05-03 12:00:00,2091,5,3,NA,4.11322676423053,16.9225683650359
2091-05-04 12:00:00,2091,5,4,NA,7.58289831875928,15.3339685709541
2091-05-05 12:00:00,2091,5,5,NA,9.17066077315939,18.0873306520986
2091-05-06 12:00:00,2091,5,6,NA,9.27848777238914,18.0134999416394
2091-05-07 12:00:00,2091,5,7,NA,7.87122905072896,20.5900823798249
2091-05-08 12:00:00,2091,5,8,NA,3.31599269015393,20.9600953395303
2091-05-09 12:00:00,2091,5,9,NA,3.83884733879333,21.3534649786574
2091-05-10 12:00:00,2091,5,10,NA,4.61153386215199,21.1163508297362
2091-05-11 12:00:00,2091,5,11,NA,4.74771017294441,19.2790675420344
2091-05-12 12:00:00,2091,5,12,NA,7.92596240526194,13.2256589695984
2091-05-13 12:00:00,2091,5,13,NA,4.04611485850489,13.7967921362114
2091-05-14 12:00:00,2091,5,14,NA,6.59264629033918,12.431603839488
2091-05-15 12:00:00,2091,5,15,NA,2.29332141881694,12.2641918059768
2091-05-16 12:00:00,2091,5,16,NA,0.103003916910641,14.6988283806176
2091-05-17 12:00:00,2091,5,17,NA,0.19788320839662,16.8069169848128
2091-05-18 12:00:00,2091,5,18,NA,3.91373477197304,18.4680050451639
2091-05-19 12:00:00,2091,5,19,NA,13.0164822342705,15.9945894050385
2091-05-20 12:00:00,2091,5,20,NA,4.60691768939908,18.0153804056376
2091-05-21 12:00:00,2091,5,21,NA,6.88138051377087,16.7650054399884
2091-05-22 12:00:00,2091,5,22,NA,9.64404381887568,21.4050670813183
2091-05-23 12:00:00,2091,5,23,NA,10.6266865385041,23.23776718916
2091-05-24 12:00:00,2091,5,24,NA,8.85421652094875,26.3140514712406
2091-05-25 12:00:00,2091,5,25,NA,10.0946281780681,28.7116423938307
2091-05-26 12:00:00,2091,5,26,NA,12.7651755485333,27.1987851902128
2091-05-27 12:00:00,2091,5,27,NA,12.3184783672821,23.1965480188353
2091-05-28 12:00:00,2091,5,28,NA,11.8472343200414,25.9335796692784
2091-05-29 12:00:00,2091,5,29,NA,7.87069260624641,21.6856800267743
2091-05-30 12:00:00,2091,5,30,NA,4.71096729562433,17.6033530013369
2091-05-31 12:00:00,2091,5,31,NA,5.73091976605706,11.663632741799
2091-06-01 12:00:00,2091,6,1,NA,-0.21648871914813,18.4873737077749
2091-06-02 12:00:00,2091,6,2,NA,6.34625867822244,19.9449936054803
2091-06-03 12:00:00,2091,6,3,NA,8.42917597200853,19.7012150604041
2091-06-04 12:00:00,2091,6,4,NA,6.33120177700262,19.34086853879
2091-06-05 12:00:00,2091,6,5,NA,6.7473796146532,18.1024409251461
2091-06-06 12:00:00,2091,6,6,NA,5.66986141048746,17.0338257059145
2091-06-07 12:00:00,2091,6,7,NA,7.96812105690573,18.2647988573301
2091-06-08 12:00:00,2091,6,8,NA,10.3989291218349,19.615540565012
2091-06-09 12:00:00,2091,6,9,NA,11.4879439505666,13.2880344348792
2091-06-10 12:00:00,2091,6,10,NA,11.7369118749394,17.1910173238219
2091-06-11 12:00:00,2091,6,11,NA,11.1893683236724,22.3987075844073
2091-06-12 12:00:00,2091,6,12,NA,9.66210831130798,21.9027820195242
2091-06-13 12:00:00,2091,6,13,NA,5.06428773800898,19.0120790177887
2091-06-14 12:00:00,2091,6,14,NA,6.53456940407318,20.0494176902062
2091-06-15 12:00:00,2091,6,15,NA,7.18864094084178,19.5838247127038
2091-06-16 12:00:00,2091,6,16,NA,9.66224265724986,18.8884500141921
2091-06-17 12:00:00,2091,6,17,NA,8.96619633301486,19.2541097212261
2091-06-18 12:00:00,2091,6,18,NA,7.8154021835632,24.4035966766158
2091-06-19 12:00:00,2091,6,19,NA,10.4724633068459,19.67255552785
2091-06-20 12:00:00,2091,6,20,NA,8.36858627908819,19.5691569920599
2091-06-21 12:00:00,2091,6,21,NA,10.2338591067549,16.5916301830595
2091-06-22 12:00:00,2091,6,22,NA,13.6273923521996,16.6848847281931
2091-06-23 12:00:00,2091,6,23,NA,12.1378254257926,20.4021113590627
2091-06-24 12:00:00,2091,6,24,NA,11.0955821097957,21.421238566386
2091-06-25 12:00:00,2091,6,25,NA,10.9088896682094,22.148769897212
2091-06-26 12:00:00,2091,6,26,NA,7.59080197565688,24.0301442286838
2091-06-27 12:00:00,2091,6,27,NA,13.4616407092939,22.9870386280778
2091-06-28 12:00:00,2091,6,28,NA,12.167126203696,23.35563036105
2091-06-29 12:00:00,2091,6,29,NA,13.9607598773572,26.3018663623395
2091-06-30 12:00:00,2091,6,30,NA,16.3396958643524,24.7911454247212
2091-07-01 12:00:00,2091,7,1,NA,16.2428341184301,21.5523752834269
2091-07-02 12:00:00,2091,7,2,NA,13.4073860015153,23.644986426922
2091-07-03 12:00:00,2091,7,3,NA,15.6871791576003,21.0309938497811
2091-07-04 12:00:00,2091,7,4,NA,17.6977891162674,21.584151822878
2091-07-05 12:00:00,2091,7,5,NA,15.5830262918447,26.6841316429582
2091-07-06 12:00:00,2091,7,6,NA,14.2516264081677,29.3095021045823
2091-07-07 12:00:00,2091,7,7,NA,11.5137574709363,31.4717245763631
2091-07-08 12:00:00,2091,7,8,NA,19.2752292110789,29.0429612879029
2091-07-09 12:00:00,2091,7,9,NA,16.6173784430063,28.6516645098545
2091-07-10 12:00:00,2091,7,10,NA,17.8159868008048,23.8136162391944
2091-07-11 12:00:00,2091,7,11,NA,13.2872854585726,20.5983366147147
2091-07-12 12:00:00,2091,7,12,NA,12.0780001731249,21.66482399086
2091-07-13 12:00:00,2091,7,13,NA,12.4884765295646,22.2086348362714
2091-07-14 12:00:00,2091,7,14,NA,12.9574005260732,23.2069005791153
2091-07-15 12:00:00,2091,7,15,NA,14.8244207486255,24.7268811853555
2091-07-16 12:00:00,2091,7,16,NA,12.8922756472393,28.610925113239
2091-07-17 12:00:00,2091,7,17,NA,14.7021866784476,28.6207066234882
2091-07-18 12:00:00,2091,7,18,NA,18.174581562852,28.7183825940427
2091-07-19 12:00:00,2091,7,19,NA,20.8669136930405,27.9355435428127
2091-07-20 12:00:00,2091,7,20,NA,17.4313685648067,23.6464091929756
2091-07-21 12:00:00,2091,7,21,NA,13.9994426710585,27.1770149122458
2091-07-22 12:00:00,2091,7,22,NA,12.1227023188426,27.1651295323226
2091-07-23 12:00:00,2091,7,23,NA,16.5284358169991,29.6593703372383
2091-07-24 12:00:00,2091,7,24,NA,17.5811216757905,33.0774940192872
2091-07-25 12:00:00,2091,7,25,NA,17.5298474522447,38.8865089622788
2091-07-26 12:00:00,2091,7,26,NA,19.282248043078,38.5329146740962
2091-07-27 12:00:00,2091,7,27,NA,18.9767414745585,32.1238636549226
2091-07-28 12:00:00,2091,7,28,NA,18.6077260438518,35.9615673877177
2091-07-29 12:00:00,2091,7,29,NA,16.9519714315343,29.7037870543108
2091-07-30 12:00:00,2091,7,30,NA,17.709065270121,31.8296376818194
2091-07-31 12:00:00,2091,7,31,NA,21.9932046875709,33.6641444131274
2091-08-01 12:00:00,2091,8,1,NA,21.247459490554,30.1328762093553
2091-08-02 12:00:00,2091,8,2,NA,19.5577638565808,25.0716398071601
2091-08-03 12:00:00,2091,8,3,NA,19.5717931255519,25.1091294822196
2091-08-04 12:00:00,2091,8,4,NA,16.7969479369022,25.0517058457006
2091-08-05 12:00:00,2091,8,5,NA,14.4217533079037,24.3079250847211
2091-08-06 12:00:00,2091,8,6,NA,15.4214747374355,22.8482951332933
2091-08-07 12:00:00,2091,8,7,NA,14.613210507866,25.4724587599455
2091-08-08 12:00:00,2091,8,8,NA,14.5877621231677,26.2602312261978
2091-08-09 12:00:00,2091,8,9,NA,14.339917474196,32.3056228911536
2091-08-10 12:00:00,2091,8,10,NA,14.6074166088022,32.0652913566051
2091-08-11 12:00:00,2091,8,11,NA,17.8322538528735,31.2800649133623
2091-08-12 12:00:00,2091,8,12,NA,23.3436535575651,31.2166480393098
2091-08-13 12:00:00,2091,8,13,NA,18.7285483821728,30.7636386090096
2091-08-14 12:00:00,2091,8,14,NA,15.4779661172847,27.7238322232448
2091-08-15 12:00:00,2091,8,15,NA,19.4575130780071,29.6777573889271
2091-08-16 12:00:00,2091,8,16,NA,24.028031447314,31.2882103633694
2091-08-17 12:00:00,2091,8,17,NA,20.5904272137397,26.8106717674937
2091-08-18 12:00:00,2091,8,18,NA,18.2253843752027,28.0436546842396
2091-08-19 12:00:00,2091,8,19,NA,15.8955303635781,29.8861090959854
2091-08-20 12:00:00,2091,8,20,NA,17.163161095204,30.6632753001913
2091-08-21 12:00:00,2091,8,21,NA,16.1505343303443,33.2564556042466
2091-08-22 12:00:00,2091,8,22,NA,18.0232873070721,32.1814158071581
2091-08-23 12:00:00,2091,8,23,NA,21.7640461509183,34.578127516625
2091-08-24 12:00:00,2091,8,24,NA,21.7798818873813,30.9827927331529
2091-08-25 12:00:00,2091,8,25,NA,25.6500322109935,31.8531983032877
2091-08-26 12:00:00,2091,8,26,NA,20.2541019496941,34.3680898432802
2091-08-27 12:00:00,2091,8,27,NA,22.4305527254884,30.303547207233
2091-08-28 12:00:00,2091,8,28,NA,18.7864400914484,31.3079922543722
2091-08-29 12:00:00,2091,8,29,NA,24.7342197635041,28.4062970468059
2091-08-30 12:00:00,2091,8,30,NA,20.1814569608625,27.4097310388769
2091-08-31 12:00:00,2091,8,31,NA,17.0363785519859,21.9282631928868
2091-09-01 12:00:00,2091,9,1,NA,12.7398037191056,20.5724206530688
2091-09-02 12:00:00,2091,9,2,NA,14.0637368170329,24.2236114009011
2091-09-03 12:00:00,2091,9,3,NA,12.6205339301025,20.6859029605243
2091-09-04 12:00:00,2091,9,4,NA,12.1556927205444,22.3155673044125
2091-09-05 12:00:00,2091,9,5,NA,15.4412940400685,23.7085064795709
2091-09-06 12:00:00,2091,9,6,NA,14.8738633290897,21.5277109341658
2091-09-07 12:00:00,2091,9,7,NA,12.2770336397721,22.6203447509174
2091-09-08 12:00:00,2091,9,8,NA,7.71766374838293,22.6623045959794
2091-09-09 12:00:00,2091,9,9,NA,7.84752613862714,24.1307871953503
2091-09-10 12:00:00,2091,9,10,NA,15.1761750440788,24.7459287849232
2091-09-11 12:00:00,2091,9,11,NA,13.5863283646843,29.650933596073
2091-09-12 12:00:00,2091,9,12,NA,14.8103441601067,30.2361457702533
2091-09-13 12:00:00,2091,9,13,NA,17.1943795031153,28.6896405775295
2091-09-14 12:00:00,2091,9,14,NA,16.3545388614541,28.3593723677975
2091-09-15 12:00:00,2091,9,15,NA,20.7220467764725,26.4796690253836
2091-09-16 12:00:00,2091,9,16,NA,16.8391316050833,24.6377660249346
2091-09-17 12:00:00,2091,9,17,NA,11.7870138755909,18.2332092201107
2091-09-18 12:00:00,2091,9,18,NA,18.1280107022672,25.3181557234945
2091-09-19 12:00:00,2091,9,19,NA,17.2167796568499,25.0399426613476
2091-09-20 12:00:00,2091,9,20,NA,17.5873632103964,27.3504960725853
2091-09-21 12:00:00,2091,9,21,NA,20.519796964749,25.5259028066151
2091-09-22 12:00:00,2091,9,22,NA,21.5701762162145,24.4911426271728
2091-09-23 12:00:00,2091,9,23,NA,19.3757164600235,23.0002449534058
2091-09-24 12:00:00,2091,9,24,NA,18.7594678634697,22.3876011531156
2091-09-25 12:00:00,2091,9,25,NA,16.6321215588457,25.9462243814266
2091-09-26 12:00:00,2091,9,26,NA,15.9476496661562,25.0101927044316
2091-09-27 12:00:00,2091,9,27,NA,16.1700272978233,30.1248844353403
2091-09-28 12:00:00,2091,9,28,NA,15.6889256207158,28.014945780616
2091-09-29 12:00:00,2091,9,29,NA,16.0536246902422,24.7067841381738
2091-09-30 12:00:00,2091,9,30,NA,15.0418546438485,25.9552731725397
2091-10-01 12:00:00,2091,10,1,NA,13.6086737097717,27.4342110822954
2091-10-02 12:00:00,2091,10,2,NA,15.4354266069176,32.4584516392192
2091-10-03 12:00:00,2091,10,3,NA,15.0020096654631,30.1682061529173
2091-10-04 12:00:00,2091,10,4,NA,14.8446538895711,27.8204697293107
2091-10-05 12:00:00,2091,10,5,NA,7.34114451520054,21.3787978141086
2091-10-06 12:00:00,2091,10,6,NA,9.92367864126296,18.5051209540177
2091-10-07 12:00:00,2091,10,7,NA,10.1573114183791,19.4880559255692
2091-10-08 12:00:00,2091,10,8,NA,11.440805904695,15.0136398928406
2091-10-09 12:00:00,2091,10,9,NA,12.6828076745295,18.0026121855361
2091-10-10 12:00:00,2091,10,10,NA,10.7459717674111,19.164780426581
2091-10-11 12:00:00,2091,10,11,NA,13.491457168597,15.6631205851812
2091-10-12 12:00:00,2091,10,12,NA,11.2123082748997,18.6062869448005
2091-10-13 12:00:00,2091,10,13,NA,9.29011508831361,22.1909974323243
2091-10-14 12:00:00,2091,10,14,NA,8.85979672729336,22.9248356108943
2091-10-15 12:00:00,2091,10,15,NA,10.8523083658721,24.6983338445
2091-10-16 12:00:00,2091,10,16,NA,13.9629560166568,27.9881270352169
2091-10-17 12:00:00,2091,10,17,NA,14.8880755001421,21.4373249158053
2091-10-18 12:00:00,2091,10,18,NA,14.2893835632711,19.7674193736505
2091-10-19 12:00:00,2091,10,19,NA,13.2621522522613,22.9294659654382
2091-10-20 12:00:00,2091,10,20,NA,12.4966781378808,20.3289769305405
2091-10-21 12:00:00,2091,10,21,NA,10.4133673346832,18.1745015128851
2091-10-22 12:00:00,2091,10,22,NA,10.6719096168817,20.4241362363745
2091-10-23 12:00:00,2091,10,23,NA,12.8247167889381,19.3270538652223
2091-10-24 12:00:00,2091,10,24,NA,8.98258054871915,20.460489473372
2091-10-25 12:00:00,2091,10,25,NA,7.62025271437997,17.3418265625244
2091-10-26 12:00:00,2091,10,26,NA,13.584580343994,18.8098378069206
2091-10-27 12:00:00,2091,10,27,NA,11.2902577962648,18.4254919399252
2091-10-28 12:00:00,2091,10,28,NA,10.6153680042383,17.3755620752691
2091-10-29 12:00:00,2091,10,29,NA,8.43751197775321,19.5423185359321
2091-10-30 12:00:00,2091,10,30,NA,6.24489872666584,14.8074843862985
2091-10-31 12:00:00,2091,10,31,NA,9.27201651988625,16.8396173359814
2091-11-01 12:00:00,2091,11,1,NA,2.15757639590108,7.57005678827993
2091-11-02 12:00:00,2091,11,2,NA,1.98724749124717,5.76761345795678
2091-11-03 12:00:00,2091,11,3,NA,9.60036537531622,13.6072833083085
2091-11-04 12:00:00,2091,11,4,NA,8.95964504624598,14.5709448132267
2091-11-05 12:00:00,2091,11,5,NA,9.53799815097829,13.5573816625734
2091-11-06 12:00:00,2091,11,6,NA,7.54812337156996,9.99443713905133
2091-11-07 12:00:00,2091,11,7,NA,6.60181635712939,9.0170042753302
2091-11-08 12:00:00,2091,11,8,NA,4.1950695656795,8.08041591698578
2091-11-09 12:00:00,2091,11,9,NA,4.35712797492283,9.48278249946375
2091-11-10 12:00:00,2091,11,10,NA,0.282592020102987,9.684872349293
2091-11-11 12:00:00,2091,11,11,NA,-1.09711529375739,5.42381543605815
2091-11-12 12:00:00,2091,11,12,NA,-1.82781626451119,2.91850698751386
2091-11-13 12:00:00,2091,11,13,NA,-2.11716707206352,3.83659966435162
2091-11-14 12:00:00,2091,11,14,NA,-1.03142901514637,9.40784868349073
2091-11-15 12:00:00,2091,11,15,NA,-1.85251855693965,8.43688389807621
2091-11-16 12:00:00,2091,11,16,NA,1.26919200645715,11.2624786989545
2091-11-17 12:00:00,2091,11,17,NA,2.64431985346768,9.44674828774976
2091-11-18 12:00:00,2091,11,18,NA,4.21406600137684,7.0266387056065
2091-11-19 12:00:00,2091,11,19,NA,9.05231952538619,10.8038089928724
2091-11-20 12:00:00,2091,11,20,NA,8.25494607923494,12.010460728827
2091-11-21 12:00:00,2091,11,21,NA,8.56504968767346,12.3554602938907
2091-11-22 12:00:00,2091,11,22,NA,9.51985215941258,13.2753668090046
2091-11-23 12:00:00,2091,11,23,NA,6.45808391043267,15.8598854476589
2091-11-24 12:00:00,2091,11,24,NA,10.2500793598598,17.0486691287249
2091-11-25 12:00:00,2091,11,25,NA,9.96741936344952,16.801613191795
2091-11-26 12:00:00,2091,11,26,NA,5.92357111266799,13.6180233507276
2091-11-27 12:00:00,2091,11,27,NA,3.36916828860022,11.0636205266599
2091-11-28 12:00:00,2091,11,28,NA,8.31255920522501,14.1499958085011
2091-11-29 12:00:00,2091,11,29,NA,5.87280506040724,9.87972299339954
2091-11-30 12:00:00,2091,11,30,NA,1.95202675337308,11.450968987806
2091-12-01 12:00:00,2091,12,1,NA,7.4551807337078,13.2300545163406
2091-12-02 12:00:00,2091,12,2,NA,7.94515897988576,13.043826613969
2091-12-03 12:00:00,2091,12,3,NA,9.26585959406398,14.1080624331171
2091-12-04 12:00:00,2091,12,4,NA,7.91315067421801,12.7608160457283
2091-12-05 12:00:00,2091,12,5,NA,9.94342592439255,15.0402654255231
2091-12-06 12:00:00,2091,12,6,NA,11.083568840137,13.6458943305034
2091-12-07 12:00:00,2091,12,7,NA,3.18051145432025,8.07380447434276
2091-12-08 12:00:00,2091,12,8,NA,6.12280514263823,9.15820790292776
2091-12-09 12:00:00,2091,12,9,NA,6.9083087941012,12.6099068905077
2091-12-10 12:00:00,2091,12,10,NA,7.49655053989268,10.3590084714351
2091-12-11 12:00:00,2091,12,11,NA,9.13974173039469,12.917202547601
2091-12-12 12:00:00,2091,12,12,NA,7.55974232579783,14.5640568348174
2091-12-13 12:00:00,2091,12,13,NA,3.69678894931824,9.28711501242552
2091-12-14 12:00:00,2091,12,14,NA,0.830009063393496,5.77841425253431
2091-12-15 12:00:00,2091,12,15,NA,-1.10906608661476,7.03215161126933
2091-12-16 12:00:00,2091,12,16,NA,0.322466420686891,5.476711845328
2091-12-17 12:00:00,2091,12,17,NA,0.510017995836813,2.52454632925967
2091-12-18 12:00:00,2091,12,18,NA,-1.62283919585663,3.24266725526566
2091-12-19 12:00:00,2091,12,19,NA,0.512394327203074,5.29389523912172
2091-12-20 12:00:00,2091,12,20,NA,4.89586311834069,8.9461370212861
2091-12-21 12:00:00,2091,12,21,NA,6.5147581085273,11.5647296167126
2091-12-22 12:00:00,2091,12,22,NA,7.01731744623179,12.9890711874516
2091-12-23 12:00:00,2091,12,23,NA,6.77284877265924,12.8791751994063
2091-12-24 12:00:00,2091,12,24,NA,7.53147686788293,10.2474159157495
2091-12-25 12:00:00,2091,12,25,NA,1.31901708933865,7.36304340948334
2091-12-26 12:00:00,2091,12,26,NA,1.02797178909431,6.12663942317754
2091-12-27 12:00:00,2091,12,27,NA,1.31792930405542,9.20302561431356
2091-12-28 12:00:00,2091,12,28,NA,2.85768158500902,7.4190565555311
2091-12-29 12:00:00,2091,12,29,NA,2.57650815770033,6.42315498720643
2091-12-30 12:00:00,2091,12,30,NA,1.84320732082843,7.10756283108234
2091-12-31 12:00:00,2091,12,31,NA,4.34508702809686,7.40125320085877
2092-01-01 12:00:00,2092,1,1,NA,3.28031778543436,8.03368690420271
2092-01-02 12:00:00,2092,1,2,NA,3.38673335957912,10.140626534639
2092-01-03 12:00:00,2092,1,3,NA,4.9065235041319,12.9659144659127
2092-01-04 12:00:00,2092,1,4,NA,5.18822195573042,12.227978283947
2092-01-05 12:00:00,2092,1,5,NA,1.59512428103208,11.2939643300906
2092-01-06 12:00:00,2092,1,6,NA,-0.502333367662557,3.98335923615722
2092-01-07 12:00:00,2092,1,7,NA,1.15960746951164,3.99444364739394
2092-01-08 12:00:00,2092,1,8,NA,-4.34336540023155,-1.25899234462267
2092-01-09 12:00:00,2092,1,9,NA,-5.86736124727263,0.206732967871761
2092-01-10 12:00:00,2092,1,10,NA,-9.77414896656714,-5.0794693982345
2092-01-11 12:00:00,2092,1,11,NA,-8.60964891147124,-2.03533321243531
2092-01-12 12:00:00,2092,1,12,NA,-3.36049513820491,-0.211009753757984
2092-01-13 12:00:00,2092,1,13,NA,1.20750078346263,4.28140243783871
2092-01-14 12:00:00,2092,1,14,NA,0.463500320959027,4.63147373989997
2092-01-15 12:00:00,2092,1,15,NA,-2.17175405764839,-0.0592619936605514
2092-01-16 12:00:00,2092,1,16,NA,-1.66723495086639,6.48788655217606
2092-01-17 12:00:00,2092,1,17,NA,-2.48938934522884,5.57000161655191
2092-01-18 12:00:00,2092,1,18,NA,-2.04539526350447,6.95310175940123
2092-01-19 12:00:00,2092,1,19,NA,-1.50165324511104,6.60979698100827
2092-01-20 12:00:00,2092,1,20,NA,3.65797594483841,9.39304890721561
2092-01-21 12:00:00,2092,1,21,NA,2.52442490819976,10.9868305254314
2092-01-22 12:00:00,2092,1,22,NA,-0.985130007110949,5.54688809835944
2092-01-23 12:00:00,2092,1,23,NA,5.22386883261524,8.8351690107346
2092-01-24 12:00:00,2092,1,24,NA,4.58810078502077,8.68292365175016
2092-01-25 12:00:00,2092,1,25,NA,-1.007876824123,6.04487876584268
2092-01-26 12:00:00,2092,1,26,NA,-0.237928876593557,5.23945928143253
2092-01-27 12:00:00,2092,1,27,NA,2.47591468732002,7.08928442149696
2092-01-28 12:00:00,2092,1,28,NA,5.90485677041964,7.98271706378908
2092-01-29 12:00:00,2092,1,29,NA,-2.75476457262168,-1.7467145763097
2092-01-30 12:00:00,2092,1,30,NA,-3.43086275575459,3.74480224303515
2092-01-31 12:00:00,2092,1,31,NA,-4.34501287895137,9.1738091856014
2092-02-01 12:00:00,2092,2,1,NA,-0.841261468031322,11.7211675213683
2092-02-02 12:00:00,2092,2,2,NA,5.24020416231429,10.9137817291373
2092-02-03 12:00:00,2092,2,3,NA,4.5161131569666,7.09797360549168
2092-02-04 12:00:00,2092,2,4,NA,5.38398345981186,8.64408608397255
2092-02-05 12:00:00,2092,2,5,NA,-2.25533146047617,2.90534616886332
2092-02-06 12:00:00,2092,2,6,NA,-2.90422336706231,1.99184414277234
2092-02-07 12:00:00,2092,2,7,NA,0.569146857688994,5.09697221424659
2092-02-08 12:00:00,2092,2,8,NA,1.32047301111539,4.86174939589305
2092-02-09 12:00:00,2092,2,9,NA,3.00188024040818,4.19906213715837
2092-02-10 12:00:00,2092,2,10,NA,5.25487694542478,7.67361135936965
2092-02-11 12:00:00,2092,2,11,NA,3.7786365820381,7.04857432183196
2092-02-12 12:00:00,2092,2,12,NA,3.3098328204653,8.14107013523303
2092-02-13 12:00:00,2092,2,13,NA,3.98554363625673,11.2268042831692
2092-02-14 12:00:00,2092,2,14,NA,3.13433408115929,13.6695045774343
2092-02-15 12:00:00,2092,2,15,NA,1.79643751531095,10.023974269985
2092-02-16 12:00:00,2092,2,16,NA,8.96507035295575,13.7963076677235
2092-02-17 12:00:00,2092,2,17,NA,8.32098999408091,12.4297528357551
2092-02-18 12:00:00,2092,2,18,NA,7.69876529798414,11.0141132488351
2092-02-19 12:00:00,2092,2,19,NA,6.88590045214697,10.1558381919408
2092-02-20 12:00:00,2092,2,20,NA,4.13393177085832,5.8180148596861
2092-02-21 12:00:00,2092,2,21,NA,-3.71017906961378,3.13882434266535
2092-02-22 12:00:00,2092,2,22,NA,-2.45945270326892,6.05128537147915
2092-02-23 12:00:00,2092,2,23,NA,2.27699157849655,9.46346110835461
2092-02-24 12:00:00,2092,2,24,NA,-3.1370626368065,2.61515104959547
2092-02-25 12:00:00,2092,2,25,NA,-0.487390823168631,4.41159888531433
2092-02-26 12:00:00,2092,2,26,NA,-0.015317932770075,6.74788629762322
2092-02-27 12:00:00,2092,2,27,NA,0.605493057123502,6.55717178379176
2092-02-28 12:00:00,2092,2,28,NA,1.76590006081976,7.24709675931402
2092-02-29 12:00:00,2092,2,29,NA,5.01199969963257,10.8194668383155
2092-03-01 12:00:00,2092,3,1,NA,4.58369058430141,7.16555103282649
2092-03-02 12:00:00,2092,3,2,NA,3.86282829338747,8.98658198813975
2092-03-03 12:00:00,2092,3,3,NA,4.72762550493066,9.29834554280115
2092-03-04 12:00:00,2092,3,4,NA,2.4660454978841,6.17004598021204
2092-03-05 12:00:00,2092,3,5,NA,2.09764266259659,5.63209581267771
2092-03-06 12:00:00,2092,3,6,NA,-0.49523099401435,8.27627008916597
2092-03-07 12:00:00,2092,3,7,NA,2.8770090475721,12.3863966467306
2092-03-08 12:00:00,2092,3,8,NA,4.89120425300479,15.6975718815437
2092-03-09 12:00:00,2092,3,9,NA,6.48971023114839,13.8080306327674
2092-03-10 12:00:00,2092,3,10,NA,2.12027198812332,12.4476657454257
2092-03-11 12:00:00,2092,3,11,NA,3.05080857518969,11.384177168168
2092-03-12 12:00:00,2092,3,12,NA,1.03078108228288,9.35560650459291
2092-03-13 12:00:00,2092,3,13,NA,4.58865968236335,10.5547669810559
2092-03-14 12:00:00,2092,3,14,NA,5.77882669050462,13.0144382153858
2092-03-15 12:00:00,2092,3,15,NA,1.00360893943302,9.83933991052422
2092-03-16 12:00:00,2092,3,16,NA,-1.78252041966852,11.9258170545074
2092-03-17 12:00:00,2092,3,17,NA,4.99601877951413,10.2057498739745
2092-03-18 12:00:00,2092,3,18,NA,0.574470986829893,11.6733848759053
2092-03-19 12:00:00,2092,3,19,NA,8.6215539339059,16.3931528013487
2092-03-20 12:00:00,2092,3,20,NA,5.28440010921295,13.6186555197889
2092-03-21 12:00:00,2092,3,21,NA,7.38055523891107,13.8147450661906
2092-03-22 12:00:00,2092,3,22,NA,9.28985129811796,13.1379199059158
2092-03-23 12:00:00,2092,3,23,NA,10.3824908859103,16.5553066151731
2092-03-24 12:00:00,2092,3,24,NA,9.73198813584792,17.1945310793512
2092-03-25 12:00:00,2092,3,25,NA,9.08869795992227,13.6594179977928
2092-03-26 12:00:00,2092,3,26,NA,7.0663277730041,13.3758806682216
2092-03-27 12:00:00,2092,3,27,NA,6.6113793038508,13.2242175225721
2092-03-28 12:00:00,2092,3,28,NA,5.43548038970715,16.229562824823
2092-03-29 12:00:00,2092,3,29,NA,4.35495721874077,12.2510682930184
2092-03-30 12:00:00,2092,3,30,NA,4.20787427841174,11.4372341096783
2092-03-31 12:00:00,2092,3,31,NA,2.36238688381373,12.1242079636856
2092-04-01 12:00:00,2092,4,1,NA,5.01150479717521,10.8004817095378
2092-04-02 12:00:00,2092,4,2,NA,3.21197541939981,9.30792071783107
2092-04-03 12:00:00,2092,4,3,NA,-1.32784120793334,5.79388944051852
2092-04-04 12:00:00,2092,4,4,NA,0.126308836459438,7.19012232898691
2092-04-05 12:00:00,2092,4,5,NA,-3.09807747817583,13.8330262229375
2092-04-06 12:00:00,2092,4,6,NA,4.87999339145764,14.9651076832829
2092-04-07 12:00:00,2092,4,7,NA,8.5959954681018,18.6303799558375
2092-04-08 12:00:00,2092,4,8,NA,3.80183899356295,15.2707851471684
2092-04-09 12:00:00,2092,4,9,NA,5.0856280686419,16.520124993425
2092-04-10 12:00:00,2092,4,10,NA,6.10001213936795,24.0054222522231
2092-04-11 12:00:00,2092,4,11,NA,1.53972362048447,22.5357195381761
2092-04-12 12:00:00,2092,4,12,NA,3.79737302694681,21.2333469330442
2092-04-13 12:00:00,2092,4,13,NA,6.3662118499933,26.163278899184
2092-04-14 12:00:00,2092,4,14,NA,12.0270479834118,27.5411363723049
2092-04-15 12:00:00,2092,4,15,NA,13.0639503225204,22.4801888635586
2092-04-16 12:00:00,2092,4,16,NA,10.8899387399794,22.3588848935849
2092-04-17 12:00:00,2092,4,17,NA,13.6300415111302,20.8945817054163
2092-04-18 12:00:00,2092,4,18,NA,9.01434968119865,13.5332416539573
2092-04-19 12:00:00,2092,4,19,NA,3.78010292542578,23.7538771575597
2092-04-20 12:00:00,2092,4,20,NA,7.19559118587548,26.8076930744996
2092-04-21 12:00:00,2092,4,21,NA,16.7218838951966,21.7599298455101
2092-04-22 12:00:00,2092,4,22,NA,13.544635983549,14.5592653554738
2092-04-23 12:00:00,2092,4,23,NA,6.99422206912656,12.2850800305645
2092-04-24 12:00:00,2092,4,24,NA,5.89688927556547,23.1757130711463
2092-04-25 12:00:00,2092,4,25,NA,8.69751137034017,15.7613248628676
2092-04-26 12:00:00,2092,4,26,NA,3.94067675252998,13.3906194739759
2092-04-27 12:00:00,2092,4,27,NA,7.03939551988031,15.4291993890106
2092-04-28 12:00:00,2092,4,28,NA,4.43726745310825,21.4192328504354
2092-04-29 12:00:00,2092,4,29,NA,6.81027064514604,25.9643441044388
2092-04-30 12:00:00,2092,4,30,NA,8.98472237577291,26.3553512652237
2092-05-01 12:00:00,2092,5,1,NA,11.6563223323427,31.2102984056155
2092-05-02 12:00:00,2092,5,2,NA,18.1384382812524,22.6933004408691
2092-05-03 12:00:00,2092,5,3,NA,12.8869247670751,22.857795154235
2092-05-04 12:00:00,2092,5,4,NA,14.4910778019049,29.3529596139023
2092-05-05 12:00:00,2092,5,5,NA,8.33806838671369,25.5106667952883
2092-05-06 12:00:00,2092,5,6,NA,13.9969546494296,26.6080353000855
2092-05-07 12:00:00,2092,5,7,NA,12.1832800000994,28.902830964631
2092-05-08 12:00:00,2092,5,8,NA,12.7885018737848,30.2310533568952
2092-05-09 12:00:00,2092,5,9,NA,11.3440735325401,29.8044183794596
2092-05-10 12:00:00,2092,5,10,NA,11.7655830544871,27.5552867790975
2092-05-11 12:00:00,2092,5,11,NA,9.58968693993931,28.164480160286
2092-05-12 12:00:00,2092,5,12,NA,14.2771356011902,24.120156551983
2092-05-13 12:00:00,2092,5,13,NA,14.2794515011164,23.0903541182847
2092-05-14 12:00:00,2092,5,14,NA,13.1466448706167,22.0220898883249
2092-05-15 12:00:00,2092,5,15,NA,14.329931670925,24.6836928938569
2092-05-16 12:00:00,2092,5,16,NA,13.5506449253873,25.2034836989937
2092-05-17 12:00:00,2092,5,17,NA,12.923040426324,22.5151003142546
2092-05-18 12:00:00,2092,5,18,NA,14.0915381478376,21.0129095696567
2092-05-19 12:00:00,2092,5,19,NA,11.4078229047725,23.0606616783789
2092-05-20 12:00:00,2092,5,20,NA,11.5037130262598,19.9311736435224
2092-05-21 12:00:00,2092,5,21,NA,10.3618278848689,17.4494271733069
2092-05-22 12:00:00,2092,5,22,NA,10.791832210365,19.5094874635356
2092-05-23 12:00:00,2092,5,23,NA,14.5060634530603,20.4387764288022
2092-05-24 12:00:00,2092,5,24,NA,14.2395501810433,22.5868729026597
2092-05-25 12:00:00,2092,5,25,NA,14.1394130298382,24.1102834169981
2092-05-26 12:00:00,2092,5,26,NA,11.6708235951498,18.3031190225409
2092-05-27 12:00:00,2092,5,27,NA,6.52324955890877,19.3700649313811
2092-05-28 12:00:00,2092,5,28,NA,8.58194591299997,16.9292686346164
2092-05-29 12:00:00,2092,5,29,NA,9.09080567635418,14.1209602721337
2092-05-30 12:00:00,2092,5,30,NA,10.1796925358631,12.2350134412445
2092-05-31 12:00:00,2092,5,31,NA,7.25709386255312,18.2537961053119
2092-06-01 12:00:00,2092,6,1,NA,8.56834546904611,23.2268107976567
2092-06-02 12:00:00,2092,6,2,NA,13.0918205448202,22.9107526500569
2092-06-03 12:00:00,2092,6,3,NA,14.0684722097659,19.140168159252
2092-06-04 12:00:00,2092,6,4,NA,11.7560790081179,16.9175159249809
2092-06-05 12:00:00,2092,6,5,NA,10.9808858524788,19.2446023960386
2092-06-06 12:00:00,2092,6,6,NA,11.9996405869996,17.1201963291328
2092-06-07 12:00:00,2092,6,7,NA,10.6963350449376,17.1254436232199
2092-06-08 12:00:00,2092,6,8,NA,11.2195572752623,19.7140671871406
2092-06-09 12:00:00,2092,6,9,NA,11.5517317438572,24.794083857279
2092-06-10 12:00:00,2092,6,10,NA,11.2799746473236,27.5601221722553
2092-06-11 12:00:00,2092,6,11,NA,12.3189476602103,21.6030843209258
2092-06-12 12:00:00,2092,6,12,NA,15.2359628081102,24.7081630894752
2092-06-13 12:00:00,2092,6,13,NA,13.6321672866478,21.8958838302076
2092-06-14 12:00:00,2092,6,14,NA,14.8174900215243,23.466772670615
2092-06-15 12:00:00,2092,6,15,NA,12.5584279017697,19.2680072405171
2092-06-16 12:00:00,2092,6,16,NA,10.3464940554399,17.5786169390954
2092-06-17 12:00:00,2092,6,17,NA,11.2891771046382,16.4227822676316
2092-06-18 12:00:00,2092,6,18,NA,11.9919551860819,17.1144814619767
2092-06-19 12:00:00,2092,6,19,NA,11.4291879865087,18.6420708244517
2092-06-20 12:00:00,2092,6,20,NA,12.0347927380585,17.488898186941
2092-06-21 12:00:00,2092,6,21,NA,12.3475040993944,19.6058266903038
2092-06-22 12:00:00,2092,6,22,NA,11.7040073868358,21.9337071240246
2092-06-23 12:00:00,2092,6,23,NA,9.07751785139811,25.6379100808229
2092-06-24 12:00:00,2092,6,24,NA,11.5501747774801,26.9993748209301
2092-06-25 12:00:00,2092,6,25,NA,12.0031812909664,26.8728808945039
2092-06-26 12:00:00,2092,6,26,NA,12.2390126503319,27.5637655685606
2092-06-27 12:00:00,2092,6,27,NA,8.54068021476776,24.0311943938538
2092-06-28 12:00:00,2092,6,28,NA,14.7909618551286,31.3165073292294
2092-06-29 12:00:00,2092,6,29,NA,18.952579948039,29.3851386595156
2092-06-30 12:00:00,2092,6,30,NA,15.1766317637283,28.8305441146695
2092-07-01 12:00:00,2092,7,1,NA,15.486874465793,26.4765869955551
2092-07-02 12:00:00,2092,7,2,NA,12.962543735511,23.7566842084169
2092-07-03 12:00:00,2092,7,3,NA,15.941402279121,21.861273075027
2092-07-04 12:00:00,2092,7,4,NA,13.911338482178,23.8825989191507
2092-07-05 12:00:00,2092,7,5,NA,10.6306776935085,23.650703944456
2092-07-06 12:00:00,2092,7,6,NA,8.65892664149101,25.7253947330093
2092-07-07 12:00:00,2092,7,7,NA,10.084583296894,27.0174330849899
2092-07-08 12:00:00,2092,7,8,NA,8.29462452073727,27.4504688856701
2092-07-09 12:00:00,2092,7,9,NA,13.6926854107976,28.7257778596326
2092-07-10 12:00:00,2092,7,10,NA,16.0184461485876,30.4713696976533
2092-07-11 12:00:00,2092,7,11,NA,15.6986840353138,29.1381231420201
2092-07-12 12:00:00,2092,7,12,NA,15.660460636031,24.2155336107005
2092-07-13 12:00:00,2092,7,13,NA,14.7325321009521,22.378607217519
2092-07-14 12:00:00,2092,7,14,NA,15.0387859269657,25.7008418955255
2092-07-15 12:00:00,2092,7,15,NA,16.8419323011277,21.6438035418501
2092-07-16 12:00:00,2092,7,16,NA,18.1525485511837,23.1714674148193
2092-07-17 12:00:00,2092,7,17,NA,15.5390565526258,25.6189513001419
2092-07-18 12:00:00,2092,7,18,NA,16.3836453600986,26.6387394798729
2092-07-19 12:00:00,2092,7,19,NA,19.357705640424,30.6212628316963
2092-07-20 12:00:00,2092,7,20,NA,18.707922732934,27.4907734479888
2092-07-21 12:00:00,2092,7,21,NA,19.1192482220748,24.9760995844489
2092-07-22 12:00:00,2092,7,22,NA,16.289384238806,25.8832494561898
2092-07-23 12:00:00,2092,7,23,NA,17.5669044807823,21.184343918892
2092-07-24 12:00:00,2092,7,24,NA,20.6336360058834,24.5908295264243
2092-07-25 12:00:00,2092,7,25,NA,19.2456574750026,24.040955978264
2092-07-26 12:00:00,2092,7,26,NA,16.360553590861,22.6263612435953
2092-07-27 12:00:00,2092,7,27,NA,11.6150219512249,25.9635979454658
2092-07-28 12:00:00,2092,7,28,NA,16.4569703833409,26.202377309397
2092-07-29 12:00:00,2092,7,29,NA,15.1947979629177,24.3557711946425
2092-07-30 12:00:00,2092,7,30,NA,14.9624743008982,22.6157362664316
2092-07-31 12:00:00,2092,7,31,NA,12.4619825670502,23.7367055231773
2092-08-01 12:00:00,2092,8,1,NA,11.131910280975,24.5713493876814
2092-08-02 12:00:00,2092,8,2,NA,13.0130469623667,23.1203381912533
2092-08-03 12:00:00,2092,8,3,NA,18.3540229527724,20.1753091311018
2092-08-04 12:00:00,2092,8,4,NA,17.3564713643038,23.5767159180577
2092-08-05 12:00:00,2092,8,5,NA,15.0232579827414,25.2725057685263
2092-08-06 12:00:00,2092,8,6,NA,11.1303815867617,24.5825793377382
2092-08-07 12:00:00,2092,8,7,NA,13.9285354177911,23.5996503669738
2092-08-08 12:00:00,2092,8,8,NA,14.3241973840291,21.4966602092107
2092-08-09 12:00:00,2092,8,9,NA,17.4575524896585,26.4412914329553
2092-08-10 12:00:00,2092,8,10,NA,19.4809157549786,21.3194351446285
2092-08-11 12:00:00,2092,8,11,NA,17.5790945821803,26.7366661784021
2092-08-12 12:00:00,2092,8,12,NA,17.1332465073343,27.9722696700761
2092-08-13 12:00:00,2092,8,13,NA,18.7621118390727,23.9960060767022
2092-08-14 12:00:00,2092,8,14,NA,15.166715833299,23.9464571504806
2092-08-15 12:00:00,2092,8,15,NA,22.2928575976659,25.435237423782
2092-08-16 12:00:00,2092,8,16,NA,18.8841564245319,28.7843160024467
2092-08-17 12:00:00,2092,8,17,NA,20.6703271177617,30.6987747620061
2092-08-18 12:00:00,2092,8,18,NA,17.0882575527008,28.8244292947821
2092-08-19 12:00:00,2092,8,19,NA,12.8346315125453,31.0822246934435
2092-08-20 12:00:00,2092,8,20,NA,11.0030608345318,22.7977831970058
2092-08-21 12:00:00,2092,8,21,NA,8.98912848644497,24.6720695630619
2092-08-22 12:00:00,2092,8,22,NA,8.86038298350568,24.5433240601226
2092-08-23 12:00:00,2092,8,23,NA,13.7819417818847,22.0246226027366
2092-08-24 12:00:00,2092,8,24,NA,16.1636756970906,20.7542327578849
2092-08-25 12:00:00,2092,8,25,NA,16.3555067435015,23.5545649430632
2092-08-26 12:00:00,2092,8,26,NA,15.8924963474695,19.7719957760204
2092-08-27 12:00:00,2092,8,27,NA,16.4456561047148,17.3535100958477
2092-08-28 12:00:00,2092,8,28,NA,12.639820316903,17.7703379953657
2092-08-29 12:00:00,2092,8,29,NA,10.4803769276856,17.9016458377326
2092-08-30 12:00:00,2092,8,30,NA,11.9769663391892,18.4735244797923
2092-08-31 12:00:00,2092,8,31,NA,13.4370568704541,20.8583257805011
2092-09-01 12:00:00,2092,9,1,NA,15.6780285602104,20.1691475631863
2092-09-02 12:00:00,2092,9,2,NA,12.8562853723712,19.3036176658922
2092-09-03 12:00:00,2092,9,3,NA,11.4382166121698,22.2662598887468
2092-09-04 12:00:00,2092,9,4,NA,12.3707553279622,18.1546851322287
2092-09-05 12:00:00,2092,9,5,NA,9.53298755435078,17.2622820322515
2092-09-06 12:00:00,2092,9,6,NA,13.5695827974194,20.0015543790512
2092-09-07 12:00:00,2092,9,7,NA,17.3561360181976,22.2057816743515
2092-09-08 12:00:00,2092,9,8,NA,14.6148953058569,25.0613515953505
2092-09-09 12:00:00,2092,9,9,NA,9.02007521468018,17.8592737786802
2092-09-10 12:00:00,2092,9,10,NA,11.0715208074719,16.9313789946658
2092-09-11 12:00:00,2092,9,11,NA,10.8512106233227,18.2641117127924
2092-09-12 12:00:00,2092,9,12,NA,9.30068715901545,18.8840854314255
2092-09-13 12:00:00,2092,9,13,NA,10.551049165415,17.7308232508582
2092-09-14 12:00:00,2092,9,14,NA,10.056980156752,15.0978318422903
2092-09-15 12:00:00,2092,9,15,NA,11.3945156114527,15.2964984650966
2092-09-16 12:00:00,2092,9,16,NA,8.0176219402102,15.9319411341599
2092-09-17 12:00:00,2092,9,17,NA,6.7678828588979,15.5849871293367
2092-09-18 12:00:00,2092,9,18,NA,5.16058673331575,18.3752744113023
2092-09-19 12:00:00,2092,9,19,NA,5.27514960088251,17.6838149489052
2092-09-20 12:00:00,2092,9,20,NA,6.94862649207983,15.485636254763
2092-09-21 12:00:00,2092,9,21,NA,9.37191266925682,12.2928790802151
2092-09-22 12:00:00,2092,9,22,NA,9.09289781963838,17.0334778653847
2092-09-23 12:00:00,2092,9,23,NA,10.2041623123251,22.8972445290503
2092-09-24 12:00:00,2092,9,24,NA,14.0303896138339,23.7632340049088
2092-09-25 12:00:00,2092,9,25,NA,11.3207125708837,19.2887908460654
2092-09-26 12:00:00,2092,9,26,NA,11.1548008339294,17.3659214309595
2092-09-27 12:00:00,2092,9,27,NA,9.76994093638108,20.6006164387706
2092-09-28 12:00:00,2092,9,28,NA,8.53947274287014,19.9312676996053
2092-09-29 12:00:00,2092,9,29,NA,6.12875911852272,20.4626471473116
2092-09-30 12:00:00,2092,9,30,NA,6.38538499544917,17.2160604978387
2092-10-01 12:00:00,2092,10,1,NA,4.30223002178763,20.087978610518
2092-10-02 12:00:00,2092,10,2,NA,8.82170731505136,22.870561813538
2092-10-03 12:00:00,2092,10,3,NA,7.7844271084492,18.3324942035683
2092-10-04 12:00:00,2092,10,4,NA,4.49529126564026,16.3832449706082
2092-10-05 12:00:00,2092,10,5,NA,8.8059107501617,17.9580376745586
2092-10-06 12:00:00,2092,10,6,NA,10.581749825223,22.5144827027903
2092-10-07 12:00:00,2092,10,7,NA,11.4446625087483,25.2321569224451
2092-10-08 12:00:00,2092,10,8,NA,11.479879229277,22.3981545311981
2092-10-09 12:00:00,2092,10,9,NA,13.9745400150556,17.1692821764005
2092-10-10 12:00:00,2092,10,10,NA,12.7800669844097,17.8423510174916
2092-10-11 12:00:00,2092,10,11,NA,12.1552420452508,19.3209760889529
2092-10-12 12:00:00,2092,10,12,NA,12.1596445754005,19.6033323174393
2092-10-13 12:00:00,2092,10,13,NA,9.90595953097945,15.2384760330658
2092-10-14 12:00:00,2092,10,14,NA,9.82050672882226,15.1364873410427
2092-10-15 12:00:00,2092,10,15,NA,8.14094163733681,17.4558296554923
2092-10-16 12:00:00,2092,10,16,NA,7.27383848466863,20.2372452886591
2092-10-17 12:00:00,2092,10,17,NA,9.26694603283834,20.3207444719666
2092-10-18 12:00:00,2092,10,18,NA,7.82570370114112,19.7353200392583
2092-10-19 12:00:00,2092,10,19,NA,7.15969574607302,18.8791069352058
2092-10-20 12:00:00,2092,10,20,NA,10.3223717572017,17.8344472308339
2092-10-21 12:00:00,2092,10,21,NA,12.9479700215236,20.628170222573
2092-10-22 12:00:00,2092,10,22,NA,15.1541781393139,22.7515028546439
2092-10-23 12:00:00,2092,10,23,NA,14.6565119042187,20.1552897100251
2092-10-24 12:00:00,2092,10,24,NA,14.3326620895332,18.9076202698016
2092-10-25 12:00:00,2092,10,25,NA,11.2076576233648,19.8419444947483
2092-10-26 12:00:00,2092,10,26,NA,10.057544964513,17.2350997674472
2092-10-27 12:00:00,2092,10,27,NA,8.34626968306418,14.7296174185909
2092-10-28 12:00:00,2092,10,28,NA,6.13938955544249,9.77274684729294
2092-10-29 12:00:00,2092,10,29,NA,-0.620918670545166,7.07198197792822
2092-10-30 12:00:00,2092,10,30,NA,-4.2226038580036,8.64397124418638
2092-10-31 12:00:00,2092,10,31,NA,0.149450246910903,9.57956836142364
2092-11-01 12:00:00,2092,11,1,NA,-1.41198034970838,11.5514264542821
2092-11-02 12:00:00,2092,11,2,NA,0.715704421260885,11.0521196947734
2092-11-03 12:00:00,2092,11,3,NA,3.93574366477668,11.9699469605119
2092-11-04 12:00:00,2092,11,4,NA,4.04394878264849,9.38944554940447
2092-11-05 12:00:00,2092,11,5,NA,7.34938815091643,9.30312404052672
2092-11-06 12:00:00,2092,11,6,NA,5.91171269676089,7.77588221704058
2092-11-07 12:00:00,2092,11,7,NA,3.11455010551136,6.87006475510341
2092-11-08 12:00:00,2092,11,8,NA,2.96761587302749,9.88146886457577
2092-11-09 12:00:00,2092,11,9,NA,-0.137336877206889,11.8943532461657
2092-11-10 12:00:00,2092,11,10,NA,0.93746581489417,14.1713885524571
2092-11-11 12:00:00,2092,11,11,NA,6.01717154853811,13.7660764420678
2092-11-12 12:00:00,2092,11,12,NA,7.32795293196693,9.28112516350469
2092-11-13 12:00:00,2092,11,13,NA,2.574174792324,6.33897087699346
2092-11-14 12:00:00,2092,11,14,NA,-0.187570368942908,3.7001191496088
2092-11-15 12:00:00,2092,11,15,NA,2.50462123909584,10.036089660595
2092-11-16 12:00:00,2092,11,16,NA,5.87190530560784,11.8348665804442
2092-11-17 12:00:00,2092,11,17,NA,5.33688198857305,9.90739630170616
2092-11-18 12:00:00,2092,11,18,NA,4.88889024531843,5.83656407071073
2092-11-19 12:00:00,2092,11,19,NA,4.13969662283914,11.201563456313
2092-11-20 12:00:00,2092,11,20,NA,4.52152027495259,13.6381520962368
2092-11-21 12:00:00,2092,11,21,NA,4.73532126073234,10.5727578640085
2092-11-22 12:00:00,2092,11,22,NA,9.91628452689522,15.5275842938759
2092-11-23 12:00:00,2092,11,23,NA,9.34958630531298,13.1104144091411
2092-11-24 12:00:00,2092,11,24,NA,7.58239129001198,13.4336574321464
2092-11-25 12:00:00,2092,11,25,NA,7.66640000874905,14.7077486232053
2092-11-26 12:00:00,2092,11,26,NA,6.54151065709022,12.1522559753604
2092-11-27 12:00:00,2092,11,27,NA,6.06703649385405,12.0809826118338
2092-11-28 12:00:00,2092,11,28,NA,4.7981260266071,13.6672176142702
2092-11-29 12:00:00,2092,11,29,NA,3.13493860869235,5.95310563320998
2092-11-30 12:00:00,2092,11,30,NA,3.16782319516677,6.92203167939826
2092-12-01 12:00:00,2092,12,1,NA,-5.30491145962427,3.71885089139139
2092-12-02 12:00:00,2092,12,2,NA,-3.05464456086644,2.96885601804183
2092-12-03 12:00:00,2092,12,3,NA,-5.91463934846166,3.02889881895408
2092-12-04 12:00:00,2092,12,4,NA,-0.774018155879236,5.33230827086781
2092-12-05 12:00:00,2092,12,5,NA,2.68601982198633,8.37115912579982
2092-12-06 12:00:00,2092,12,6,NA,1.45766843080873,4.51169723050393
2092-12-07 12:00:00,2092,12,7,NA,0.623795900173551,1.64361516404524
2092-12-08 12:00:00,2092,12,8,NA,-1.09369572704516,2.97905976568699
2092-12-09 12:00:00,2092,12,9,NA,1.43657130030984,6.04685476660559
2092-12-10 12:00:00,2092,12,10,NA,-1.28622080598881,8.32969607425912
2092-12-11 12:00:00,2092,12,11,NA,4.42532993226591,6.44235238198356
2092-12-12 12:00:00,2092,12,12,NA,2.99047829795272,6.83110210240635
2092-12-13 12:00:00,2092,12,13,NA,3.93901506922663,9.9625156481349
2092-12-14 12:00:00,2092,12,14,NA,4.95288158234804,12.8167264854183
2092-12-15 12:00:00,2092,12,15,NA,7.2451533954889,10.5291283610976
2092-12-16 12:00:00,2092,12,16,NA,3.45588995460834,8.41671707511966
2092-12-17 12:00:00,2092,12,17,NA,8.31680172356434,11.3753452586461
2092-12-18 12:00:00,2092,12,18,NA,8.65742354673383,12.3080138464601
2092-12-19 12:00:00,2092,12,19,NA,10.4226109393759,10.9908754425688
2092-12-20 12:00:00,2092,12,20,NA,9.9971784143204,10.5654429175133
2092-12-21 12:00:00,2092,12,21,NA,5.45230568008551,8.81865883717603
2092-12-22 12:00:00,2092,12,22,NA,5.19851475725717,8.06097268879954
2092-12-23 12:00:00,2092,12,23,NA,-0.952855097382067,3.91265135374022
2092-12-24 12:00:00,2092,12,24,NA,2.85002600337802,9.96138749809453
2092-12-25 12:00:00,2092,12,25,NA,3.45400363206049,9.02413690474791
2092-12-26 12:00:00,2092,12,26,NA,9.69488531541575,15.3314040640333
2092-12-27 12:00:00,2092,12,27,NA,4.55878148745976,9.76713595317289
2092-12-28 12:00:00,2092,12,28,NA,0.389528334176025,3.41032197690037
2092-12-29 12:00:00,2092,12,29,NA,3.02094023777449,7.63122370407024
2092-12-30 12:00:00,2092,12,30,NA,1.43977666003254,5.2898705646132
2092-12-31 12:00:00,2092,12,31,NA,-2.56219828543436,3.55518677377384
2093-01-01 12:00:00,2093,1,1,NA,-2.35404788582066,4.0665047392066
2093-01-02 12:00:00,2093,1,2,NA,-0.383297362950276,4.95543926445952
2093-01-03 12:00:00,2093,1,3,NA,2.50725633172499,9.61933632392026
2093-01-04 12:00:00,2093,1,4,NA,-2.44635591969362,8.22560156806529
2093-01-05 12:00:00,2093,1,5,NA,1.91457361034704,10.3583237376271
2093-01-06 12:00:00,2093,1,6,NA,2.42486494485627,4.18046867229096
2093-01-07 12:00:00,2093,1,7,NA,-2.758217451535,-0.888893685505918
2093-01-08 12:00:00,2093,1,8,NA,-0.196052853369415,5.99580437481833
2093-01-09 12:00:00,2093,1,9,NA,0.850711102969325,8.62341890297177
2093-01-10 12:00:00,2093,1,10,NA,3.54426624802151,7.85223248042964
2093-01-11 12:00:00,2093,1,11,NA,1.56592121279716,6.62815721975483
2093-01-12 12:00:00,2093,1,12,NA,0.657432428064113,6.79749457699472
2093-01-13 12:00:00,2093,1,13,NA,-2.20687726536547,0.463850786380228
2093-01-14 12:00:00,2093,1,14,NA,4.69176572825239,9.27794467167199
2093-01-15 12:00:00,2093,1,15,NA,3.0357734457006,5.12095001083088
2093-01-16 12:00:00,2093,1,16,NA,2.01317991836364,8.82628689579752
2093-01-17 12:00:00,2093,1,17,NA,-0.711431677613453,7.55159895201267
2093-01-18 12:00:00,2093,1,18,NA,1.54985711227153,5.98647712290561
2093-01-19 12:00:00,2093,1,19,NA,-0.95397819024281,3.10917098269547
2093-01-20 12:00:00,2093,1,20,NA,-5.84484637777906,0.30995110367079
2093-01-21 12:00:00,2093,1,21,NA,0.897417788335217,3.98426207845158
2093-01-22 12:00:00,2093,1,22,NA,-1.75272697374503,-0.151723032368192
2093-01-23 12:00:00,2093,1,23,NA,-1.89169233215849,0.649470085644969
2093-01-24 12:00:00,2093,1,24,NA,-3.14983621134507,1.92460883658667
2093-01-25 12:00:00,2093,1,25,NA,-2.08584074659574,4.36760543124021
2093-01-26 12:00:00,2093,1,26,NA,-2.90122631468084,2.53701440050615
2093-01-27 12:00:00,2093,1,27,NA,-1.27627671385468,0.653873416055685
2093-01-28 12:00:00,2093,1,28,NA,-2.9074692598191,0.19158080286803
2093-01-29 12:00:00,2093,1,29,NA,-5.71036129536803,-0.80335425143047
2093-01-30 12:00:00,2093,1,30,NA,1.02957361431269,3.0337333689797
2093-01-31 12:00:00,2093,1,31,NA,3.55632414002086,6.40203688314906
2093-02-01 12:00:00,2093,2,1,NA,-1.49408304366027,2.27741238460533
2093-02-02 12:00:00,2093,2,2,NA,-1.91391815986362,1.35601957993025
2093-02-03 12:00:00,2093,2,3,NA,-0.526780753183784,3.90993272957714
2093-02-04 12:00:00,2093,2,4,NA,3.44202425123884,10.4681362415959
2093-02-05 12:00:00,2093,2,5,NA,5.38078837271705,11.0570778271612
2093-02-06 12:00:00,2093,2,6,NA,0.923624766585767,10.4413345714439
2093-02-07 12:00:00,2093,2,7,NA,0.777611098857852,12.158811634928
2093-02-08 12:00:00,2093,2,8,NA,3.06206113340819,13.4695212707505
2093-02-09 12:00:00,2093,2,9,NA,6.7158002142406,16.2335100190988
2093-02-10 12:00:00,2093,2,10,NA,7.7972196288936,13.6046867675766
2093-02-11 12:00:00,2093,2,11,NA,5.40685762247349,11.1915813098274
2093-02-12 12:00:00,2093,2,12,NA,3.64839476552127,11.2327086238485
2093-02-13 12:00:00,2093,2,13,NA,7.60202831692593,11.7896894667185
2093-02-14 12:00:00,2093,2,14,NA,7.4898605536184,14.256072191814
2093-02-15 12:00:00,2093,2,15,NA,5.81891923315727,14.2850653257573
2093-02-16 12:00:00,2093,2,16,NA,5.79250467513517,15.0684700185296
2093-02-17 12:00:00,2093,2,17,NA,5.52163796658484,13.3728513371693
2093-02-18 12:00:00,2093,2,18,NA,1.28426323132586,6.40982880908124
2093-02-19 12:00:00,2093,2,19,NA,0.822298984290482,11.7594607389525
2093-02-20 12:00:00,2093,2,20,NA,-4.16894832536907,6.31399521983494
2093-02-21 12:00:00,2093,2,21,NA,-0.509986377647734,8.48005167988075
2093-02-22 12:00:00,2093,2,22,NA,0.981168696486514,8.42780492513296
2093-02-23 12:00:00,2093,2,23,NA,5.27068830833757,11.7916631225913
2093-02-24 12:00:00,2093,2,24,NA,7.03756998237406,14.3925028030397
2093-02-25 12:00:00,2093,2,25,NA,5.8680980625577,11.9477168422247
2093-02-26 12:00:00,2093,2,26,NA,6.10605289444235,10.3723511736064
2093-02-27 12:00:00,2093,2,27,NA,7.79365952623463,9.59346342399733
2093-02-28 12:00:00,2093,2,28,NA,2.16634532043829,7.10419942066359
2093-03-01 12:00:00,2093,3,1,NA,2.82296113944522,6.1909284979487
2093-03-02 12:00:00,2093,3,2,NA,1.09236356108462,5.84406055690536
2093-03-03 12:00:00,2093,3,3,NA,1.60905355913261,8.81450136471429
2093-03-04 12:00:00,2093,3,4,NA,2.02319225581027,10.520422528658
2093-03-05 12:00:00,2093,3,5,NA,2.15639724927185,10.8818971146858
2093-03-06 12:00:00,2093,3,6,NA,3.21712697396742,9.8306993380802
2093-03-07 12:00:00,2093,3,7,NA,4.72508424461763,13.7798924066144
2093-03-08 12:00:00,2093,3,8,NA,6.67498679735735,11.8604851936867
2093-03-09 12:00:00,2093,3,9,NA,4.67715025018665,11.1034537476923
2093-03-10 12:00:00,2093,3,10,NA,1.44206849580405,6.13477952179168
2093-03-11 12:00:00,2093,3,11,NA,1.65950416182343,5.98749883155293
2093-03-12 12:00:00,2093,3,12,NA,8.3591663211701,13.5200491650607
2093-03-13 12:00:00,2093,3,13,NA,7.98601872732932,10.7299313494415
2093-03-14 12:00:00,2093,3,14,NA,4.87873077568994,12.1330017179329
2093-03-15 12:00:00,2093,3,15,NA,0.247131350181951,10.9241336805061
2093-03-16 12:00:00,2093,3,16,NA,5.1669209205066,12.4461249090872
2093-03-17 12:00:00,2093,3,17,NA,2.9432555264401,15.1756608380465
2093-03-18 12:00:00,2093,3,18,NA,2.89226638728273,8.66144829597351
2093-03-19 12:00:00,2093,3,19,NA,1.46484986104699,13.8287224055093
2093-03-20 12:00:00,2093,3,20,NA,3.77802724102698,16.7800804345657
2093-03-21 12:00:00,2093,3,21,NA,8.94130783605437,20.0402217251298
2093-03-22 12:00:00,2093,3,22,NA,4.87175875260579,17.5734170230165
2093-03-23 12:00:00,2093,3,23,NA,7.1631590279537,18.6403889339089
2093-03-24 12:00:00,2093,3,24,NA,7.06510931052412,15.7906091759381
2093-03-25 12:00:00,2093,3,25,NA,5.35495123237475,9.11644304850328
2093-03-26 12:00:00,2093,3,26,NA,1.35228723172138,8.85158309769664
2093-03-27 12:00:00,2093,3,27,NA,4.25612772201757,11.5103986642605
2093-03-28 12:00:00,2093,3,28,NA,2.41264639487888,12.3373677585433
2093-03-29 12:00:00,2093,3,29,NA,1.18958627269744,16.2261072214652
2093-03-30 12:00:00,2093,3,30,NA,8.27328220015469,17.3390159834115
2093-03-31 12:00:00,2093,3,31,NA,9.85094000857946,19.0886181765776
2093-04-01 12:00:00,2093,4,1,NA,5.08030490647197,21.2337796237302
2093-04-02 12:00:00,2093,4,2,NA,-0.44794204415744,17.6440467645922
2093-04-03 12:00:00,2093,4,3,NA,5.76973922883612,13.934952877219
2093-04-04 12:00:00,2093,4,4,NA,2.81015802298115,11.9727829514207
2093-04-05 12:00:00,2093,4,5,NA,2.93172079514,9.07577232052234
2093-04-06 12:00:00,2093,4,6,NA,4.05683166699032,6.25442868301044
2093-04-07 12:00:00,2093,4,7,NA,2.17164482426783,8.23879990923379
2093-04-08 12:00:00,2093,4,8,NA,0.791168242069983,9.2963505993015
2093-04-09 12:00:00,2093,4,9,NA,0.0501263729764316,15.6452846003948
2093-04-10 12:00:00,2093,4,10,NA,0.687708172451582,9.1338872714506
2093-04-11 12:00:00,2093,4,11,NA,-2.83886759331396,13.2282479391664
2093-04-12 12:00:00,2093,4,12,NA,3.05409553812899,8.21283634397824
2093-04-13 12:00:00,2093,4,13,NA,1.07378513908737,11.5704348020335
2093-04-14 12:00:00,2093,4,14,NA,3.37503223821097,14.7509566191391
2093-04-15 12:00:00,2093,4,15,NA,1.25452873330466,19.1599388461598
2093-04-16 12:00:00,2093,4,16,NA,2.02311959444281,17.3047100858727
2093-04-17 12:00:00,2093,4,17,NA,4.92544011942838,19.178161522679
2093-04-18 12:00:00,2093,4,18,NA,6.91455589138506,13.9783693839125
2093-04-19 12:00:00,2093,4,19,NA,7.6707823526071,17.1563359930354
2093-04-20 12:00:00,2093,4,20,NA,11.07858560673,20.3656850462231
2093-04-21 12:00:00,2093,4,21,NA,10.2478449033824,17.2102909729286
2093-04-22 12:00:00,2093,4,22,NA,6.32860854097722,19.4484597137786
2093-04-23 12:00:00,2093,4,23,NA,5.02993337743554,20.5440217663287
2093-04-24 12:00:00,2093,4,24,NA,2.89595319055136,24.6280428358324
2093-04-25 12:00:00,2093,4,25,NA,9.44252670098182,26.2997349832828
2093-04-26 12:00:00,2093,4,26,NA,3.94318323078283,21.4619301070145
2093-04-27 12:00:00,2093,4,27,NA,8.42357130914814,22.1500403665215
2093-04-28 12:00:00,2093,4,28,NA,11.6275024769939,22.1325058043321
2093-04-29 12:00:00,2093,4,29,NA,10.3864059292197,25.1767908718796
2093-04-30 12:00:00,2093,4,30,NA,7.04733345571143,23.9551520755305
2093-05-01 12:00:00,2093,5,1,NA,6.19610574644481,23.1780711437719
2093-05-02 12:00:00,2093,5,2,NA,11.2168827711265,21.6294130151591
2093-05-03 12:00:00,2093,5,3,NA,4.80729650856836,22.2445178983508
2093-05-04 12:00:00,2093,5,4,NA,13.6469778967087,23.5409828161424
2093-05-05 12:00:00,2093,5,5,NA,10.1466793077499,17.9230521016242
2093-05-06 12:00:00,2093,5,6,NA,9.20906705383054,19.8629382523655
2093-05-07 12:00:00,2093,5,7,NA,6.87243198479952,18.7259832141199
2093-05-08 12:00:00,2093,5,8,NA,14.2101383948969,15.178616695072
2093-05-09 12:00:00,2093,5,9,NA,9.93504005785081,15.5622849411027
2093-05-10 12:00:00,2093,5,10,NA,10.3772326131395,21.5816264277688
2093-05-11 12:00:00,2093,5,11,NA,11.369568347366,28.1600249524012
2093-05-12 12:00:00,2093,5,12,NA,9.03247038090897,17.2782013817804
2093-05-13 12:00:00,2093,5,13,NA,10.6681413143854,16.197745014924
2093-05-14 12:00:00,2093,5,14,NA,9.41513590203752,15.3009849890222
2093-05-15 12:00:00,2093,5,15,NA,4.76820936132856,18.352369789425
2093-05-16 12:00:00,2093,5,16,NA,4.92341715584472,16.557444798374
2093-05-17 12:00:00,2093,5,17,NA,6.6038462885515,15.6898427988252
2093-05-18 12:00:00,2093,5,18,NA,4.5118589804613,18.159769780551
2093-05-19 12:00:00,2093,5,19,NA,5.95408885347071,16.8123056216642
2093-05-20 12:00:00,2093,5,20,NA,5.51112154948452,21.0883788554555
2093-05-21 12:00:00,2093,5,21,NA,6.79147564030052,21.3457459134914
2093-05-22 12:00:00,2093,5,22,NA,14.2035761552753,20.0767862949629
2093-05-23 12:00:00,2093,5,23,NA,8.42529756804139,24.2461651462864
2093-05-24 12:00:00,2093,5,24,NA,14.5554674007543,24.2875193560932
2093-05-25 12:00:00,2093,5,25,NA,17.7289302354579,23.9739645730925
2093-05-26 12:00:00,2093,5,26,NA,18.1606878612175,25.9914897023628
2093-05-27 12:00:00,2093,5,27,NA,18.341444135177,25.0853774998265
2093-05-28 12:00:00,2093,5,28,NA,17.0815049692317,22.9673540562164
2093-05-29 12:00:00,2093,5,29,NA,18.7071742278951,24.5571904270505
2093-05-30 12:00:00,2093,5,30,NA,11.2802781990784,22.9069145342364
2093-05-31 12:00:00,2093,5,31,NA,8.69797603359456,24.9076649126297
2093-06-01 12:00:00,2093,6,1,NA,12.3807888837916,21.2974587627308
2093-06-02 12:00:00,2093,6,2,NA,13.1720871421461,16.6869002765994
2093-06-03 12:00:00,2093,6,3,NA,9.56927907738309,18.9703247638573
2093-06-04 12:00:00,2093,6,4,NA,7.7070008810683,24.2350418695205
2093-06-05 12:00:00,2093,6,5,NA,5.98268949428101,24.635547662845
2093-06-06 12:00:00,2093,6,6,NA,8.54846051331514,22.5572302860421
2093-06-07 12:00:00,2093,6,7,NA,7.71634151041241,24.4690844944738
2093-06-08 12:00:00,2093,6,8,NA,11.4443299542887,21.144457923653
2093-06-09 12:00:00,2093,6,9,NA,11.6911646354608,26.1380891031558
2093-06-10 12:00:00,2093,6,10,NA,9.68003470177824,20.1125934132548
2093-06-11 12:00:00,2093,6,11,NA,11.0287132576255,16.1623184206189
2093-06-12 12:00:00,2093,6,12,NA,8.22099809385691,16.4474190674182
2093-06-13 12:00:00,2093,6,13,NA,12.4771511628622,18.9034151008145
2093-06-14 12:00:00,2093,6,14,NA,9.93166146864199,22.9413282304293
2093-06-15 12:00:00,2093,6,15,NA,6.23057424835184,23.7552101341973
2093-06-16 12:00:00,2093,6,16,NA,10.7817588878367,27.3135818344799
2093-06-17 12:00:00,2093,6,17,NA,17.3529542917358,30.5953064051575
2093-06-18 12:00:00,2093,6,18,NA,13.248860227274,21.4565390777615
2093-06-19 12:00:00,2093,6,19,NA,13.5990191377782,22.2958496831218
2093-06-20 12:00:00,2093,6,20,NA,13.4553322082346,24.7906966873048
2093-06-21 12:00:00,2093,6,21,NA,12.9859461372566,26.1058113158051
2093-06-22 12:00:00,2093,6,22,NA,10.8236953969005,27.3517363853527
2093-06-23 12:00:00,2093,6,23,NA,12.9498330354409,23.3819914734693
2093-06-24 12:00:00,2093,6,24,NA,13.7905390651577,20.1365643514197
2093-06-25 12:00:00,2093,6,25,NA,14.5880655452913,19.740448605683
2093-06-26 12:00:00,2093,6,26,NA,14.5604619833475,20.6228325590405
2093-06-27 12:00:00,2093,6,27,NA,9.00820033241012,23.4663985883662
2093-06-28 12:00:00,2093,6,28,NA,6.98035710319263,28.1348018809738
2093-06-29 12:00:00,2093,6,29,NA,14.4456429522127,34.0238953873572
2093-06-30 12:00:00,2093,6,30,NA,16.7178730858766,33.867865099748
2093-07-01 12:00:00,2093,7,1,NA,17.3233154603068,25.7855934589773
2093-07-02 12:00:00,2093,7,2,NA,15.2652017502728,25.8101685036793
2093-07-03 12:00:00,2093,7,3,NA,14.1320904003081,26.4517563151594
2093-07-04 12:00:00,2093,7,4,NA,12.1975193958386,28.3503560625146
2093-07-05 12:00:00,2093,7,5,NA,12.0281518567265,28.4302220446003
2093-07-06 12:00:00,2093,7,6,NA,15.09051999279,29.2110924044884
2093-07-07 12:00:00,2093,7,7,NA,17.4209723484946,31.808585201857
2093-07-08 12:00:00,2093,7,8,NA,16.9142918713785,33.8010467092523
2093-07-09 12:00:00,2093,7,9,NA,21.2677550088298,34.1242838340908
2093-07-10 12:00:00,2093,7,10,NA,16.9640215395955,34.1601108300134
2093-07-11 12:00:00,2093,7,11,NA,16.7697977763673,36.9365771772593
2093-07-12 12:00:00,2093,7,12,NA,21.0397279902064,38.2837738644165
2093-07-13 12:00:00,2093,7,13,NA,20.3778681111889,32.0488078367453
2093-07-14 12:00:00,2093,7,14,NA,16.3209282374224,28.5848100603384
2093-07-15 12:00:00,2093,7,15,NA,18.3512662246792,24.2589370285534
2093-07-16 12:00:00,2093,7,16,NA,25.8624803903133,30.8813992539488
2093-07-17 12:00:00,2093,7,17,NA,26.5448709734299,30.364088430448
2093-07-18 12:00:00,2093,7,18,NA,23.2688571548858,31.4340967578942
2093-07-19 12:00:00,2093,7,19,NA,19.6071310508427,31.2149913522291
2093-07-20 12:00:00,2093,7,20,NA,17.0338747188687,23.6978301368492
2093-07-21 12:00:00,2093,7,21,NA,14.2613305816176,25.9322703071741
2093-07-22 12:00:00,2093,7,22,NA,15.446607752778,31.4686799577317
2093-07-23 12:00:00,2093,7,23,NA,13.6461656617133,28.7635075337474
2093-07-24 12:00:00,2093,7,24,NA,11.8517567978104,27.2103114258236
2093-07-25 12:00:00,2093,7,25,NA,18.6145157017023,28.8521161271089
2093-07-26 12:00:00,2093,7,26,NA,22.0473021056716,27.3088139555513
2093-07-27 12:00:00,2093,7,27,NA,21.0970294275251,30.6908946449089
2093-07-28 12:00:00,2093,7,28,NA,21.4224331864943,29.4610561694441
2093-07-29 12:00:00,2093,7,29,NA,19.459253975884,27.1350011102312
2093-07-30 12:00:00,2093,7,30,NA,17.9186603485182,25.5647354650852
2093-07-31 12:00:00,2093,7,31,NA,18.9832528725159,27.4964284271098
2093-08-01 12:00:00,2093,8,1,NA,22.357756156977,24.3166922980664
2093-08-02 12:00:00,2093,8,2,NA,18.497230691173,22.6189316101196
2093-08-03 12:00:00,2093,8,3,NA,15.3617495149709,18.9508200534584
2093-08-04 12:00:00,2093,8,4,NA,16.4110608251055,20.00396790054
2093-08-05 12:00:00,2093,8,5,NA,11.4360573532915,22.1976949238939
2093-08-06 12:00:00,2093,8,6,NA,13.4448200501166,22.7576541107833
2093-08-07 12:00:00,2093,8,7,NA,15.9599855295776,22.293326040328
2093-08-08 12:00:00,2093,8,8,NA,10.1211311682652,22.435094067936
2093-08-09 12:00:00,2093,8,9,NA,11.7416009143107,19.9842817351626
2093-08-10 12:00:00,2093,8,10,NA,12.489191673216,22.3634588970025
2093-08-11 12:00:00,2093,8,11,NA,13.6480668995116,21.0693358095587
2093-08-12 12:00:00,2093,8,12,NA,13.6652078566808,19.119902737697
2093-08-13 12:00:00,2093,8,13,NA,13.5233938654714,25.5584840923082
2093-08-14 12:00:00,2093,8,14,NA,13.1556063570938,23.2853029532345
2093-08-15 12:00:00,2093,8,15,NA,12.4049101853709,30.012363671009
2093-08-16 12:00:00,2093,8,16,NA,17.9341028916014,29.798404291986
2093-08-17 12:00:00,2093,8,17,NA,12.7536201510629,30.3857128938799
2093-08-18 12:00:00,2093,8,18,NA,15.7672913332387,30.365499558294
2093-08-19 12:00:00,2093,8,19,NA,14.7253278017023,27.2747580267265
2093-08-20 12:00:00,2093,8,20,NA,11.57052710445,25.486522783114
2093-08-21 12:00:00,2093,8,21,NA,14.817848923599,23.1084981562139
2093-08-22 12:00:00,2093,8,22,NA,14.7156808632222,28.6587281651556
2093-08-23 12:00:00,2093,8,23,NA,15.0166801456406,23.0966351451573
2093-08-24 12:00:00,2093,8,24,NA,12.5464211560216,21.8034454016943
2093-08-25 12:00:00,2093,8,25,NA,10.1733789023927,23.9140658925741
2093-08-26 12:00:00,2093,8,26,NA,10.9147942501713,21.6744119017191
2093-08-27 12:00:00,2093,8,27,NA,10.1015917546991,21.8377634967804
2093-08-28 12:00:00,2093,8,28,NA,12.1551038778754,22.9147215294232
2093-08-29 12:00:00,2093,8,29,NA,13.1561629384507,22.9744332474877
2093-08-30 12:00:00,2093,8,30,NA,11.3257698866388,23.0246536854733
2093-08-31 12:00:00,2093,8,31,NA,13.6178535023693,22.4076165469186
2093-09-01 12:00:00,2093,9,1,NA,11.6197589307801,21.869006716565
2093-09-02 12:00:00,2093,9,2,NA,12.9265080876177,23.7571835900072
2093-09-03 12:00:00,2093,9,3,NA,12.4481188653411,26.2930101656204
2093-09-04 12:00:00,2093,9,4,NA,15.423865333754,25.1586921138384
2093-09-05 12:00:00,2093,9,5,NA,18.0626000657686,23.7110747140317
2093-09-06 12:00:00,2093,9,6,NA,17.6241066290811,27.3890973040288
2093-09-07 12:00:00,2093,9,7,NA,14.7038384845107,26.2710270461902
2093-09-08 12:00:00,2093,9,8,NA,17.0150539460564,24.7042081692848
2093-09-09 12:00:00,2093,9,9,NA,14.9515809158175,27.2158067491244
2093-09-10 12:00:00,2093,9,10,NA,18.2270965876859,23.875571235949
2093-09-11 12:00:00,2093,9,11,NA,15.4240716857915,21.3136592779399
2093-09-12 12:00:00,2093,9,12,NA,16.2809067292262,20.1847089819832
2093-09-13 12:00:00,2093,9,13,NA,15.8825973373342,19.6951471789777
2093-09-14 12:00:00,2093,9,14,NA,11.3973711921141,21.1321979721985
2093-09-15 12:00:00,2093,9,15,NA,13.5326939136778,20.5659030693925
2093-09-16 12:00:00,2093,9,16,NA,14.5364071534813,23.8369706427917
2093-09-17 12:00:00,2093,9,17,NA,15.7473356995014,22.6670455134326
2093-09-18 12:00:00,2093,9,18,NA,12.9724963964051,16.2614306249872
2093-09-19 12:00:00,2093,9,19,NA,11.8479244299121,17.6055466788231
2093-09-20 12:00:00,2093,9,20,NA,11.1266093625848,16.9274283236378
2093-09-21 12:00:00,2093,9,21,NA,7.13025441462211,23.1160676533436
2093-09-22 12:00:00,2093,9,22,NA,8.6343142470482,18.9776253581935
2093-09-23 12:00:00,2093,9,23,NA,6.56160891392045,19.9299551241955
2093-09-24 12:00:00,2093,9,24,NA,5.85134303980935,15.905178076629
2093-09-25 12:00:00,2093,9,25,NA,8.5013090517582,14.947504396278
2093-09-26 12:00:00,2093,9,26,NA,7.23820953822952,17.8881215432746
2093-09-27 12:00:00,2093,9,27,NA,9.1111140436494,24.3580036907908
2093-09-28 12:00:00,2093,9,28,NA,10.7894063698592,25.2186122156078
2093-09-29 12:00:00,2093,9,29,NA,16.4904605400764,26.8604361133065
2093-09-30 12:00:00,2093,9,30,NA,16.5479929262179,29.0337764445614
2093-10-01 12:00:00,2093,10,1,NA,19.8194747869396,23.1878291744452
2093-10-02 12:00:00,2093,10,2,NA,18.3573738561656,20.9302549274276
2093-10-03 12:00:00,2093,10,3,NA,18.4312231276344,22.6251090557533
2093-10-04 12:00:00,2093,10,4,NA,17.4836394444952,20.8942693381738
2093-10-05 12:00:00,2093,10,5,NA,12.8992989620367,20.4523686148287
2093-10-06 12:00:00,2093,10,6,NA,15.1459355088547,17.3181280157534
2093-10-07 12:00:00,2093,10,7,NA,12.690318116847,14.5613824812776
2093-10-08 12:00:00,2093,10,8,NA,9.98277095630222,15.5913873380974
2093-10-09 12:00:00,2093,10,9,NA,8.02342322073397,16.9255048549677
2093-10-10 12:00:00,2093,10,10,NA,8.22916382537065,12.6874170084633
2093-10-11 12:00:00,2093,10,11,NA,12.4802390063852,16.3900436630992
2093-10-12 12:00:00,2093,10,12,NA,10.025476614878,18.7901725191579
2093-10-13 12:00:00,2093,10,13,NA,8.97299296653583,23.0594293474067
2093-10-14 12:00:00,2093,10,14,NA,12.5660270762702,25.5352796781752
2093-10-15 12:00:00,2093,10,15,NA,14.0802720611941,24.3784141907361
2093-10-16 12:00:00,2093,10,16,NA,14.947741268747,24.1971634624407
2093-10-17 12:00:00,2093,10,17,NA,14.5489208104681,27.9247767307867
2093-10-18 12:00:00,2093,10,18,NA,11.5869032609709,19.8816154891274
2093-10-19 12:00:00,2093,10,19,NA,10.6539583116976,22.3872085278775
2093-10-20 12:00:00,2093,10,20,NA,11.0073224334178,24.1734737494134
2093-10-21 12:00:00,2093,10,21,NA,12.9073195075304,24.4290015023591
2093-10-22 12:00:00,2093,10,22,NA,11.8918614790034,26.8459885734633
2093-10-23 12:00:00,2093,10,23,NA,15.9125545505272,23.3562422925661
2093-10-24 12:00:00,2093,10,24,NA,15.8453591442674,21.165163655274
2093-10-25 12:00:00,2093,10,25,NA,11.7398981911594,18.9924999411995
2093-10-26 12:00:00,2093,10,26,NA,10.7875498192872,21.0953555251643
2093-10-27 12:00:00,2093,10,27,NA,10.1848602112704,19.8335781305461
2093-10-28 12:00:00,2093,10,28,NA,10.7089399813221,20.4105866198958
2093-10-29 12:00:00,2093,10,29,NA,9.9768158561328,18.35386871953
2093-10-30 12:00:00,2093,10,30,NA,11.3089314816704,15.6191250489352
2093-10-31 12:00:00,2093,10,31,NA,6.18315718776487,9.92228227603032
2093-11-01 12:00:00,2093,11,1,NA,4.54446352510301,9.62331118260443
2093-11-02 12:00:00,2093,11,2,NA,4.46235425884789,10.1305762358305
2093-11-03 12:00:00,2093,11,3,NA,6.52219467375732,11.8385900082528
2093-11-04 12:00:00,2093,11,4,NA,6.77302164106065,13.3582339705932
2093-11-05 12:00:00,2093,11,5,NA,9.55109423302922,17.164136511913
2093-11-06 12:00:00,2093,11,6,NA,8.3375562324574,14.0353290527295
2093-11-07 12:00:00,2093,11,7,NA,10.6763668004606,15.2688445272904
2093-11-08 12:00:00,2093,11,8,NA,7.04450609407198,11.0249919317896
2093-11-09 12:00:00,2093,11,9,NA,8.21230480565615,12.6031062037726
2093-11-10 12:00:00,2093,11,10,NA,8.0523715619314,14.743631817433
2093-11-11 12:00:00,2093,11,11,NA,10.3970299979395,16.9778361541942
2093-11-12 12:00:00,2093,11,12,NA,3.52353568080114,8.18574777487915
2093-11-13 12:00:00,2093,11,13,NA,8.20548674490973,10.1530208431673
2093-11-14 12:00:00,2093,11,14,NA,5.41016777706073,10.688439164243
2093-11-15 12:00:00,2093,11,15,NA,11.0462961584948,12.5205742410635
2093-11-16 12:00:00,2093,11,16,NA,8.46562600113502,15.9383996251877
2093-11-17 12:00:00,2093,11,17,NA,9.84345326710923,16.6746792934812
2093-11-18 12:00:00,2093,11,18,NA,11.4628297412726,16.3873111674234
2093-11-19 12:00:00,2093,11,19,NA,7.99818407185555,17.7920394639867
2093-11-20 12:00:00,2093,11,20,NA,9.19082831565803,19.2385867635759
2093-11-21 12:00:00,2093,11,21,NA,8.31545614605158,17.6438901608104
2093-11-22 12:00:00,2093,11,22,NA,8.89643118731914,13.5929611544844
2093-11-23 12:00:00,2093,11,23,NA,8.30566767038212,12.3125856033744
2093-11-24 12:00:00,2093,11,24,NA,4.94172671293845,11.8255026398824
2093-11-25 12:00:00,2093,11,25,NA,6.60775925133239,18.6352850279415
2093-11-26 12:00:00,2093,11,26,NA,6.49665984922382,19.4604953508273
2093-11-27 12:00:00,2093,11,27,NA,9.13281385400281,14.7490529907402
2093-11-28 12:00:00,2093,11,28,NA,4.93555924706844,9.97003393501581
2093-11-29 12:00:00,2093,11,29,NA,3.46325144836613,11.0770856525412
2093-11-30 12:00:00,2093,11,30,NA,6.52812268539978,13.6253672713918
2093-12-01 12:00:00,2093,12,1,NA,8.50474501807482,17.8331790328337
2093-12-02 12:00:00,2093,12,2,NA,9.90293471104066,15.6825284930752
2093-12-03 12:00:00,2093,12,3,NA,9.58926399402633,13.8612270129804
2093-12-04 12:00:00,2093,12,4,NA,7.77753283670937,12.9317782613505
2093-12-05 12:00:00,2093,12,5,NA,8.28172660467794,13.2466570699312
2093-12-06 12:00:00,2093,12,6,NA,5.16738713166452,11.2823798566065
2093-12-07 12:00:00,2093,12,7,NA,-0.675468378487079,5.34803220042119
2093-12-08 12:00:00,2093,12,8,NA,-1.56075138324248,3.53552032552232
2093-12-09 12:00:00,2093,12,9,NA,-1.06908048762531,4.85369769709019
2093-12-10 12:00:00,2093,12,10,NA,-0.158142255477041,8.97269982375522
2093-12-11 12:00:00,2093,12,11,NA,1.48237654424487,8.57131916185546
2093-12-12 12:00:00,2093,12,12,NA,0.968040927445031,8.76290889608397
2093-12-13 12:00:00,2093,12,13,NA,1.76655101311933,8.53804990383438
2093-12-14 12:00:00,2093,12,14,NA,6.31508591784841,11.7835774083542
2093-12-15 12:00:00,2093,12,15,NA,6.65047122947547,16.3502921436027
2093-12-16 12:00:00,2093,12,16,NA,5.56862740673983,10.9949884072368
2093-12-17 12:00:00,2093,12,17,NA,-0.564766394595237,3.1847342427355
2093-12-18 12:00:00,2093,12,18,NA,-1.46134921291886,5.3101496777962
2093-12-19 12:00:00,2093,12,19,NA,-2.50756811568772,0.524926857881337
2093-12-20 12:00:00,2093,12,20,NA,-3.26519266714273,0.808981407948579
2093-12-21 12:00:00,2093,12,21,NA,-6.28285099377172,-1.19032485880792
2093-12-22 12:00:00,2093,12,22,NA,-8.29495730817144,-2.27145672926317
2093-12-23 12:00:00,2093,12,23,NA,0.59464037941686,1.6760587597609
2093-12-24 12:00:00,2093,12,24,NA,0.381035382509924,2.41915073374383
2093-12-25 12:00:00,2093,12,25,NA,-1.12783007906762,3.8329970414437
2093-12-26 12:00:00,2093,12,26,NA,5.7106814778376,11.8256742027796
2093-12-27 12:00:00,2093,12,27,NA,7.68151203207351,12.771355402835
2093-12-28 12:00:00,2093,12,28,NA,5.38557463615976,10.1607164094452
2093-12-29 12:00:00,2093,12,29,NA,4.25909503749595,8.24056849490141
2093-12-30 12:00:00,2093,12,30,NA,0.993101241257928,5.2957342472752
2093-12-31 12:00:00,2093,12,31,NA,1.10306986943281,4.13818427241725
2094-01-01 12:00:00,2094,1,1,NA,-0.66459398775892,6.18810213203758
2094-01-02 12:00:00,2094,1,2,NA,7.54167584028638,9.3640441368484
2094-01-03 12:00:00,2094,1,3,NA,4.79280079245376,9.98395500619582
2094-01-04 12:00:00,2094,1,4,NA,1.08761367588916,6.41394380441676
2094-01-05 12:00:00,2094,1,5,NA,0.52281244348027,5.57750830584082
2094-01-06 12:00:00,2094,1,6,NA,0.530285709592247,5.04581147379082
2094-01-07 12:00:00,2094,1,7,NA,-0.256700834172391,6.49719234088749
2094-01-08 12:00:00,2094,1,8,NA,1.30470006162498,7.0171085192156
2094-01-09 12:00:00,2094,1,9,NA,1.7997822069461,9.57249000694854
2094-01-10 12:00:00,2094,1,10,NA,2.559112246441,9.56865308096142
2094-01-11 12:00:00,2094,1,11,NA,1.49511422669095,7.37964118340595
2094-01-12 12:00:00,2094,1,12,NA,3.78792719194907,6.0137736961336
2094-01-13 12:00:00,2094,1,13,NA,3.65729859254568,8.16226702584644
2094-01-14 12:00:00,2094,1,14,NA,3.56258561587641,6.10374803367987
2094-01-15 12:00:00,2094,1,15,NA,5.19153851628007,9.38647188101906
2094-01-16 12:00:00,2094,1,16,NA,5.69659809328826,9.86457151222921
2094-01-17 12:00:00,2094,1,17,NA,11.8765233064472,14.7022542622435
2094-01-18 12:00:00,2094,1,18,NA,7.8557405246189,11.9577317799628
2094-01-19 12:00:00,2094,1,19,NA,6.85379346281342,11.760800506751
2094-01-20 12:00:00,2094,1,20,NA,5.50987025175254,12.736444832388
2094-01-21 12:00:00,2094,1,21,NA,4.95519378123988,5.88017979605963
2094-01-22 12:00:00,2094,1,22,NA,7.99633728580724,8.88889149788235
2094-01-23 12:00:00,2094,1,23,NA,9.86538880878074,13.465829995676
2094-01-24 12:00:00,2094,1,24,NA,11.0498235281618,14.2337311311331
2094-01-25 12:00:00,2094,1,25,NA,11.4133303681093,16.3674426133097
2094-01-26 12:00:00,2094,1,26,NA,6.98656869263668,11.5510899878623
2094-01-27 12:00:00,2094,1,27,NA,5.94719621983839,9.09281221507726
2094-01-28 12:00:00,2094,1,28,NA,2.85722213468042,5.56797949891679
2094-01-29 12:00:00,2094,1,29,NA,2.75868166285427,8.7879436212334
2094-01-30 12:00:00,2094,1,30,NA,2.46652990544222,9.2204230805021
2094-01-31 12:00:00,2094,1,31,NA,2.24302441996014,5.37799628222696
2094-02-01 12:00:00,2094,2,1,NA,3.66586694673193,6.76522837885471
2094-02-02 12:00:00,2094,2,2,NA,-2.34731220323549,2.22363118701354
2094-02-03 12:00:00,2094,2,3,NA,-0.643744060184759,4.65966446848335
2094-02-04 12:00:00,2094,2,4,NA,-0.109997292143511,7.13702740711832
2094-02-05 12:00:00,2094,2,5,NA,0.831699901838533,10.4059736585483
2094-02-06 12:00:00,2094,2,6,NA,4.55952246019007,8.6790196941768
2094-02-07 12:00:00,2094,2,7,NA,2.5731919289624,6.6230834254206
2094-02-08 12:00:00,2094,2,8,NA,5.5546970551854,11.5192688363341
2094-02-09 12:00:00,2094,2,9,NA,7.13662999490928,13.8306969746607
2094-02-10 12:00:00,2094,2,10,NA,5.89363980216262,9.16357754195649
2094-02-11 12:00:00,2094,2,11,NA,7.62154927864577,11.6800350894755
2094-02-12 12:00:00,2094,2,12,NA,6.23294808808847,9.80072699976788
2094-02-13 12:00:00,2094,2,13,NA,0.958309298556284,9.55209708530256
2094-02-14 12:00:00,2094,2,14,NA,8.00875117969769,15.3636840003633
2094-02-15 12:00:00,2094,2,15,NA,6.701125780007,10.1154103384292
2094-02-16 12:00:00,2094,2,16,NA,3.96515393328299,6.39120135054505
2094-02-17 12:00:00,2094,2,17,NA,-0.787074439679309,6.04922779915347
2094-02-18 12:00:00,2094,2,18,NA,-1.52401044485672,4.92332154487243
2094-02-19 12:00:00,2094,2,19,NA,-12.1384711187613,-4.81369681020683
2094-02-20 12:00:00,2094,2,20,NA,-5.22834909196005,-0.287446252559111
2094-02-21 12:00:00,2094,2,21,NA,-1.28433754341682,4.50038614393707
2094-02-22 12:00:00,2094,2,22,NA,0.67146889654959,5.10761762320186
2094-02-23 12:00:00,2094,2,23,NA,3.70142469542421,9.38728786387334
2094-02-24 12:00:00,2094,2,24,NA,0.905438846585899,9.86254622757675
2094-02-25 12:00:00,2094,2,25,NA,6.40842839006023,13.7519440462951
2094-02-26 12:00:00,2094,2,26,NA,6.5346705462472,15.370089219209
2094-02-27 12:00:00,2094,2,27,NA,7.55835829752722,11.0166797391371
2094-02-28 12:00:00,2094,2,28,NA,6.57420592361741,13.929138744283
2094-03-01 12:00:00,2094,3,1,NA,6.1140292814574,13.773971122592
2094-03-02 12:00:00,2094,3,2,NA,5.40718979800693,12.6126376035886
2094-03-03 12:00:00,2094,3,3,NA,5.03307105920137,17.2654763708077
2094-03-04 12:00:00,2094,3,4,NA,5.90165615579604,8.94940300812235
2094-03-05 12:00:00,2094,3,5,NA,4.90685589573817,10.2939872249866
2094-03-06 12:00:00,2094,3,6,NA,3.07343954551276,5.02149166775963
2094-03-07 12:00:00,2094,3,7,NA,2.58060203331841,10.0431449768216
2094-03-08 12:00:00,2094,3,8,NA,5.3358387742366,11.2248253451438
2094-03-09 12:00:00,2094,3,9,NA,3.63556683941382,11.8397967395738
2094-03-10 12:00:00,2094,3,10,NA,2.61395246034233,15.8797335554183
2094-03-11 12:00:00,2094,3,11,NA,2.9756948730426,15.3620960385609
2094-03-12 12:00:00,2094,3,12,NA,6.37772849516629,11.9322436401121
2094-03-13 12:00:00,2094,3,13,NA,4.33459724234482,10.1037791510356
2094-03-14 12:00:00,2094,3,14,NA,0.132101322007922,12.5906085202689
2094-03-15 12:00:00,2094,3,15,NA,2.90961252262929,7.81684228305643
2094-03-16 12:00:00,2094,3,16,NA,10.490302780082,14.7226202326916
2094-03-17 12:00:00,2094,3,17,NA,9.41085655596715,15.0156087702988
2094-03-18 12:00:00,2094,3,18,NA,7.39282579801524,17.7202195553176
2094-03-19 12:00:00,2094,3,19,NA,6.81041223429913,24.3759138022687
2094-03-20 12:00:00,2094,3,20,NA,8.97272273780392,23.5477216324204
2094-03-21 12:00:00,2094,3,21,NA,8.3759672626543,16.6207182799996
2094-03-22 12:00:00,2094,3,22,NA,6.70229856507838,15.4277984304923
2094-03-23 12:00:00,2094,3,23,NA,4.35241756922744,10.2963331510469
2094-03-24 12:00:00,2094,3,24,NA,4.00287947190151,12.5268537161237
2094-03-25 12:00:00,2094,3,25,NA,4.34451185407228,12.6213332699352
2094-03-26 12:00:00,2094,3,26,NA,6.5075757478718,12.6803914771346
2094-03-27 12:00:00,2094,3,27,NA,1.48634469814101,8.09991706225379
2094-03-28 12:00:00,2094,3,28,NA,-3.24186274396755,9.6004222218159
2094-03-29 12:00:00,2094,3,29,NA,-0.42903924114618,13.7559251280857
2094-03-30 12:00:00,2094,3,30,NA,-3.52109971177575,12.3218579173651
2094-03-31 12:00:00,2094,3,31,NA,7.41968980253788,16.0398638476752
2094-04-01 12:00:00,2094,4,1,NA,5.43413398722414,13.9313642600719
2094-04-02 12:00:00,2094,4,2,NA,4.60995472162629,14.6439050141065
2094-04-03 12:00:00,2094,4,3,NA,7.34028994910412,16.8395330055021
2094-04-04 12:00:00,2094,4,4,NA,2.73861299864268,20.0338611127444
2094-04-05 12:00:00,2094,4,5,NA,8.18586655163554,12.3976016933555
2094-04-06 12:00:00,2094,4,6,NA,4.43463295763631,12.4690980496146
2094-04-07 12:00:00,2094,4,7,NA,5.46794928615642,12.859611072385
2094-04-08 12:00:00,2094,4,8,NA,-0.128971370374598,16.1035686105728
2094-04-09 12:00:00,2094,4,9,NA,4.15733567523169,12.4795725823623
2094-04-10 12:00:00,2094,4,10,NA,10.6778324947536,16.9779339888334
2094-04-11 12:00:00,2094,4,11,NA,10.1119881108204,16.1711362994248
2094-04-12 12:00:00,2094,4,12,NA,5.44708931340603,16.8815862381891
2094-04-13 12:00:00,2094,4,13,NA,3.88774267212146,13.9216929646017
2094-04-14 12:00:00,2094,4,14,NA,6.38266873636406,24.2709873725601
2094-04-15 12:00:00,2094,4,15,NA,8.72873006594217,26.8207188746918
2094-04-16 12:00:00,2094,4,16,NA,6.00961817140411,20.6563358304487
2094-04-17 12:00:00,2094,4,17,NA,1.69364332978688,20.8477167890796
2094-04-18 12:00:00,2094,4,18,NA,7.90989046956071,17.0912383490913
2094-04-19 12:00:00,2094,4,19,NA,6.70320322051725,21.3793909048398
2094-04-20 12:00:00,2094,4,20,NA,12.5597347306317,24.277246211615
2094-04-21 12:00:00,2094,4,21,NA,9.76121537882379,24.9030780528089
2094-04-22 12:00:00,2094,4,22,NA,11.0842955361034,28.9897056489585
2094-04-23 12:00:00,2094,4,23,NA,10.7470422389693,26.869881001088
2094-04-24 12:00:00,2094,4,24,NA,3.13935918252763,24.3692823091493
2094-04-25 12:00:00,2094,4,25,NA,5.75781243346798,27.6482587631085
2094-04-26 12:00:00,2094,4,26,NA,10.3417486367489,27.2495672565679
2094-04-27 12:00:00,2094,4,27,NA,11.6359692253231,16.3610761937955
2094-04-28 12:00:00,2094,4,28,NA,5.81471909769599,17.9860782895662
2094-04-29 12:00:00,2094,4,29,NA,9.11971900802194,19.4700851747975
2094-04-30 12:00:00,2094,4,30,NA,3.92370532261,18.2183911187732
2094-05-01 12:00:00,2094,5,1,NA,5.71571128780595,19.0983973680059
2094-05-02 12:00:00,2094,5,2,NA,5.06768839841216,16.2720822130415
2094-05-03 12:00:00,2094,5,3,NA,4.20061688047694,18.731974249567
2094-05-04 12:00:00,2094,5,4,NA,10.66170783963,20.1415178462566
2094-05-05 12:00:00,2094,5,5,NA,9.54423624336547,18.3197801944005
2094-05-06 12:00:00,2094,5,6,NA,5.37749795527484,20.0279490222259
2094-05-07 12:00:00,2094,5,7,NA,8.6274166532659,21.2202160304962
2094-05-08 12:00:00,2094,5,8,NA,12.8685451573706,20.2456143366205
2094-05-09 12:00:00,2094,5,9,NA,8.61367096923057,20.3062208040523
2094-05-10 12:00:00,2094,5,10,NA,10.1141495342277,21.9677007635481
2094-05-11 12:00:00,2094,5,11,NA,17.0800466291342,22.9593688387738
2094-05-12 12:00:00,2094,5,12,NA,14.1440030569245,25.7968418305309
2094-05-13 12:00:00,2094,5,13,NA,14.9585091428373,19.8319013299727
2094-05-14 12:00:00,2094,5,14,NA,12.8984595028463,17.6277553836815
2094-05-15 12:00:00,2094,5,15,NA,10.3891236199195,19.1646675709546
2094-05-16 12:00:00,2094,5,16,NA,11.4830661233498,23.1359048969561
2094-05-17 12:00:00,2094,5,17,NA,14.1506799566645,26.8316595802296
2094-05-18 12:00:00,2094,5,18,NA,11.1707153690669,25.8131798943912
2094-05-19 12:00:00,2094,5,19,NA,12.2708153591312,28.8536072974746
2094-05-20 12:00:00,2094,5,20,NA,13.5037997634555,31.4430862997278
2094-05-21 12:00:00,2094,5,21,NA,14.0664344007693,21.8213538117658
2094-05-22 12:00:00,2094,5,22,NA,12.3426557882719,16.3248610985752
2094-05-23 12:00:00,2094,5,23,NA,13.6118906565779,18.9253560434489
2094-05-24 12:00:00,2094,5,24,NA,8.33142604422329,16.6787487658397
2094-05-25 12:00:00,2094,5,25,NA,8.48632013407562,15.8633893133256
2094-05-26 12:00:00,2094,5,26,NA,5.88170610864253,19.467664700541
2094-05-27 12:00:00,2094,5,27,NA,10.7088074164161,18.9251871927029
2094-05-28 12:00:00,2094,5,28,NA,8.95175542265807,20.0252039749741
2094-05-29 12:00:00,2094,5,29,NA,8.15885223737144,23.4908108329107
2094-05-30 12:00:00,2094,5,30,NA,12.6458236868758,27.2131774416959
2094-05-31 12:00:00,2094,5,31,NA,12.0618138552831,23.8148512316377
2094-06-01 12:00:00,2094,6,1,NA,14.7851475685942,23.6109803640015
2094-06-02 12:00:00,2094,6,2,NA,12.0344225586778,20.693217007069
2094-06-03 12:00:00,2094,6,3,NA,8.37969753038523,17.2734907042026
2094-06-04 12:00:00,2094,6,4,NA,9.5496913607898,17.7999386601871
2094-06-05 12:00:00,2094,6,5,NA,8.52988955420559,22.944745575036
2094-06-06 12:00:00,2094,6,6,NA,12.8337229222653,26.8944770729952
2094-06-07 12:00:00,2094,6,7,NA,14.0890842849869,25.3476310612326
2094-06-08 12:00:00,2094,6,8,NA,11.66173740929,29.9508958383569
2094-06-09 12:00:00,2094,6,9,NA,18.3923314519811,29.6643705403767
2094-06-10 12:00:00,2094,6,10,NA,18.1376619471573,25.4231170797022
2094-06-11 12:00:00,2094,6,11,NA,13.0802897157835,25.265046799606
2094-06-12 12:00:00,2094,6,12,NA,14.8939835278044,26.2523003401467
2094-06-13 12:00:00,2094,6,13,NA,8.07157177730278,24.603394723946
2094-06-14 12:00:00,2094,6,14,NA,5.21222691728059,24.583279815106
2094-06-15 12:00:00,2094,6,15,NA,13.6595771033941,31.1969858587675
2094-06-16 12:00:00,2094,6,16,NA,14.7374403927745,30.2846108387245
2094-06-17 12:00:00,2094,6,17,NA,19.2026411394546,29.1388995141659
2094-06-18 12:00:00,2094,6,18,NA,18.7302753583825,26.9177904273418
2094-06-19 12:00:00,2094,6,19,NA,17.3606009846439,26.5273350935023
2094-06-20 12:00:00,2094,6,20,NA,16.589939088372,24.0210381760264
2094-06-21 12:00:00,2094,6,21,NA,17.7507294120334,21.5874464438798
2094-06-22 12:00:00,2094,6,22,NA,9.06680833606856,26.591444221914
2094-06-23 12:00:00,2094,6,23,NA,10.2829363869366,18.4987619520653
2094-06-24 12:00:00,2094,6,24,NA,9.82259333906273,17.0484436586828
2094-06-25 12:00:00,2094,6,25,NA,9.37833562907469,18.5948151358068
2094-06-26 12:00:00,2094,6,26,NA,3.88443421154181,21.3525032984898
2094-06-27 12:00:00,2094,6,27,NA,7.10904747999142,19.7103225192889
2094-06-28 12:00:00,2094,6,28,NA,11.0795817615899,16.151277711076
2094-06-29 12:00:00,2094,6,29,NA,8.77945738337968,19.9189181526365
2094-06-30 12:00:00,2094,6,30,NA,10.3869280358978,19.6819678944266
2094-07-01 12:00:00,2094,7,1,NA,12.0565851196835,16.1879581577446
2094-07-02 12:00:00,2094,7,2,NA,12.3641363225558,17.3830551861913
2094-07-03 12:00:00,2094,7,3,NA,10.5202469611807,18.0614590514339
2094-07-04 12:00:00,2094,7,4,NA,9.10782929770787,19.2172064524537
2094-07-05 12:00:00,2094,7,5,NA,11.3653088588735,20.7790091823548
2094-07-06 12:00:00,2094,7,6,NA,11.7723913536286,22.377680270618
2094-07-07 12:00:00,2094,7,7,NA,14.4767692395536,22.0596492646927
2094-07-08 12:00:00,2094,7,8,NA,14.2751807296495,24.3223222643918
2094-07-09 12:00:00,2094,7,9,NA,13.346176889476,25.3804629563242
2094-07-10 12:00:00,2094,7,10,NA,10.6978227520823,25.7556984484968
2094-07-11 12:00:00,2094,7,11,NA,12.5433881771611,27.6075258746075
2094-07-12 12:00:00,2094,7,12,NA,18.6633357474813,27.3878703053915
2094-07-13 12:00:00,2094,7,13,NA,15.8133861022298,28.6570320964024
2094-07-14 12:00:00,2094,7,14,NA,16.2513650419137,26.5701767349913
2094-07-15 12:00:00,2094,7,15,NA,18.5708940674367,28.2743055586675
2094-07-16 12:00:00,2094,7,16,NA,17.2457977321122,24.7864132777025
2094-07-17 12:00:00,2094,7,17,NA,20.4090197506988,25.706333030573
2094-07-18 12:00:00,2094,7,18,NA,18.5602285440604,28.797828969467
2094-07-19 12:00:00,2094,7,19,NA,17.7337372896545,31.6063337466194
2094-07-20 12:00:00,2094,7,20,NA,13.6545545440672,28.7825690934416
2094-07-21 12:00:00,2094,7,21,NA,15.0541432406661,32.0465554651364
2094-07-22 12:00:00,2094,7,22,NA,17.3500346522847,29.847645401191
2094-07-23 12:00:00,2094,7,23,NA,18.499190160271,26.2640033239134
2094-07-24 12:00:00,2094,7,24,NA,16.9160447375734,25.7263752422719
2094-07-25 12:00:00,2094,7,25,NA,13.4597437914417,25.6472857376772
2094-07-26 12:00:00,2094,7,26,NA,16.3969010489906,27.5201300465367
2094-07-27 12:00:00,2094,7,27,NA,16.1801550422893,23.7050105817376
2094-07-28 12:00:00,2094,7,28,NA,10.2611883529016,23.1968653550247
2094-07-29 12:00:00,2094,7,29,NA,16.3536325758788,25.2390492946801
2094-07-30 12:00:00,2094,7,30,NA,14.0233261255441,28.363472966188
2094-07-31 12:00:00,2094,7,31,NA,19.4231949092411,31.7858929242993
2094-08-01 12:00:00,2094,8,1,NA,15.5946715486518,32.7795986084233
2094-08-02 12:00:00,2094,8,2,NA,15.9108828097919,27.0561952601177
2094-08-03 12:00:00,2094,8,3,NA,14.380520711657,26.6969046184745
2094-08-04 12:00:00,2094,8,4,NA,12.4743749918769,29.0996819212958
2094-08-05 12:00:00,2094,8,5,NA,10.4462867670671,27.1900761797737
2094-08-06 12:00:00,2094,8,6,NA,14.2783756838204,24.1833764107123
2094-08-07 12:00:00,2094,8,7,NA,14.807739299729,24.9760086227897
2094-08-08 12:00:00,2094,8,8,NA,9.97312208227514,24.8650783228874
2094-08-09 12:00:00,2094,8,9,NA,9.08271621156256,25.2282047127599
2094-08-10 12:00:00,2094,8,10,NA,9.11420782123573,24.8343481739575
2094-08-11 12:00:00,2094,8,11,NA,12.0393201627356,26.6371754308283
2094-08-12 12:00:00,2094,8,12,NA,16.1050624709715,22.6210205443313
2094-08-13 12:00:00,2094,8,13,NA,18.0088496730975,23.3963824709828
2094-08-14 12:00:00,2094,8,14,NA,18.9509002068522,23.5974750234769
2094-08-15 12:00:00,2094,8,15,NA,18.4218348686686,26.2948293504132
2094-08-16 12:00:00,2094,8,16,NA,17.4052593504047,27.301946057118
2094-08-17 12:00:00,2094,8,17,NA,16.6034666559624,28.4577856112233
2094-08-18 12:00:00,2094,8,18,NA,16.4733048356988,29.4417230991372
2094-08-19 12:00:00,2094,8,19,NA,14.6296537761401,24.534654503032
2094-08-20 12:00:00,2094,8,20,NA,13.8557453895523,18.3244691060043
2094-08-21 12:00:00,2094,8,21,NA,12.086628934247,22.3936528812869
2094-08-22 12:00:00,2094,8,22,NA,13.3183709444586,20.9769837604635
2094-08-23 12:00:00,2094,8,23,NA,15.2087129218834,19.33041384083
2094-08-24 12:00:00,2094,8,24,NA,15.7369320560067,24.0447164933793
2094-08-25 12:00:00,2094,8,25,NA,16.7764278354844,25.0311857442827
2094-08-26 12:00:00,2094,8,26,NA,17.0736074246468,23.436582618263
2094-08-27 12:00:00,2094,8,27,NA,14.9309525541867,20.2478969083777
2094-08-28 12:00:00,2094,8,28,NA,16.8108574771653,25.2502390496214
2094-08-29 12:00:00,2094,8,29,NA,18.7997798121,22.4418979378849
2094-08-30 12:00:00,2094,8,30,NA,14.3305273847394,27.3050081130342
2094-08-31 12:00:00,2094,8,31,NA,18.3663426807254,22.8719038543099
2094-09-01 12:00:00,2094,9,1,NA,12.3467914199477,21.136554464497
2094-09-02 12:00:00,2094,9,2,NA,12.7074986185015,23.538174120891
2094-09-03 12:00:00,2094,9,3,NA,12.8936988801486,24.898532386492
2094-09-04 12:00:00,2094,9,4,NA,12.2488588457115,24.7214423625812
2094-09-05 12:00:00,2094,9,5,NA,10.988957010807,27.0535622421958
2094-09-06 12:00:00,2094,9,6,NA,17.2302943883755,30.6735661795286
2094-09-07 12:00:00,2094,9,7,NA,16.0404874104962,30.8721627292704
2094-09-08 12:00:00,2094,9,8,NA,15.6394997013491,28.1874147722608
2094-09-09 12:00:00,2094,9,9,NA,14.5300785942525,24.2524587436888
2094-09-10 12:00:00,2094,9,10,NA,14.7115574675826,16.1941451528806
2094-09-11 12:00:00,2094,9,11,NA,8.43874820985583,18.2307585022137
2094-09-12 12:00:00,2094,9,12,NA,9.26017355047885,23.2876284089922
2094-09-13 12:00:00,2094,9,13,NA,7.4803718031592,21.3816046717218
2094-09-14 12:00:00,2094,9,14,NA,11.1024210380335,23.3666468713404
2094-09-15 12:00:00,2094,9,15,NA,11.4888528303467,23.0302298037614
2094-09-16 12:00:00,2094,9,16,NA,13.13596177887,28.2875065302847
2094-09-17 12:00:00,2094,9,17,NA,15.6364313101842,30.0130758673934
2094-09-18 12:00:00,2094,9,18,NA,9.97533683197839,19.0846274940163
2094-09-19 12:00:00,2094,9,19,NA,6.77835532430709,22.1426918716317
2094-09-20 12:00:00,2094,9,20,NA,8.80454586964276,20.8093793759862
2094-09-21 12:00:00,2094,9,21,NA,9.07585746539357,24.060985255524
2094-09-22 12:00:00,2094,9,22,NA,7.21552230519997,25.9840330915831
2094-09-23 12:00:00,2094,9,23,NA,14.9528863128629,24.0621769749007
2094-09-24 12:00:00,2094,9,24,NA,11.9100612333486,26.2212673356871
2094-09-25 12:00:00,2094,9,25,NA,14.0774584183639,23.6812497408072
2094-09-26 12:00:00,2094,9,26,NA,11.9157541454459,27.0672988968607
2094-09-27 12:00:00,2094,9,27,NA,11.9270931729311,21.7123762794584
2094-09-28 12:00:00,2094,9,28,NA,16.9842904118236,25.3417726800969
2094-09-29 12:00:00,2094,9,29,NA,15.344388876137,23.2587080700866
2094-09-30 12:00:00,2094,9,30,NA,13.3315636914621,24.1596069680391
2094-10-01 12:00:00,2094,10,1,NA,16.1066107004613,23.7834079706992
2094-10-02 12:00:00,2094,10,2,NA,16.0248078198286,24.4249714351964
2094-10-03 12:00:00,2094,10,3,NA,12.8663842078793,26.0325355238749
2094-10-04 12:00:00,2094,10,4,NA,6.68266593029716,23.5999060460195
2094-10-05 12:00:00,2094,10,5,NA,9.99318273991415,17.9157735480383
2094-10-06 12:00:00,2094,10,6,NA,11.8254189733663,14.9254980231378
2094-10-07 12:00:00,2094,10,7,NA,13.9608323952451,18.3141138140347
2094-10-08 12:00:00,2094,10,8,NA,13.7266027629637,15.898266179548
2094-10-09 12:00:00,2094,10,9,NA,11.5336611685253,18.3742441910936
2094-10-10 12:00:00,2094,10,10,NA,13.7394481415975,20.2201179790815
2094-10-11 12:00:00,2094,10,11,NA,12.8891142311232,21.2661670945205
2094-10-12 12:00:00,2094,10,12,NA,12.883542588285,20.1884412736914
2094-10-13 12:00:00,2094,10,13,NA,8.74372374650839,21.7129763484135
2094-10-14 12:00:00,2094,10,14,NA,12.3556483395566,23.6062101606999
2094-10-15 12:00:00,2094,10,15,NA,8.59653105431777,16.197272443942
2094-10-16 12:00:00,2094,10,16,NA,6.95930222570167,15.6483875462
2094-10-17 12:00:00,2094,10,17,NA,9.93535443963822,19.1847766333319
2094-10-18 12:00:00,2094,10,18,NA,10.1394872531706,20.4804997940749
2094-10-19 12:00:00,2094,10,19,NA,11.3813071043193,21.4519491394477
2094-10-20 12:00:00,2094,10,20,NA,11.1028692305374,18.4893509157969
2094-10-21 12:00:00,2094,10,21,NA,12.9266361681458,18.2463045110595
2094-10-22 12:00:00,2094,10,22,NA,10.9220481644317,17.039700610033
2094-10-23 12:00:00,2094,10,23,NA,8.98038066598419,17.9732447260675
2094-10-24 12:00:00,2094,10,24,NA,8.5641573744942,23.7055645547127
2094-10-25 12:00:00,2094,10,25,NA,9.22078309834684,25.1743998050679
2094-10-26 12:00:00,2094,10,26,NA,7.77702086376495,20.9920556414738
2094-10-27 12:00:00,2094,10,27,NA,6.29735148849526,21.0153404508884
2094-10-28 12:00:00,2094,10,28,NA,6.42410886883434,16.1525290802146
2094-10-29 12:00:00,2094,10,29,NA,5.60365022199774,15.6588982529121
2094-10-30 12:00:00,2094,10,30,NA,4.15126448958383,11.4038662396239
2094-10-31 12:00:00,2094,10,31,NA,8.52427672095699,14.8470050966279
2094-11-01 12:00:00,2094,11,1,NA,9.67079444757757,18.2237796406918
2094-11-02 12:00:00,2094,11,2,NA,7.62838282252096,16.0315717060859
2094-11-03 12:00:00,2094,11,3,NA,3.53905631606971,12.4383389208905
2094-11-04 12:00:00,2094,11,4,NA,8.19816911972999,10.5412457780882
2094-11-05 12:00:00,2094,11,5,NA,6.77101339346742,9.27692407130699
2094-11-06 12:00:00,2094,11,6,NA,6.55514024333483,12.06470541834
2094-11-07 12:00:00,2094,11,7,NA,9.4945367019554,16.1454295826637
2094-11-08 12:00:00,2094,11,8,NA,8.18160310466803,13.9754468927497
2094-11-09 12:00:00,2094,11,9,NA,6.51498041261866,11.8604771793746
2094-11-10 12:00:00,2094,11,10,NA,8.4528793142952,16.8578563693771
2094-11-11 12:00:00,2094,11,11,NA,8.6561681334575,16.2185346419202
2094-11-12 12:00:00,2094,11,12,NA,6.69756537709721,11.539876964472
2094-11-13 12:00:00,2094,11,13,NA,5.53807507337537,11.5010363482117
2094-11-14 12:00:00,2094,11,14,NA,8.81443635571686,16.4360577794451
2094-11-15 12:00:00,2094,11,15,NA,9.1174195034613,13.1480813237483
2094-11-16 12:00:00,2094,11,16,NA,9.09904225757871,14.7097875758489
2094-11-17 12:00:00,2094,11,17,NA,8.55264326471691,16.0831476864924
2094-11-18 12:00:00,2094,11,18,NA,8.96974197128193,16.7186468648116
2094-11-19 12:00:00,2094,11,19,NA,9.27778711890688,13.0082843471705
2094-11-20 12:00:00,2094,11,20,NA,8.18972802476474,12.8519401188427
2094-11-21 12:00:00,2094,11,21,NA,4.53638395183244,11.9799638364652
2094-11-22 12:00:00,2094,11,22,NA,6.15231252648657,14.4401081683499
2094-11-23 12:00:00,2094,11,23,NA,9.00725360341271,12.2996652633233
2094-11-24 12:00:00,2094,11,24,NA,7.87023084786053,10.4088126825668
2094-11-25 12:00:00,2094,11,25,NA,6.52801404516623,10.2835286947583
2094-11-26 12:00:00,2094,11,26,NA,4.58523045628207,7.38005154313463
2094-11-27 12:00:00,2094,11,27,NA,0.861195360796305,6.59599501831795
2094-11-28 12:00:00,2094,11,28,NA,-1.82648212829448,10.0376384971714
2094-11-29 12:00:00,2094,11,29,NA,0.926933609166009,8.06682567314495
2094-11-30 12:00:00,2094,11,30,NA,4.08814578530831,9.04596915568976
2094-12-01 12:00:00,2094,12,1,NA,3.55119508309964,5.50493097270993
2094-12-02 12:00:00,2094,12,2,NA,7.82290732225053,11.1649416540734
2094-12-03 12:00:00,2094,12,3,NA,10.2453587715849,14.9987278903533
2094-12-04 12:00:00,2094,12,4,NA,8.92449106612196,16.0854188627007
2094-12-05 12:00:00,2094,12,5,NA,11.6220589069896,15.7750808647208
2094-12-06 12:00:00,2094,12,6,NA,11.8854877963887,13.9108650083618
2094-12-07 12:00:00,2094,12,7,NA,9.20104653661024,10.2824649169543
2094-12-08 12:00:00,2094,12,8,NA,9.70293084647365,10.9227583090984
2094-12-09 12:00:00,2094,12,9,NA,3.96502604338339,6.81191955598145
2094-12-10 12:00:00,2094,12,10,NA,6.84050415495918,10.3943485511582
2094-12-11 12:00:00,2094,12,11,NA,9.73747010068651,12.6295299032744
2094-12-12 12:00:00,2094,12,12,NA,5.52088646358302,8.8940231085384
2094-12-13 12:00:00,2094,12,13,NA,4.7545181099443,9.56195589242457
2094-12-14 12:00:00,2094,12,14,NA,6.27496639517812,12.1467098606274
2094-12-15 12:00:00,2094,12,15,NA,6.7619116016349,11.323286572157
2094-12-16 12:00:00,2094,12,16,NA,5.67417790055658,12.0947305255838
2094-12-17 12:00:00,2094,12,17,NA,6.3762961156529,8.41549170241562
2094-12-18 12:00:00,2094,12,18,NA,4.34643102861417,8.41870158129559
2094-12-19 12:00:00,2094,12,19,NA,4.81577961560283,10.7875333568226
2094-12-20 12:00:00,2094,12,20,NA,-4.77040671050137,2.95552895835227
2094-12-21 12:00:00,2094,12,21,NA,-5.89627214040878,0.119151143477071
2094-12-22 12:00:00,2094,12,22,NA,-10.1801639630189,-2.51427629293666
2094-12-23 12:00:00,2094,12,23,NA,-2.79421506525559,-0.220988424579293
2094-12-24 12:00:00,2094,12,24,NA,-0.636235536173876,0.383583727697813
2094-12-25 12:00:00,2094,12,25,NA,-0.954931731085224,3.11782376164693
2094-12-26 12:00:00,2094,12,26,NA,-3.44813411031053,4.18125677245574
2094-12-27 12:00:00,2094,12,27,NA,-5.79488122356815,-2.01742040636181
2094-12-28 12:00:00,2094,12,28,NA,-4.33046257512654,-0.370092194862647
2094-12-29 12:00:00,2094,12,29,NA,-6.69196540249052,3.6128007385179
2094-12-30 12:00:00,2094,12,30,NA,-5.14205964388525,5.05092109674445
2094-12-31 12:00:00,2094,12,31,NA,-2.98867519322771,4.1477322590311
2095-01-01 12:00:00,2095,1,1,NA,2.56760136271356,6.83956438166759
2095-01-02 12:00:00,2095,1,2,NA,-1.53421595986433,2.93379823728438
2095-01-03 12:00:00,2095,1,3,NA,-2.3187428024951,6.00465685492006
2095-01-04 12:00:00,2095,1,4,NA,-3.38290115989381,4.70137160384422
2095-01-05 12:00:00,2095,1,5,NA,-5.44732349782599,5.5538268978344
2095-01-06 12:00:00,2095,1,6,NA,0.699635010317384,10.9987791433676
2095-01-07 12:00:00,2095,1,7,NA,5.50580331563284,11.9359985844146
2095-01-08 12:00:00,2095,1,8,NA,1.8800727069261,15.0699758840102
2095-01-09 12:00:00,2095,1,9,NA,1.70012410591606,8.46157230064873
2095-01-10 12:00:00,2095,1,10,NA,-0.343694705362167,8.81399791950934
2095-01-11 12:00:00,2095,1,11,NA,-1.10670205829099,7.47081810072915
2095-01-12 12:00:00,2095,1,12,NA,3.86849348871598,7.00346535098279
2095-01-13 12:00:00,2095,1,13,NA,5.08891745554749,9.89671300902666
2095-01-14 12:00:00,2095,1,14,NA,0.156624644901912,2.18388627865665
2095-01-15 12:00:00,2095,1,15,NA,0.679976535746572,5.11925453728596
2095-01-16 12:00:00,2095,1,16,NA,0.0641369988262182,5.02203758470974
2095-01-17 12:00:00,2095,1,17,NA,0.485060887712939,5.3001313575492
2095-01-18 12:00:00,2095,1,18,NA,-1.19553406290205,7.28952575485033
2095-01-19 12:00:00,2095,1,19,NA,4.25224663464312,8.75721506794387
2095-01-20 12:00:00,2095,1,20,NA,1.82006439897824,7.25830511416523
2095-01-21 12:00:00,2095,1,21,NA,10.1844142830085,12.725576700812
2095-01-22 12:00:00,2095,1,22,NA,6.85805401504368,14.6465966457187
2095-01-23 12:00:00,2095,1,23,NA,8.64294120054826,13.3255719559208
2095-01-24 12:00:00,2095,1,24,NA,8.33755802971459,11.2988519896483
2095-01-25 12:00:00,2095,1,25,NA,5.69657098025415,9.75972015319243
2095-01-26 12:00:00,2095,1,26,NA,5.25942948814522,9.03092491641082
2095-01-27 12:00:00,2095,1,27,NA,0.660554995874788,6.95447354692887
2095-01-28 12:00:00,2095,1,28,NA,0.89948612776508,10.1863579164484
2095-01-29 12:00:00,2095,1,29,NA,2.90143814840723,6.60739418014881
2095-01-30 12:00:00,2095,1,30,NA,4.70426555276248,6.93011205694701
2095-01-31 12:00:00,2095,1,31,NA,3.65337644158232,8.23955538500192
2095-02-01 12:00:00,2095,2,1,NA,0.0912689449359609,8.36077804492164
2095-02-02 12:00:00,2095,2,2,NA,2.8991538449564,13.4343243412314
2095-02-03 12:00:00,2095,2,3,NA,2.49510086967151,10.9789444356571
2095-02-04 12:00:00,2095,2,4,NA,3.26850733331895,13.6759674706612
2095-02-05 12:00:00,2095,2,5,NA,4.15627083094422,9.48749979388038
2095-02-06 12:00:00,2095,2,6,NA,0.947571642926,3.66684746562291
2095-02-07 12:00:00,2095,2,7,NA,-0.0302448409840959,7.1676359647713
2095-02-08 12:00:00,2095,2,8,NA,1.90405412951958,10.8176473607993
2095-02-09 12:00:00,2095,2,9,NA,-0.958995751670055,7.63479203507622
2095-02-10 12:00:00,2095,2,10,NA,-2.75116784864495,1.28973375269373
2095-02-11 12:00:00,2095,2,11,NA,-3.30758179415435,-0.0474791699936699
2095-02-12 12:00:00,2095,2,12,NA,-9.95170366386255,-2.61793057349933
2095-02-13 12:00:00,2095,2,13,NA,-2.6719209287851,2.64036935357327
2095-02-14 12:00:00,2095,2,14,NA,1.36824998969582,8.34950826495887
2095-02-15 12:00:00,2095,2,15,NA,-0.598937228820418,7.48692296283621
2095-02-16 12:00:00,2095,2,16,NA,-3.13160127399003,3.86923884047131
2095-02-17 12:00:00,2095,2,17,NA,-3.48136162263894,6.36394755462104
2095-02-18 12:00:00,2095,2,18,NA,2.41634299454186,9.76739378739146
2095-02-19 12:00:00,2095,2,19,NA,3.19862008587834,8.87219765270131
2095-02-20 12:00:00,2095,2,20,NA,3.62399548919361,9.48547860099251
2095-02-21 12:00:00,2095,2,21,NA,3.10625368570159,10.1323656760587
2095-02-22 12:00:00,2095,2,22,NA,5.83209387765096,10.6633311924187
2095-02-23 12:00:00,2095,2,23,NA,5.22404054479708,7.48369119877067
2095-02-24 12:00:00,2095,2,24,NA,5.20703824347514,7.63179850009524
2095-02-25 12:00:00,2095,2,25,NA,5.43915912041892,10.7383049036701
2095-02-26 12:00:00,2095,2,26,NA,9.27745766027192,14.2353222459126
2095-02-27 12:00:00,2095,2,27,NA,7.39459007499816,15.9883778617444
2095-02-28 12:00:00,2095,2,28,NA,7.59654346262497,17.1262849119749
2095-03-01 12:00:00,2095,3,1,NA,4.19937898735517,17.9116552704384
2095-03-02 12:00:00,2095,3,2,NA,2.02550828925736,18.755329295402
2095-03-03 12:00:00,2095,3,3,NA,-0.482147331247654,14.7888797995533
2095-03-04 12:00:00,2095,3,4,NA,3.70552246438585,11.8168230011697
2095-03-05 12:00:00,2095,3,5,NA,-1.48315676236944,12.9992892099202
2095-03-06 12:00:00,2095,3,6,NA,2.70573627368028,8.67184357237288
2095-03-07 12:00:00,2095,3,7,NA,3.08398832986462,11.4182437404405
2095-03-08 12:00:00,2095,3,8,NA,4.46448955613564,10.1253553961051
2095-03-09 12:00:00,2095,3,9,NA,2.13663464719831,8.10274194589091
2095-03-10 12:00:00,2095,3,10,NA,-1.51057175956783,5.28509649107163
2095-03-11 12:00:00,2095,3,11,NA,0.996154650149375,10.304657241688
2095-03-12 12:00:00,2095,3,12,NA,2.21543746308469,14.7831849892439
2095-03-13 12:00:00,2095,3,13,NA,8.10899144961348,17.4462734143447
2095-03-14 12:00:00,2095,3,14,NA,7.70171588932006,14.6038945815691
2095-03-15 12:00:00,2095,3,15,NA,4.91421672521592,12.3767596687192
2095-03-16 12:00:00,2095,3,16,NA,-1.27502929108562,10.186616864237
2095-03-17 12:00:00,2095,3,17,NA,-4.01561798794385,11.5519122799068
2095-03-18 12:00:00,2095,3,18,NA,1.36959771993325,17.1905550843631
2095-03-19 12:00:00,2095,3,19,NA,4.79342803127557,19.4164581487603
2095-03-20 12:00:00,2095,3,20,NA,-1.72267770038851,9.75455220556668
2095-03-21 12:00:00,2095,3,21,NA,-3.20893484688993,4.14639647270585
2095-03-22 12:00:00,2095,3,22,NA,-0.586951826634102,4.55116410742126
2095-03-23 12:00:00,2095,3,23,NA,-1.40852796203563,5.55006642568104
2095-03-24 12:00:00,2095,3,24,NA,0.683157857956115,4.91547531056572
2095-03-25 12:00:00,2095,3,25,NA,-3.46473798640612,7.9558697706679
2095-03-26 12:00:00,2095,3,26,NA,1.65523964284569,9.96594723044741
2095-03-27 12:00:00,2095,3,27,NA,1.73402056347524,12.8329344525506
2095-03-28 12:00:00,2095,3,28,NA,-2.40318271893723,15.5951160176236
2095-03-29 12:00:00,2095,3,29,NA,-2.37884223656603,12.4125473220516
2095-03-30 12:00:00,2095,3,30,NA,-0.88047015844272,10.5967597475125
2095-03-31 12:00:00,2095,3,31,NA,2.52188709970556,9.98450635749543
2095-04-01 12:00:00,2095,4,1,NA,-1.82743128459474,8.87705429524232
2095-04-02 12:00:00,2095,4,2,NA,-1.37492132203591,9.2042541618863
2095-04-03 12:00:00,2095,4,3,NA,-4.69140621597765,12.0498189480018
2095-04-04 12:00:00,2095,4,4,NA,1.0663280976017,8.45755466965966
2095-04-05 12:00:00,2095,4,5,NA,-3.61545157172641,12.5073871903923
2095-04-06 12:00:00,2095,4,6,NA,-0.515868842514062,8.77123059697901
2095-04-07 12:00:00,2095,4,7,NA,-0.929078359097192,8.79605161937602
2095-04-08 12:00:00,2095,4,8,NA,-3.8432331857213,12.0266536781184
2095-04-09 12:00:00,2095,4,9,NA,-1.56648745140264,12.8057835790192
2095-04-10 12:00:00,2095,4,10,NA,-1.27458160663957,14.5872634291505
2095-04-11 12:00:00,2095,4,11,NA,-0.487833265853873,14.7937572255761
2095-04-12 12:00:00,2095,4,12,NA,-1.40645392953813,14.9629706606378
2095-04-13 12:00:00,2095,4,13,NA,1.63236272089329,12.2115382048155
2095-04-14 12:00:00,2095,4,14,NA,3.01273576218374,13.0479034840225
2095-04-15 12:00:00,2095,4,15,NA,3.20698339782425,13.6004723711095
2095-04-16 12:00:00,2095,4,16,NA,8.39776605955478,14.2477981147476
2095-04-17 12:00:00,2095,4,17,NA,8.55473369034274,13.7872035584619
2095-04-18 12:00:00,2095,4,18,NA,9.24185869528882,17.4070723436717
2095-04-19 12:00:00,2095,4,19,NA,8.00991818325626,18.1762481886545
2095-04-20 12:00:00,2095,4,20,NA,3.0402459626576,16.1478247119654
2095-04-21 12:00:00,2095,4,21,NA,6.65332353984794,11.3062054463567
2095-04-22 12:00:00,2095,4,22,NA,3.17457286814195,10.2963035165938
2095-04-23 12:00:00,2095,4,23,NA,3.86117907303897,11.9349749350373
2095-04-24 12:00:00,2095,4,24,NA,3.0845305238713,12.5837735802693
2095-04-25 12:00:00,2095,4,25,NA,3.87802812382923,14.4394403704704
2095-04-26 12:00:00,2095,4,26,NA,3.94379950383418,20.9257649011613
2095-04-27 12:00:00,2095,4,27,NA,4.78904855320973,15.0409350386958
2095-04-28 12:00:00,2095,4,28,NA,8.17134791396579,15.7943387891669
2095-04-29 12:00:00,2095,4,29,NA,2.78907788584126,17.9309405598264
2095-04-30 12:00:00,2095,4,30,NA,7.25898803991292,15.7259297280723
2095-05-01 12:00:00,2095,5,1,NA,5.56432513336177,14.8514245728548
2095-05-02 12:00:00,2095,5,2,NA,3.04076404632117,14.6936028199276
2095-05-03 12:00:00,2095,5,3,NA,2.48625494451676,18.253196071122
2095-05-04 12:00:00,2095,5,4,NA,3.80738152493598,18.4498460502603
2095-05-05 12:00:00,2095,5,5,NA,5.19583158590549,21.0575480255387
2095-05-06 12:00:00,2095,5,6,NA,10.9715247369476,18.0338644873944
2095-05-07 12:00:00,2095,5,7,NA,14.4726115300621,23.3185902346982
2095-05-08 12:00:00,2095,5,8,NA,12.0416678133236,25.6871148484394
2095-05-09 12:00:00,2095,5,9,NA,17.8801578138664,25.3773307588107
2095-05-10 12:00:00,2095,5,10,NA,16.8754000145638,23.7187861033766
2095-05-11 12:00:00,2095,5,11,NA,13.492854560741,18.3662467478764
2095-05-12 12:00:00,2095,5,12,NA,11.6592689337897,25.3336893755107
2095-05-13 12:00:00,2095,5,13,NA,13.4008228906877,27.0678238088682
2095-05-14 12:00:00,2095,5,14,NA,13.3371026064767,24.971130249006
2095-05-15 12:00:00,2095,5,15,NA,14.2280872856519,24.1989576728118
2095-05-16 12:00:00,2095,5,16,NA,14.2433563061267,25.5236531066502
2095-05-17 12:00:00,2095,5,17,NA,15.4779655269312,32.1275763500904
2095-05-18 12:00:00,2095,5,18,NA,19.4938606449703,27.8411833665867
2095-05-19 12:00:00,2095,5,19,NA,17.1771948134576,26.0526398311659
2095-05-20 12:00:00,2095,5,20,NA,13.3880075615141,28.9459245561104
2095-05-21 12:00:00,2095,5,21,NA,10.4221442969861,25.9598655341649
2095-05-22 12:00:00,2095,5,22,NA,9.80134408442516,15.6806662940648
2095-05-23 12:00:00,2095,5,23,NA,11.0161446175246,15.8204460744008
2095-05-24 12:00:00,2095,5,24,NA,11.5988173192227,18.9758864984727
2095-05-25 12:00:00,2095,5,25,NA,13.299276445729,24.01651393061
2095-05-26 12:00:00,2095,5,26,NA,16.113867791549,24.8531539254334
2095-05-27 12:00:00,2095,5,27,NA,13.1143098724868,28.4700328563349
2095-05-28 12:00:00,2095,5,28,NA,10.3988566152748,18.1873492095163
2095-05-29 12:00:00,2095,5,29,NA,15.1796432320755,20.1269116231107
2095-05-30 12:00:00,2095,5,30,NA,8.7248278831155,22.1332905993541
2095-05-31 12:00:00,2095,5,31,NA,7.31231491138276,22.9291029012343
2095-06-01 12:00:00,2095,6,1,NA,10.945843896674,18.8661753583411
2095-06-02 12:00:00,2095,6,2,NA,9.01106009502828,15.1854642035941
2095-06-03 12:00:00,2095,6,3,NA,8.77113268381456,15.9938517260987
2095-06-04 12:00:00,2095,6,4,NA,7.95476108826834,17.1567039475294
2095-06-05 12:00:00,2095,6,5,NA,6.96853323289319,19.656075764882
2095-06-06 12:00:00,2095,6,6,NA,6.85117161469754,23.3767170887983
2095-06-07 12:00:00,2095,6,7,NA,16.8407099562684,29.5282524882572
2095-06-08 12:00:00,2095,6,8,NA,16.7926575173844,25.0567857750012
2095-06-09 12:00:00,2095,6,9,NA,20.5973593617449,27.1152700226281
2095-06-10 12:00:00,2095,6,10,NA,18.7921878856696,26.7896046821686
2095-06-11 12:00:00,2095,6,11,NA,20.5641429979393,27.7962658815948
2095-06-12 12:00:00,2095,6,12,NA,19.3972141453088,26.6219566722715
2095-06-13 12:00:00,2095,6,13,NA,14.346052522326,25.737280104862
2095-06-14 12:00:00,2095,6,14,NA,14.5194624688729,28.5338176078055
2095-06-15 12:00:00,2095,6,15,NA,14.9113747950849,29.3262308159153
2095-06-16 12:00:00,2095,6,16,NA,16.1031610529606,32.5095314345442
2095-06-17 12:00:00,2095,6,17,NA,16.9968068279152,34.5157035627586
2095-06-18 12:00:00,2095,6,18,NA,21.8424350062095,29.0553178441525
2095-06-19 12:00:00,2095,6,19,NA,18.6617069270605,28.9687337365296
2095-06-20 12:00:00,2095,6,20,NA,17.2075785549581,27.1438369296694
2095-06-21 12:00:00,2095,6,21,NA,15.1207464210922,26.321317134064
2095-06-22 12:00:00,2095,6,22,NA,14.699767335883,28.9612636258116
2095-06-23 12:00:00,2095,6,23,NA,14.5029749534668,24.7011276025378
2095-06-24 12:00:00,2095,6,24,NA,18.8476563050477,27.097903604445
2095-06-25 12:00:00,2095,6,25,NA,17.6729767710519,24.2999218441686
2095-06-26 12:00:00,2095,6,26,NA,19.9631350419867,28.1865450250681
2095-06-27 12:00:00,2095,6,27,NA,19.5982348720532,29.123632790837
2095-06-28 12:00:00,2095,6,28,NA,19.1146120665994,29.4216388760686
2095-06-29 12:00:00,2095,6,29,NA,20.1858000707381,27.790315824257
2095-06-30 12:00:00,2095,6,30,NA,23.0809113557689,28.2332944161606
2095-07-01 12:00:00,2095,7,1,NA,23.8545609633617,27.9859340014228
2095-07-02 12:00:00,2095,7,2,NA,18.2113181537019,24.3305672852416
2095-07-03 12:00:00,2095,7,3,NA,16.8517447222435,22.1132565721232
2095-07-04 12:00:00,2095,7,4,NA,10.2411707595388,24.7414520484637
2095-07-05 12:00:00,2095,7,5,NA,9.45346417163063,27.1867668430193
2095-07-06 12:00:00,2095,7,6,NA,11.7583469306354,25.6413125249033
2095-07-07 12:00:00,2095,7,7,NA,18.3207903899222,25.0821775880358
2095-07-08 12:00:00,2095,7,8,NA,16.3945832529517,21.1326743551741
2095-07-09 12:00:00,2095,7,9,NA,21.2937614596732,26.1667854349447
2095-07-10 12:00:00,2095,7,10,NA,21.5870100863088,26.3888813270312
2095-07-11 12:00:00,2095,7,11,NA,18.518008296026,24.2938162419248
2095-07-12 12:00:00,2095,7,12,NA,19.4277162391503,27.1642908438399
2095-07-13 12:00:00,2095,7,13,NA,13.6415635102365,29.4645422791753
2095-07-14 12:00:00,2095,7,14,NA,16.4518000976283,28.0596603990147
2095-07-15 12:00:00,2095,7,15,NA,16.4574883988571,25.6008275251994
2095-07-16 12:00:00,2095,7,16,NA,15.2281780024309,22.7811255556063
2095-07-17 12:00:00,2095,7,17,NA,14.8720941175696,28.9806227160436
2095-07-18 12:00:00,2095,7,18,NA,18.9242833025379,27.8097000213391
2095-07-19 12:00:00,2095,7,19,NA,18.7519175203104,28.5989501779321
2095-07-20 12:00:00,2095,7,20,NA,18.8955984925617,26.7668584070046
2095-07-21 12:00:00,2095,7,21,NA,13.8984348734112,30.1140140266835
2095-07-22 12:00:00,2095,7,22,NA,16.6776310552507,27.1274043589852
2095-07-23 12:00:00,2095,7,23,NA,20.7683995956568,33.7994227255348
2095-07-24 12:00:00,2095,7,24,NA,20.1287161556529,31.2131363252026
2095-07-25 12:00:00,2095,7,25,NA,19.4145214142406,27.8100442242507
2095-07-26 12:00:00,2095,7,26,NA,18.0054437587483,32.4017192691221
2095-07-27 12:00:00,2095,7,27,NA,18.6664935629366,33.9002860704158
2095-07-28 12:00:00,2095,7,28,NA,23.9790815571841,34.9536162396582
2095-07-29 12:00:00,2095,7,29,NA,19.6617421539708,34.8085176719727
2095-07-30 12:00:00,2095,7,30,NA,22.3756550333601,37.2045817966911
2095-07-31 12:00:00,2095,7,31,NA,21.8459041558327,35.8825988943394
2095-08-01 12:00:00,2095,8,1,NA,20.8784554197787,31.8709845844675
2095-08-02 12:00:00,2095,8,2,NA,18.3647283418105,29.2037515045523
2095-08-03 12:00:00,2095,8,3,NA,20.1212893300054,26.5240298383581
2095-08-04 12:00:00,2095,8,4,NA,20.1908204160009,26.4110649697548
2095-08-05 12:00:00,2095,8,5,NA,20.2743099609197,27.6290962879648
2095-08-06 12:00:00,2095,8,6,NA,21.2273837236005,28.1379866015411
2095-08-07 12:00:00,2095,8,7,NA,20.2577536862765,27.6858815066461
2095-08-08 12:00:00,2095,8,8,NA,23.3579291837043,31.2309236654489
2095-08-09 12:00:00,2095,8,9,NA,20.8821228844289,30.9432171022838
2095-08-10 12:00:00,2095,8,10,NA,20.931690641857,29.1864485506553
2095-08-11 12:00:00,2095,8,11,NA,17.5350391630063,31.5363969048164
2095-08-12 12:00:00,2095,8,12,NA,17.5432827600988,33.4395229534715
2095-08-13 12:00:00,2095,8,13,NA,16.3575481705942,32.253788363967
2095-08-14 12:00:00,2095,8,14,NA,14.4547823991925,22.5977840579536
2095-08-15 12:00:00,2095,8,15,NA,12.8272808222063,18.4627327508605
2095-08-16 12:00:00,2095,8,16,NA,12.5802414747676,18.4110419011034
2095-08-17 12:00:00,2095,8,17,NA,13.6471183431849,19.9370292519025
2095-08-18 12:00:00,2095,8,18,NA,9.3965742636864,19.5648435867471
2095-08-19 12:00:00,2095,8,19,NA,11.9713829260058,22.1580963822298
2095-08-20 12:00:00,2095,8,20,NA,11.044212793898,29.735883365261
2095-08-21 12:00:00,2095,8,21,NA,11.8594031467634,30.8269770018097
2095-08-22 12:00:00,2095,8,22,NA,13.7429722306958,32.7105460857421
2095-08-23 12:00:00,2095,8,23,NA,18.771577896402,33.8581509743995
2095-08-24 12:00:00,2095,8,24,NA,17.0357071230514,25.3902384638748
2095-08-25 12:00:00,2095,8,25,NA,16.883240634738,29.9432040619975
2095-08-26 12:00:00,2095,8,26,NA,14.3222229122189,27.9886739669658
2095-08-27 12:00:00,2095,8,27,NA,17.4003887609376,26.6832391092256
2095-08-28 12:00:00,2095,8,28,NA,18.5549679519005,30.1242538215081
2095-08-29 12:00:00,2095,8,29,NA,15.9272576868558,28.2436415936733
2095-08-30 12:00:00,2095,8,30,NA,16.6581262479102,23.1740843212699
2095-08-31 12:00:00,2095,8,31,NA,12.2430118835666,19.6482872801717
2095-09-01 12:00:00,2095,9,1,NA,11.2214116694284,18.6426805794755
2095-09-02 12:00:00,2095,9,2,NA,10.8879153882354,18.6172098661361
2095-09-03 12:00:00,2095,9,3,NA,12.4253829899977,20.6272309842645
2095-09-04 12:00:00,2095,9,4,NA,8.40976067431793,20.6739865076248
2095-09-05 12:00:00,2095,9,5,NA,10.7836198897635,23.4674479198123
2095-09-06 12:00:00,2095,9,6,NA,15.3287516664982,20.3348575083643
2095-09-07 12:00:00,2095,9,7,NA,10.5301158892044,16.7718388278393
2095-09-08 12:00:00,2095,9,8,NA,14.3574586853873,18.891423547014
2095-09-09 12:00:00,2095,9,9,NA,12.2279916249026,23.2782423711986
2095-09-10 12:00:00,2095,9,10,NA,11.1493370412224,25.3205984586768
2095-09-11 12:00:00,2095,9,11,NA,9.90346705461782,20.3311824279543
2095-09-12 12:00:00,2095,9,12,NA,12.4109799161404,18.2713558877855
2095-09-13 12:00:00,2095,9,13,NA,10.304361398688,14.8051318762077
2095-09-14 12:00:00,2095,9,14,NA,10.7673451110945,13.1600416847933
2095-09-15 12:00:00,2095,9,15,NA,5.19690863455616,18.5510816252999
2095-09-16 12:00:00,2095,9,16,NA,10.3555098956417,17.5902771837101
2095-09-17 12:00:00,2095,9,17,NA,9.42359492231143,18.2872733049317
2095-09-18 12:00:00,2095,9,18,NA,10.4156762506469,20.9040501473014
2095-09-19 12:00:00,2095,9,19,NA,13.2490278521106,21.6065101203838
2095-09-20 12:00:00,2095,9,20,NA,13.5527200127226,21.0253561932884
2095-09-21 12:00:00,2095,9,21,NA,15.0733036042058,21.1655277622692
2095-09-22 12:00:00,2095,9,22,NA,12.4405898216426,18.0882292725844
2095-09-23 12:00:00,2095,9,23,NA,9.55224582206952,19.0186154115567
2095-09-24 12:00:00,2095,9,24,NA,9.68966917309767,19.1560387625848
2095-09-25 12:00:00,2095,9,25,NA,10.4335028386931,21.2641783410826
2095-09-26 12:00:00,2095,9,26,NA,10.162461390695,18.1629615300994
2095-09-27 12:00:00,2095,9,27,NA,12.5273565349387,25.6951595817337
2095-09-28 12:00:00,2095,9,28,NA,12.9018487704031,26.5059526899419
2095-09-29 12:00:00,2095,9,29,NA,11.9148525223837,27.0663972737984
2095-09-30 12:00:00,2095,9,30,NA,14.1430870721762,25.8556284405741
2095-10-01 12:00:00,2095,10,1,NA,14.4623812006375,24.258200015581
2095-10-02 12:00:00,2095,10,2,NA,13.3857824836881,23.6935881895652
2095-10-03 12:00:00,2095,10,3,NA,9.67308799837363,22.5904794486631
2095-10-04 12:00:00,2095,10,4,NA,11.8438577350769,25.0100090510725
2095-10-05 12:00:00,2095,10,5,NA,15.2391842875257,28.2084368894308
2095-10-06 12:00:00,2095,10,6,NA,15.4398280245607,23.0074288406559
2095-10-07 12:00:00,2095,10,7,NA,15.9759835605687,21.1412912481535
2095-10-08 12:00:00,2095,10,8,NA,13.2324521970884,15.3896490647588
2095-10-09 12:00:00,2095,10,9,NA,10.5034617703006,21.3601812891372
2095-10-10 12:00:00,2095,10,10,NA,9.58355841212995,23.6922925181927
2095-10-11 12:00:00,2095,10,11,NA,8.31579281352082,18.0564334707732
2095-10-12 12:00:00,2095,10,12,NA,5.9391338399612,21.0202963378496
2095-10-13 12:00:00,2095,10,13,NA,10.606743203848,21.0397867240185
2095-10-14 12:00:00,2095,10,14,NA,12.594877151893,24.4828308568608
2095-10-15 12:00:00,2095,10,15,NA,11.8506136542198,21.6265855499923
2095-10-16 12:00:00,2095,10,16,NA,9.58174228360227,21.0807378600126
2095-10-17 12:00:00,2095,10,17,NA,13.9541359183421,22.4871583496426
2095-10-18 12:00:00,2095,10,18,NA,11.5833594042093,20.832781597903
2095-10-19 12:00:00,2095,10,19,NA,11.1866670225141,22.0221007167934
2095-10-20 12:00:00,2095,10,20,NA,10.6495639581097,22.5751337033265
2095-10-21 12:00:00,2095,10,21,NA,11.6157601562952,22.8663219774386
2095-10-22 12:00:00,2095,10,22,NA,9.30998888996267,23.2143333414709
2095-10-23 12:00:00,2095,10,23,NA,9.34747078490111,19.4024087807461
2095-10-24 12:00:00,2095,10,24,NA,11.5124862538947,16.9024736562039
2095-10-25 12:00:00,2095,10,25,NA,8.7650121007351,21.0573738873818
2095-10-26 12:00:00,2095,10,26,NA,6.563674095794,19.430249197984
2095-10-27 12:00:00,2095,10,27,NA,4.09850185254061,21.0816752298794
2095-10-28 12:00:00,2095,10,28,NA,6.86673233548596,17.532441127829
2095-10-29 12:00:00,2095,10,29,NA,8.32361683577168,15.626801166358
2095-10-30 12:00:00,2095,10,30,NA,7.87036712797061,19.4886559874071
2095-10-31 12:00:00,2095,10,31,NA,6.62738322617411,17.1089556019921
2095-11-01 12:00:00,2095,11,1,NA,9.51478980831358,14.9275299418233
2095-11-02 12:00:00,2095,11,2,NA,10.2836517081486,15.8710679187153
2095-11-03 12:00:00,2095,11,3,NA,9.28646732543125,13.2171837108317
2095-11-04 12:00:00,2095,11,4,NA,3.15930858473001,10.3361924225214
2095-11-05 12:00:00,2095,11,5,NA,5.60792593441928,9.56006404948402
2095-11-06 12:00:00,2095,11,6,NA,6.12153583451106,10.6824052638463
2095-11-07 12:00:00,2095,11,7,NA,8.89137882311531,12.6673169755579
2095-11-08 12:00:00,2095,11,8,NA,3.83390299188373,10.6680968202292
2095-11-09 12:00:00,2095,11,9,NA,5.4099170427283,9.16543169232034
2095-11-10 12:00:00,2095,11,10,NA,2.93174339114956,6.69471292386205
2095-11-11 12:00:00,2095,11,11,NA,1.7402795988236,7.86459379070889
2095-11-12 12:00:00,2095,11,12,NA,-3.1391135518483,6.80800660598267
2095-11-13 12:00:00,2095,11,13,NA,3.62288243640254,7.75863043324263
2095-11-14 12:00:00,2095,11,14,NA,2.6420191225125,6.50713611122186
2095-11-15 12:00:00,2095,11,15,NA,4.14930783948315,8.8956310915082
2095-11-16 12:00:00,2095,11,16,NA,1.8938343790416,12.3053546989445
2095-11-17 12:00:00,2095,11,17,NA,-0.236182839453416,11.5000377948894
2095-11-18 12:00:00,2095,11,18,NA,4.36746723913323,10.9198844533053
2095-11-19 12:00:00,2095,11,19,NA,0.478197087430106,7.21975587801686
2095-11-20 12:00:00,2095,11,20,NA,4.12916019184905,7.91171023414208
2095-11-21 12:00:00,2095,11,21,NA,2.31442031084123,7.91815873564435
2095-11-22 12:00:00,2095,11,22,NA,4.42125014540949,12.3085446557834
2095-11-23 12:00:00,2095,11,23,NA,5.84563868808087,14.8589223442931
2095-11-24 12:00:00,2095,11,24,NA,8.12951955921935,12.9470687096754
2095-11-25 12:00:00,2095,11,25,NA,5.83075199759947,10.4899055649751
2095-11-26 12:00:00,2095,11,26,NA,5.07939900457591,12.5395612181753
2095-11-27 12:00:00,2095,11,27,NA,7.12069613974298,10.1131955984622
2095-11-28 12:00:00,2095,11,28,NA,6.8407779250426,12.5089999020252
2095-11-29 12:00:00,2095,11,29,NA,2.17510796410094,5.00689945867776
2095-11-30 12:00:00,2095,11,30,NA,7.54528213940187,9.42767620214273
2095-12-01 12:00:00,2095,12,1,NA,5.08349808223721,10.0850264131053
2095-12-02 12:00:00,2095,12,2,NA,0.178088525159811,9.70699599403612
2095-12-03 12:00:00,2095,12,3,NA,0.24302863759979,9.65802065954137
2095-12-04 12:00:00,2095,12,4,NA,4.02726690646653,9.60205315671434
2095-12-05 12:00:00,2095,12,5,NA,3.36891331367598,8.46758094775921
2095-12-06 12:00:00,2095,12,6,NA,7.11533915009253,9.99259262691259
2095-12-07 12:00:00,2095,12,7,NA,4.37561597549758,9.15075774878298
2095-12-08 12:00:00,2095,12,8,NA,8.00130108184123,12.0765043770431
2095-12-09 12:00:00,2095,12,9,NA,5.93849993063476,16.1314806712645
2095-12-10 12:00:00,2095,12,10,NA,2.97846591652589,14.0811193710836
2095-12-11 12:00:00,2095,12,11,NA,9.77530291013597,17.4025872408418
2095-12-12 12:00:00,2095,12,12,NA,10.7986382284431,14.2083766546117
2095-12-13 12:00:00,2095,12,13,NA,6.34283221073712,9.39576637476584
2095-12-14 12:00:00,2095,12,14,NA,9.72757033916649,12.7626847421509
2095-12-15 12:00:00,2095,12,15,NA,10.7068723641838,12.6484601788921
2095-12-16 12:00:00,2095,12,16,NA,9.84749306010306,11.8428907570361
2095-12-17 12:00:00,2095,12,17,NA,9.43193960647405,13.4847895562174
2095-12-18 12:00:00,2095,12,18,NA,11.380003578661,14.4262578735658
2095-12-19 12:00:00,2095,12,19,NA,8.32082214496899,11.2112917522655
2095-12-20 12:00:00,2095,12,20,NA,6.9068647177372,14.7480425570412
2095-12-21 12:00:00,2095,12,21,NA,8.01328817372272,12.974115294234
2095-12-22 12:00:00,2095,12,22,NA,7.54278714952508,10.4222989862987
2095-12-23 12:00:00,2095,12,23,NA,7.95753810430427,12.6030962335612
2095-12-24 12:00:00,2095,12,24,NA,7.21652675635295,11.2871276258172
2095-12-25 12:00:00,2095,12,25,NA,0.0259567449054812,6.04945732381375
2095-12-26 12:00:00,2095,12,26,NA,-1.07535057891965,7.23885314702447
2095-12-27 12:00:00,2095,12,27,NA,2.29676276611768,8.28286769373427
2095-12-28 12:00:00,2095,12,28,NA,-0.996525907027165,8.41846611491442
2095-12-29 12:00:00,2095,12,29,NA,3.8398678025497,7.83359941356266
2095-12-30 12:00:00,2095,12,30,NA,1.03215775714239,4.86047449877907
2095-12-31 12:00:00,2095,12,31,NA,-1.21248410849728,3.62554896895183
2096-01-01 12:00:00,2096,1,1,NA,-6.00921475093938,1.11779400975223
2096-01-02 12:00:00,2096,1,2,NA,-16.2963416694569,-1.31786894489223
2096-01-03 12:00:00,2096,1,3,NA,-4.53583183447448,8.67949530093542
2096-01-04 12:00:00,2096,1,4,NA,-1.80518420643396,8.27824197762414
2096-01-05 12:00:00,2096,1,5,NA,0.421757414211478,8.77770701826376
2096-01-06 12:00:00,2096,1,6,NA,2.48466428235704,6.81807344965913
2096-01-07 12:00:00,2096,1,7,NA,1.62990690821051,4.75553921564947
2096-01-08 12:00:00,2096,1,8,NA,2.00180371950425,4.22765022368878
2096-01-09 12:00:00,2096,1,9,NA,5.22685762447591,7.93761498871229
2096-01-10 12:00:00,2096,1,10,NA,5.28464875541819,7.15397252144727
2096-01-11 12:00:00,2096,1,11,NA,3.31600216564563,9.84475012166213
2096-01-12 12:00:00,2096,1,12,NA,2.32952947435221,7.20551964996243
2096-01-13 12:00:00,2096,1,13,NA,-0.784550484741633,6.32752950745364
2096-01-14 12:00:00,2096,1,14,NA,2.52812385226355,9.28201702732343
2096-01-15 12:00:00,2096,1,15,NA,-0.326408954976398,4.85561337535952
2096-01-16 12:00:00,2096,1,16,NA,-1.00005244080629,4.47733571721979
2096-01-17 12:00:00,2096,1,17,NA,-2.95816759769562,5.08454791634046
2096-01-18 12:00:00,2096,1,18,NA,1.41104848283127,9.46981435247299
2096-01-19 12:00:00,2096,1,19,NA,-2.62183347685196,7.04762897995652
2096-01-20 12:00:00,2096,1,20,NA,-0.266837316292365,8.45216985688696
2096-01-21 12:00:00,2096,1,21,NA,3.48918700148704,11.5243902963753
2096-01-22 12:00:00,2096,1,22,NA,0.147975925986002,7.47991028259321
2096-01-23 12:00:00,2096,1,23,NA,4.72913190373858,11.0678312459765
2096-01-24 12:00:00,2096,1,24,NA,3.38861557200036,7.93992069135033
2096-01-25 12:00:00,2096,1,25,NA,7.12415901795482,9.08319284376317
2096-01-26 12:00:00,2096,1,26,NA,6.09530783927545,8.92103879507183
2096-01-27 12:00:00,2096,1,27,NA,4.67666849477384,8.44816392303944
2096-01-28 12:00:00,2096,1,28,NA,0.808650395255168,9.14960201522902
2096-01-29 12:00:00,2096,1,29,NA,3.0526119305687,8.46082838901257
2096-01-30 12:00:00,2096,1,30,NA,5.89628114222518,9.83897301542063
2096-01-31 12:00:00,2096,1,31,NA,0.120325388606864,10.2576383704554
2096-02-01 12:00:00,2096,2,1,NA,3.18299428415153,14.6890307973299
2096-02-02 12:00:00,2096,2,2,NA,1.15538510400712,5.22811945708876
2096-02-03 12:00:00,2096,2,3,NA,3.8291940351587,6.54846985785561
2096-02-04 12:00:00,2096,2,4,NA,0.159757073787579,7.90169855822546
2096-02-05 12:00:00,2096,2,5,NA,3.98280198067411,10.4846876196808
2096-02-06 12:00:00,2096,2,6,NA,6.68590731964471,12.4706310069986
2096-02-07 12:00:00,2096,2,7,NA,4.9122835317251,9.48322692197414
2096-02-08 12:00:00,2096,2,8,NA,5.20135156271123,7.51039809210753
2096-02-09 12:00:00,2096,2,9,NA,4.29928187030385,6.71853201932261
2096-02-10 12:00:00,2096,2,10,NA,1.24804362070585,5.40175555500279
2096-02-11 12:00:00,2096,2,11,NA,-1.17693551202382,5.32495012698285
2096-02-12 12:00:00,2096,2,12,NA,4.99254722982451,10.9442259564928
2096-02-13 12:00:00,2096,2,13,NA,7.97753463407528,15.4217197171205
2096-02-14 12:00:00,2096,2,14,NA,3.33852298607033,11.1295007659357
2096-02-15 12:00:00,2096,2,15,NA,0.149781629165337,8.74356941591162
2096-02-16 12:00:00,2096,2,16,NA,0.568102173238103,10.2824375452513
2096-02-17 12:00:00,2096,2,17,NA,1.67045647534797,15.2325655097074
2096-02-18 12:00:00,2096,2,18,NA,2.87629636150013,7.73579109461078
2096-02-19 12:00:00,2096,2,19,NA,0.40454535085258,3.87100213929974
2096-02-20 12:00:00,2096,2,20,NA,1.93635838627081,6.08857785285623
2096-02-21 12:00:00,2096,2,21,NA,2.43512437250562,9.79087211735414
2096-02-22 12:00:00,2096,2,22,NA,2.1290042425271,11.7032779992369
2096-02-23 12:00:00,2096,2,23,NA,5.06185659864369,14.3378219420381
2096-02-24 12:00:00,2096,2,24,NA,5.62082394011567,12.0769514526114
2096-02-25 12:00:00,2096,2,25,NA,6.54696933902072,12.0973569905267
2096-02-26 12:00:00,2096,2,26,NA,8.55301265670856,12.9891613833608
2096-02-27 12:00:00,2096,2,27,NA,6.92401171263677,9.88365409605726
2096-02-28 12:00:00,2096,2,28,NA,5.45868282522765,10.3181775583383
2096-02-29 12:00:00,2096,2,29,NA,4.28107220009242,8.01444562243267
2096-03-01 12:00:00,2096,3,1,NA,7.22109602768025,8.90517911650803
2096-03-02 12:00:00,2096,3,2,NA,4.07030017018604,7.70362951198609
2096-03-03 12:00:00,2096,3,3,NA,1.13295777948858,7.98774962448762
2096-03-04 12:00:00,2096,3,4,NA,4.36444609145459,8.20089834629488
2096-03-05 12:00:00,2096,3,5,NA,4.84556912190867,10.8359041816133
2096-03-06 12:00:00,2096,3,6,NA,1.32672010374072,8.84344703852126
2096-03-07 12:00:00,2096,3,7,NA,-3.39714330667383,6.79513401395191
2096-03-08 12:00:00,2096,3,8,NA,-0.432982063124629,8.3385190200557
2096-03-09 12:00:00,2096,3,9,NA,-3.92650328065183,8.03540748886036
2096-03-10 12:00:00,2096,3,10,NA,-1.61263374775922,11.7270850085574
2096-03-11 12:00:00,2096,3,11,NA,-1.65975544582621,16.9857212614144
2096-03-12 12:00:00,2096,3,12,NA,-0.764364761306613,18.8185446679003
2096-03-13 12:00:00,2096,3,13,NA,4.41511129708317,15.2038741667324
2096-03-14 12:00:00,2096,3,14,NA,7.67138115977142,18.7702950488468
2096-03-15 12:00:00,2096,3,15,NA,10.4754853846409,17.3166298982774
2096-03-16 12:00:00,2096,3,16,NA,9.02508232453145,20.1239962136068
2096-03-17 12:00:00,2096,3,17,NA,7.19620705150575,18.6168148085798
2096-03-18 12:00:00,2096,3,18,NA,9.1809518775411,24.0290722506723
2096-03-19 12:00:00,2096,3,19,NA,9.20503262532584,27.6415030819346
2096-03-20 12:00:00,2096,3,20,NA,10.237997766985,25.7908624382148
2096-03-21 12:00:00,2096,3,21,NA,13.11233440315,22.232565972922
2096-03-22 12:00:00,2096,3,22,NA,15.8967741538547,22.7554482265406
2096-03-23 12:00:00,2096,3,23,NA,13.6745245956824,25.1517545016376
2096-03-24 12:00:00,2096,3,24,NA,13.2413185010651,25.7657184219812
2096-03-25 12:00:00,2096,3,25,NA,16.5603571248833,21.3291116157536
2096-03-26 12:00:00,2096,3,26,NA,11.9483436720843,17.0864596061397
2096-03-27 12:00:00,2096,3,27,NA,10.6280362576782,15.1781881726924
2096-03-28 12:00:00,2096,3,28,NA,11.8705992012764,15.5039285430764
2096-03-29 12:00:00,2096,3,29,NA,11.9662000341666,15.5995293759667
2096-03-30 12:00:00,2096,3,30,NA,7.24965345248847,17.5818493383161
2096-03-31 12:00:00,2096,3,31,NA,11.6964677704017,18.4402967731266
2096-04-01 12:00:00,2096,4,1,NA,14.7322576352386,18.8801484276873
2096-04-02 12:00:00,2096,4,2,NA,13.1714951646282,15.8768041058551
2096-04-03 12:00:00,2096,4,3,NA,4.39653630710768,11.136841161825
2096-04-04 12:00:00,2096,4,4,NA,5.67866749726422,15.4037974757374
2096-04-05 12:00:00,2096,4,5,NA,6.74915346374714,14.905058083116
2096-04-06 12:00:00,2096,4,6,NA,5.40907451811452,12.8234447224721
2096-04-07 12:00:00,2096,4,7,NA,4.91039736795765,11.05444889334
2096-04-08 12:00:00,2096,4,8,NA,5.92682432077344,15.4279803598239
2096-04-09 12:00:00,2096,4,9,NA,4.28579415383079,14.864969637753
2096-04-10 12:00:00,2096,4,10,NA,0.988736748529847,10.7138667270031
2096-04-11 12:00:00,2096,4,11,NA,-2.22144856004027,14.7332191955642
2096-04-12 12:00:00,2096,4,12,NA,2.58364500726922,13.4176262343776
2096-04-13 12:00:00,2096,4,13,NA,3.49491945627128,15.881149307449
2096-04-14 12:00:00,2096,4,14,NA,7.98863230219013,12.4467983545412
2096-04-15 12:00:00,2096,4,15,NA,4.87892642541403,9.91697237572752
2096-04-16 12:00:00,2096,4,16,NA,2.51173914279518,11.8142748915593
2096-04-17 12:00:00,2096,4,17,NA,-1.8898230730297,16.1744405466279
2096-04-18 12:00:00,2096,4,18,NA,2.57009236191998,15.2168003173327
2096-04-19 12:00:00,2096,4,19,NA,-2.58102326960386,15.1663269154543
2096-04-20 12:00:00,2096,4,20,NA,1.30977673341671,18.6804056228675
2096-04-21 12:00:00,2096,4,21,NA,5.36824116344134,22.3502065607685
2096-04-22 12:00:00,2096,4,22,NA,3.02243531515175,23.4065346966115
2096-04-23 12:00:00,2096,4,23,NA,5.77287946883586,25.6878372082345
2096-04-24 12:00:00,2096,4,24,NA,11.1485958680129,27.3158943551902
2096-04-25 12:00:00,2096,4,25,NA,10.5877461917029,28.0119860017126
2096-04-26 12:00:00,2096,4,26,NA,10.4346236773663,28.8096702277308
2096-04-27 12:00:00,2096,4,27,NA,13.9130125837056,28.1680962599017
2096-04-28 12:00:00,2096,4,28,NA,12.0318400976811,25.2128366322044
2096-04-29 12:00:00,2096,4,29,NA,13.844876139813,34.9222412794623
2096-04-30 12:00:00,2096,4,30,NA,14.5007589657938,35.0924477128109
2096-05-01 12:00:00,2096,5,1,NA,14.6290429459127,31.6110083432398
2096-05-02 12:00:00,2096,5,2,NA,15.1728968579902,28.0652825637028
2096-05-03 12:00:00,2096,5,3,NA,11.84310098189,18.7537284671514
2096-05-04 12:00:00,2096,5,4,NA,9.17094313080527,16.3878400535122
2096-05-05 12:00:00,2096,5,5,NA,9.10212519123529,21.7679564643131
2096-05-06 12:00:00,2096,5,6,NA,9.11372490082107,20.7665636744274
2096-05-07 12:00:00,2096,5,7,NA,9.80683156175308,18.2214884262777
2096-05-08 12:00:00,2096,5,8,NA,12.841947965805,22.7255728920225
2096-05-09 12:00:00,2096,5,9,NA,13.0020469884983,27.4356566301778
2096-05-10 12:00:00,2096,5,10,NA,11.3589488575092,23.970029508165
2096-05-11 12:00:00,2096,5,11,NA,6.43221148975315,23.8759544124617
2096-05-12 12:00:00,2096,5,12,NA,8.92145218717298,23.795190696461
2096-05-13 12:00:00,2096,5,13,NA,14.4867150357771,25.6911088504064
2096-05-14 12:00:00,2096,5,14,NA,9.98420295035018,27.5352845525587
2096-05-15 12:00:00,2096,5,15,NA,11.2655627742847,30.370955670313
2096-05-16 12:00:00,2096,5,16,NA,12.0871532758554,31.2076703761997
2096-05-17 12:00:00,2096,5,17,NA,12.748778795119,28.3973073328152
2096-05-18 12:00:00,2096,5,18,NA,12.7734634986729,30.2721459097878
2096-05-19 12:00:00,2096,5,19,NA,9.32471444304515,22.9726252431349
2096-05-20 12:00:00,2096,5,20,NA,13.263999465469,21.0943746188266
2096-05-21 12:00:00,2096,5,21,NA,14.6483661204778,18.5887372518267
2096-05-22 12:00:00,2096,5,22,NA,12.8122156530287,20.6226714532073
2096-05-23 12:00:00,2096,5,23,NA,16.5459140152851,22.4729679912256
2096-05-24 12:00:00,2096,5,24,NA,16.1353879486356,23.6417237884842
2096-05-25 12:00:00,2096,5,25,NA,18.489180114202,24.4318746523629
2096-05-26 12:00:00,2096,5,26,NA,17.8100700455996,24.720697530861
2096-05-27 12:00:00,2096,5,27,NA,15.1378831844662,24.9513806793835
2096-05-28 12:00:00,2096,5,28,NA,12.7389860887197,27.5625082880977
2096-05-29 12:00:00,2096,5,29,NA,15.755346517952,28.0651270392822
2096-05-30 12:00:00,2096,5,30,NA,11.2199828330549,24.9631527465129
2096-05-31 12:00:00,2096,5,31,NA,8.78230868694185,16.6028626706656
2096-06-01 12:00:00,2096,6,1,NA,8.58705822280449,20.2398969964109
2096-06-02 12:00:00,2096,6,2,NA,7.80113251833601,22.243244603849
2096-06-03 12:00:00,2096,6,3,NA,8.76105285195849,25.1674232335421
2096-06-04 12:00:00,2096,6,4,NA,13.0710991840458,23.4763856547258
2096-06-05 12:00:00,2096,6,5,NA,13.6067215524911,18.7591046128828
2096-06-06 12:00:00,2096,6,6,NA,11.8418883165781,16.9135842660643
2096-06-07 12:00:00,2096,6,7,NA,7.53608890016442,19.7208459839868
2096-06-08 12:00:00,2096,6,8,NA,7.56809637211782,23.021618307141
2096-06-09 12:00:00,2096,6,9,NA,6.55023266379262,26.1689952271328
2096-06-10 12:00:00,2096,6,10,NA,8.3066718965329,23.4345708159642
2096-06-11 12:00:00,2096,6,11,NA,9.71233178052673,22.1075155523887
2096-06-12 12:00:00,2096,6,12,NA,12.139919759805,22.3631536756114
2096-06-13 12:00:00,2096,6,13,NA,7.96349375254404,22.3825189710843
2096-06-14 12:00:00,2096,6,14,NA,10.9384086828389,26.7726035748854
2096-06-15 12:00:00,2096,6,15,NA,12.5307151319319,24.7713888401482
2096-06-16 12:00:00,2096,6,16,NA,15.7326283635639,27.5503254149971
2096-06-17 12:00:00,2096,6,17,NA,14.331685939172,25.6954298598289
2096-06-18 12:00:00,2096,6,18,NA,12.1679057346961,24.641827036792
2096-06-19 12:00:00,2096,6,19,NA,11.3816593107769,24.5634892652854
2096-06-20 12:00:00,2096,6,20,NA,12.9413222685093,27.9188507944854
2096-06-21 12:00:00,2096,6,21,NA,15.4246398204116,30.2974431602707
2096-06-22 12:00:00,2096,6,22,NA,16.7438641524457,28.9286212362682
2096-06-23 12:00:00,2096,6,23,NA,17.9955640622843,29.3538855425571
2096-06-24 12:00:00,2096,6,24,NA,21.1483582089055,25.2208100700717
2096-06-25 12:00:00,2096,6,25,NA,17.4500854938662,26.8511311803404
2096-06-26 12:00:00,2096,6,26,NA,17.486204383015,30.4945570037067
2096-06-27 12:00:00,2096,6,27,NA,19.936198101537,29.1050427867697
2096-06-28 12:00:00,2096,6,28,NA,15.8771951733363,26.1842219828055
2096-06-29 12:00:00,2096,6,29,NA,13.3619900042958,27.7761727652653
2096-06-30 12:00:00,2096,6,30,NA,14.1775612651782,25.476312138611
2096-07-01 12:00:00,2096,7,1,NA,14.3811863503368,25.0434638943611
2096-07-02 12:00:00,2096,7,2,NA,18.4062151910841,30.8449523830641
2096-07-03 12:00:00,2096,7,3,NA,20.8989032572718,28.5278154172863
2096-07-04 12:00:00,2096,7,4,NA,20.7085115594438,29.7058446471248
2096-07-05 12:00:00,2096,7,5,NA,24.229871968939,28.1162346755496
2096-07-06 12:00:00,2096,7,6,NA,18.7605264633968,25.6504071358431
2096-07-07 12:00:00,2096,7,7,NA,20.3890948540101,25.7329095461909
2096-07-08 12:00:00,2096,7,8,NA,20.7134483085424,28.5182754859062
2096-07-09 12:00:00,2096,7,9,NA,19.2163498264974,22.8524730750776
2096-07-10 12:00:00,2096,7,10,NA,14.3726213240287,22.4759516622327
2096-07-11 12:00:00,2096,7,11,NA,16.1994180920256,26.6881375066848
2096-07-12 12:00:00,2096,7,12,NA,15.8892550416558,25.7527027629355
2096-07-13 12:00:00,2096,7,13,NA,19.1608380188048,25.3758786469736
2096-07-14 12:00:00,2096,7,14,NA,20.5871425743148,27.203472665038
2096-07-15 12:00:00,2096,7,15,NA,18.2487374418212,29.7653326752754
2096-07-16 12:00:00,2096,7,16,NA,16.2678379442705,34.0340142642021
2096-07-17 12:00:00,2096,7,17,NA,15.0431900016703,32.2724642128561
2096-07-18 12:00:00,2096,7,18,NA,15.4283981170666,33.5241950540048
2096-07-19 12:00:00,2096,7,19,NA,16.2392924186702,26.5632985694744
2096-07-20 12:00:00,2096,7,20,NA,13.067111221381,27.3848262706922
2096-07-21 12:00:00,2096,7,21,NA,13.758474930294,26.2560856792003
2096-07-22 12:00:00,2096,7,22,NA,14.8273275615024,25.3501000758387
2096-07-23 12:00:00,2096,7,23,NA,12.742883034703,31.0502193586479
2096-07-24 12:00:00,2096,7,24,NA,18.4446894054693,30.4789754723175
2096-07-25 12:00:00,2096,7,25,NA,20.2314269755868,33.3159258284004
2096-07-26 12:00:00,2096,7,26,NA,15.3845714453848,31.1572558999417
2096-07-27 12:00:00,2096,7,27,NA,17.5330082798932,31.6648006651149
2096-07-28 12:00:00,2096,7,28,NA,18.1852166854633,34.4007958387355
2096-07-29 12:00:00,2096,7,29,NA,18.7185208599468,33.8659394033205
2096-07-30 12:00:00,2096,7,30,NA,15.3908608770472,34.6473183788553
2096-07-31 12:00:00,2096,7,31,NA,16.407431764465,36.8323787879855
2096-08-01 12:00:00,2096,8,1,NA,19.5027631587435,39.6379011786198
2096-08-02 12:00:00,2096,8,2,NA,19.1943169747363,30.6397146058819
2096-08-03 12:00:00,2096,8,3,NA,18.834608048091,32.7303597668567
2096-08-04 12:00:00,2096,8,4,NA,17.5737197809811,31.2400413394245
2096-08-05 12:00:00,2096,8,5,NA,19.1742424621369,33.2004560051068
2096-08-06 12:00:00,2096,8,6,NA,17.5074426240924,30.1437234862913
2096-08-07 12:00:00,2096,8,7,NA,15.0162366600427,29.1577853258683
2096-08-08 12:00:00,2096,8,8,NA,17.6221185729825,25.8647993938344
2096-08-09 12:00:00,2096,8,9,NA,18.3058708906598,27.5522620104338
2096-08-10 12:00:00,2096,8,10,NA,18.3765209197368,28.5447902427975
2096-08-11 12:00:00,2096,8,11,NA,17.7177148955515,23.4229663234838
2096-08-12 12:00:00,2096,8,12,NA,19.9236736138896,26.3130166934677
2096-08-13 12:00:00,2096,8,13,NA,18.2048760558496,28.1557460255226
2096-08-14 12:00:00,2096,8,14,NA,15.8255668203672,27.5278248584934
2096-08-15 12:00:00,2096,8,15,NA,16.6870751975157,25.6708141408125
2096-08-16 12:00:00,2096,8,16,NA,17.7711705827317,29.4458590754187
2096-08-17 12:00:00,2096,8,17,NA,15.5644766068458,24.1773659597624
2096-08-18 12:00:00,2096,8,18,NA,18.4687337705638,28.6184970063877
2096-08-19 12:00:00,2096,8,19,NA,18.176618325411,29.7459041950186
2096-08-20 12:00:00,2096,8,20,NA,18.9441437034263,30.6218590652178
2096-08-21 12:00:00,2096,8,21,NA,18.0231207100662,28.9899624264441
2096-08-22 12:00:00,2096,8,22,NA,19.3777129164931,31.5919478552994
2096-08-23 12:00:00,2096,8,23,NA,18.4321165141427,28.4428718316646
2096-08-24 12:00:00,2096,8,24,NA,16.1682625483441,23.5773586591156
2096-08-25 12:00:00,2096,8,25,NA,16.9732805020809,19.1129992042305
2096-08-26 12:00:00,2096,8,26,NA,12.925756024962,19.4275727905451
2096-08-27 12:00:00,2096,8,27,NA,11.1375340807801,21.2181430378064
2096-08-28 12:00:00,2096,8,28,NA,5.8221972482566,23.7879026652142
2096-08-29 12:00:00,2096,8,29,NA,11.8185448384301,21.0944373606161
2096-08-30 12:00:00,2096,8,30,NA,7.92973681076292,22.5253261324421
2096-08-31 12:00:00,2096,8,31,NA,9.16946914154611,25.4150075100605
2096-09-01 12:00:00,2096,9,1,NA,8.13515157686862,26.5311601478281
2096-09-02 12:00:00,2096,9,2,NA,7.75374021916829,24.0380221854538
2096-09-03 12:00:00,2096,9,3,NA,11.35417996545,27.745668815106
2096-09-04 12:00:00,2096,9,4,NA,12.0589738064223,25.0856288859124
2096-09-05 12:00:00,2096,9,5,NA,10.9097279788128,25.9754638621304
2096-09-06 12:00:00,2096,9,6,NA,11.2263137593888,24.3941168061838
2096-09-07 12:00:00,2096,9,7,NA,12.2933495041931,19.4731235896364
2096-09-08 12:00:00,2096,9,8,NA,10.990666189219,18.1830299646642
2096-09-09 12:00:00,2096,9,9,NA,8.97352288953519,17.5722012388741
2096-09-10 12:00:00,2096,9,10,NA,8.68012136699251,20.0228004364895
2096-09-11 12:00:00,2096,9,11,NA,12.2359332374067,18.6832655309277
2096-09-12 12:00:00,2096,9,12,NA,13.6066237658999,19.8947990369502
2096-09-13 12:00:00,2096,9,13,NA,13.3245425549534,22.9283338773967
2096-09-14 12:00:00,2096,9,14,NA,14.7874668567162,25.8377176030122
2096-09-15 12:00:00,2096,9,15,NA,12.6485362423708,23.6987869886668
2096-09-16 12:00:00,2096,9,16,NA,12.3000389933415,20.5366561445015
2096-09-17 12:00:00,2096,9,17,NA,13.3145244158147,27.6257305181531
2096-09-18 12:00:00,2096,9,18,NA,16.8533490981929,29.767400558877
2096-09-19 12:00:00,2096,9,19,NA,17.9969244695067,33.4002312826438
2096-09-20 12:00:00,2096,9,20,NA,19.4039112461437,31.4087447524871
2096-09-21 12:00:00,2096,9,21,NA,18.3778649618385,30.9068742710552
2096-09-22 12:00:00,2096,9,22,NA,19.4659611375158,26.8904890553903
2096-09-23 12:00:00,2096,9,23,NA,20.0480095453967,23.592040897003
2096-09-24 12:00:00,2096,9,24,NA,13.5582061285733,18.5643119704394
2096-09-25 12:00:00,2096,9,25,NA,9.66023895696686,16.852602732412
2096-09-26 12:00:00,2096,9,26,NA,10.4814886901203,16.5737128481837
2096-09-27 12:00:00,2096,9,27,NA,7.55534308922229,14.0015384337421
2096-09-28 12:00:00,2096,9,28,NA,12.1465648584368,14.9834125528841
2096-09-29 12:00:00,2096,9,29,NA,11.9230007588807,17.1349827839721
2096-09-30 12:00:00,2096,9,30,NA,12.5075306033438,19.2095442808606
2096-10-01 12:00:00,2096,10,1,NA,11.6318996111469,21.7917741950151
2096-10-02 12:00:00,2096,10,2,NA,14.3505667340405,24.2883800703907
2096-10-03 12:00:00,2096,10,3,NA,16.848334187323,24.3249404439757
2096-10-04 12:00:00,2096,10,4,NA,16.3557675152749,21.3339190777115
2096-10-05 12:00:00,2096,10,5,NA,13.9009294470497,24.736363141329
2096-10-06 12:00:00,2096,10,6,NA,11.7385644143404,21.3266482422972
2096-10-07 12:00:00,2096,10,7,NA,16.8137044382841,18.9457684678897
2096-10-08 12:00:00,2096,10,8,NA,17.0439807094728,19.2156441260571
2096-10-09 12:00:00,2096,10,9,NA,17.1220645868927,22.3909365894498
2096-10-10 12:00:00,2096,10,10,NA,17.79568901638,27.0451112100737
2096-10-11 12:00:00,2096,10,11,NA,14.6698301691856,29.5653220044835
2096-10-12 12:00:00,2096,10,12,NA,13.1802806003023,25.0898969384195
2096-10-13 12:00:00,2096,10,13,NA,8.666373675853,20.5730516132522
2096-10-14 12:00:00,2096,10,14,NA,5.44385870962584,17.0162780308679
2096-10-15 12:00:00,2096,10,15,NA,2.94160372135824,21.0222673699438
2096-10-16 12:00:00,2096,10,16,NA,9.12009711193664,24.2012596098251
2096-10-17 12:00:00,2096,10,17,NA,8.95226086288855,22.9899141617966
2096-10-18 12:00:00,2096,10,18,NA,13.1194442876967,23.7851530800398
2096-10-19 12:00:00,2096,10,19,NA,13.5612769802506,28.6424394781391
2096-10-20 12:00:00,2096,10,20,NA,12.2363537489718,24.2817120244759
2096-10-21 12:00:00,2096,10,21,NA,12.4699539202697,27.1912849024032
2096-10-22 12:00:00,2096,10,22,NA,12.3412566815908,26.5216675073255
2096-10-23 12:00:00,2096,10,23,NA,12.3954089234901,24.2185456220148
2096-10-24 12:00:00,2096,10,24,NA,10.8529675995213,24.0191189155169
2096-10-25 12:00:00,2096,10,25,NA,10.2536121254141,20.98637074658
2096-10-26 12:00:00,2096,10,26,NA,7.30138856052217,20.5383048293055
2096-10-27 12:00:00,2096,10,27,NA,6.52053299795488,16.3139400825967
2096-10-28 12:00:00,2096,10,28,NA,8.41274004885853,15.9224208150332
2096-10-29 12:00:00,2096,10,29,NA,8.51153623451575,18.0082534297405
2096-10-30 12:00:00,2096,10,30,NA,12.830786851286,21.3474781653951
2096-10-31 12:00:00,2096,10,31,NA,11.6567702309911,19.8442793877741
2096-11-01 12:00:00,2096,11,1,NA,8.37215065750221,24.8174578348185
2096-11-02 12:00:00,2096,11,2,NA,13.2746769161377,23.5945593451826
2096-11-03 12:00:00,2096,11,3,NA,16.9251110023693,22.5301379235987
2096-11-04 12:00:00,2096,11,4,NA,13.3367225241906,22.2360051290114
2096-11-05 12:00:00,2096,11,5,NA,11.2628621096369,20.6651424388269
2096-11-06 12:00:00,2096,11,6,NA,13.2091195097988,25.1402310327928
2096-11-07 12:00:00,2096,11,7,NA,12.0385990781257,22.2955194006718
2096-11-08 12:00:00,2096,11,8,NA,12.8388161307829,20.3725062174664
2096-11-09 12:00:00,2096,11,9,NA,10.6235231966557,18.1665524932377
2096-11-10 12:00:00,2096,11,10,NA,10.5418754237271,15.1123897368602
2096-11-11 12:00:00,2096,11,11,NA,11.7460468858967,13.699782775507
2096-11-12 12:00:00,2096,11,12,NA,6.8938740769134,12.6008594471654
2096-11-13 12:00:00,2096,11,13,NA,4.93669989573501,11.4705785501888
2096-11-14 12:00:00,2096,11,14,NA,9.31794344818764,13.9840302028503
2096-11-15 12:00:00,2096,11,15,NA,9.21632332289555,14.8389762105753
2096-11-16 12:00:00,2096,11,16,NA,7.79427772725108,15.4081119314261
2096-11-17 12:00:00,2096,11,17,NA,7.85513893367584,13.5899385911975
2096-11-18 12:00:00,2096,11,18,NA,7.22634973935154,9.66043919610511
2096-11-19 12:00:00,2096,11,19,NA,6.59708622479617,11.4647349809665
2096-11-20 12:00:00,2096,11,20,NA,4.99612479818817,9.66768579426242
2096-11-21 12:00:00,2096,11,21,NA,4.0795630743018,8.19619605279802
2096-11-22 12:00:00,2096,11,22,NA,2.458440315343,10.4325787728927
2096-11-23 12:00:00,2096,11,23,NA,5.65861295010153,15.4524683422327
2096-11-24 12:00:00,2096,11,24,NA,7.30644263556675,11.0889926778598
2096-11-25 12:00:00,2096,11,25,NA,1.97069861999698,7.57856120061026
2096-11-26 12:00:00,2096,11,26,NA,1.74978400964986,10.1126102029442
2096-11-27 12:00:00,2096,11,27,NA,2.167009670109,13.1565741150205
2096-11-28 12:00:00,2096,11,28,NA,4.52336740268787,14.7613614496795
2096-11-29 12:00:00,2096,11,29,NA,4.12616971478053,9.03129465961143
2096-11-30 12:00:00,2096,11,30,NA,7.7802785566832,12.7298653335475
2096-12-01 12:00:00,2096,12,1,NA,4.17538490290208,12.6320058577098
2096-12-02 12:00:00,2096,12,2,NA,2.96406500604152,10.8265598202269
2096-12-03 12:00:00,2096,12,3,NA,4.91372780114424,16.4065425958804
2096-12-04 12:00:00,2096,12,4,NA,3.56971916854316,14.7656435729846
2096-12-05 12:00:00,2096,12,5,NA,3.67119507643012,14.8752053293417
2096-12-06 12:00:00,2096,12,6,NA,8.30201241888835,14.3764137594297
2096-12-07 12:00:00,2096,12,7,NA,9.95652009064296,14.517895061165
2096-12-08 12:00:00,2096,12,8,NA,9.3996351332795,14.8259961337765
2096-12-09 12:00:00,2096,12,9,NA,10.8243865546996,13.4681430033649
2096-12-10 12:00:00,2096,12,10,NA,10.019252763181,13.0640716044768
2096-12-11 12:00:00,2096,12,11,NA,6.88768690602903,9.54672089039751
2096-12-12 12:00:00,2096,12,12,NA,6.17286622839889,11.5366056256166
2096-12-13 12:00:00,2096,12,13,NA,7.5584702363945,14.411166356191
2096-12-14 12:00:00,2096,12,14,NA,6.44780549622693,16.4378974271875
2096-12-15 12:00:00,2096,12,15,NA,8.6272333298209,16.9897139535667
2096-12-16 12:00:00,2096,12,16,NA,5.4258054989475,8.56023438173908
2096-12-17 12:00:00,2096,12,17,NA,3.0201057095403,8.82035884779993
2096-12-18 12:00:00,2096,12,18,NA,-1.29207698044449,5.67510135086554
2096-12-19 12:00:00,2096,12,19,NA,1.16041317616196,9.9274239679246
2096-12-20 12:00:00,2096,12,20,NA,5.2608257944114,10.7167592386461
2096-12-21 12:00:00,2096,12,21,NA,3.54169123869489,7.84432424471216
2096-12-22 12:00:00,2096,12,22,NA,5.94692631726081,11.0357571223713
2096-12-23 12:00:00,2096,12,23,NA,3.5109484988151,5.42801324819076
2096-12-24 12:00:00,2096,12,24,NA,4.35744170332078,7.63138265143611
2096-12-25 12:00:00,2096,12,25,NA,0.385160058644449,6.16088515107607
2096-12-26 12:00:00,2096,12,26,NA,0.600953674738051,7.20263586843189
2096-12-27 12:00:00,2096,12,27,NA,1.01039852472285,7.03389910363112
2096-12-28 12:00:00,2096,12,28,NA,1.41559607037158,5.58970607428817
2096-12-29 12:00:00,2096,12,29,NA,-0.738317693886352,5.79308436377534
2096-12-30 12:00:00,2096,12,30,NA,1.85498358081399,10.0833341222727
2096-12-31 12:00:00,2096,12,31,NA,6.73884838595573,10.7879932820702
2097-01-01 12:00:00,2097,1,1,NA,6.65579550532464,10.433256322531
2097-01-02 12:00:00,2097,1,2,NA,2.8508634691328,4.72216379380932
2097-01-03 12:00:00,2097,1,3,NA,-0.243245303740224,2.42748274800548
2097-01-04 12:00:00,2097,1,4,NA,-2.59021418181456,3.35326135555209
2097-01-05 12:00:00,2097,1,5,NA,-0.28172058598435,6.0569787562536
2097-01-06 12:00:00,2097,1,6,NA,-1.16140963229426,7.62970016734793
2097-01-07 12:00:00,2097,1,7,NA,0.610156592288196,5.80131080603025
2097-01-08 12:00:00,2097,1,8,NA,0.0963416346325867,6.7323932344162
2097-01-09 12:00:00,2097,1,9,NA,0.427790254781945,6.23152577691903
2097-01-10 12:00:00,2097,1,10,NA,3.4979832260301,8.82929595208336
2097-01-11 12:00:00,2097,1,11,NA,1.62022806274277,6.77450779354402
2097-01-12 12:00:00,2097,1,12,NA,2.80801883578732,7.63510755851506
2097-01-13 12:00:00,2097,1,13,NA,2.20806286131161,12.3431064745571
2097-01-14 12:00:00,2097,1,14,NA,1.50092093708094,12.1728784248398
2097-01-15 12:00:00,2097,1,15,NA,7.59871451223382,12.8326959365694
2097-01-16 12:00:00,2097,1,16,NA,5.21232673739014,15.0967699853372
2097-01-17 12:00:00,2097,1,17,NA,2.88364702607379,12.4960724551889
2097-01-18 12:00:00,2097,1,18,NA,1.99175432202185,6.67438507739443
2097-01-19 12:00:00,2097,1,19,NA,4.34089567909852,8.6743048464006
2097-01-20 12:00:00,2097,1,20,NA,2.33439422713916,6.57633397839408
2097-01-21 12:00:00,2097,1,21,NA,0.171194142275085,2.88195150651146
2097-01-22 12:00:00,2097,1,22,NA,-0.904712701501499,3.9714053149121
2097-01-23 12:00:00,2097,1,23,NA,-4.88237804549241,1.41595735709242
2097-01-24 12:00:00,2097,1,24,NA,-6.36074063567952,-0.612738923952814
2097-01-25 12:00:00,2097,1,25,NA,-8.81688228216428,-2.20750514822968
2097-01-26 12:00:00,2097,1,26,NA,-5.46956264466203,-0.387937027381545
2097-01-27 12:00:00,2097,1,27,NA,-3.96729435536374,3.23636263913387
2097-01-28 12:00:00,2097,1,28,NA,0.107393613794494,12.0862744957163
2097-01-29 12:00:00,2097,1,29,NA,1.18714015118753,12.4449389308076
2097-01-30 12:00:00,2097,1,30,NA,5.13317972321566,14.5590679521552
2097-01-31 12:00:00,2097,1,31,NA,2.05592807827192,8.530587881738
2097-02-01 12:00:00,2097,2,1,NA,3.5639293669063,9.79872776168486
2097-02-02 12:00:00,2097,2,2,NA,6.62692406808509,8.24286458520876
2097-02-03 12:00:00,2097,2,3,NA,3.54016157514772,5.15731584814029
2097-02-04 12:00:00,2097,2,4,NA,2.84433492460837,6.50798562444598
2097-02-05 12:00:00,2097,2,5,NA,3.02134330640458,9.50193669419039
2097-02-06 12:00:00,2097,2,6,NA,1.9881402576918,10.649599959804
2097-02-07 12:00:00,2097,2,7,NA,1.45433542488092,10.5003522516182
2097-02-08 12:00:00,2097,2,8,NA,1.05622730563405,15.0146920751877
2097-02-09 12:00:00,2097,2,9,NA,3.09933547630815,14.0950941762459
2097-02-10 12:00:00,2097,2,10,NA,3.80350511155533,15.3527469857255
2097-02-11 12:00:00,2097,2,11,NA,5.38992264178256,13.3306616226032
2097-02-12 12:00:00,2097,2,12,NA,7.45597361023858,12.3850515448333
2097-02-13 12:00:00,2097,2,13,NA,2.70540064247654,9.95169940275932
2097-02-14 12:00:00,2097,2,14,NA,0.569735667737922,11.2269037700528
2097-02-15 12:00:00,2097,2,15,NA,5.71805353537876,16.7038755359085
2097-02-16 12:00:00,2097,2,16,NA,9.73465895015537,17.3189728084826
2097-02-17 12:00:00,2097,2,17,NA,9.58234793579776,12.8424505599584
2097-02-18 12:00:00,2097,2,18,NA,10.9240293663724,13.3445018007715
2097-02-19 12:00:00,2097,2,19,NA,8.48098674969568,12.5098365565416
2097-02-20 12:00:00,2097,2,20,NA,6.18558341068912,11.0144957458652
2097-02-21 12:00:00,2097,2,21,NA,5.42925268300881,8.14852850570571
2097-02-22 12:00:00,2097,2,22,NA,6.96333623945943,8.93304332871168
2097-02-23 12:00:00,2097,2,23,NA,5.71034284609337,9.84496631614534
2097-02-24 12:00:00,2097,2,24,NA,7.98344658333523,12.8698313357546
2097-02-25 12:00:00,2097,2,25,NA,6.1959181443274,12.7168929585811
2097-02-26 12:00:00,2097,2,26,NA,1.58187456883897,10.8578399122334
2097-02-27 12:00:00,2097,2,27,NA,7.76004963653766,11.9008555679256
2097-02-28 12:00:00,2097,2,28,NA,6.66233286317157,10.5520487472685
2097-03-01 12:00:00,2097,3,1,NA,5.84077895523068,9.57415237757093
2097-03-02 12:00:00,2097,3,2,NA,5.40965462857765,14.181155711758
2097-03-03 12:00:00,2097,3,3,NA,1.06031637059635,13.5552201402576
2097-03-04 12:00:00,2097,3,4,NA,0.830986285137688,9.01250852680322
2097-03-05 12:00:00,2097,3,5,NA,-7.94641777866963,4.74389236283177
2097-03-06 12:00:00,2097,3,6,NA,-3.42916310752461,6.98047816855723
2097-03-07 12:00:00,2097,3,7,NA,0.106310511433169,7.2448945809944
2097-03-08 12:00:00,2097,3,8,NA,0.74167892580238,5.80206443974308
2097-03-09 12:00:00,2097,3,9,NA,-1.59558189353327,7.4017196335195
2097-03-10 12:00:00,2097,3,10,NA,-2.00499209544388,0.384418677801752
2097-03-11 12:00:00,2097,3,11,NA,-2.16544896414974,5.29159274055669
2097-03-12 12:00:00,2097,3,12,NA,3.37715782691605,8.54650482879773
2097-03-13 12:00:00,2097,3,13,NA,0.0411987816178288,7.29546972386077
2097-03-14 12:00:00,2097,3,14,NA,1.7529320645714,8.78726999810891
2097-03-15 12:00:00,2097,3,15,NA,-1.78154975462903,3.38779724725265
2097-03-16 12:00:00,2097,3,16,NA,-1.13188143726003,4.86947446163144
2097-03-17 12:00:00,2097,3,17,NA,-1.35051759413782,5.43068337341725
2097-03-18 12:00:00,2097,3,18,NA,1.79463713377662,6.06179763831485
2097-03-19 12:00:00,2097,3,19,NA,0.958204236109069,7.04259920790377
2097-03-20 12:00:00,2097,3,20,NA,1.34029844299923,7.9597908111018
2097-03-21 12:00:00,2097,3,21,NA,3.37952745203871,11.9691857316824
2097-03-22 12:00:00,2097,3,22,NA,4.13205850708451,10.5899668702964
2097-03-23 12:00:00,2097,3,23,NA,6.87619342478802,15.0863910684266
2097-03-24 12:00:00,2097,3,24,NA,6.77348003885809,17.1649710162646
2097-03-25 12:00:00,2097,3,25,NA,5.85935946671501,16.0469807351028
2097-03-26 12:00:00,2097,3,26,NA,6.7214798761873,14.0768111957831
2097-03-27 12:00:00,2097,3,27,NA,8.33223418848991,11.0761468106021
2097-03-28 12:00:00,2097,3,28,NA,8.44143364594829,12.5267813212099
2097-03-29 12:00:00,2097,3,29,NA,7.38391560903772,12.9483826753579
2097-03-30 12:00:00,2097,3,30,NA,6.24134505864874,11.704484721195
2097-03-31 12:00:00,2097,3,31,NA,6.57645600115274,10.4139010765132
2097-04-01 12:00:00,2097,4,1,NA,1.07375582193251,8.35295981051307
2097-04-02 12:00:00,2097,4,2,NA,1.49931255544998,8.89097434167859
2097-04-03 12:00:00,2097,4,3,NA,-1.38323612812311,10.1924725371451
2097-04-04 12:00:00,2097,4,4,NA,0.167558587595522,8.33277223597841
2097-04-05 12:00:00,2097,4,5,NA,-2.13123174279846,5.5603687213968
2097-04-06 12:00:00,2097,4,6,NA,-3.04353364602676,6.45570941037124
2097-04-07 12:00:00,2097,4,7,NA,-4.66868741119571,8.51230912332765
2097-04-08 12:00:00,2097,4,8,NA,-3.2284352175518,9.47780213057052
2097-04-09 12:00:00,2097,4,9,NA,0.967244325621445,10.2543437651145
2097-04-10 12:00:00,2097,4,10,NA,1.23822401401493,14.1112014760693
2097-04-11 12:00:00,2097,4,11,NA,5.99681170055786,15.4792150528182
2097-04-12 12:00:00,2097,4,12,NA,3.34779655355741,18.8717987286394
2097-04-13 12:00:00,2097,4,13,NA,-1.9998722763009,19.2300508503208
2097-04-14 12:00:00,2097,4,14,NA,4.5015390622429,11.27616912375
2097-04-15 12:00:00,2097,4,15,NA,6.82786707620884,15.2176709453392
2097-04-16 12:00:00,2097,4,16,NA,2.94470283202353,14.4636077285884
2097-04-17 12:00:00,2097,4,17,NA,-0.355048819322845,14.9158417153256
2097-04-18 12:00:00,2097,4,18,NA,0.0519190935007625,15.4902065657763
2097-04-19 12:00:00,2097,4,19,NA,1.27283196081002,12.9047936980158
2097-04-20 12:00:00,2097,4,20,NA,6.03757966652781,11.6028191321345
2097-04-21 12:00:00,2097,4,21,NA,4.15040633461672,10.5548860114335
2097-04-22 12:00:00,2097,4,22,NA,5.0070461374535,10.1008643674145
2097-04-23 12:00:00,2097,4,23,NA,0.12615519554751,15.2680178695327
2097-04-24 12:00:00,2097,4,24,NA,3.10020023705901,15.3398002066587
2097-04-25 12:00:00,2097,4,25,NA,3.62954855570998,14.05986030143
2097-04-26 12:00:00,2097,4,26,NA,1.783859840962,17.3715306064232
2097-04-27 12:00:00,2097,4,27,NA,1.35504250990308,17.0737441437499
2097-04-28 12:00:00,2097,4,28,NA,1.79747756592392,19.9512080430467
2097-04-29 12:00:00,2097,4,29,NA,1.76876622172353,21.8589207331585
2097-04-30 12:00:00,2097,4,30,NA,8.26905382250911,26.1573724587052
2097-05-01 12:00:00,2097,5,1,NA,11.2577651192164,22.4329373701403
2097-05-02 12:00:00,2097,5,2,NA,9.62996861873804,20.8967539910698
2097-05-03 12:00:00,2097,5,3,NA,10.1301369022481,25.6855414658927
2097-05-04 12:00:00,2097,5,4,NA,11.449970089836,30.0669843055986
2097-05-05 12:00:00,2097,5,5,NA,16.8235085955046,27.4859615439851
2097-05-06 12:00:00,2097,5,6,NA,16.3691599274199,26.0699362972369
2097-05-07 12:00:00,2097,5,7,NA,14.8421997612086,21.6292779523354
2097-05-08 12:00:00,2097,5,8,NA,10.3346057484972,19.1411887136919
2097-05-09 12:00:00,2097,5,9,NA,9.46147379044266,20.2356431438637
2097-05-10 12:00:00,2097,5,10,NA,10.4521350133786,18.6685147896654
2097-05-11 12:00:00,2097,5,11,NA,8.96826406154399,14.5955089447959
2097-05-12 12:00:00,2097,5,12,NA,6.25552984397457,19.922530762155
2097-05-13 12:00:00,2097,5,13,NA,10.2798883852489,26.9216822455744
2097-05-14 12:00:00,2097,5,14,NA,13.1860600367415,27.7160282236927
2097-05-15 12:00:00,2097,5,15,NA,13.8323901793697,25.036783993999
2097-05-16 12:00:00,2097,5,16,NA,10.4162011814885,22.2963218078734
2097-05-17 12:00:00,2097,5,17,NA,9.06860749961644,23.8759457825312
2097-05-18 12:00:00,2097,5,18,NA,11.9671885997047,25.741484863173
2097-05-19 12:00:00,2097,5,19,NA,12.7985866428016,28.3539912064462
2097-05-20 12:00:00,2097,5,20,NA,12.1048662628195,22.5552900147929
2097-05-21 12:00:00,2097,5,21,NA,16.0629204004087,28.2925824568907
2097-05-22 12:00:00,2097,5,22,NA,15.4063984246018,27.5201724998853
2097-05-23 12:00:00,2097,5,23,NA,14.8522434136189,29.411298450303
2097-05-24 12:00:00,2097,5,24,NA,12.0556452521518,26.638763616715
2097-05-25 12:00:00,2097,5,25,NA,8.82110620212224,26.061367669894
2097-05-26 12:00:00,2097,5,26,NA,9.04453640938101,19.7498702911547
2097-05-27 12:00:00,2097,5,27,NA,12.1247146838357,19.5306542039093
2097-05-28 12:00:00,2097,5,28,NA,6.72636791028823,24.3474790139129
2097-05-29 12:00:00,2097,5,29,NA,2.70613759951847,20.2241376454033
2097-05-30 12:00:00,2097,5,30,NA,3.7514943541992,15.5423008672329
2097-05-31 12:00:00,2097,5,31,NA,2.30493526754804,17.1558467797958
2097-06-01 12:00:00,2097,6,1,NA,3.86906042644673,21.0175983987001
2097-06-02 12:00:00,2097,6,2,NA,5.41881562580801,20.8675432440633
2097-06-03 12:00:00,2097,6,3,NA,15.4318635974476,20.5842466578393
2097-06-04 12:00:00,2097,6,4,NA,15.9351320254128,25.4204551887171
2097-06-05 12:00:00,2097,6,5,NA,15.2416985900607,24.1354917638781
2097-06-06 12:00:00,2097,6,6,NA,18.0447059158361,31.188768075043
2097-06-07 12:00:00,2097,6,7,NA,16.1159899076554,25.4128955278054
2097-06-08 12:00:00,2097,6,8,NA,13.8368298368323,22.1011157701025
2097-06-09 12:00:00,2097,6,9,NA,12.7756687900769,24.1364476998039
2097-06-10 12:00:00,2097,6,10,NA,9.573335643158,20.8720865165907
2097-06-11 12:00:00,2097,6,11,NA,12.6311612041097,18.8300340718302
2097-06-12 12:00:00,2097,6,12,NA,11.1828614948006,20.6681846581049
2097-06-13 12:00:00,2097,6,13,NA,16.0905377315645,21.2154221573128
2097-06-14 12:00:00,2097,6,14,NA,13.1829913800205,26.3648213345289
2097-06-15 12:00:00,2097,6,15,NA,15.8125204913028,30.7900490172788
2097-06-16 12:00:00,2097,6,16,NA,13.9219348664688,25.1104390238228
2097-06-17 12:00:00,2097,6,17,NA,13.1408162412564,27.552570491189
2097-06-18 12:00:00,2097,6,18,NA,11.1534653109317,20.3586843261866
2097-06-19 12:00:00,2097,6,19,NA,10.1183330391049,22.5922543412008
2097-06-20 12:00:00,2097,6,20,NA,8.12557790393928,25.6065526274362
2097-06-21 12:00:00,2097,6,21,NA,11.8294466432531,21.0867086084916
2097-06-22 12:00:00,2097,6,22,NA,15.1384878030558,20.2908708634474
2097-06-23 12:00:00,2097,6,23,NA,15.1219841605208,21.2996358206162
2097-06-24 12:00:00,2097,6,24,NA,13.4146613574374,20.1795644765398
2097-06-25 12:00:00,2097,6,25,NA,10.4379399877532,21.6472792484881
2097-06-26 12:00:00,2097,6,26,NA,7.63712726525272,23.0639165903809
2097-06-27 12:00:00,2097,6,27,NA,11.7646855103175,24.9372781357887
2097-06-28 12:00:00,2097,6,28,NA,9.42692468490849,26.925225386214
2097-06-29 12:00:00,2097,6,29,NA,10.9954816058536,27.468251382967
2097-06-30 12:00:00,2097,6,30,NA,14.1423125938177,24.4224876081274
2097-07-01 12:00:00,2097,7,1,NA,14.8835583776945,24.0524030629273
2097-07-02 12:00:00,2097,7,2,NA,11.1663956229314,24.0229244481924
2097-07-03 12:00:00,2097,7,3,NA,14.3285872561948,23.4895604879196
2097-07-04 12:00:00,2097,7,4,NA,13.8806374482498,20.0956780764187
2097-07-05 12:00:00,2097,7,5,NA,13.8916727685445,22.4249807082134
2097-07-06 12:00:00,2097,7,6,NA,13.9230217624844,28.5906079629359
2097-07-07 12:00:00,2097,7,7,NA,12.7365734760808,24.3534709467379
2097-07-08 12:00:00,2097,7,8,NA,12.2417612336221,26.3016283699003
2097-07-09 12:00:00,2097,7,9,NA,13.4668215218223,26.3043195189227
2097-07-10 12:00:00,2097,7,10,NA,11.7019923710242,20.2353003106931
2097-07-11 12:00:00,2097,7,11,NA,12.6235389237982,22.3531486990137
2097-07-12 12:00:00,2097,7,12,NA,16.2400720398316,23.8641729742299
2097-07-13 12:00:00,2097,7,13,NA,11.0499512216212,29.3001295940055
2097-07-14 12:00:00,2097,7,14,NA,19.3600951634949,35.6163693422641
2097-07-15 12:00:00,2097,7,15,NA,17.0785316955877,35.3861569090215
2097-07-16 12:00:00,2097,7,16,NA,19.0088091292481,32.7755930057083
2097-07-17 12:00:00,2097,7,17,NA,16.9505987231016,31.2991747173425
2097-07-18 12:00:00,2097,7,18,NA,16.4106804828354,25.5071309894437
2097-07-19 12:00:00,2097,7,19,NA,14.4512670574373,28.8284458935552
2097-07-20 12:00:00,2097,7,20,NA,20.108914152312,28.9943308711133
2097-07-21 12:00:00,2097,7,21,NA,17.2356850788689,29.943083851146
2097-07-22 12:00:00,2097,7,22,NA,20.2687192253824,30.1764450112525
2097-07-23 12:00:00,2097,7,23,NA,18.4935230228619,26.1176239572601
2097-07-24 12:00:00,2097,7,24,NA,16.5851085980852,28.5408483671496
2097-07-25 12:00:00,2097,7,25,NA,17.90878312839,25.4431355892944
2097-07-26 12:00:00,2097,7,26,NA,14.8954439483973,21.9392007193341
2097-07-27 12:00:00,2097,7,27,NA,12.9458443951142,21.9483638246721
2097-07-28 12:00:00,2097,7,28,NA,18.5097148645261,23.6935240218724
2097-07-29 12:00:00,2097,7,29,NA,17.7660577544453,28.8573625266901
2097-07-30 12:00:00,2097,7,30,NA,18.0866556081351,24.107101284744
2097-07-31 12:00:00,2097,7,31,NA,17.4864202982035,25.2912474755674
2097-08-01 12:00:00,2097,8,1,NA,16.4985555204846,22.2332975650011
2097-08-02 12:00:00,2097,8,2,NA,19.3430612051875,24.2811610336214
2097-08-03 12:00:00,2097,8,3,NA,15.2034876466111,26.5795056196703
2097-08-04 12:00:00,2097,8,4,NA,17.806407633903,27.6747136691786
2097-08-05 12:00:00,2097,8,5,NA,20.2390065493793,25.6248974795629
2097-08-06 12:00:00,2097,8,6,NA,17.3787957387069,22.9395477578958
2097-08-07 12:00:00,2097,8,7,NA,17.2481512957956,22.6808235325948
2097-08-08 12:00:00,2097,8,8,NA,17.4683292975636,24.0921509248787
2097-08-09 12:00:00,2097,8,9,NA,15.4110932841547,20.9431198649358
2097-08-10 12:00:00,2097,8,10,NA,14.0919650968054,19.4804080957252
2097-08-11 12:00:00,2097,8,11,NA,9.23942397461937,20.0784471373611
2097-08-12 12:00:00,2097,8,12,NA,10.712060884741,19.6957998280378
2097-08-13 12:00:00,2097,8,13,NA,12.7604127064567,20.1013203349399
2097-08-14 12:00:00,2097,8,14,NA,15.8113710656558,20.425295210102
2097-08-15 12:00:00,2097,8,15,NA,16.5864307219981,23.2102523493133
2097-08-16 12:00:00,2097,8,16,NA,14.1058496804017,19.6666016995906
2097-08-17 12:00:00,2097,8,17,NA,11.2916231538826,22.2486552771075
2097-08-18 12:00:00,2097,8,18,NA,10.8946710415835,22.4119093708317
2097-08-19 12:00:00,2097,8,19,NA,14.3798338055726,22.2655408203417
2097-08-20 12:00:00,2097,8,20,NA,15.7147491102535,22.903563185416
2097-08-21 12:00:00,2097,8,21,NA,14.4385238974853,26.4778946560391
2097-08-22 12:00:00,2097,8,22,NA,10.2259123673628,28.5355323024092
2097-08-23 12:00:00,2097,8,23,NA,12.0564969219245,26.9731599650849
2097-08-24 12:00:00,2097,8,24,NA,12.9335086741507,23.0480055219637
2097-08-25 12:00:00,2097,8,25,NA,14.7017190038402,22.139383429017
2097-08-26 12:00:00,2097,8,26,NA,14.1341592720981,24.9064682664365
2097-08-27 12:00:00,2097,8,27,NA,17.2432798720187,23.0869206579021
2097-08-28 12:00:00,2097,8,28,NA,11.8914817174981,22.6570612724676
2097-08-29 12:00:00,2097,8,29,NA,14.4533141932537,19.3247971524626
2097-08-30 12:00:00,2097,8,30,NA,10.5706851679346,17.0672433085377
2097-08-31 12:00:00,2097,8,31,NA,8.3748250417311,16.6295829505295
2097-09-01 12:00:00,2097,9,1,NA,6.20309588116894,20.7853838364017
2097-09-02 12:00:00,2097,9,2,NA,5.57750700371825,23.2864112111058
2097-09-03 12:00:00,2097,9,3,NA,11.7027411678611,20.3184907280707
2097-09-04 12:00:00,2097,9,4,NA,10.6335585158774,24.0253463873888
2097-09-05 12:00:00,2097,9,5,NA,12.242705299041,19.4159369284922
2097-09-06 12:00:00,2097,9,6,NA,5.54585601740077,20.6349011488778
2097-09-07 12:00:00,2097,9,7,NA,6.86944687559605,18.6543163108507
2097-09-08 12:00:00,2097,9,8,NA,11.2945142055351,14.4261140232881
2097-09-09 12:00:00,2097,9,9,NA,8.73577707784825,17.6704518284554
2097-09-10 12:00:00,2097,9,10,NA,10.9793773603661,17.0716015184295
2097-09-11 12:00:00,2097,9,11,NA,11.4023857211692,19.2099153723293
2097-09-12 12:00:00,2097,9,12,NA,10.0637483858495,19.099341426549
2097-09-13 12:00:00,2097,9,13,NA,8.92803555599025,24.3913019112556
2097-09-14 12:00:00,2097,9,14,NA,10.0628580456331,28.071095520619
2097-09-15 12:00:00,2097,9,15,NA,10.8973395928377,28.6426469084585
2097-09-16 12:00:00,2097,9,16,NA,14.6787659414546,25.0220770525999
2097-09-17 12:00:00,2097,9,17,NA,17.9531266644095,29.5968882246246
2097-09-18 12:00:00,2097,9,18,NA,14.3167100282426,23.5630187814201
2097-09-19 12:00:00,2097,9,19,NA,10.8500401733372,24.9116177817084
2097-09-20 12:00:00,2097,9,20,NA,8.72954749870456,24.7745754445231
2097-09-21 12:00:00,2097,9,21,NA,10.4063794469537,21.6572893061851
2097-09-22 12:00:00,2097,9,22,NA,14.208209221303,20.6488384924549
2097-09-23 12:00:00,2097,9,23,NA,13.6556263677286,19.747850525792
2097-09-24 12:00:00,2097,9,24,NA,14.2038461124989,17.8674846967361
2097-09-25 12:00:00,2097,9,25,NA,9.76081422239496,17.2309578628924
2097-09-26 12:00:00,2097,9,26,NA,7.91143285117633,20.3141963748083
2097-09-27 12:00:00,2097,9,27,NA,7.8329283942004,17.7980536994126
2097-09-28 12:00:00,2097,9,28,NA,5.88113905324066,21.2480077563934
2097-09-29 12:00:00,2097,9,29,NA,6.10435359958774,20.2794916890743
2097-09-30 12:00:00,2097,9,30,NA,10.5306010183315,23.8085822620112
2097-10-01 12:00:00,2097,10,1,NA,13.3864219878882,24.6660688224894
2097-10-02 12:00:00,2097,10,2,NA,12.2631371713733,22.2009505077236
2097-10-03 12:00:00,2097,10,3,NA,12.8280282766873,24.8162183587743
2097-10-04 12:00:00,2097,10,4,NA,10.1113844528208,23.8550541380507
2097-10-05 12:00:00,2097,10,5,NA,10.0428491270022,20.083246567113
2097-10-06 12:00:00,2097,10,6,NA,10.3988701560904,19.2204595409545
2097-10-07 12:00:00,2097,10,7,NA,6.77221258381015,18.4300572849417
2097-10-08 12:00:00,2097,10,8,NA,8.12418038259229,18.2346205452109
2097-10-09 12:00:00,2097,10,9,NA,10.1747789120252,17.7423797281203
2097-10-10 12:00:00,2097,10,10,NA,8.35476118215545,13.7447485844646
2097-10-11 12:00:00,2097,10,11,NA,8.64744160512078,16.1000140701673
2097-10-12 12:00:00,2097,10,12,NA,7.97419390001368,17.5622777279705
2097-10-13 12:00:00,2097,10,13,NA,7.27417388816815,20.2879883833425
2097-10-14 12:00:00,2097,10,14,NA,5.44991741445347,18.4119634783985
2097-10-15 12:00:00,2097,10,15,NA,10.1980139654103,15.378902889992
2097-10-16 12:00:00,2097,10,16,NA,3.15457435913522,18.0339086658791
2097-10-17 12:00:00,2097,10,17,NA,6.74705079514244,17.8057363325683
2097-10-18 12:00:00,2097,10,18,NA,9.19892072068756,17.3070321290675
2097-10-19 12:00:00,2097,10,19,NA,12.620754604956,21.2334829842669
2097-10-20 12:00:00,2097,10,20,NA,12.4137521554436,21.6631743491373
2097-10-21 12:00:00,2097,10,21,NA,8.00203438316005,18.8102365249314
2097-10-22 12:00:00,2097,10,22,NA,8.00362700132826,24.4784991528921
2097-10-23 12:00:00,2097,10,23,NA,8.26958183552765,21.2316278994727
2097-10-24 12:00:00,2097,10,24,NA,10.9696247056212,19.3697883209889
2097-10-25 12:00:00,2097,10,25,NA,10.8788785864985,15.7161116795678
2097-10-26 12:00:00,2097,10,26,NA,7.6995843250185,12.4227102792603
2097-10-27 12:00:00,2097,10,27,NA,5.21270687037931,11.882346250031
2097-10-28 12:00:00,2097,10,28,NA,6.73780257117143,12.8554550167727
2097-10-29 12:00:00,2097,10,29,NA,4.60223627733025,14.4956651121056
2097-10-30 12:00:00,2097,10,30,NA,1.67137230290559,18.9350436416348
2097-10-31 12:00:00,2097,10,31,NA,8.56463569422872,18.0555679289974
2097-11-01 12:00:00,2097,11,1,NA,15.0034496218751,24.7274293032028
2097-11-02 12:00:00,2097,11,2,NA,11.1718580527987,16.9177242654483
2097-11-03 12:00:00,2097,11,3,NA,8.53587272525009,11.4810894226026
2097-11-04 12:00:00,2097,11,4,NA,13.757407519177,17.4834847023698
2097-11-05 12:00:00,2097,11,5,NA,11.0930601662706,15.905126618802
2097-11-06 12:00:00,2097,11,6,NA,13.496306820566,19.2311064780876
2097-11-07 12:00:00,2097,11,7,NA,11.9809594765978,14.7784262179737
2097-11-08 12:00:00,2097,11,8,NA,10.8956993894878,14.7324268908429
2097-11-09 12:00:00,2097,11,9,NA,12.3532215104705,15.8669444728444
2097-11-10 12:00:00,2097,11,10,NA,11.6562807683385,19.1877491898376
2097-11-11 12:00:00,2097,11,11,NA,12.11882061192,17.7301203789007
2097-11-12 12:00:00,2097,11,12,NA,13.2399998572142,18.8492920999594
2097-11-13 12:00:00,2097,11,13,NA,12.2569032945112,18.9077961752195
2097-11-14 12:00:00,2097,11,14,NA,12.2132627886123,19.8824503449049
2097-11-15 12:00:00,2097,11,15,NA,11.6597442862988,21.45359967843
2097-11-16 12:00:00,2097,11,16,NA,12.4145094685547,20.0283436727298
2097-11-17 12:00:00,2097,11,17,NA,12.3067034448782,17.8903524600347
2097-11-18 12:00:00,2097,11,18,NA,7.52976305072313,18.3159572297736
2097-11-19 12:00:00,2097,11,19,NA,8.95299010732036,14.0963570243366
2097-11-20 12:00:00,2097,11,20,NA,8.07868595792696,12.214433954767
2097-11-21 12:00:00,2097,11,21,NA,5.75469807165601,11.3383470868125
2097-11-22 12:00:00,2097,11,22,NA,3.19496084796149,9.05941130270823
2097-11-23 12:00:00,2097,11,23,NA,4.5997984498995,9.34612170192455
2097-11-24 12:00:00,2097,11,24,NA,2.94116183308612,8.90412310792244
2097-11-25 12:00:00,2097,11,25,NA,3.63852939437885,15.9987566836327
2097-11-26 12:00:00,2097,11,26,NA,6.45123803034443,13.9024715458482
2097-11-27 12:00:00,2097,11,27,NA,4.70976322005862,10.0497445891402
2097-11-28 12:00:00,2097,11,28,NA,4.01064083087382,7.81964422117625
2097-11-29 12:00:00,2097,11,29,NA,3.75101441618634,10.0765603970133
2097-11-30 12:00:00,2097,11,30,NA,3.60536173198851,9.35511557488152
2097-12-01 12:00:00,2097,12,1,NA,11.4578881836208,14.1428511760608
2097-12-02 12:00:00,2097,12,2,NA,11.8661278562973,15.6904894220416
2097-12-03 12:00:00,2097,12,3,NA,9.88306919595272,13.1300330917064
2097-12-04 12:00:00,2097,12,4,NA,9.53924141221,11.5780769938688
2097-12-05 12:00:00,2097,12,5,NA,7.15821759465334,11.1032355000526
2097-12-06 12:00:00,2097,12,6,NA,-0.531104196198195,3.54462756404893
2097-12-07 12:00:00,2097,12,7,NA,-2.02324230989073,5.93291663736674
2097-12-08 12:00:00,2097,12,8,NA,-1.83623329548355,7.31850331345732
2097-12-09 12:00:00,2097,12,9,NA,2.38923591260047,5.2818233074997
2097-12-10 12:00:00,2097,12,10,NA,-6.05041240018116,4.42107837682101
2097-12-11 12:00:00,2097,12,11,NA,-1.0397019365549,8.21754586991437
2097-12-12 12:00:00,2097,12,12,NA,-1.25160707003953,2.79753782607495
2097-12-13 12:00:00,2097,12,13,NA,2.73680698599636,6.78708088894176
2097-12-14 12:00:00,2097,12,14,NA,0.617572744335586,9.89386781827153
2097-12-15 12:00:00,2097,12,15,NA,1.0904169007715,10.9694338991848
2097-12-16 12:00:00,2097,12,16,NA,5.08252858487492,13.4405610349092
2097-12-17 12:00:00,2097,12,17,NA,1.23491464944993,8.88072865007353
2097-12-18 12:00:00,2097,12,18,NA,1.23979726759298,8.36237568074329
2097-12-19 12:00:00,2097,12,19,NA,-2.3894824514697,5.47301236271569
2097-12-20 12:00:00,2097,12,20,NA,-1.59054523905086,8.02537164119707
2097-12-21 12:00:00,2097,12,21,NA,-0.893959561572912,7.26334296809341
2097-12-22 12:00:00,2097,12,22,NA,3.5124782708842,7.96413745456735
2097-12-23 12:00:00,2097,12,23,NA,1.57059796406909,6.75603459979083
2097-12-24 12:00:00,2097,12,24,NA,-2.77765756102026,5.37358079207863
2097-12-25 12:00:00,2097,12,25,NA,0.530861190080981,5.09062034047943
2097-12-26 12:00:00,2097,12,26,NA,-2.70345389789041,-0.788206450089221
2097-12-27 12:00:00,2097,12,27,NA,-8.97818564232271,-8.28555103672492
2097-12-28 12:00:00,2097,12,28,NA,-2.69849643245086,-2.13023192925796
2097-12-29 12:00:00,2097,12,29,NA,-1.09351641143209,2.73084515431215
2097-12-30 12:00:00,2097,12,30,NA,-0.639134947492311,4.45713676127249
2097-12-31 12:00:00,2097,12,31,NA,0.829127897930896,11.1954318995549
2098-01-01 12:00:00,2098,1,1,NA,3.95748443727342,6.51980992763981
2098-01-02 12:00:00,2098,1,2,NA,-4.72224306209658,2.95361951535579
2098-01-03 12:00:00,2098,1,3,NA,-3.34311856649055,3.69663776172604
2098-01-04 12:00:00,2098,1,4,NA,2.4219302954607,8.08862820906215
2098-01-05 12:00:00,2098,1,5,NA,1.07512676908222,8.41174499312787
2098-01-06 12:00:00,2098,1,6,NA,3.27381335117683,9.07754887331392
2098-01-07 12:00:00,2098,1,7,NA,0.0272149739112784,3.21112257688253
2098-01-08 12:00:00,2098,1,8,NA,1.97510384707358,3.87576774545276
2098-01-09 12:00:00,2098,1,9,NA,-0.607303959104235,3.00399621901512
2098-01-10 12:00:00,2098,1,10,NA,-4.38005936929253,5.3700966803159
2098-01-11 12:00:00,2098,1,11,NA,-6.99518959616536,0.974680972190036
2098-01-12 12:00:00,2098,1,12,NA,-3.59590848213821,9.40277956636426
2098-01-13 12:00:00,2098,1,13,NA,0.278717206337907,7.3184735345545
2098-01-14 12:00:00,2098,1,14,NA,0.369010616098387,6.08141907368901
2098-01-15 12:00:00,2098,1,15,NA,0.653233900225348,4.30633005930213
2098-01-16 12:00:00,2098,1,16,NA,4.25017976397128,8.23527561525032
2098-01-17 12:00:00,2098,1,17,NA,6.62776346957282,10.7121189458192
2098-01-18 12:00:00,2098,1,18,NA,6.34124376997274,11.1116444682671
2098-01-19 12:00:00,2098,1,19,NA,4.59963022418457,10.0770183822107
2098-01-20 12:00:00,2098,1,20,NA,4.69095180573802,8.43518293369372
2098-01-21 12:00:00,2098,1,21,NA,4.46899662721399,6.49625826096873
2098-01-22 12:00:00,2098,1,22,NA,-2.77934598082303,2.12766106311453
2098-01-23 12:00:00,2098,1,23,NA,-0.848984587526464,4.48975203988333
2098-01-24 12:00:00,2098,1,24,NA,-0.400534513358646,3.70145674198527
2098-01-25 12:00:00,2098,1,25,NA,-0.967094688704131,3.90322705382107
2098-01-26 12:00:00,2098,1,26,NA,1.5034015852782,6.58502720255868
2098-01-27 12:00:00,2098,1,27,NA,-0.844958128972498,3.95815648939305
2098-01-28 12:00:00,2098,1,28,NA,-8.88436916159004,-4.29819021817044
2098-01-29 12:00:00,2098,1,29,NA,-5.69503868171422,-1.98801067227025
2098-01-30 12:00:00,2098,1,30,NA,-1.92116494230681,2.68828649449479
2098-01-31 12:00:00,2098,1,31,NA,-0.664984894409359,4.10541580388502
2098-02-01 12:00:00,2098,2,1,NA,-0.716117852131638,5.81263010388486
2098-02-02 12:00:00,2098,2,2,NA,4.66966213818439,10.6465856346094
2098-02-03 12:00:00,2098,2,3,NA,5.88956048316554,13.391367126701
2098-02-04 12:00:00,2098,2,4,NA,6.04798137793354,13.289242024846
2098-02-05 12:00:00,2098,2,5,NA,6.14726893363548,12.8199502030298
2098-02-06 12:00:00,2098,2,6,NA,11.0663209573061,15.925762959427
2098-02-07 12:00:00,2098,2,7,NA,8.03578714804988,11.3265542938735
2098-02-08 12:00:00,2098,2,8,NA,7.47156544387014,10.8256535513476
2098-02-09 12:00:00,2098,2,9,NA,8.37903443646523,11.6227884038934
2098-02-10 12:00:00,2098,2,10,NA,3.70849336617595,14.0387464289914
2098-02-11 12:00:00,2098,2,11,NA,11.0734614951554,15.7372640446671
2098-02-12 12:00:00,2098,2,12,NA,9.69855634123445,12.1172907551793
2098-02-13 12:00:00,2098,2,13,NA,9.41446364722116,12.6745662713818
2098-02-14 12:00:00,2098,2,14,NA,5.93819856896054,9.19322639030987
2098-02-15 12:00:00,2098,2,15,NA,5.15015541697464,11.9133596473679
2098-02-16 12:00:00,2098,2,16,NA,6.30214340617607,13.9315824064067
2098-02-17 12:00:00,2098,2,17,NA,6.48651979004115,16.6079360366596
2098-02-18 12:00:00,2098,2,18,NA,3.14594106062172,12.8696391535628
2098-02-19 12:00:00,2098,2,19,NA,1.19376112863014,12.7644742962799
2098-02-20 12:00:00,2098,2,20,NA,2.78559902373724,8.89527720211079
2098-02-21 12:00:00,2098,2,21,NA,2.62985833357614,9.91584545893213
2098-02-22 12:00:00,2098,2,22,NA,3.63825016176327,8.49774489487393
2098-02-23 12:00:00,2098,2,23,NA,1.4720335970004,11.9815631084925
2098-02-24 12:00:00,2098,2,24,NA,2.97665243986045,8.78149325783731
2098-02-25 12:00:00,2098,2,25,NA,3.20376750652349,11.8299673119419
2098-02-26 12:00:00,2098,2,26,NA,6.3330143830712,16.4058461643234
2098-02-27 12:00:00,2098,2,27,NA,6.46192996976774,13.9776344262992
2098-02-28 12:00:00,2098,2,28,NA,4.65036258816715,14.2246363448769
2098-03-01 12:00:00,2098,3,1,NA,2.24260632398842,11.6222453278193
2098-03-02 12:00:00,2098,3,2,NA,2.93313914531608,12.3224667958075
2098-03-03 12:00:00,2098,3,3,NA,1.55796638806645,12.9785741451405
2098-03-04 12:00:00,2098,3,4,NA,5.49005516681814,14.9025217608414
2098-03-05 12:00:00,2098,3,5,NA,6.16559199600899,16.5333470653604
2098-03-06 12:00:00,2098,3,6,NA,2.74965065194773,13.1765466547212
2098-03-07 12:00:00,2098,3,7,NA,4.91636216739768,10.4708773123434
2098-03-08 12:00:00,2098,3,8,NA,6.92507496354586,10.0511998764536
2098-03-09 12:00:00,2098,3,9,NA,3.09414277235318,9.53825486633284
2098-03-10 12:00:00,2098,3,10,NA,3.96524433042849,9.15074272675785
2098-03-11 12:00:00,2098,3,11,NA,7.7947027695949,11.329155919676
2098-03-12 12:00:00,2098,3,12,NA,6.66794417792318,11.0291670049054
2098-03-13 12:00:00,2098,3,13,NA,6.54084639849404,12.9987547617059
2098-03-14 12:00:00,2098,3,14,NA,5.09226827653687,7.10373098198991
2098-03-15 12:00:00,2098,3,15,NA,2.7250769002151,6.81042457547675
2098-03-16 12:00:00,2098,3,16,NA,7.48030886877296,12.3875386292001
2098-03-17 12:00:00,2098,3,17,NA,4.77947367821394,13.5661043544469
2098-03-18 12:00:00,2098,3,18,NA,2.63032442196561,17.9335074720697
2098-03-19 12:00:00,2098,3,19,NA,8.45122210399647,12.6134653950652
2098-03-20 12:00:00,2098,3,20,NA,6.62472939392077,13.0826377571326
2098-03-21 12:00:00,2098,3,21,NA,8.30065853346823,15.1443204766142
2098-03-22 12:00:00,2098,3,22,NA,4.72248229808531,11.9767532403283
2098-03-23 12:00:00,2098,3,23,NA,1.94377926500034,8.86236993192505
2098-03-24 12:00:00,2098,3,24,NA,2.02194115930916,11.2550514263778
2098-03-25 12:00:00,2098,3,25,NA,0.669406787568475,9.73556496500278
2098-03-26 12:00:00,2098,3,26,NA,0.51623617444276,11.9368439315168
2098-03-27 12:00:00,2098,3,27,NA,5.02578137950843,13.207303621174
2098-03-28 12:00:00,2098,3,28,NA,4.38794091774802,12.6273332858586
2098-03-29 12:00:00,2098,3,29,NA,5.70982468073635,12.5733301009946
2098-03-30 12:00:00,2098,3,30,NA,6.73582563566136,10.8995943348787
2098-03-31 12:00:00,2098,3,31,NA,3.81634179389776,8.44725461797845
2098-04-01 12:00:00,2098,4,1,NA,2.6037298823871,8.41925498851066
2098-04-02 12:00:00,2098,4,2,NA,2.90588722743059,14.5348622719175
2098-04-03 12:00:00,2098,4,3,NA,4.1193091718146,13.5093137019612
2098-04-04 12:00:00,2098,4,4,NA,3.39716084249943,14.8316577672825
2098-04-05 12:00:00,2098,4,5,NA,5.57213059486348,18.9966816263309
2098-04-06 12:00:00,2098,4,6,NA,6.29294252103638,14.6827463901667
2098-04-07 12:00:00,2098,4,7,NA,3.02605059194058,16.9579880022928
2098-04-08 12:00:00,2098,4,8,NA,2.78125085913703,19.2626278219612
2098-04-09 12:00:00,2098,4,9,NA,0.790055080362344,16.0716455717923
2098-04-10 12:00:00,2098,4,10,NA,7.66695025039802,17.2008602510061
2098-04-11 12:00:00,2098,4,11,NA,10.7984254153361,22.9419274029753
2098-04-12 12:00:00,2098,4,12,NA,6.22206474961857,15.6383032906568
2098-04-13 12:00:00,2098,4,13,NA,6.9169109793897,22.0587736533748
2098-04-14 12:00:00,2098,4,14,NA,6.00714931696187,19.4780427607143
2098-04-15 12:00:00,2098,4,15,NA,5.98556540464007,17.160737655564
2098-04-16 12:00:00,2098,4,16,NA,7.67450086539472,16.1414425535541
2098-04-17 12:00:00,2098,4,17,NA,6.55022782479963,14.9974429956745
2098-04-18 12:00:00,2098,4,18,NA,7.1161558178296,13.2162756664841
2098-04-19 12:00:00,2098,4,19,NA,2.53686343251118,12.0361064889092
2098-04-20 12:00:00,2098,4,20,NA,-1.11158555405991,8.7882862227029
2098-04-21 12:00:00,2098,4,21,NA,1.90877664946996,10.4139590067015
2098-04-22 12:00:00,2098,4,22,NA,-1.50544535172979,17.0831585807325
2098-04-23 12:00:00,2098,4,23,NA,7.65777057767685,15.751368756946
2098-04-24 12:00:00,2098,4,24,NA,4.23456558759943,18.881283246644
2098-04-25 12:00:00,2098,4,25,NA,3.74209948046043,20.1312742862616
2098-04-26 12:00:00,2098,4,26,NA,6.30947905390854,18.4175123621622
2098-04-27 12:00:00,2098,4,27,NA,14.7058459749477,18.9411804093576
2098-04-28 12:00:00,2098,4,28,NA,11.5839749387953,19.8477915275907
2098-04-29 12:00:00,2098,4,29,NA,11.4433632977671,18.8429768367244
2098-04-30 12:00:00,2098,4,30,NA,12.5198994626012,20.8283902174184
2098-05-01 12:00:00,2098,5,1,NA,5.97690996249858,18.1482691543688
2098-05-02 12:00:00,2098,5,2,NA,4.92382793647855,16.9649346725893
2098-05-03 12:00:00,2098,5,3,NA,4.76355015647558,15.4544798575117
2098-05-04 12:00:00,2098,5,4,NA,7.2696229656777,15.0733876506017
2098-05-05 12:00:00,2098,5,5,NA,7.21838211806566,16.7716244088286
2098-05-06 12:00:00,2098,5,6,NA,5.2231162469757,19.8655807723001
2098-05-07 12:00:00,2098,5,7,NA,5.17857738351223,20.5413890381306
2098-05-08 12:00:00,2098,5,8,NA,3.40428663402235,19.9673135236125
2098-05-09 12:00:00,2098,5,9,NA,4.28184700362345,21.7190683934059
2098-05-10 12:00:00,2098,5,10,NA,6.2689757859131,22.8320559777421
2098-05-11 12:00:00,2098,5,11,NA,12.0195033717706,26.8699072522835
2098-05-12 12:00:00,2098,5,12,NA,17.3201901480049,25.6675128696213
2098-05-13 12:00:00,2098,5,13,NA,12.4777753534866,21.2886779706549
2098-05-14 12:00:00,2098,5,14,NA,9.67235546444925,26.1771724320335
2098-05-15 12:00:00,2098,5,15,NA,10.2353247368259,27.8882604350117
2098-05-16 12:00:00,2098,5,16,NA,6.57718079237188,23.2278770546333
2098-05-17 12:00:00,2098,5,17,NA,5.41328380737807,21.9469145221952
2098-05-18 12:00:00,2098,5,18,NA,1.59137039873361,19.1424520009421
2098-05-19 12:00:00,2098,5,19,NA,3.50893718138097,21.6753556366867
2098-05-20 12:00:00,2098,5,20,NA,8.64245832204403,21.5348440277566
2098-05-21 12:00:00,2098,5,21,NA,12.7621030577988,25.6544887635114
2098-05-22 12:00:00,2098,5,22,NA,9.38795550440913,18.9586583198505
2098-05-23 12:00:00,2098,5,23,NA,9.71898177348313,24.5849826876606
2098-05-24 12:00:00,2098,5,24,NA,12.1403169391601,30.7151101595068
2098-05-25 12:00:00,2098,5,25,NA,13.7273686842263,32.1430659843625
2098-05-26 12:00:00,2098,5,26,NA,13.1616588998562,28.2361178098532
2098-05-27 12:00:00,2098,5,27,NA,14.3943453746423,22.3146768363094
2098-05-28 12:00:00,2098,5,28,NA,13.5204181276921,21.270716532352
2098-05-29 12:00:00,2098,5,29,NA,5.14439635293215,21.8639473174637
2098-05-30 12:00:00,2098,5,30,NA,10.9720551687859,17.8705110289179
2098-05-31 12:00:00,2098,5,31,NA,8.55274633974489,19.2071816472095
2098-06-01 12:00:00,2098,6,1,NA,7.97413488931861,20.5852155399744
2098-06-02 12:00:00,2098,6,2,NA,7.39575978390382,25.1221730164546
2098-06-03 12:00:00,2098,6,3,NA,8.95954711620514,26.2320397814221
2098-06-04 12:00:00,2098,6,4,NA,13.9660919222273,24.2731187316965
2098-06-05 12:00:00,2098,6,5,NA,13.6477794974209,21.9120654306911
2098-06-06 12:00:00,2098,6,6,NA,12.4017580273442,19.6223306506024
2098-06-07 12:00:00,2098,6,7,NA,12.0833572193442,17.2357402797359
2098-06-08 12:00:00,2098,6,8,NA,9.95149499415434,16.6723735668524
2098-06-09 12:00:00,2098,6,9,NA,11.2201658362875,19.2175826327865
2098-06-10 12:00:00,2098,6,10,NA,11.4156694014284,18.5457894616798
2098-06-11 12:00:00,2098,6,11,NA,7.78282404977276,18.4913956653046
2098-06-12 12:00:00,2098,6,12,NA,3.74474683972028,20.2585264701456
2098-06-13 12:00:00,2098,6,13,NA,9.93372910867161,15.0158810866714
2098-06-14 12:00:00,2098,6,14,NA,10.0139757812565,15.1794424606526
2098-06-15 12:00:00,2098,6,15,NA,9.45490373995181,15.5974554329303
2098-06-16 12:00:00,2098,6,16,NA,8.43977324561645,18.7468000550856
2098-06-17 12:00:00,2098,6,17,NA,11.9657813168098,17.1315693126323
2098-06-18 12:00:00,2098,6,18,NA,9.03397430699392,20.4252018895298
2098-06-19 12:00:00,2098,6,19,NA,9.95293401389165,18.4896118789181
2098-06-20 12:00:00,2098,6,20,NA,10.3323638009063,23.8472120870393
2098-06-21 12:00:00,2098,6,21,NA,8.70073126946095,20.0557925799539
2098-06-22 12:00:00,2098,6,22,NA,10.909364211875,24.658331015819
2098-06-23 12:00:00,2098,6,23,NA,6.0822186330258,25.6393095540201
2098-06-24 12:00:00,2098,6,24,NA,12.6926991631519,24.0534780728789
2098-06-25 12:00:00,2098,6,25,NA,14.3505737791052,19.3694036246761
2098-06-26 12:00:00,2098,6,26,NA,15.5918518562495,22.2784727544115
2098-06-27 12:00:00,2098,6,27,NA,17.2239654204548,25.4888252565614
2098-06-28 12:00:00,2098,6,28,NA,16.8597657321447,32.124521415197
2098-06-29 12:00:00,2098,6,29,NA,16.0781192333008,26.2516612276088
2098-06-30 12:00:00,2098,6,30,NA,19.15751987927,27.1262534596569
2098-07-01 12:00:00,2098,7,1,NA,15.7392573907411,25.9584290933734
2098-07-02 12:00:00,2098,7,2,NA,14.4373305841168,26.8105272342506
2098-07-03 12:00:00,2098,7,3,NA,17.4490655224403,27.1944724484964
2098-07-04 12:00:00,2098,7,4,NA,15.3537712749263,28.6490674032825
2098-07-05 12:00:00,2098,7,5,NA,11.5506507876102,30.7683674989587
2098-07-06 12:00:00,2098,7,6,NA,15.6511195208739,28.6821426507518
2098-07-07 12:00:00,2098,7,7,NA,14.6834524870763,27.5399813123373
2098-07-08 12:00:00,2098,7,8,NA,17.9132973426892,26.6878508464247
2098-07-09 12:00:00,2098,7,9,NA,17.5631545358915,29.750696482127
2098-07-10 12:00:00,2098,7,10,NA,17.9706029966866,29.8376555848336
2098-07-11 12:00:00,2098,7,11,NA,18.4257249395315,29.3202632327805
2098-07-12 12:00:00,2098,7,12,NA,17.8906800283873,22.3895780965575
2098-07-13 12:00:00,2098,7,13,NA,17.3627801534388,25.8960880931077
2098-07-14 12:00:00,2098,7,14,NA,20.636043987764,25.9720513851133
2098-07-15 12:00:00,2098,7,15,NA,18.2151812358445,32.1967433251838
2098-07-16 12:00:00,2098,7,16,NA,19.7984279460006,32.5058267182777
2098-07-17 12:00:00,2098,7,17,NA,15.8483671738779,28.2871043658579
2098-07-18 12:00:00,2098,7,18,NA,17.9982503764395,28.3222565272437
2098-07-19 12:00:00,2098,7,19,NA,19.3837249804544,29.4893662791823
2098-07-20 12:00:00,2098,7,20,NA,15.9176648583739,30.0382372700724
2098-07-21 12:00:00,2098,7,21,NA,13.042162029676,30.4153355044237
2098-07-22 12:00:00,2098,7,22,NA,15.6934878055202,33.0473291493861
2098-07-23 12:00:00,2098,7,23,NA,19.2629761697819,26.8962676682356
2098-07-24 12:00:00,2098,7,24,NA,15.9441341078063,31.0082718052528
2098-07-25 12:00:00,2098,7,25,NA,18.1995309643276,26.1597432129728
2098-07-26 12:00:00,2098,7,26,NA,16.2689622291783,25.2662953168593
2098-07-27 12:00:00,2098,7,27,NA,16.5658608134888,21.3039519157111
2098-07-28 12:00:00,2098,7,28,NA,16.4241841545841,21.4431030182197
2098-07-29 12:00:00,2098,7,29,NA,15.179467276314,21.8434226942945
2098-07-30 12:00:00,2098,7,30,NA,15.4989593301036,24.0121348846975
2098-07-31 12:00:00,2098,7,31,NA,9.88297058193166,25.5557697375402
2098-08-01 12:00:00,2098,8,1,NA,13.7111794062034,23.226773638502
2098-08-02 12:00:00,2098,8,2,NA,16.5408401129605,25.6148132292759
2098-08-03 12:00:00,2098,8,3,NA,16.7469138221524,23.9357278973149
2098-08-04 12:00:00,2098,8,4,NA,11.7070516121865,27.3899926888034
2098-08-05 12:00:00,2098,8,5,NA,15.7234026474207,25.6284033743125
2098-08-06 12:00:00,2098,8,6,NA,16.7179758615482,26.9046893177723
2098-08-07 12:00:00,2098,8,7,NA,13.7242419014821,27.3906929562291
2098-08-08 12:00:00,2098,8,8,NA,12.0490319213281,29.3841515436841
2098-08-09 12:00:00,2098,8,9,NA,12.8835298321367,26.6742954190768
2098-08-10 12:00:00,2098,8,10,NA,15.1228248635247,27.337059802331
2098-08-11 12:00:00,2098,8,11,NA,14.8156050600441,22.9163461069823
2098-08-12 12:00:00,2098,8,12,NA,11.3385657565952,23.6549496634127
2098-08-13 12:00:00,2098,8,13,NA,12.441471100672,22.3464718275639
2098-08-14 12:00:00,2098,8,14,NA,12.4075889258617,22.3125896527536
2098-08-15 12:00:00,2098,8,15,NA,11.9995386081427,23.8638400085273
2098-08-16 12:00:00,2098,8,16,NA,14.492975561273,24.6367368854425
2098-08-17 12:00:00,2098,8,17,NA,15.8216316887142,25.1561795894915
2098-08-18 12:00:00,2098,8,18,NA,8.6102799588384,26.39496321782
2098-08-19 12:00:00,2098,8,19,NA,11.7283608476498,25.7662565010177
2098-08-20 12:00:00,2098,8,20,NA,13.1655889974614,25.3504209187047
2098-08-21 12:00:00,2098,8,21,NA,15.1951868169878,22.8537996329927
2098-08-22 12:00:00,2098,8,22,NA,10.7989808295101,22.6632822298947
2098-08-23 12:00:00,2098,8,23,NA,15.3254240244413,21.8272407900243
2098-08-24 12:00:00,2098,8,24,NA,13.7641138111289,20.9423558499058
2098-08-25 12:00:00,2098,8,25,NA,12.6308548417285,23.3911409031554
2098-08-26 12:00:00,2098,8,26,NA,12.4290247923135,22.073887825072
2098-08-27 12:00:00,2098,8,27,NA,10.18557481441,21.2783364277373
2098-08-28 12:00:00,2098,8,28,NA,11.8428737110433,20.2822552834995
2098-08-29 12:00:00,2098,8,29,NA,12.3385606399709,16.9162152972616
2098-08-30 12:00:00,2098,8,30,NA,9.02089565775439,19.7805133093022
2098-08-31 12:00:00,2098,8,31,NA,15.2957727516915,19.3425132340862
2098-09-01 12:00:00,2098,9,1,NA,17.4240382470709,26.0345028418933
2098-09-02 12:00:00,2098,9,2,NA,10.3144731630604,22.8623882339721
2098-09-03 12:00:00,2098,9,3,NA,14.5431748714376,24.9896311609312
2098-09-04 12:00:00,2098,9,4,NA,15.5610985438459,24.2378827407148
2098-09-05 12:00:00,2098,9,5,NA,16.551192269189,23.4537971881169
2098-09-06 12:00:00,2098,9,6,NA,18.2887508008507,23.6308361588272
2098-09-07 12:00:00,2098,9,7,NA,18.863794494167,22.6447385307058
2098-09-08 12:00:00,2098,9,8,NA,16.8776848808567,19.2703814545555
2098-09-09 12:00:00,2098,9,9,NA,12.8826671163439,19.7022393151511
2098-09-10 12:00:00,2098,9,10,NA,6.11279552644184,23.8216997338293
2098-09-11 12:00:00,2098,9,11,NA,8.38427870240545,24.4488839337942
2098-09-12 12:00:00,2098,9,12,NA,10.4929742914112,26.5575795227999
2098-09-13 12:00:00,2098,9,13,NA,12.3596298122924,24.0241926197176
2098-09-14 12:00:00,2098,9,14,NA,10.0127093969998,27.2678177992234
2098-09-15 12:00:00,2098,9,15,NA,10.3442526320889,25.2135643110655
2098-09-16 12:00:00,2098,9,16,NA,13.941542558683,22.0165620250681
2098-09-17 12:00:00,2098,9,17,NA,10.146279412154,23.5146256224291
2098-09-18 12:00:00,2098,9,18,NA,11.9717714916059,21.7349043537949
2098-09-19 12:00:00,2098,9,19,NA,15.3516469736653,27.6727571019147
2098-09-20 12:00:00,2098,9,20,NA,15.2595735523897,25.087593469184
2098-09-21 12:00:00,2098,9,21,NA,13.7319331951161,20.6245928996375
2098-09-22 12:00:00,2098,9,22,NA,10.4846107382552,19.7851464815183
2098-09-23 12:00:00,2098,9,23,NA,11.9007692757821,14.8049619321307
2098-09-24 12:00:00,2098,9,24,NA,7.50607064063836,16.8025582751579
2098-09-25 12:00:00,2098,9,25,NA,9.19985621923654,17.0558697524122
2098-09-26 12:00:00,2098,9,26,NA,12.1924214868321,14.9604140733937
2098-09-27 12:00:00,2098,9,27,NA,9.92968737912285,16.1241573487829
2098-09-28 12:00:00,2098,9,28,NA,7.56096518832055,16.8533903699003
2098-09-29 12:00:00,2098,9,29,NA,5.65467780906786,17.9806979689681
2098-09-30 12:00:00,2098,9,30,NA,7.98405530336858,16.0316927579569
2098-10-01 12:00:00,2098,10,1,NA,11.2130022099733,16.5716824842751
2098-10-02 12:00:00,2098,10,2,NA,10.9924867131858,16.6088101777142
2098-10-03 12:00:00,2098,10,3,NA,9.60092751699737,18.2319613694868
2098-10-04 12:00:00,2098,10,4,NA,11.4096993361954,17.947830263457
2098-10-05 12:00:00,2098,10,5,NA,10.5017682884851,19.9927005232538
2098-10-06 12:00:00,2098,10,6,NA,8.58826471575215,20.7863448524908
2098-10-07 12:00:00,2098,10,7,NA,8.05717170213443,19.9150796478805
2098-10-08 12:00:00,2098,10,8,NA,4.35979847509326,16.1870926983059
2098-10-09 12:00:00,2098,10,9,NA,1.39272746736249,15.4191691380443
2098-10-10 12:00:00,2098,10,10,NA,5.13013096333439,14.831777601908
2098-10-11 12:00:00,2098,10,11,NA,4.26825924789502,11.7394246074078
2098-10-12 12:00:00,2098,10,12,NA,6.91629453230341,12.235962875217
2098-10-13 12:00:00,2098,10,13,NA,7.71413248844505,9.83843609973702
2098-10-14 12:00:00,2098,10,14,NA,5.17125712126985,12.0317678032374
2098-10-15 12:00:00,2098,10,15,NA,2.0852421974728,11.4129531286778
2098-10-16 12:00:00,2098,10,16,NA,4.54495946676031,9.94428742065064
2098-10-17 12:00:00,2098,10,17,NA,3.09531718009921,11.4791141585491
2098-10-18 12:00:00,2098,10,18,NA,-1.42643441420638,10.4600624365991
2098-10-19 12:00:00,2098,10,19,NA,0.0213005129714761,8.27470112031718
2098-10-20 12:00:00,2098,10,20,NA,-0.79030061504573,8.73420501880136
2098-10-21 12:00:00,2098,10,21,NA,0.946312059547052,8.7444288704749
2098-10-22 12:00:00,2098,10,22,NA,-0.837066937350414,11.9320647372521
2098-10-23 12:00:00,2098,10,23,NA,3.29560485465486,11.612397670336
2098-10-24 12:00:00,2098,10,24,NA,4.56787526644497,13.3325711707249
2098-10-25 12:00:00,2098,10,25,NA,6.33185231434445,12.8160916838413
2098-10-26 12:00:00,2098,10,26,NA,8.04346117503617,15.5818518921325
2098-10-27 12:00:00,2098,10,27,NA,10.6182297803474,15.8680599330877
2098-10-28 12:00:00,2098,10,28,NA,6.8891216571482,14.1532318780135
2098-10-29 12:00:00,2098,10,29,NA,9.2943829617134,16.8619837778086
2098-10-30 12:00:00,2098,10,30,NA,6.17097910801465,13.5503180950222
2098-10-31 12:00:00,2098,10,31,NA,4.3677441806235,13.4608175458264
2098-11-01 12:00:00,2098,11,1,NA,6.29228986678522,12.6717104870492
2098-11-02 12:00:00,2098,11,2,NA,8.76109325054297,11.8227372573901
2098-11-03 12:00:00,2098,11,3,NA,6.79777980383651,10.7499179189012
2098-11-04 12:00:00,2098,11,4,NA,6.71455875283994,12.7285048708197
2098-11-05 12:00:00,2098,11,5,NA,9.03007062487023,16.4905381638116
2098-11-06 12:00:00,2098,11,6,NA,6.3559650575098,11.9615453238897
2098-11-07 12:00:00,2098,11,7,NA,3.39421712182523,10.6601811353048
2098-11-08 12:00:00,2098,11,8,NA,5.05932899575765,12.5833399399086
2098-11-09 12:00:00,2098,11,9,NA,4.33245355985766,8.22379741148668
2098-11-10 12:00:00,2098,11,10,NA,7.85384597652708,10.7990626738796
2098-11-11 12:00:00,2098,11,11,NA,7.22454679043652,10.9538952919268
2098-11-12 12:00:00,2098,11,12,NA,7.68787749873614,8.92224332188308
2098-11-13 12:00:00,2098,11,13,NA,7.07217753663952,10.8538455102189
2098-11-14 12:00:00,2098,11,14,NA,6.38845081076473,11.0637109380341
2098-11-15 12:00:00,2098,11,15,NA,6.95064004462713,12.9044067810423
2098-11-16 12:00:00,2098,11,16,NA,9.14540601552344,14.3434180355663
2098-11-17 12:00:00,2098,11,17,NA,6.76404433978848,14.5323186599047
2098-11-18 12:00:00,2098,11,18,NA,7.23011915416891,20.3373373337421
2098-11-19 12:00:00,2098,11,19,NA,7.99356610561016,16.8928487104309
2098-11-20 12:00:00,2098,11,20,NA,8.5689396904676,16.9504517288863
2098-11-21 12:00:00,2098,11,21,NA,7.79126256360845,14.1134606011149
2098-11-22 12:00:00,2098,11,22,NA,9.17784616881634,11.990418873046
2098-11-23 12:00:00,2098,11,23,NA,6.41616821199755,10.1519600182582
2098-11-24 12:00:00,2098,11,24,NA,6.56505670963742,12.4427607068399
2098-11-25 12:00:00,2098,11,25,NA,6.26223463594081,11.9304566129234
2098-11-26 12:00:00,2098,11,26,NA,6.7905553024469,11.5108185238319
2098-11-27 12:00:00,2098,11,27,NA,3.99621651724331,16.6147017608633
2098-11-28 12:00:00,2098,11,28,NA,4.6417934785097,12.3279892742783
2098-11-29 12:00:00,2098,11,29,NA,5.43735512406418,11.451301242044
2098-11-30 12:00:00,2098,11,30,NA,3.93403700384094,11.4649059277991
2098-12-01 12:00:00,2098,12,1,NA,3.90472483046215,9.5140170732074
2098-12-02 12:00:00,2098,12,2,NA,5.6546145884392,9.62978485667796
2098-12-03 12:00:00,2098,12,3,NA,6.80260182082582,9.64949533342388
2098-12-04 12:00:00,2098,12,4,NA,5.89225175702035,7.92930429372944
2098-12-05 12:00:00,2098,12,5,NA,-4.13721818705896,3.53111572352711
2098-12-06 12:00:00,2098,12,6,NA,1.27224732314802,5.14435183329522
2098-12-07 12:00:00,2098,12,7,NA,-0.00269831384896024,6.84999780594754
2098-12-08 12:00:00,2098,12,8,NA,1.55044004889004,4.58584280917957
2098-12-09 12:00:00,2098,12,9,NA,-2.87359853091432,4.26009145539147
2098-12-10 12:00:00,2098,12,10,NA,-0.549675576121076,7.25816388700455
2098-12-11 12:00:00,2098,12,11,NA,3.06826161355393,8.8147280836254
2098-12-12 12:00:00,2098,12,12,NA,2.77886766605802,9.72388845701439
2098-12-13 12:00:00,2098,12,13,NA,3.3247882645252,8.42105997329
2098-12-14 12:00:00,2098,12,14,NA,7.58633985449621,10.6188348280653
2098-12-15 12:00:00,2098,12,15,NA,8.08476259796915,10.9748401688201
2098-12-16 12:00:00,2098,12,16,NA,11.4860238906342,14.532278185539
2098-12-17 12:00:00,2098,12,17,NA,11.0710551431052,18.3191081319867
2098-12-18 12:00:00,2098,12,18,NA,8.76574559260673,15.8823053740044
2098-12-19 12:00:00,2098,12,19,NA,8.61118440062459,15.6286455635085
2098-12-20 12:00:00,2098,12,20,NA,5.09076591605345,10.392768598906
2098-12-21 12:00:00,2098,12,21,NA,5.46731068072411,13.3524069909823
2098-12-22 12:00:00,2098,12,22,NA,-0.0732150361784321,12.7600719133244
2098-12-23 12:00:00,2098,12,23,NA,-0.684529001197813,8.43772317264195
2098-12-24 12:00:00,2098,12,24,NA,-3.41386311337088,4.73592129356772
2098-12-25 12:00:00,2098,12,25,NA,-4.43898345119093,1.3612696870687
2098-12-26 12:00:00,2098,12,26,NA,-3.23956125862974,6.67383567054121
2098-12-27 12:00:00,2098,12,27,NA,-5.80558506236299,2.40642547863954
2098-12-28 12:00:00,2098,12,28,NA,-3.5162709325708,6.75179672740665
2098-12-29 12:00:00,2098,12,29,NA,-5.08627358678924,8.16091234512535
2098-12-30 12:00:00,2098,12,30,NA,-2.97263634747975,8.23137390543188
2098-12-31 12:00:00,2098,12,31,NA,-0.838845925534988,6.12626995625887
2099-01-01 12:00:00,2099,1,1,NA,1.9303450811828,8.03667150792984
2099-01-02 12:00:00,2099,1,2,NA,4.96946666058108,11.543782359617
2099-01-03 12:00:00,2099,1,3,NA,9.69223365926461,13.3992616687086
2099-01-04 12:00:00,2099,1,4,NA,6.26989860946564,13.5495557865909
2099-01-05 12:00:00,2099,1,5,NA,2.88290923932114,9.07476646750889
2099-01-06 12:00:00,2099,1,6,NA,-1.55572030054815,3.52590531673233
2099-01-07 12:00:00,2099,1,7,NA,-4.85146691286097,1.53269572282288
2099-01-08 12:00:00,2099,1,8,NA,-2.67614530131722,5.67980430273506
2099-01-09 12:00:00,2099,1,9,NA,-7.07932786288291,-1.60193970485683
2099-01-10 12:00:00,2099,1,10,NA,-6.13119351189908,-0.46449559829763
2099-01-11 12:00:00,2099,1,11,NA,-4.59469057981498,-1.46987720517756
2099-01-12 12:00:00,2099,1,12,NA,-6.53612274770135,-1.85349199232877
2099-01-13 12:00:00,2099,1,13,NA,-2.42172188906678,4.01541172391531
2099-01-14 12:00:00,2099,1,14,NA,-2.23504149382693,5.38172749754377
2099-01-15 12:00:00,2099,1,15,NA,0.197118690859487,5.44683207198698
2099-01-16 12:00:00,2099,1,16,NA,5.39950662510972,7.27080694978624
2099-01-17 12:00:00,2099,1,17,NA,3.57540638310877,9.32340809483547
2099-01-18 12:00:00,2099,1,18,NA,2.90660132575735,9.08219903056164
2099-01-19 12:00:00,2099,1,19,NA,2.47545836040491,12.0139910911331
2099-01-20 12:00:00,2099,1,20,NA,1.22185646480724,8.99043589204938
2099-01-21 12:00:00,2099,1,21,NA,0.570343035660524,4.58963722931172
2099-01-22 12:00:00,2099,1,22,NA,1.09418706755686,7.22579332808921
2099-01-23 12:00:00,2099,1,23,NA,1.34170776332526,7.12555155977018
2099-01-24 12:00:00,2099,1,24,NA,-0.108992438977215,3.04049294546971
2099-01-25 12:00:00,2099,1,25,NA,2.21452731568082,5.21410352858412
2099-01-26 12:00:00,2099,1,26,NA,1.92790814844016,9.96311144332837
2099-01-27 12:00:00,2099,1,27,NA,1.49675429480993,4.6483852232792
2099-01-28 12:00:00,2099,1,28,NA,2.94668180407821,6.97503153645839
2099-01-29 12:00:00,2099,1,29,NA,4.63282287725819,10.3781877379322
2099-01-30 12:00:00,2099,1,30,NA,2.64918199146565,8.03103583294643
2099-01-31 12:00:00,2099,1,31,NA,-2.52768663236475,3.29388500263984
2099-02-01 12:00:00,2099,2,1,NA,3.48837874807514,8.82711537548494
2099-02-02 12:00:00,2099,2,2,NA,-4.49702776024838,2.7492710000344
2099-02-03 12:00:00,2099,2,3,NA,-4.21199757469423,2.50338716185339
2099-02-04 12:00:00,2099,2,4,NA,1.78952306043426,4.42088645362551
2099-02-05 12:00:00,2099,2,5,NA,2.97621332514093,6.19617018784958
2099-02-06 12:00:00,2099,2,6,NA,1.95667302441837,5.21677564857905
2099-02-07 12:00:00,2099,2,7,NA,-1.09011514357893,5.27043611421883
2099-02-08 12:00:00,2099,2,8,NA,-5.05719529340064,5.7212822633258
2099-02-09 12:00:00,2099,2,9,NA,-1.95954763917323,3.87019701302358
2099-02-10 12:00:00,2099,2,10,NA,0.94783828884752,3.42010693912529
2099-02-11 12:00:00,2099,2,11,NA,3.50873150393458,5.92746591787946
2099-02-12 12:00:00,2099,2,12,NA,4.40493054555815,6.85907730847178
2099-02-13 12:00:00,2099,2,13,NA,2.33059764947972,8.33959853397369
2099-02-14 12:00:00,2099,2,14,NA,3.75462596984151,9.83424474950855
2099-02-15 12:00:00,2099,2,15,NA,4.154103768074,9.8038847701503
2099-02-16 12:00:00,2099,2,16,NA,7.0211702298,12.6021286480712
2099-02-17 12:00:00,2099,2,17,NA,-1.10982096754753,12.2223852701535
2099-02-18 12:00:00,2099,2,18,NA,0.0232861432763958,10.5810767647432
2099-02-19 12:00:00,2099,2,19,NA,1.92351375605378,13.4975308135859
2099-02-20 12:00:00,2099,2,20,NA,4.78246024288592,12.7505503099076
2099-02-21 12:00:00,2099,2,21,NA,3.53739414298055,13.4427534958458
2099-02-22 12:00:00,2099,2,22,NA,7.69747374040225,12.1325692734787
2099-02-23 12:00:00,2099,2,23,NA,7.66330008651283,11.3966735088531
2099-02-24 12:00:00,2099,2,24,NA,6.04739681837146,12.5279902061573
2099-02-25 12:00:00,2099,2,25,NA,5.47291074887845,12.3911306643645
2099-02-26 12:00:00,2099,2,26,NA,5.17666200330763,13.9107881286961
2099-02-27 12:00:00,2099,2,27,NA,4.99310098258055,7.46661519161779
2099-02-28 12:00:00,2099,2,28,NA,-1.31842551102786,3.59885993057011
2099-03-01 12:00:00,2099,3,1,NA,1.58578344129512,7.27164660974425
2099-03-02 12:00:00,2099,3,2,NA,7.44841553726937,15.3218827136391
2099-03-03 12:00:00,2099,3,3,NA,9.0107922263049,17.1220927630888
2099-03-04 12:00:00,2099,3,4,NA,9.97970352441964,16.7753717750591
2099-03-05 12:00:00,2099,3,5,NA,7.8244745589753,16.5499744243893
2099-03-06 12:00:00,2099,3,6,NA,6.72130458122714,16.9089258496149
2099-03-07 12:00:00,2099,3,7,NA,2.42116515632889,14.1522260139646
2099-03-08 12:00:00,2099,3,8,NA,5.38352386814538,11.584059710594
2099-03-09 12:00:00,2099,3,9,NA,0.903132403093338,15.3984750083081
2099-03-10 12:00:00,2099,3,10,NA,-1.85737310692128,10.6344938038769
2099-03-11 12:00:00,2099,3,11,NA,-5.81310502135335,8.42697956415263
2099-03-12 12:00:00,2099,3,12,NA,1.61398272495451,9.33747823818603
2099-03-13 12:00:00,2099,3,13,NA,4.83211974109332,10.9192738377769
2099-03-14 12:00:00,2099,3,14,NA,1.82323432673939,9.60692540714482
2099-03-15 12:00:00,2099,3,15,NA,3.56216148489215,11.6815778480206
2099-03-16 12:00:00,2099,3,16,NA,6.99673145732885,14.352649472918
2099-03-17 12:00:00,2099,3,17,NA,5.92304889893756,15.3029646122306
2099-03-18 12:00:00,2099,3,18,NA,9.94136269256862,17.445786306022
2099-03-19 12:00:00,2099,3,19,NA,8.04198145659546,15.5882644879129
2099-03-20 12:00:00,2099,3,20,NA,5.75879473189696,9.5202865480255
2099-03-21 12:00:00,2099,3,21,NA,2.3264351720517,13.1348002880768
2099-03-22 12:00:00,2099,3,22,NA,-0.747168894664335,15.8725884506259
2099-03-23 12:00:00,2099,3,23,NA,3.29817814202466,11.0697770094674
2099-03-24 12:00:00,2099,3,24,NA,4.34871516349217,8.8988670785063
2099-03-25 12:00:00,2099,3,25,NA,1.75790345246978,11.0266644935531
2099-03-26 12:00:00,2099,3,26,NA,1.60811761545492,11.3699386953268
2099-03-27 12:00:00,2099,3,27,NA,4.12357652982235,11.5145005506834
2099-03-28 12:00:00,2099,3,28,NA,3.47943002443893,19.9479851468451
2099-03-29 12:00:00,2099,3,29,NA,7.91280307330321,13.3684930245156
2099-03-30 12:00:00,2099,3,30,NA,6.72640986359976,17.8928514133851
2099-03-31 12:00:00,2099,3,31,NA,7.27505308823511,17.510021285276
2099-04-01 12:00:00,2099,4,1,NA,5.62475011353445,14.2406204214119
2099-04-02 12:00:00,2099,4,2,NA,1.90066011419895,19.8812878060834
2099-04-03 12:00:00,2099,4,3,NA,2.61633627239383,16.010802775773
2099-04-04 12:00:00,2099,4,4,NA,0.926805343861193,16.7332034582659
2099-04-05 12:00:00,2099,4,5,NA,-1.14442406127839,15.9153933648272
2099-04-06 12:00:00,2099,4,6,NA,3.69039230383479,13.8354305540092
2099-04-07 12:00:00,2099,4,7,NA,4.53800264804132,8.76628566871277
2099-04-08 12:00:00,2099,4,8,NA,2.03708863714104,11.5147474195108
2099-04-09 12:00:00,2099,4,9,NA,-1.4789608741035,15.5291862608885
2099-04-10 12:00:00,2099,4,10,NA,5.34275144099454,19.2746888513468
2099-04-11 12:00:00,2099,4,11,NA,6.4540240319831,20.6666882389597
2099-04-12 12:00:00,2099,4,12,NA,5.39907411087302,15.6268935356429
2099-04-13 12:00:00,2099,4,13,NA,3.91678167248851,18.6603361599325
2099-04-14 12:00:00,2099,4,14,NA,4.37091144607075,17.4808643725616
2099-04-15 12:00:00,2099,4,15,NA,3.7355083003855,16.4417456485078
2099-04-16 12:00:00,2099,4,16,NA,-1.6004117159375,18.2390172650236
2099-04-17 12:00:00,2099,4,17,NA,-1.07316588924148,20.1567572373802
2099-04-18 12:00:00,2099,4,18,NA,9.50043938101383,24.2579721369984
2099-04-19 12:00:00,2099,4,19,NA,13.8043594360927,23.8215779422211
2099-04-20 12:00:00,2099,4,20,NA,12.0055665380897,28.172865025267
2099-04-21 12:00:00,2099,4,21,NA,11.6125747756781,21.8762500663293
2099-04-22 12:00:00,2099,4,22,NA,8.63776520059795,22.636675473442
2099-04-23 12:00:00,2099,4,23,NA,5.62815273333822,22.6101181306653
2099-04-24 12:00:00,2099,4,24,NA,9.96962953932472,23.0894807121261
2099-04-25 12:00:00,2099,4,25,NA,8.67854806124932,19.0289142280249
2099-04-26 12:00:00,2099,4,26,NA,12.7555086347464,19.6269791024619
2099-04-27 12:00:00,2099,4,27,NA,12.7683508207451,18.0377639517771
2099-04-28 12:00:00,2099,4,28,NA,3.95578759228204,14.5427716938044
2099-04-29 12:00:00,2099,4,29,NA,2.9237715015608,14.0293274244511
2099-04-30 12:00:00,2099,4,30,NA,4.33557881017006,14.9262808791304
2099-05-01 12:00:00,2099,5,1,NA,5.81602911566174,14.2829708038211
2099-05-02 12:00:00,2099,5,2,NA,1.32731458873704,16.6830375725852
2099-05-03 12:00:00,2099,5,3,NA,0.930572389590257,17.6355065946638
2099-05-04 12:00:00,2099,5,4,NA,0.841648262055841,18.5455191766126
2099-05-05 12:00:00,2099,5,5,NA,6.37163734874809,16.4769885292869
2099-05-06 12:00:00,2099,5,6,NA,11.4266452006122,23.0606728431415
2099-05-07 12:00:00,2099,5,7,NA,10.9256667201881,27.4100832682084
2099-05-08 12:00:00,2099,5,8,NA,6.1465621354196,22.7961729585788
2099-05-09 12:00:00,2099,5,9,NA,6.51595272069719,24.9316500208334
2099-05-10 12:00:00,2099,5,10,NA,8.39601180683211,25.894694217947
2099-05-11 12:00:00,2099,5,11,NA,14.1952219122081,24.9092569637701
2099-05-12 12:00:00,2099,5,12,NA,12.549421915025,21.3249658660601
2099-05-13 12:00:00,2099,5,13,NA,10.7643906897608,23.6101692164044
2099-05-14 12:00:00,2099,5,14,NA,7.2550096580764,19.8660903087322
2099-05-15 12:00:00,2099,5,15,NA,9.19302123196639,23.7243786010564
2099-05-16 12:00:00,2099,5,16,NA,11.0848895868848,17.1169626157795
2099-05-17 12:00:00,2099,5,17,NA,11.3176981273772,15.8725602869938
2099-05-18 12:00:00,2099,5,18,NA,11.8779864150168,18.510281842408
2099-05-19 12:00:00,2099,5,19,NA,12.480842589003,17.4281109800382
2099-05-20 12:00:00,2099,5,20,NA,14.5715177033557,20.5042306790977
2099-05-21 12:00:00,2099,5,21,NA,11.2810178529704,17.1218317659238
2099-05-22 12:00:00,2099,5,22,NA,10.1518566613148,20.0425957135528
2099-05-23 12:00:00,2099,5,23,NA,9.7161286881382,18.8025488766972
2099-05-24 12:00:00,2099,5,24,NA,11.5562446291562,19.31587074558
2099-05-25 12:00:00,2099,5,25,NA,10.1440698915091,22.8200242479984
2099-05-26 12:00:00,2099,5,26,NA,11.2744138794565,16.9016587627084
2099-05-27 12:00:00,2099,5,27,NA,16.0641436121277,22.9625994722597
2099-05-28 12:00:00,2099,5,28,NA,13.2281834980851,24.5895197138923
2099-05-29 12:00:00,2099,5,29,NA,12.0203296221411,20.8144311927235
2099-05-30 12:00:00,2099,5,30,NA,12.2222806325869,22.9189154219568
2099-05-31 12:00:00,2099,5,31,NA,13.6660607868439,21.4698254717679
2099-06-01 12:00:00,2099,6,1,NA,8.08662784645069,20.9790135521633
2099-06-02 12:00:00,2099,6,2,NA,9.17895603451795,18.0727492083353
2099-06-03 12:00:00,2099,6,3,NA,11.1581788241416,20.4441191940514
2099-06-04 12:00:00,2099,6,4,NA,11.6124702303979,22.9762141510547
2099-06-05 12:00:00,2099,6,5,NA,13.2844403912438,19.9710612894057
2099-06-06 12:00:00,2099,6,6,NA,13.6430206579691,24.8829008869717
2099-06-07 12:00:00,2099,6,7,NA,11.8636863866307,23.0730256473655
2099-06-08 12:00:00,2099,6,8,NA,11.5707873529968,25.9849701139663
2099-06-09 12:00:00,2099,6,9,NA,14.1229130747126,24.5022514288189
2099-06-10 12:00:00,2099,6,10,NA,13.7606375068463,21.9924876332173
2099-06-11 12:00:00,2099,6,11,NA,15.4806546968534,22.6935375347964
2099-06-12 12:00:00,2099,6,12,NA,16.2256790642724,24.8844735126635
2099-06-13 12:00:00,2099,6,13,NA,14.0560170129172,24.2295590072252
2099-06-14 12:00:00,2099,6,14,NA,13.2787724074607,22.5767396912147
2099-06-15 12:00:00,2099,6,15,NA,15.1430477253291,24.9619798305659
2099-06-16 12:00:00,2099,6,16,NA,13.667446466042,24.7799411945551
2099-06-17 12:00:00,2099,6,17,NA,15.3629482102053,22.9674639637242
2099-06-18 12:00:00,2099,6,18,NA,17.7494332219752,25.9996805213725
2099-06-19 12:00:00,2099,6,19,NA,16.8617134661106,22.9816322243411
2099-06-20 12:00:00,2099,6,20,NA,12.1744138547193,20.4227653059989
2099-06-21 12:00:00,2099,6,21,NA,8.35929295025353,23.6840458684823
2099-06-22 12:00:00,2099,6,22,NA,6.01786873756006,19.7417143646861
2099-06-23 12:00:00,2099,6,23,NA,7.03360817972984,21.462831997437
2099-06-24 12:00:00,2099,6,24,NA,9.63762768059283,20.044588595251
2099-06-25 12:00:00,2099,6,25,NA,11.7885737613207,19.1017051084091
2099-06-26 12:00:00,2099,6,26,NA,10.6293502832782,24.577141563058
2099-06-27 12:00:00,2099,6,27,NA,13.0217228583743,25.1803885790788
2099-06-28 12:00:00,2099,6,28,NA,15.7004241082237,26.0301808768354
2099-06-29 12:00:00,2099,6,29,NA,15.2405508522402,24.467314303255
2099-06-30 12:00:00,2099,6,30,NA,18.7831524478259,24.0926936128226
2099-07-01 12:00:00,2099,7,1,NA,19.9187286780668,27.1303084330698
2099-07-02 12:00:00,2099,7,2,NA,23.8383524296381,27.8954863781397
2099-07-03 12:00:00,2099,7,3,NA,19.7650885858088,30.5592290587147
2099-07-04 12:00:00,2099,7,4,NA,13.3303654126618,21.8435409672558
2099-07-05 12:00:00,2099,7,5,NA,14.6324894016686,21.6520093523422
2099-07-06 12:00:00,2099,7,6,NA,17.7068221457428,23.4826300916416
2099-07-07 12:00:00,2099,7,7,NA,20.8830774739947,24.7657049855793
2099-07-08 12:00:00,2099,7,8,NA,21.8363949585442,24.7355933486579
2099-07-09 12:00:00,2099,7,9,NA,22.5036462473598,31.22818080527
2099-07-10 12:00:00,2099,7,10,NA,19.2292001770549,33.1121657713228
2099-07-11 12:00:00,2099,7,11,NA,14.2671786574704,33.5356670357773
2099-07-12 12:00:00,2099,7,12,NA,20.9745341336522,36.3330887616654
2099-07-13 12:00:00,2099,7,13,NA,21.9746859147672,37.7473703693241
2099-07-14 12:00:00,2099,7,14,NA,19.2267501422505,33.2083122315899
2099-07-15 12:00:00,2099,7,15,NA,18.5055401557968,29.2996806287027
2099-07-16 12:00:00,2099,7,16,NA,17.0478752318249,26.2088484635496
2099-07-17 12:00:00,2099,7,17,NA,14.8855712293699,23.0187445509654
2099-07-18 12:00:00,2099,7,18,NA,14.2156484236597,25.5769149969147
2099-07-19 12:00:00,2099,7,19,NA,14.0160458409728,30.1688825076488
2099-07-20 12:00:00,2099,7,20,NA,17.7332749579766,29.6555613191103
2099-07-21 12:00:00,2099,7,21,NA,16.4933663301778,32.2660507847347
2099-07-22 12:00:00,2099,7,22,NA,16.8789610525688,31.2587327356822
2099-07-23 12:00:00,2099,7,23,NA,19.1646412213044,24.4619545011786
2099-07-24 12:00:00,2099,7,24,NA,17.255308663307,23.1307083124415
2099-07-25 12:00:00,2099,7,25,NA,15.8299579355457,21.9140100409487
2099-07-26 12:00:00,2099,7,26,NA,15.3031017132378,22.9884357726317
2099-07-27 12:00:00,2099,7,27,NA,15.0251660117898,23.910582730591
2099-07-28 12:00:00,2099,7,28,NA,11.5136457951158,23.0647851660322
2099-07-29 12:00:00,2099,7,29,NA,7.97959626810464,23.6523954237132
2099-07-30 12:00:00,2099,7,30,NA,13.3071321583589,24.0134709203459
2099-07-31 12:00:00,2099,7,31,NA,16.6695948599561,30.1090339666625
2099-08-01 12:00:00,2099,8,1,NA,15.888453172941,27.8158397418614
2099-08-02 12:00:00,2099,8,2,NA,17.4103467826359,26.0852669310335
2099-08-03 12:00:00,2099,8,3,NA,16.5715050895319,30.3077769326357
2099-08-04 12:00:00,2099,8,4,NA,17.8484400879984,24.2114152816147
2099-08-05 12:00:00,2099,8,5,NA,13.9326670379251,26.8672176896803
2099-08-06 12:00:00,2099,8,6,NA,12.5440961343603,27.2005544936855
2099-08-07 12:00:00,2099,8,7,NA,13.5346065239294,27.4650268605534
2099-08-08 12:00:00,2099,8,8,NA,18.4207891055219,32.1570609486256
2099-08-09 12:00:00,2099,8,9,NA,22.0800019393926,32.3292497251775
2099-08-10 12:00:00,2099,8,10,NA,17.7300125956852,33.295967367602
2099-08-11 12:00:00,2099,8,11,NA,22.7434960827592,31.5232373999407
2099-08-12 12:00:00,2099,8,12,NA,19.8351331656696,29.085502888003
2099-08-13 12:00:00,2099,8,13,NA,18.8506902029739,20.995391179147
2099-08-14 12:00:00,2099,8,14,NA,18.1168093698189,20.8867733650628
2099-08-15 12:00:00,2099,8,15,NA,16.7322551444991,22.1197879423843
2099-08-16 12:00:00,2099,8,16,NA,17.8139243791324,20.5694841209225
2099-08-17 12:00:00,2099,8,17,NA,12.146559202795,22.4916460411001
2099-08-18 12:00:00,2099,8,18,NA,10.4425791410927,21.3562618002929
2099-08-19 12:00:00,2099,8,19,NA,12.4673923871151,26.3507146452211
2099-08-20 12:00:00,2099,8,20,NA,13.3955006852202,23.5822141414443
2099-08-21 12:00:00,2099,8,21,NA,14.8995741959994,21.8832412853604
2099-08-22 12:00:00,2099,8,22,NA,13.5435588499807,23.6518132223412
2099-08-23 12:00:00,2099,8,23,NA,13.0170097608097,21.0909831953567
2099-08-24 12:00:00,2099,8,24,NA,12.3952609791854,21.3789999224822
2099-08-25 12:00:00,2099,8,25,NA,15.2958601359458,22.5412569556945
2099-08-26 12:00:00,2099,8,26,NA,13.3096525270321,22.829947058309
2099-08-27 12:00:00,2099,8,27,NA,11.8094358722459,25.7051875910115
2099-08-28 12:00:00,2099,8,28,NA,13.3316508923986,20.5203243251043
2099-08-29 12:00:00,2099,8,29,NA,14.8431278770291,22.0367433520054
2099-08-30 12:00:00,2099,8,30,NA,10.093101912825,26.2296711858486
2099-08-31 12:00:00,2099,8,31,NA,11.4732285399379,27.615409612131
2099-09-01 12:00:00,2099,9,1,NA,15.4173945498661,27.6316294886724
2099-09-02 12:00:00,2099,9,2,NA,15.4778195734117,28.2967182172479
2099-09-03 12:00:00,2099,9,3,NA,15.7477749491978,30.6924157967942
2099-09-04 12:00:00,2099,9,4,NA,15.6233893664731,23.3526838443738
2099-09-05 12:00:00,2099,9,5,NA,14.9083148919163,22.4516540182198
2099-09-06 12:00:00,2099,9,6,NA,15.5999053982214,22.0461007427412
2099-09-07 12:00:00,2099,9,7,NA,16.2781639036495,22.0688028664369
2099-09-08 12:00:00,2099,9,8,NA,12.7020222934844,24.7065100278995
2099-09-09 12:00:00,2099,9,9,NA,10.8119726652511,24.7132055338136
2099-09-10 12:00:00,2099,9,10,NA,10.8900443116497,23.6662822654554
2099-09-11 12:00:00,2099,9,11,NA,10.0651013757656,24.176546173119
2099-09-12 12:00:00,2099,9,12,NA,10.1938431925674,22.4580690258743
2099-09-13 12:00:00,2099,9,13,NA,7.52200769675273,21.9512135425013
2099-09-14 12:00:00,2099,9,14,NA,8.26673398044631,16.6597466651878
2099-09-15 12:00:00,2099,9,15,NA,7.12925640473359,17.8268986251203
2099-09-16 12:00:00,2099,9,16,NA,10.4364960500643,18.0880986517856
2099-09-17 12:00:00,2099,9,17,NA,11.6980008785803,19.3559631041111
2099-09-18 12:00:00,2099,9,18,NA,14.070259476335,19.7187341245981
2099-09-19 12:00:00,2099,9,19,NA,15.8181287398579,23.5474232177587
2099-09-20 12:00:00,2099,9,20,NA,15.6957550155671,28.1519401218187
2099-09-21 12:00:00,2099,9,21,NA,14.1112295241137,31.3882440799082
2099-09-22 12:00:00,2099,9,22,NA,13.2267143981127,29.2913196295014
2099-09-23 12:00:00,2099,9,23,NA,15.4772454615658,29.9067895462406
2099-09-24 12:00:00,2099,9,24,NA,15.7690424276472,21.6294183992922
2099-09-25 12:00:00,2099,9,25,NA,13.8169110704585,24.1868866436887
2099-09-26 12:00:00,2099,9,26,NA,11.5543314248407,26.8539610322017
2099-09-27 12:00:00,2099,9,27,NA,8.17461344820478,29.9028223688608
2099-09-28 12:00:00,2099,9,28,NA,12.1941202150514,24.6799037333949
2099-09-29 12:00:00,2099,9,29,NA,11.1531004666877,19.697121002408
2099-09-30 12:00:00,2099,9,30,NA,11.6283117664327,18.4158772314681
2099-10-01 12:00:00,2099,10,1,NA,13.2508839515762,19.6673868080129
2099-10-02 12:00:00,2099,10,2,NA,12.9227407979052,18.1036297224868
2099-10-03 12:00:00,2099,10,3,NA,12.0989149316725,14.1553549942467
2099-10-04 12:00:00,2099,10,4,NA,8.63161283750783,12.787027265398
2099-10-05 12:00:00,2099,10,5,NA,6.411907096254,13.9590540461144
2099-10-06 12:00:00,2099,10,6,NA,4.75197514908218,16.5946060032894
2099-10-07 12:00:00,2099,10,7,NA,4.70771037493968,19.0566960197667
2099-10-08 12:00:00,2099,10,8,NA,5.65036671188746,18.6196193137925
2099-10-09 12:00:00,2099,10,9,NA,4.72881190109587,17.6908579650409
2099-10-10 12:00:00,2099,10,10,NA,6.60200378341436,16.3661861433634
2099-10-11 12:00:00,2099,10,11,NA,10.0234066802834,14.4221210669568
2099-10-12 12:00:00,2099,10,12,NA,6.02220706284699,13.6238179320057
2099-10-13 12:00:00,2099,10,13,NA,7.14319272287816,15.0657835310024
2099-10-14 12:00:00,2099,10,14,NA,4.64319976748148,17.7796000524804
2099-10-15 12:00:00,2099,10,15,NA,6.93118526504373,19.7003169396462
2099-10-16 12:00:00,2099,10,16,NA,7.40471732128362,18.9771366425257
2099-10-17 12:00:00,2099,10,17,NA,9.95787971047598,21.4646903587033
2099-10-18 12:00:00,2099,10,18,NA,10.7879945506282,22.7207274281956
2099-10-19 12:00:00,2099,10,19,NA,7.08387319015288,21.2194109909554
2099-10-20 12:00:00,2099,10,20,NA,12.3076031841207,21.2506393589479
2099-10-21 12:00:00,2099,10,21,NA,9.22517848821455,19.3655415141284
2099-10-22 12:00:00,2099,10,22,NA,10.9685390120613,18.1342730557634
2099-10-23 12:00:00,2099,10,23,NA,9.9504890643814,19.1999112580751
2099-10-24 12:00:00,2099,10,24,NA,11.5563117645665,24.5197185685569
2099-10-25 12:00:00,2099,10,25,NA,13.8343923566339,23.358897990481
2099-10-26 12:00:00,2099,10,26,NA,8.23895769487503,18.8605253453558
2099-10-27 12:00:00,2099,10,27,NA,10.0485538502026,21.9365075551705
2099-10-28 12:00:00,2099,10,28,NA,6.99005549859784,17.3229405867126
2099-10-29 12:00:00,2099,10,29,NA,7.09048750815086,16.5298185527556
2099-10-30 12:00:00,2099,10,30,NA,4.05600876146139,13.7844289728417
2099-10-31 12:00:00,2099,10,31,NA,3.63010910357542,16.5935159075659
2099-11-01 12:00:00,2099,11,1,NA,0.861392082163963,18.7969699821057
2099-11-02 12:00:00,2099,11,2,NA,5.76115432376208,20.0979918679202
2099-11-03 12:00:00,2099,11,3,NA,8.20931244040155,19.4836503254486
2099-11-04 12:00:00,2099,11,4,NA,11.998274150085,18.5834864796175
2099-11-05 12:00:00,2099,11,5,NA,11.061606282215,18.7963772987089
2099-11-06 12:00:00,2099,11,6,NA,9.00746875636346,11.5587735815826
2099-11-07 12:00:00,2099,11,7,NA,3.75485356353293,7.50170446141583
2099-11-08 12:00:00,2099,11,8,NA,0.193619034317984,4.93573289851048
2099-11-09 12:00:00,2099,11,9,NA,1.76153602238479,10.878167843669
2099-11-10 12:00:00,2099,11,10,NA,3.03734157287866,8.83118536096029
2099-11-11 12:00:00,2099,11,11,NA,2.55521473536001,12.7907005549135
2099-11-12 12:00:00,2099,11,12,NA,4.78084483794882,11.6644044911736
2099-11-13 12:00:00,2099,11,13,NA,4.30131434286601,13.4557388958908
2099-11-14 12:00:00,2099,11,14,NA,1.81025449681374,12.2217748167167
2099-11-15 12:00:00,2099,11,15,NA,5.49015743869313,14.9576411858591
2099-11-16 12:00:00,2099,11,16,NA,3.40178202435512,14.4111814272214
2099-11-17 12:00:00,2099,11,17,NA,7.03671539079788,15.8341720161349
2099-11-18 12:00:00,2099,11,18,NA,10.4701909413311,18.275190947209
2099-11-19 12:00:00,2099,11,19,NA,9.93122010943591,16.6301839085785
2099-11-20 12:00:00,2099,11,20,NA,8.7382288255657,13.4004409196437
2099-11-21 12:00:00,2099,11,21,NA,8.62826555663655,15.1806827708086
2099-11-22 12:00:00,2099,11,22,NA,7.00194319016892,10.7324404184326
2099-11-23 12:00:00,2099,11,23,NA,4.43354496630939,5.73175357540853
2099-11-24 12:00:00,2099,11,24,NA,2.25566490625998,5.10205514566903
2099-11-25 12:00:00,2099,11,25,NA,4.79194296151302,8.52129146300334
2099-11-26 12:00:00,2099,11,26,NA,5.34417894122649,8.15290273110042
2099-11-27 12:00:00,2099,11,27,NA,5.95974189525281,9.68907312758815
2099-11-28 12:00:00,2099,11,28,NA,4.79716803262954,8.68851188425856
2099-11-29 12:00:00,2099,11,29,NA,7.37416676155001,10.2859469473556
2099-11-30 12:00:00,2099,11,30,NA,3.05774598946333,10.1311793549718
2099-12-01 12:00:00,2099,12,1,NA,4.09334849681655,9.82814684225671
2099-12-02 12:00:00,2099,12,2,NA,5.85773217849126,8.89284658147571
2099-12-03 12:00:00,2099,12,3,NA,2.96912261590521,6.95059607331067
2099-12-04 12:00:00,2099,12,4,NA,4.18202440931638,11.989863872442
2099-12-05 12:00:00,2099,12,5,NA,10.1423225669563,16.2559673958086
2099-12-06 12:00:00,2099,12,6,NA,9.16443462097869,14.2631022550619
2099-12-07 12:00:00,2099,12,7,NA,8.36489319614717,10.3902704081203
2099-12-08 12:00:00,2099,12,8,NA,3.23133126574638,6.28288636507514
2099-12-09 12:00:00,2099,12,9,NA,4.95750501922655,10.4864031572487
2099-12-10 12:00:00,2099,12,10,NA,9.64091862457856,12.7360480771185
2099-12-11 12:00:00,2099,12,11,NA,8.17780227723422,13.3320477018753
2099-12-12 12:00:00,2099,12,12,NA,4.55602034530299,9.30938946407134
2099-12-13 12:00:00,2099,12,13,NA,0.277371667532476,8.02594891268064
2099-12-14 12:00:00,2099,12,14,NA,6.44817246870104,12.5648912741308
2099-12-15 12:00:00,2099,12,15,NA,5.6572965138227,11.6739748364762
2099-12-16 12:00:00,2099,12,16,NA,8.79785386415066,10.8359692153846
2099-12-17 12:00:00,2099,12,17,NA,5.96207345490982,7.91911541107564
2099-12-18 12:00:00,2099,12,18,NA,2.84133842471664,5.88615726601243
2099-12-19 12:00:00,2099,12,19,NA,0.805960148302915,3.96192635018296
2099-12-20 12:00:00,2099,12,20,NA,-2.61305482039745,0.56215107235803
2099-12-21 12:00:00,2099,12,21,NA,1.06415044830099,4.10366050917562
2099-12-22 12:00:00,2099,12,22,NA,-4.66412830232712,0.937323386437242
2099-12-23 12:00:00,2099,12,23,NA,-0.185294797415465,2.85800222893528
2099-12-24 12:00:00,2099,12,24,NA,-6.62001788177034,3.97155726935401
2099-12-25 12:00:00,2099,12,25,NA,-6.22276673312291,2.95209196978715
2099-12-26 12:00:00,2099,12,26,NA,-3.76205728245189,6.54270885855653
2099-12-27 12:00:00,2099,12,27,NA,2.55031163876486,6.91440716341591
2099-12-28 12:00:00,2099,12,28,NA,1.3389871915337,4.47341607432529
2099-12-29 12:00:00,2099,12,29,NA,-0.431578036793773,6.33992085392128
2099-12-30 12:00:00,2099,12,30,NA,-2.89062540650973,3.18833725016577
2099-12-31 12:00:00,2099,12,31,NA,-1.63421533887106,5.99517554389521
2100-01-01 12:00:00,2100,1,1,NA,3.82940601180034,7.76402749474042
2100-01-02 12:00:00,2100,1,2,NA,0.276950741482038,2.98770810571841
2100-01-03 12:00:00,2100,1,3,NA,-6.73869687510611,-4.82679076861891
2100-01-04 12:00:00,2100,1,4,NA,-8.96101156909929,-2.52205753095801
2100-01-05 12:00:00,2100,1,5,NA,-18.7509194026591,-7.3275677238873
2100-01-06 12:00:00,2100,1,6,NA,-12.7591677560413,-4.27410793828893
2100-01-07 12:00:00,2100,1,7,NA,-17.8704232903705,-12.2446818508245
2100-01-08 12:00:00,2100,1,8,NA,-19.4756790927771,-9.20118305508748
2100-01-09 12:00:00,2100,1,9,NA,-10.514006684421,-2.07025655714088
2100-01-10 12:00:00,2100,1,10,NA,-8.97652824034291,-1.69015323265979
2100-01-11 12:00:00,2100,1,11,NA,-2.87801107686081,3.67776088709397
2100-01-12 12:00:00,2100,1,12,NA,1.6005446978869,8.85247556483185
2100-01-13 12:00:00,2100,1,13,NA,-1.91417758510784,7.83309305166759
2100-01-14 12:00:00,2100,1,14,NA,-1.51186249306889,6.30483960159348
2100-01-15 12:00:00,2100,1,15,NA,1.53749593289411,5.978212683203
2100-01-16 12:00:00,2100,1,16,NA,4.68837301410886,8.85600538631006
2100-01-17 12:00:00,2100,1,17,NA,5.61311744901183,7.13249036732484
2100-01-18 12:00:00,2100,1,18,NA,2.12626807907939,6.82094764741203
2100-01-19 12:00:00,2100,1,19,NA,7.23075782480454,9.88823434310101
2100-01-20 12:00:00,2100,1,20,NA,5.66529362370224,10.4829921888368
2100-01-21 12:00:00,2100,1,21,NA,5.60901474356888,11.3570164552956
2100-01-22 12:00:00,2100,1,22,NA,5.69771153043472,10.4681122287291
2100-01-23 12:00:00,2100,1,23,NA,3.82553744130547,8.76793306271131
2100-01-24 12:00:00,2100,1,24,NA,-0.470290147164799,2.2004379045809
2100-01-25 12:00:00,2100,1,25,NA,4.58701728927879,7.77092489225004
2100-01-26 12:00:00,2100,1,26,NA,4.82241809429333,11.1010593842953
2100-01-27 12:00:00,2100,1,27,NA,7.07421450771873,11.5422287048674
2100-01-28 12:00:00,2100,1,28,NA,3.76421405735008,7.11399681468028
2100-01-29 12:00:00,2100,1,29,NA,7.07265834275471,13.4474044316294
2100-01-30 12:00:00,2100,1,30,NA,7.91956357639654,14.5711071772387
2100-01-31 12:00:00,2100,1,31,NA,7.3531671583052,18.992387865654
2100-02-01 12:00:00,2100,2,1,NA,7.5218512975468,15.9967472740859
2100-02-02 12:00:00,2100,2,2,NA,7.10594255331776,15.1286258435639
2100-02-03 12:00:00,2100,2,3,NA,1.50100266467999,7.95940130919944
2100-02-04 12:00:00,2100,2,4,NA,2.44476185632506,7.53058956549822
2100-02-05 12:00:00,2100,2,5,NA,2.83466043386968,11.721589482046
2100-02-06 12:00:00,2100,2,6,NA,7.1097663955146,11.2505723269025
2100-02-07 12:00:00,2100,2,7,NA,8.75803204025386,13.7158966258946
2100-02-08 12:00:00,2100,2,8,NA,6.23497418017281,11.0638865153489
2100-02-09 12:00:00,2100,2,9,NA,6.63113105432268,8.24968258030314
2100-02-10 12:00:00,2100,2,10,NA,4.92114407691763,9.48814313990135
2100-02-11 12:00:00,2100,2,11,NA,1.79007401642092,3.43388943654252
2100-02-12 12:00:00,2100,2,12,NA,4.85261664005228,7.21337420595267
2100-02-13 12:00:00,2100,2,13,NA,5.92874081321743,6.4943651458141
2100-02-14 12:00:00,2100,2,14,NA,6.43825460090617,8.85698901485104
2100-02-15 12:00:00,2100,2,15,NA,-0.343357021878847,5.60832170478941
2100-02-16 12:00:00,2100,2,16,NA,0.274624604574791,3.64259196307827
2100-02-17 12:00:00,2100,2,17,NA,1.89371921469897,4.46892467832843
2100-02-18 12:00:00,2100,2,18,NA,-0.333792713999383,0.952528097591151
2100-02-19 12:00:00,2100,2,19,NA,-4.08650506652177,-1.01308349891113
2100-02-20 12:00:00,2100,2,20,NA,-6.02372899688399,-0.0147281123900238
2100-02-21 12:00:00,2100,2,21,NA,1.68222175551977,9.266535613847
2100-02-22 12:00:00,2100,2,22,NA,6.39810622598672,8.28139921455237
2100-02-23 12:00:00,2100,2,23,NA,0.100672187856156,7.121645702382
2100-02-24 12:00:00,2100,2,24,NA,2.50915822565069,10.0109027892426
2100-02-25 12:00:00,2100,2,25,NA,2.59063284399718,9.07481250000569
2100-02-26 12:00:00,2100,2,26,NA,7.44437726195212,10.0182217308317
2100-02-27 12:00:00,2100,2,27,NA,10.7794125507091,13.3612729992342
2100-02-28 12:00:00,2100,2,28,NA,14.0903695211673,15.706310038291
2100-03-01 12:00:00,2100,3,1,NA,10.6804649785503,14.7543243842696
2100-03-02 12:00:00,2100,3,2,NA,5.79795093479739,10.6011375335943
2100-03-03 12:00:00,2100,3,3,NA,1.14680380949437,10.2016119714912
2100-03-04 12:00:00,2100,3,4,NA,2.36329963421518,8.78960313172079
2100-03-05 12:00:00,2100,3,5,NA,-0.486315842564831,5.03845781024841
2100-03-06 12:00:00,2100,3,6,NA,-0.887550363433901,1.06965993306076
2100-03-07 12:00:00,2100,3,7,NA,1.68192837161995,4.77594063374632
2100-03-08 12:00:00,2100,3,8,NA,2.57595832935884,6.95952377415339
2100-03-09 12:00:00,2100,3,9,NA,3.95225697710179,10.2618098723193
2100-03-10 12:00:00,2100,3,10,NA,3.77237390048256,12.3925479456198
2100-03-11 12:00:00,2100,3,11,NA,2.24096882044193,13.7026149757645
2100-03-12 12:00:00,2100,3,12,NA,8.05536787752153,14.9435246587139
2100-03-13 12:00:00,2100,3,13,NA,6.43627279867722,11.6217711950066
2100-03-14 12:00:00,2100,3,14,NA,7.0486685600611,13.6681609281637
2100-03-15 12:00:00,2100,3,15,NA,4.13316619761466,13.4690419699957
2100-03-16 12:00:00,2100,3,16,NA,3.32310277427654,17.9502050440719
2100-03-17 12:00:00,2100,3,17,NA,7.91393649809776,15.0646378710731
2100-03-18 12:00:00,2100,3,18,NA,8.65907766257525,17.9949534349563
2100-03-19 12:00:00,2100,3,19,NA,7.68501185823618,19.9923771369228
2100-03-20 12:00:00,2100,3,20,NA,13.1051165692564,16.0601118484657
2100-03-21 12:00:00,2100,3,21,NA,6.13192764870827,10.1105848527569
2100-03-22 12:00:00,2100,3,22,NA,3.2367692091809,10.4723807340621
2100-03-23 12:00:00,2100,3,23,NA,2.87405038062258,15.1635838618724
2100-03-24 12:00:00,2100,3,24,NA,3.27100053116936,13.7753155347513
2100-03-25 12:00:00,2100,3,25,NA,3.83119866723254,17.061230887685
2100-03-26 12:00:00,2100,3,26,NA,5.93986588858784,23.8257522947226
2100-03-27 12:00:00,2100,3,27,NA,9.03332026593522,26.734881549415
2100-03-28 12:00:00,2100,3,28,NA,12.283130701992,25.017254927056
2100-03-29 12:00:00,2100,3,29,NA,10.108791976432,18.456181528422
2100-03-30 12:00:00,2100,3,30,NA,10.0665380270944,18.2922388514981
2100-03-31 12:00:00,2100,3,31,NA,6.50351558312514,17.9381101278806
2100-04-01 12:00:00,2100,4,1,NA,6.2184504404856,16.6504271532813
2100-04-02 12:00:00,2100,4,2,NA,6.1793374151465,13.4149489400277
2100-04-03 12:00:00,2100,4,3,NA,2.40430705162477,16.698992847788
2100-04-04 12:00:00,2100,4,4,NA,-1.35005998123267,15.5851503605273
2100-04-05 12:00:00,2100,4,5,NA,0.664669040982728,18.0352979304335
2100-04-06 12:00:00,2100,4,6,NA,2.50383127691096,16.1670467797516
2100-04-07 12:00:00,2100,4,7,NA,4.22869382232042,19.5617971650946
2100-04-08 12:00:00,2100,4,8,NA,2.98816758306977,15.6328701417547
2100-04-09 12:00:00,2100,4,9,NA,3.4610667901712,18.1372544744938
2100-04-10 12:00:00,2100,4,10,NA,0.241041377790122,19.0979380706235
2100-04-11 12:00:00,2100,4,11,NA,1.55660394609988,21.1259170550699
2100-04-12 12:00:00,2100,4,12,NA,0.96055967893542,17.3497344847366
2100-04-13 12:00:00,2100,4,13,NA,1.7858885838524,17.9285801960199
2100-04-14 12:00:00,2100,4,14,NA,0.239115355317933,20.9239818826643
2100-04-15 12:00:00,2100,4,15,NA,3.41064072020326,16.6950290241983
2100-04-16 12:00:00,2100,4,16,NA,2.07901855633489,16.7552062406575
2100-04-17 12:00:00,2100,4,17,NA,-1.58499354205636,15.3228250777627
2100-04-18 12:00:00,2100,4,18,NA,1.70171796742699,10.8643428958665
2100-04-19 12:00:00,2100,4,19,NA,2.21478234947484,11.9545725823601
2100-04-20 12:00:00,2100,4,20,NA,0.973526239134675,13.3597560903124
2100-04-21 12:00:00,2100,4,21,NA,-2.22215949616581,16.3664444362965
2100-04-22 12:00:00,2100,4,22,NA,4.16315579672743,24.7935578261374
2100-04-23 12:00:00,2100,4,23,NA,10.2741343362277,29.4044078088845
2100-04-24 12:00:00,2100,4,24,NA,8.6521583668645,27.5647209238407
2100-04-25 12:00:00,2100,4,25,NA,8.69395932419168,22.6928695970357
2100-04-26 12:00:00,2100,4,26,NA,7.86883823341602,17.3687298092817
2100-04-27 12:00:00,2100,4,27,NA,2.92937866295473,20.8176972991508
2100-04-28 12:00:00,2100,4,28,NA,6.27014596824293,17.9180345983768
2100-04-29 12:00:00,2100,4,29,NA,10.3250412983482,13.4929068790959
2100-04-30 12:00:00,2100,4,30,NA,7.47635818776146,13.576478036416
2100-05-01 12:00:00,2100,5,1,NA,4.78070441935974,18.8911465442728
2100-05-02 12:00:00,2100,5,2,NA,4.8085932422521,15.2389049879721
2100-05-03 12:00:00,2100,5,3,NA,5.96182517964154,15.9326955668014
2100-05-04 12:00:00,2100,5,4,NA,2.18584590633813,15.7718044982366
2100-05-05 12:00:00,2100,5,5,NA,3.46156663918614,16.2992545420478
2100-05-06 12:00:00,2100,5,6,NA,3.95349405594506,17.6439293434814
2100-05-07 12:00:00,2100,5,7,NA,6.56303062761795,12.4338420869804
2100-05-08 12:00:00,2100,5,8,NA,3.83860314291708,17.2470658591556
2100-05-09 12:00:00,2100,5,9,NA,10.3171629685141,14.2099750983991
2100-05-10 12:00:00,2100,5,10,NA,6.98305506224877,17.6369262607837
2100-05-11 12:00:00,2100,5,11,NA,4.708879865241,16.5030984462244
2100-05-12 12:00:00,2100,5,12,NA,10.001090997013,15.8721897838138
2100-05-13 12:00:00,2100,5,13,NA,8.53987682063149,18.3905963352485
2100-05-14 12:00:00,2100,5,14,NA,9.72752901372833,20.4034323709229
2100-05-15 12:00:00,2100,5,15,NA,8.67262796557858,23.247730349394
2100-05-16 12:00:00,2100,5,16,NA,8.06956946997704,17.390263851061
2100-05-17 12:00:00,2100,5,17,NA,9.3965071410708,13.33887778804
2100-05-18 12:00:00,2100,5,18,NA,8.53909597000769,13.7146213215712
2100-05-19 12:00:00,2100,5,19,NA,9.97365590094277,14.920924291978
2100-05-20 12:00:00,2100,5,20,NA,8.76045719418542,17.1077799158018
2100-05-21 12:00:00,2100,5,21,NA,9.19184127958695,23.2560294026773
2100-05-22 12:00:00,2100,5,22,NA,6.49126858221268,21.2591722086283
2100-05-23 12:00:00,2100,5,23,NA,12.2331148553674,14.4045876728108
2100-05-24 12:00:00,2100,5,24,NA,12.696311510728,14.7516324161094
2100-05-25 12:00:00,2100,5,25,NA,13.4161716934153,16.16349251463
2100-05-26 12:00:00,2100,5,26,NA,14.9605809633249,21.8792316075335
2100-05-27 12:00:00,2100,5,27,NA,15.976660794018,22.87511665415
2100-05-28 12:00:00,2100,5,28,NA,15.0611563852183,21.0047690407641
2100-05-29 12:00:00,2100,5,29,NA,10.6073163707327,20.5781867578926
2100-05-30 12:00:00,2100,5,30,NA,12.1840471392298,21.7761070271603
2100-05-31 12:00:00,2100,5,31,NA,10.4343696024822,24.0967423682074
2100-06-01 12:00:00,2100,6,1,NA,14.0943446653327,28.4563464716305
2100-06-02 12:00:00,2100,6,2,NA,13.3107354853327,27.953200010657
2100-06-03 12:00:00,2100,6,3,NA,10.3382391796536,26.651695840619
2100-06-04 12:00:00,2100,6,4,NA,6.3702475526644,24.8571730815875
2100-06-05 12:00:00,2100,6,5,NA,8.13973149063503,24.6715544372782
2100-06-06 12:00:00,2100,6,6,NA,16.1688676316037,28.5546838147999
2100-06-07 12:00:00,2100,6,7,NA,17.6655438039028,32.2182534651568
2100-06-08 12:00:00,2100,6,8,NA,17.5286045485974,29.3129670568604
2100-06-09 12:00:00,2100,6,9,NA,14.8834598345738,27.2497382181401
2100-06-10 12:00:00,2100,6,10,NA,19.474538130041,29.7815649395102
2100-06-11 12:00:00,2100,6,11,NA,18.0718925415506,31.4740877345574
2100-06-12 12:00:00,2100,6,12,NA,25.109349862712,34.0210993895105
2100-06-13 12:00:00,2100,6,13,NA,22.7066917839352,38.0314447021639
2100-06-14 12:00:00,2100,6,14,NA,22.5650672401798,32.0904651589636
2100-06-15 12:00:00,2100,6,15,NA,20.4242602997293,31.6335995604641
2100-06-16 12:00:00,2100,6,16,NA,18.0190948659593,34.5029950152686
2100-06-17 12:00:00,2100,6,17,NA,23.2229148809857,32.4248577402468
2100-06-18 12:00:00,2100,6,18,NA,16.6225973244391,27.9387175718161
2100-06-19 12:00:00,2100,6,19,NA,12.4563753689716,24.8394304717182
2100-06-20 12:00:00,2100,6,20,NA,10.4373865529334,23.8218527118211
2100-06-21 12:00:00,2100,6,21,NA,11.9983149675808,20.2625610772313
2100-06-22 12:00:00,2100,6,22,NA,12.0285980638209,23.3836593743139
2100-06-23 12:00:00,2100,6,23,NA,18.4990418233132,27.7156532664903
2100-06-24 12:00:00,2100,6,24,NA,16.1131909423323,28.5083747141943
2100-06-25 12:00:00,2100,6,25,NA,15.0996910871,24.214295926219
2100-06-26 12:00:00,2100,6,26,NA,16.9044851801402,21.98663715814
2100-06-27 12:00:00,2100,6,27,NA,11.2307229264163,27.7034927035298
2100-06-28 12:00:00,2100,6,28,NA,11.6077587310374,28.4105287707598
2100-06-29 12:00:00,2100,6,29,NA,15.6946066793851,26.1165017469762
2100-06-30 12:00:00,2100,6,30,NA,16.3606931436605,24.6210292125043
2100-07-01 12:00:00,2100,7,1,NA,12.7587083938025,17.8792641359357
2100-07-02 12:00:00,2100,7,2,NA,13.4878730888624,21.6945033660415
2100-07-03 12:00:00,2100,7,3,NA,11.5232100191651,24.2306087914421
2100-07-04 12:00:00,2100,7,4,NA,18.4394301989387,25.5080600487109
2100-07-05 12:00:00,2100,7,5,NA,17.0561782152981,25.0163904639434
2100-07-06 12:00:00,2100,7,6,NA,14.4271742602444,29.4607505069647
2100-07-07 12:00:00,2100,7,7,NA,14.0008996594416,28.7292043994423
2100-07-08 12:00:00,2100,7,8,NA,16.9193264380262,30.0664486183903
2100-07-09 12:00:00,2100,7,9,NA,17.3124755185085,28.9834152440649
2100-07-10 12:00:00,2100,7,10,NA,16.2532106757673,33.4230133979598
2100-07-11 12:00:00,2100,7,11,NA,20.0717206347492,36.2872997880215
2100-07-12 12:00:00,2100,7,12,NA,21.1043479178711,38.0967601423414
2100-07-13 12:00:00,2100,7,13,NA,17.7096305658163,32.1215046813204
2100-07-14 12:00:00,2100,7,14,NA,16.2093337148677,31.9820181694247
2100-07-15 12:00:00,2100,7,15,NA,19.678338667632,25.698784344241
2100-07-16 12:00:00,2100,7,16,NA,13.6777547113409,24.652280973299
2100-07-17 12:00:00,2100,7,17,NA,15.2568862869382,25.9632250489251
2100-07-18 12:00:00,2100,7,18,NA,14.8352457632031,30.2368236563888
2100-07-19 12:00:00,2100,7,19,NA,17.0916971701905,29.9482259954515
2100-07-20 12:00:00,2100,7,20,NA,15.438334087972,22.0122990704361
2100-07-21 12:00:00,2100,7,21,NA,15.682056109696,26.2258571408867
2100-07-22 12:00:00,2100,7,22,NA,9.65923313596306,25.6226144504117
2100-07-23 12:00:00,2100,7,23,NA,10.6034818167637,24.5249378979228
2100-07-24 12:00:00,2100,7,24,NA,16.1089884930069,24.0240283488074
2100-07-25 12:00:00,2100,7,25,NA,14.457563772828,24.5728941129022
2100-07-26 12:00:00,2100,7,26,NA,14.4022461098547,28.5228185215532
2100-07-27 12:00:00,2100,7,27,NA,12.5534980979934,36.0827153222663
2100-07-28 12:00:00,2100,7,28,NA,20.7626080199293,34.2020471266357
2100-07-29 12:00:00,2100,7,29,NA,18.8858464586456,29.7419984737262
2100-07-30 12:00:00,2100,7,30,NA,16.5692407167618,30.0086798234682
2100-07-31 12:00:00,2100,7,31,NA,16.5491929148214,31.9870191019942
2100-08-01 12:00:00,2100,8,1,NA,17.5432552964657,32.5609104418266
2100-08-02 12:00:00,2100,8,2,NA,19.0823463239964,33.1687512172791
2100-08-03 12:00:00,2100,8,3,NA,16.9110003326674,34.898785798416
2100-08-04 12:00:00,2100,8,4,NA,20.949618095136,35.6813847818319
2100-08-05 12:00:00,2100,8,5,NA,20.860623841253,32.5967955833344
2100-08-06 12:00:00,2100,8,6,NA,19.9862827646724,31.850584165057
2100-08-07 12:00:00,2100,8,7,NA,19.0894762522926,30.7883600511271
2100-08-08 12:00:00,2100,8,8,NA,19.6081129233904,35.1157230557409
2100-08-09 12:00:00,2100,8,9,NA,19.3683228171633,28.5227908224168
2100-08-10 12:00:00,2100,8,10,NA,21.0269618252744,26.5877138444633
2100-08-11 12:00:00,2100,8,11,NA,15.2041241062008,24.2108320766908
2100-08-12 12:00:00,2100,8,12,NA,14.3917126652522,23.1714539824338
2100-08-13 12:00:00,2100,8,13,NA,14.8627472588507,19.8385089018243
2100-08-14 12:00:00,2100,8,14,NA,10.2598502982235,18.1864991952683
2100-08-15 12:00:00,2100,8,15,NA,8.51123680525119,26.4990222709998
2100-08-16 12:00:00,2100,8,16,NA,10.5856263455843,29.8246064489574
2100-08-17 12:00:00,2100,8,17,NA,14.8237406558617,32.648534934299
2100-08-18 12:00:00,2100,8,18,NA,12.591034822122,26.1178093474663
2100-08-19 12:00:00,2100,8,19,NA,15.6281423793013,22.377949781569
2100-08-20 12:00:00,2100,8,20,NA,13.5464880361445,20.7361133020528
2100-08-21 12:00:00,2100,8,21,NA,9.49241811875495,23.6339667845805
2100-08-22 12:00:00,2100,8,22,NA,14.4258722208861,23.4206588875548
2100-08-23 12:00:00,2100,8,23,NA,10.9054419816848,22.3904922629326
2100-08-24 12:00:00,2100,8,24,NA,16.6812004579033,25.6649394012002
2100-08-25 12:00:00,2100,8,25,NA,16.2609373107822,25.5437876590703
2100-08-26 12:00:00,2100,8,26,NA,16.9027582074246,24.9856503256093
2100-08-27 12:00:00,2100,8,27,NA,17.2242466595921,26.273379831054
2100-08-28 12:00:00,2100,8,28,NA,16.7982413509922,24.0225013107549
2100-08-29 12:00:00,2100,8,29,NA,11.4166630734126,23.8306575281558
2100-08-30 12:00:00,2100,8,30,NA,13.9330361436383,24.1012436797197
2100-08-31 12:00:00,2100,8,31,NA,13.2141856637581,23.6751164230494
2100-09-01 12:00:00,2100,9,1,NA,11.2655828327414,22.5461618059838
2100-09-02 12:00:00,2100,9,2,NA,7.6242104818254,16.7786784870789
2100-09-03 12:00:00,2100,9,3,NA,6.24151800606524,17.3543521844259
2100-09-04 12:00:00,2100,9,4,NA,6.1765627713358,20.3478241887902
2100-09-05 12:00:00,2100,9,5,NA,11.5393588858883,25.5767575998926
2100-09-06 12:00:00,2100,9,6,NA,13.161103698093,24.7679588250752
2100-09-07 12:00:00,2100,9,7,NA,12.1902532544783,30.3871947990183
2100-09-08 12:00:00,2100,9,8,NA,17.1677135783994,29.5704771020314
2100-09-09 12:00:00,2100,9,9,NA,21.3902939824547,27.279881574603
2100-09-10 12:00:00,2100,9,10,NA,24.4812993456581,28.5880365152418
2100-09-11 12:00:00,2100,9,11,NA,17.7907534761104,30.1167736360106
2100-09-12 12:00:00,2100,9,12,NA,21.0203520686303,31.717994289017
2100-09-13 12:00:00,2100,9,13,NA,21.3282328294652,26.975872280407
2100-09-14 12:00:00,2100,9,14,NA,20.8106731262657,26.5682953751767
2100-09-15 12:00:00,2100,9,15,NA,19.2761319568983,27.9529161537671
2100-09-16 12:00:00,2100,9,16,NA,20.287655177866,30.0224819579504
2100-09-17 12:00:00,2100,9,17,NA,14.3873415644075,32.0857167834203
2100-09-18 12:00:00,2100,9,18,NA,16.9524749822832,29.7713736261195
2100-09-19 12:00:00,2100,9,19,NA,16.3370130810427,29.5517007590292
2100-09-20 12:00:00,2100,9,20,NA,15.1439198033749,26.7777799594583
2100-09-21 12:00:00,2100,9,21,NA,12.9327941278867,24.9376276342301
2100-09-22 12:00:00,2100,9,22,NA,12.4389024365148,25.7168836801944
2100-09-23 12:00:00,2100,9,23,NA,12.4035711537462,27.555115905161
2100-09-24 12:00:00,2100,9,24,NA,13.9117559294865,27.1264436074731
2100-09-25 12:00:00,2100,9,25,NA,15.2675564155131,26.4396763032695
2100-09-26 12:00:00,2100,9,26,NA,15.2200346664898,21.3122588245532
2100-09-27 12:00:00,2100,9,27,NA,13.1766150524126,20.3689788278578
2100-09-28 12:00:00,2100,9,28,NA,9.89990623574986,19.366275825237
2100-09-29 12:00:00,2100,9,29,NA,8.70131271767609,16.7018128570805
2100-09-30 12:00:00,2100,9,30,NA,5.30902408638646,17.2719000017125
2100-10-01 12:00:00,2100,10,1,NA,3.84155442200066,18.684275469231
2100-10-02 12:00:00,2100,10,2,NA,3.62823491056372,17.5830920480807
2100-10-03 12:00:00,2100,10,3,NA,4.56027040390045,14.9584741070276
2100-10-04 12:00:00,2100,10,4,NA,5.56829079945559,18.0684081179046
2100-10-05 12:00:00,2100,10,5,NA,7.54171858116643,17.3351256658083
2100-10-06 12:00:00,2100,10,6,NA,5.9576577475252,14.5919446189087
2100-10-07 12:00:00,2100,10,7,NA,4.81789641051029,16.6546533143512
2100-10-08 12:00:00,2100,10,8,NA,6.14425721167624,17.2490637698551
2100-10-09 12:00:00,2100,10,9,NA,8.07262878846051,16.3206299416587
2100-10-10 12:00:00,2100,10,10,NA,8.12606942024922,18.9610632377333
2100-10-11 12:00:00,2100,10,11,NA,10.3634905799274,19.0968616958325
2100-10-12 12:00:00,2100,10,12,NA,10.6778841424323,18.3490406657397
2100-10-13 12:00:00,2100,10,13,NA,10.4148391727413,16.6450725190429
2100-10-14 12:00:00,2100,10,14,NA,8.47506809593735,13.6653143181947
2100-10-15 12:00:00,2100,10,15,NA,3.94306571179896,12.6172294552554
2100-10-16 12:00:00,2100,10,16,NA,3.08034966076545,13.888048129083
2100-10-17 12:00:00,2100,10,17,NA,1.99033071423967,16.7116616963731
2100-10-18 12:00:00,2100,10,18,NA,7.57921824385655,17.1499393536487
2100-10-19 12:00:00,2100,10,19,NA,2.98328299448176,18.730488017336
2100-10-20 12:00:00,2100,10,20,NA,6.22150099909825,17.4851897683742
2100-10-21 12:00:00,2100,10,21,NA,10.1482010410382,17.6699703701134
2100-10-22 12:00:00,2100,10,22,NA,8.97225376589564,13.6953797201374
2100-10-23 12:00:00,2100,10,23,NA,7.86699612850521,15.3790716021375
2100-10-24 12:00:00,2100,10,24,NA,6.3615507353277,12.1395985627102
2100-10-25 12:00:00,2100,10,25,NA,1.601326809546,15.4864862241881
2100-10-26 12:00:00,2100,10,26,NA,3.28246604145618,19.9493853712722
2100-10-27 12:00:00,2100,10,27,NA,2.50687493350785,14.913439366635
2100-10-28 12:00:00,2100,10,28,NA,1.22284740938019,13.3694551139125
2100-10-29 12:00:00,2100,10,29,NA,3.48302220045866,7.63843662834884
2100-10-30 12:00:00,2100,10,30,NA,1.57188434090053,6.91182769891391
2100-10-31 12:00:00,2100,10,31,NA,5.99149254469805,13.5232637793704
2100-11-01 12:00:00,2100,11,1,NA,6.11518680690342,12.4859872788437
2100-11-02 12:00:00,2100,11,2,NA,0.299505971691683,10.215490242583
2100-11-03 12:00:00,2100,11,3,NA,5.07414688471696,12.604468045094
2100-11-04 12:00:00,2100,11,4,NA,9.1866308944363,15.1403976308514
2100-11-05 12:00:00,2100,11,5,NA,11.7376534991483,15.5365987261314
2100-11-06 12:00:00,2100,11,6,NA,10.5822220227202,15.2808629514938
2100-11-07 12:00:00,2100,11,7,NA,3.6490897063241,10.41110892788
2100-11-08 12:00:00,2100,11,8,NA,6.22560708549274,13.7570755069919
2100-11-09 12:00:00,2100,11,9,NA,6.20867952990191,11.8249186666393
2100-11-10 12:00:00,2100,11,10,NA,6.74221321465409,16.2902895653279
2100-11-11 12:00:00,2100,11,11,NA,5.22889296226386,15.3648205364232
2100-11-12 12:00:00,2100,11,12,NA,5.15515033975414,17.1826761163632
2100-11-13 12:00:00,2100,11,13,NA,8.44628342845806,13.7909785660691
2100-11-14 12:00:00,2100,11,14,NA,10.9514927404052,15.875974166556
2100-11-15 12:00:00,2100,11,15,NA,6.99773426595697,15.4824614868261
2100-11-16 12:00:00,2100,11,16,NA,6.27705127957575,15.3773914334149
2100-11-17 12:00:00,2100,11,17,NA,7.10881630212444,16.8085480820096
2100-11-18 12:00:00,2100,11,18,NA,8.39095444871443,11.3136161872092
2100-11-19 12:00:00,2100,11,19,NA,5.33065159321415,9.06000009470447
2100-11-20 12:00:00,2100,11,20,NA,5.22333805914499,9.96966131117005
2100-11-21 12:00:00,2100,11,21,NA,3.00779333863127,11.9871869555664
2100-11-22 12:00:00,2100,11,22,NA,4.90244282730269,11.9996874132948
2100-11-23 12:00:00,2100,11,23,NA,2.45892887373111,8.12715085071371
2100-11-24 12:00:00,2100,11,24,NA,3.94053573770542,10.8240953909302
2100-11-25 12:00:00,2100,11,25,NA,4.66274712293715,12.5760161009461
2100-11-26 12:00:00,2100,11,26,NA,4.56123739488209,13.863579661248
2100-11-27 12:00:00,2100,11,27,NA,9.62540180488532,18.4228584302223
2100-11-28 12:00:00,2100,11,28,NA,9.59743161135182,18.9212663028046
2100-11-29 12:00:00,2100,11,29,NA,7.66667765919366,13.4014760046338
2100-11-30 12:00:00,2100,11,30,NA,9.3632078372216,17.0494036329902
2100-12-01 12:00:00,2100,12,1,NA,3.9990500430138,10.6432625302588
2100-12-02 12:00:00,2100,12,2,NA,7.49773553480785,14.1053083710646
2100-12-03 12:00:00,2100,12,3,NA,9.01918441474165,11.9274063403658
2100-12-04 12:00:00,2100,12,4,NA,6.87143396015443,9.75775578896679
2100-12-05 12:00:00,2100,12,5,NA,2.67393963393654,6.94590265289058
2100-12-06 12:00:00,2100,12,6,NA,2.10839296693486,5.14774083471386
2100-12-07 12:00:00,2100,12,7,NA,3.1852454061877,10.8817153114969
2100-12-08 12:00:00,2100,12,8,NA,3.07812290985417,9.4151057240774
2100-12-09 12:00:00,2100,12,9,NA,5.43641240752798,7.45892125881396
2100-12-10 12:00:00,2100,12,10,NA,2.1359244578957,5.07904249046228
2100-12-11 12:00:00,2100,12,11,NA,-1.26938347067699,4.15697752982001
2100-12-12 12:00:00,2100,12,12,NA,5.93598789674396,9.7603494624882
2100-12-13 12:00:00,2100,12,13,NA,5.28633069903507,10.4946851647482
2100-12-14 12:00:00,2100,12,14,NA,4.4427882890655,10.5491147158125
2100-12-15 12:00:00,2100,12,15,NA,-0.400517824323207,7.78536190986685
2100-12-16 12:00:00,2100,12,16,NA,1.69600233739499,7.32408343087885
2100-12-17 12:00:00,2100,12,17,NA,7.8911268104259,11.9127910713277
2100-12-18 12:00:00,2100,12,18,NA,7.71876702235598,12.5357807353907
2100-12-19 12:00:00,2100,12,19,NA,5.64154294748595,9.71855768369016
2100-12-20 12:00:00,2100,12,20,NA,3.22146941944688,5.88050340381536
2100-12-21 12:00:00,2100,12,21,NA,2.96759077026104,4.88911540262521
2100-12-22 12:00:00,2100,12,22,NA,1.9322043990254,5.03292511448814
2100-12-23 12:00:00,2100,12,23,NA,1.97690279021502,8.82959891001152
2100-12-24 12:00:00,2100,12,24,NA,6.7307925696961,12.1077422277081
2100-12-25 12:00:00,2100,12,25,NA,5.38798416102499,9.40964842192682
2100-12-26 12:00:00,2100,12,26,NA,6.26444797225088,9.36516868771362
2100-12-27 12:00:00,2100,12,27,NA,4.92931645916939,8.88968683943328
2100-12-28 12:00:00,2100,12,28,NA,5.02044306125835,7.95801626435061
2100-12-29 12:00:00,2100,12,29,NA,-1.56781431885536,3.61762231686639
2100-12-30 12:00:00,2100,12,30,NA,3.26155467927973,10.2658691882993
2100-12-31 12:00:00,2100,12,31,2,4.61005969558442,6.60545739251747
